

================================================================
== Vitis HLS Report for 'AXIvideo2MultiPixStream_Pipeline_loop_width'
================================================================
* Date:           Thu Jan  9 09:27:55 2025

* Version:        2023.1 (Build 3854077 on May  4 2023)
* Project:        prj
* Solution:       sol (Vivado IP Flow Target)
* Product family: artixuplus
* Target device:  xcau15p-ffvb676-2-e


================================================================
== Performance Estimates
================================================================
+ Timing: 
    * Summary: 
    +--------+---------+----------+------------+
    |  Clock |  Target | Estimated| Uncertainty|
    +--------+---------+----------+------------+
    |ap_clk  |  3.33 ns|  1.318 ns|     0.90 ns|
    +--------+---------+----------+------------+

+ Latency: 
    * Summary: 
    +---------+---------+-----------+----------+-----+------+---------+
    |  Latency (cycles) |  Latency (absolute)  |  Interval  | Pipeline|
    |   min   |   max   |    min    |    max   | min |  max |   Type  |
    +---------+---------+-----------+----------+-----+------+---------+
    |        4|     2051|  13.332 ns|  6.836 us|    4|  2051|       no|
    +---------+---------+-----------+----------+-----+------+---------+

    + Detail: 
        * Instance: 
        N/A

        * Loop: 
        +--------------+---------+---------+----------+-----------+-----------+----------+----------+
        |              |  Latency (cycles) | Iteration|  Initiation Interval  |   Trip   |          |
        |   Loop Name  |   min   |   max   |  Latency |  achieved |   target  |   Count  | Pipelined|
        +--------------+---------+---------+----------+-----------+-----------+----------+----------+
        |- loop_width  |        2|     2049|         3|          1|          1|  1 ~ 2048|       yes|
        +--------------+---------+---------+----------+-----------+-----------+----------+----------+



================================================================
== Utilization Estimates
================================================================
* Summary: 
+-----------------+---------+-----+--------+-------+-----+
|       Name      | BRAM_18K| DSP |   FF   |  LUT  | URAM|
+-----------------+---------+-----+--------+-------+-----+
|DSP              |        -|    -|       -|      -|    -|
|Expression       |        -|    -|       0|    111|    -|
|FIFO             |        -|    -|       -|      -|    -|
|Instance         |        -|    -|       0|   1362|    -|
|Memory           |        -|    -|       -|      -|    -|
|Multiplexer      |        -|    -|       -|     99|    -|
|Register         |        -|    -|     126|      -|    -|
+-----------------+---------+-----+--------+-------+-----+
|Total            |        0|    0|     126|   1572|    0|
+-----------------+---------+-----+--------+-------+-----+
|Available        |      288|  576|  155520|  77760|    0|
+-----------------+---------+-----+--------+-------+-----+
|Utilization (%)  |        0|    0|      ~0|      2|    0|
+-----------------+---------+-----+--------+-------+-----+

+ Detail: 
    * Instance: 
    +---------------------+-----------------+---------+----+---+------+-----+
    |       Instance      |      Module     | BRAM_18K| DSP| FF|  LUT | URAM|
    +---------------------+-----------------+---------+----+---+------+-----+
    |mux_256_8_8_1_1_U11  |mux_256_8_8_1_1  |        0|   0|  0|  1362|    0|
    +---------------------+-----------------+---------+----+---+------+-----+
    |Total                |                 |        0|   0|  0|  1362|    0|
    +---------------------+-----------------+---------+----+---+------+-----+

    * DSP: 
    N/A

    * Memory: 
    N/A

    * FIFO: 
    N/A

    * Expression: 
    +----------------------------------+----------+----+---+----+------------+------------+
    |           Variable Name          | Operation| DSP| FF| LUT| Bitwidth P0| Bitwidth P1|
    +----------------------------------+----------+----+---+----+------------+------------+
    |j_4_fu_250_p2                     |         +|   0|  0|  19|          12|           1|
    |ap_block_state1_pp0_stage0_iter0  |       and|   0|  0|   2|           1|           1|
    |ap_block_state3_pp0_stage0_iter2  |       and|   0|  0|   2|           1|           1|
    |ap_condition_586                  |       and|   0|  0|   2|           1|           1|
    |ap_condition_589                  |       and|   0|  0|   2|           1|           1|
    |ap_condition_593                  |       and|   0|  0|   2|           1|           1|
    |ap_predicate_op39_read_state1     |       and|   0|  0|   2|           1|           1|
    |icmp_ln805_fu_244_p2              |      icmp|   0|  0|  19|          12|          12|
    |icmp_ln835_fu_883_p2              |      icmp|   0|  0|  15|           8|           1|
    |ap_block_pp0_stage0_01001         |        or|   0|  0|   2|           1|           1|
    |or_ln809_fu_256_p2                |        or|   0|  0|   2|           1|           1|
    |select_ln835_1_fu_322_p3          |    select|   0|  0|   8|           1|           8|
    |select_ln835_2_fu_329_p3          |    select|   0|  0|   8|           1|           8|
    |select_ln835_3_fu_888_p3          |    select|   0|  0|   8|           1|           8|
    |select_ln835_4_fu_896_p3          |    select|   0|  0|   8|           1|           8|
    |select_ln835_fu_305_p3            |    select|   0|  0|   8|           1|           8|
    |ap_enable_pp0                     |       xor|   0|  0|   2|           1|           2|
    +----------------------------------+----------+----+---+----+------------+------------+
    |Total                             |          |   0|  0| 111|          46|          64|
    +----------------------------------+----------+----+---+----+------------+------------+

    * Multiplexer: 
    +------------------------------+----+-----------+-----+-----------+
    |             Name             | LUT| Input Size| Bits| Total Bits|
    +------------------------------+----+-----------+-----+-----------+
    |ap_done_int                   |   9|          2|    1|          2|
    |ap_enable_reg_pp0_iter1       |   9|          2|    1|          2|
    |ap_phi_mux_eol_phi_fu_207_p4  |   9|          2|    1|          2|
    |ap_phi_mux_sof_phi_fu_218_p4  |   9|          2|    1|          2|
    |ap_sig_allocacmp_j_3          |   9|          2|   12|         24|
    |axi_data_fu_120               |   9|          2|   48|         96|
    |axi_last_fu_124               |   9|          2|    1|          2|
    |eol_reg_203                   |   9|          2|    1|          2|
    |j_fu_116                      |   9|          2|   12|         24|
    |s_axis_video_TDATA_blk_n      |   9|          2|    1|          2|
    |srcYUV_blk_n                  |   9|          2|    1|          2|
    +------------------------------+----+-----------+-----+-----------+
    |Total                         |  99|         22|   80|        160|
    +------------------------------+----+-----------+-----+-----------+

    * Register: 
    +----------------------------------+----+----+-----+-----------+
    |               Name               | FF | LUT| Bits| Const Bits|
    +----------------------------------+----+----+-----+-----------+
    |ap_CS_fsm                         |   1|   0|    1|          0|
    |ap_done_reg                       |   1|   0|    1|          0|
    |ap_enable_reg_pp0_iter1           |   1|   0|    1|          0|
    |ap_enable_reg_pp0_iter2           |   1|   0|    1|          0|
    |ap_loop_exit_ready_pp0_iter1_reg  |   1|   0|    1|          0|
    |axi_data_fu_120                   |  48|   0|   48|          0|
    |axi_last_fu_124                   |   1|   0|    1|          0|
    |colorFormat_load_read_reg_941     |   8|   0|    8|          0|
    |cond_read_reg_947                 |   1|   0|    1|          0|
    |eol_reg_203                       |   1|   0|    1|          0|
    |icmp_ln805_reg_954                |   1|   0|    1|          0|
    |icmp_ln805_reg_954_pp0_iter1_reg  |   1|   0|    1|          0|
    |j_fu_116                          |  12|   0|   12|          0|
    |select_ln835_1_reg_971            |   8|   0|    8|          0|
    |select_ln835_2_reg_976            |   8|   0|    8|          0|
    |select_ln835_3_reg_986            |   8|   0|    8|          0|
    |select_ln835_4_reg_991            |   8|   0|    8|          0|
    |select_ln835_reg_966              |   8|   0|    8|          0|
    |tmp_s_reg_981                     |   8|   0|    8|          0|
    +----------------------------------+----+----+-----+-----------+
    |Total                             | 126|   0|  126|          0|
    +----------------------------------+----+----+-----+-----------+



================================================================
== Interface
================================================================
* Summary: 
+-----------------------+-----+-----+------------+---------------------------------------------+--------------+
|       RTL Ports       | Dir | Bits|  Protocol  |                Source Object                |    C Type    |
+-----------------------+-----+-----+------------+---------------------------------------------+--------------+
|ap_clk                 |   in|    1|  ap_ctrl_hs|  AXIvideo2MultiPixStream_Pipeline_loop_width|  return value|
|ap_rst                 |   in|    1|  ap_ctrl_hs|  AXIvideo2MultiPixStream_Pipeline_loop_width|  return value|
|ap_start               |   in|    1|  ap_ctrl_hs|  AXIvideo2MultiPixStream_Pipeline_loop_width|  return value|
|ap_done                |  out|    1|  ap_ctrl_hs|  AXIvideo2MultiPixStream_Pipeline_loop_width|  return value|
|ap_idle                |  out|    1|  ap_ctrl_hs|  AXIvideo2MultiPixStream_Pipeline_loop_width|  return value|
|ap_ready               |  out|    1|  ap_ctrl_hs|  AXIvideo2MultiPixStream_Pipeline_loop_width|  return value|
|s_axis_video_TVALID    |   in|    1|        axis|                        s_axis_video_V_data_V|       pointer|
|s_axis_video_TDATA     |   in|   48|        axis|                        s_axis_video_V_data_V|       pointer|
|srcYUV_din             |  out|   48|     ap_fifo|                                       srcYUV|       pointer|
|srcYUV_num_data_valid  |   in|    5|     ap_fifo|                                       srcYUV|       pointer|
|srcYUV_fifo_cap        |   in|    5|     ap_fifo|                                       srcYUV|       pointer|
|srcYUV_full_n          |   in|    1|     ap_fifo|                                       srcYUV|       pointer|
|srcYUV_write           |  out|    1|     ap_fifo|                                       srcYUV|       pointer|
|sof_5                  |   in|    1|     ap_none|                                        sof_5|        scalar|
|axi_last_2             |   in|    1|     ap_none|                                   axi_last_2|        scalar|
|axi_data_6             |   in|   48|     ap_none|                                   axi_data_6|        scalar|
|div_cast               |   in|   12|     ap_none|                                     div_cast|        scalar|
|cond                   |   in|    1|   ap_stable|                                         cond|        scalar|
|colorFormat_load       |   in|    8|   ap_stable|                             colorFormat_load|        scalar|
|s_axis_video_TREADY    |  out|    1|        axis|                        s_axis_video_V_dest_V|       pointer|
|s_axis_video_TDEST     |   in|    1|        axis|                        s_axis_video_V_dest_V|       pointer|
|s_axis_video_TKEEP     |   in|    6|        axis|                        s_axis_video_V_keep_V|       pointer|
|s_axis_video_TSTRB     |   in|    6|        axis|                        s_axis_video_V_strb_V|       pointer|
|s_axis_video_TUSER     |   in|    1|        axis|                        s_axis_video_V_user_V|       pointer|
|s_axis_video_TLAST     |   in|    1|        axis|                        s_axis_video_V_last_V|       pointer|
|s_axis_video_TID       |   in|    1|        axis|                          s_axis_video_V_id_V|       pointer|
|eol_out                |  out|    1|      ap_vld|                                      eol_out|       pointer|
|eol_out_ap_vld         |  out|    1|      ap_vld|                                      eol_out|       pointer|
|axi_data_7_out         |  out|   48|      ap_vld|                               axi_data_7_out|       pointer|
|axi_data_7_out_ap_vld  |  out|    1|      ap_vld|                               axi_data_7_out|       pointer|
+-----------------------+-----+-----+------------+---------------------------------------------+--------------+

============================================================
+ Verbose Summary: Synthesis Manager
============================================================
InlineROM: 1
ExposeGlobal: 0
============================================================
+ Verbose Summary: CDFG Model
============================================================
IsTopModel: 0
ResetActiveHigh: 1
IsCombinational: 2
IsDatapathOnly: 2
HasWiredReturn: 1
HasMFsm: 2
HasVarLatency: 1
IsPipeline: 0
IsRtlPipelined: 0
IsInstanceOverlapped: 0
IsDontTouch: 0
HasImplIP: 0
IsGatedGlobalClock: 0

+ Individual pipeline summary: 
  * Pipeline-0: initiation interval (II) = 1, depth = 3


============================================================
+ Verbose Summary: Schedule
============================================================
* Number of FSM states : 3
* Pipeline : 1
  Pipeline-0 : II = 1, D = 3, States = { 1 2 3 }
* Dataflow Pipeline: 0

* FSM state transitions: 
1 --> 2 
2 --> 3 
3 --> 

* FSM state operations: 

State 1 <SV = 0> <Delay = 1.23>
ST_1 : Operation 6 [1/1] (0.00ns)   --->   "%j = alloca i32 1"   --->   Operation 6 'alloca' 'j' <Predicate = true> <Delay = 0.00>
ST_1 : Operation 7 [1/1] (0.00ns)   --->   "%axi_data = alloca i32 1"   --->   Operation 7 'alloca' 'axi_data' <Predicate = true> <Delay = 0.00>
ST_1 : Operation 8 [1/1] (0.00ns)   --->   "%axi_last = alloca i32 1"   --->   Operation 8 'alloca' 'axi_last' <Predicate = true> <Delay = 0.00>
ST_1 : Operation 9 [1/1] (0.00ns)   --->   "%specaxissidechannel_ln0 = specaxissidechannel void @_ssdm_op_SpecAXISSideChannel, i48 %s_axis_video_V_data_V, i6 %s_axis_video_V_keep_V, i6 %s_axis_video_V_strb_V, i1 %s_axis_video_V_user_V, i1 %s_axis_video_V_last_V, i1 %s_axis_video_V_id_V, i1 %s_axis_video_V_dest_V, void @empty_39"   --->   Operation 9 'specaxissidechannel' 'specaxissidechannel_ln0' <Predicate = true> <Delay = 0.00>
ST_1 : Operation 10 [1/1] (0.00ns)   --->   "%specinterface_ln0 = specinterface void @_ssdm_op_SpecInterface, i1 %s_axis_video_V_dest_V, void @empty_31, i32 0, i32 0, void @empty_30, i32 0, i32 0, void @empty_29, void @empty_29, void @empty_29, i32 0, i32 0, i32 0, i32 0, void @empty_29, void @empty_29, i32 4294967295, i32 0"   --->   Operation 10 'specinterface' 'specinterface_ln0' <Predicate = true> <Delay = 0.00>
ST_1 : Operation 11 [1/1] (0.00ns)   --->   "%specinterface_ln0 = specinterface void @_ssdm_op_SpecInterface, i1 %s_axis_video_V_id_V, void @empty_31, i32 0, i32 0, void @empty_30, i32 0, i32 0, void @empty_29, void @empty_29, void @empty_29, i32 0, i32 0, i32 0, i32 0, void @empty_29, void @empty_29, i32 4294967295, i32 0"   --->   Operation 11 'specinterface' 'specinterface_ln0' <Predicate = true> <Delay = 0.00>
ST_1 : Operation 12 [1/1] (0.00ns)   --->   "%specinterface_ln0 = specinterface void @_ssdm_op_SpecInterface, i1 %s_axis_video_V_last_V, void @empty_31, i32 0, i32 0, void @empty_30, i32 0, i32 0, void @empty_29, void @empty_29, void @empty_29, i32 0, i32 0, i32 0, i32 0, void @empty_29, void @empty_29, i32 4294967295, i32 0"   --->   Operation 12 'specinterface' 'specinterface_ln0' <Predicate = true> <Delay = 0.00>
ST_1 : Operation 13 [1/1] (0.00ns)   --->   "%specinterface_ln0 = specinterface void @_ssdm_op_SpecInterface, i1 %s_axis_video_V_user_V, void @empty_31, i32 0, i32 0, void @empty_30, i32 0, i32 0, void @empty_29, void @empty_29, void @empty_29, i32 0, i32 0, i32 0, i32 0, void @empty_29, void @empty_29, i32 4294967295, i32 0"   --->   Operation 13 'specinterface' 'specinterface_ln0' <Predicate = true> <Delay = 0.00>
ST_1 : Operation 14 [1/1] (0.00ns)   --->   "%specinterface_ln0 = specinterface void @_ssdm_op_SpecInterface, i6 %s_axis_video_V_strb_V, void @empty_31, i32 0, i32 0, void @empty_30, i32 0, i32 0, void @empty_29, void @empty_29, void @empty_29, i32 0, i32 0, i32 0, i32 0, void @empty_29, void @empty_29, i32 4294967295, i32 0"   --->   Operation 14 'specinterface' 'specinterface_ln0' <Predicate = true> <Delay = 0.00>
ST_1 : Operation 15 [1/1] (0.00ns)   --->   "%specinterface_ln0 = specinterface void @_ssdm_op_SpecInterface, i6 %s_axis_video_V_keep_V, void @empty_31, i32 0, i32 0, void @empty_30, i32 0, i32 0, void @empty_29, void @empty_29, void @empty_29, i32 0, i32 0, i32 0, i32 0, void @empty_29, void @empty_29, i32 4294967295, i32 0"   --->   Operation 15 'specinterface' 'specinterface_ln0' <Predicate = true> <Delay = 0.00>
ST_1 : Operation 16 [1/1] (0.00ns)   --->   "%specinterface_ln0 = specinterface void @_ssdm_op_SpecInterface, i48 %s_axis_video_V_data_V, void @empty_31, i32 0, i32 0, void @empty_30, i32 0, i32 0, void @empty_29, void @empty_29, void @empty_29, i32 0, i32 0, i32 0, i32 0, void @empty_29, void @empty_29, i32 4294967295, i32 0"   --->   Operation 16 'specinterface' 'specinterface_ln0' <Predicate = true> <Delay = 0.00>
ST_1 : Operation 17 [1/1] (0.00ns)   --->   "%specinterface_ln0 = specinterface void @_ssdm_op_SpecInterface, i48 %srcYUV, void @empty_40, i32 0, i32 0, void @empty_29, i32 0, i32 0, void @empty_29, void @empty_29, void @empty_29, i32 0, i32 0, i32 0, i32 0, void @empty_29, void @empty_29, i32 4294967295, i32 0"   --->   Operation 17 'specinterface' 'specinterface_ln0' <Predicate = true> <Delay = 0.00>
ST_1 : Operation 18 [1/1] (0.00ns)   --->   "%colorFormat_load_read = read i8 @_ssdm_op_Read.ap_auto.i8, i8 %colorFormat_load"   --->   Operation 18 'read' 'colorFormat_load_read' <Predicate = true> <Delay = 0.00>
ST_1 : Operation 19 [1/1] (0.00ns)   --->   "%cond_read = read i1 @_ssdm_op_Read.ap_auto.i1, i1 %cond"   --->   Operation 19 'read' 'cond_read' <Predicate = true> <Delay = 0.00>
ST_1 : Operation 20 [1/1] (0.00ns)   --->   "%div_cast_read = read i12 @_ssdm_op_Read.ap_auto.i12, i12 %div_cast"   --->   Operation 20 'read' 'div_cast_read' <Predicate = true> <Delay = 0.00>
ST_1 : Operation 21 [1/1] (0.00ns)   --->   "%axi_data_6_read = read i48 @_ssdm_op_Read.ap_auto.i48, i48 %axi_data_6"   --->   Operation 21 'read' 'axi_data_6_read' <Predicate = true> <Delay = 0.00>
ST_1 : Operation 22 [1/1] (0.00ns)   --->   "%axi_last_2_read = read i1 @_ssdm_op_Read.ap_auto.i1, i1 %axi_last_2"   --->   Operation 22 'read' 'axi_last_2_read' <Predicate = true> <Delay = 0.00>
ST_1 : Operation 23 [1/1] (0.00ns)   --->   "%sof_5_read = read i1 @_ssdm_op_Read.ap_auto.i1, i1 %sof_5"   --->   Operation 23 'read' 'sof_5_read' <Predicate = true> <Delay = 0.00>
ST_1 : Operation 24 [1/1] (0.42ns)   --->   "%store_ln0 = store i1 %axi_last_2_read, i1 %axi_last"   --->   Operation 24 'store' 'store_ln0' <Predicate = true> <Delay = 0.42>
ST_1 : Operation 25 [1/1] (0.42ns)   --->   "%store_ln0 = store i48 %axi_data_6_read, i48 %axi_data"   --->   Operation 25 'store' 'store_ln0' <Predicate = true> <Delay = 0.42>
ST_1 : Operation 26 [1/1] (0.42ns)   --->   "%store_ln0 = store i12 0, i12 %j"   --->   Operation 26 'store' 'store_ln0' <Predicate = true> <Delay = 0.42>
ST_1 : Operation 27 [1/1] (0.42ns)   --->   "%br_ln0 = br void %for.body12"   --->   Operation 27 'br' 'br_ln0' <Predicate = true> <Delay = 0.42>
ST_1 : Operation 28 [1/1] (0.00ns)   --->   "%eol = phi i1 %axi_last_4, void %if.end_ifconv, i1 0, void %newFuncRoot"   --->   Operation 28 'phi' 'eol' <Predicate = true> <Delay = 0.00>
ST_1 : Operation 29 [1/1] (0.00ns)   --->   "%sof = phi i1 0, void %if.end_ifconv, i1 %sof_5_read, void %newFuncRoot"   --->   Operation 29 'phi' 'sof' <Predicate = true> <Delay = 0.00>
ST_1 : Operation 30 [1/1] (0.00ns)   --->   "%j_3 = load i12 %j" [/home/training/AUPBoard/aup_hdmi_pass_thru_2023p1_working/aup_hdmi_pass_thru_2023p1/HDMI_Pass_Thru_ExDes/v_hdmi_rx_ss_0_ex/v_hdmi_rx_ss_0_ex.runs/exdes_v_tpg_0_synth_1/prj/sol/.autopilot/db/v_tpg.cpp:805]   --->   Operation 30 'load' 'j_3' <Predicate = true> <Delay = 0.00>
ST_1 : Operation 31 [1/1] (0.80ns)   --->   "%icmp_ln805 = icmp_eq  i12 %j_3, i12 %div_cast_read" [/home/training/AUPBoard/aup_hdmi_pass_thru_2023p1_working/aup_hdmi_pass_thru_2023p1/HDMI_Pass_Thru_ExDes/v_hdmi_rx_ss_0_ex/v_hdmi_rx_ss_0_ex.runs/exdes_v_tpg_0_synth_1/prj/sol/.autopilot/db/v_tpg.cpp:805]   --->   Operation 31 'icmp' 'icmp_ln805' <Predicate = true> <Delay = 0.80> <CoreInst = "Cmp">   --->   Core 9 'Cmp' <Latency = 0> <II = 1> <Delay = 0.80> <FuncUnit> <Opcode : 'icmp'> <InPorts = 2> <OutPorts = 1>
ST_1 : Operation 32 [1/1] (0.00ns)   --->   "%speclooptripcount_ln0 = speclooptripcount void @_ssdm_op_SpecLoopTripCount, i64 1, i64 2048, i64 0"   --->   Operation 32 'speclooptripcount' 'speclooptripcount_ln0' <Predicate = true> <Delay = 0.00>
ST_1 : Operation 33 [1/1] (0.80ns)   --->   "%j_4 = add i12 %j_3, i12 1" [/home/training/AUPBoard/aup_hdmi_pass_thru_2023p1_working/aup_hdmi_pass_thru_2023p1/HDMI_Pass_Thru_ExDes/v_hdmi_rx_ss_0_ex/v_hdmi_rx_ss_0_ex.runs/exdes_v_tpg_0_synth_1/prj/sol/.autopilot/db/v_tpg.cpp:805]   --->   Operation 33 'add' 'j_4' <Predicate = true> <Delay = 0.80> <CoreInst = "Adder">   --->   Core 1 'Adder' <Latency = 0> <II = 1> <Delay = 0.80> <FuncUnit> <Opcode : 'add' 'sub'> <InPorts = 2> <OutPorts = 1>
ST_1 : Operation 34 [1/1] (0.00ns)   --->   "%br_ln805 = br i1 %icmp_ln805, void %for.body12.split, void %loop_wait_for_eol.loopexit.exitStub" [/home/training/AUPBoard/aup_hdmi_pass_thru_2023p1_working/aup_hdmi_pass_thru_2023p1/HDMI_Pass_Thru_ExDes/v_hdmi_rx_ss_0_ex/v_hdmi_rx_ss_0_ex.runs/exdes_v_tpg_0_synth_1/prj/sol/.autopilot/db/v_tpg.cpp:805]   --->   Operation 34 'br' 'br_ln805' <Predicate = true> <Delay = 0.00>
ST_1 : Operation 35 [1/1] (0.00ns)   --->   "%specpipeline_ln808 = specpipeline void @_ssdm_op_SpecPipeline, i32 1, i32 0, i32 0, i32 0, void @empty_29" [/home/training/AUPBoard/aup_hdmi_pass_thru_2023p1_working/aup_hdmi_pass_thru_2023p1/HDMI_Pass_Thru_ExDes/v_hdmi_rx_ss_0_ex/v_hdmi_rx_ss_0_ex.runs/exdes_v_tpg_0_synth_1/prj/sol/.autopilot/db/v_tpg.cpp:808]   --->   Operation 35 'specpipeline' 'specpipeline_ln808' <Predicate = (!icmp_ln805)> <Delay = 0.00>
ST_1 : Operation 36 [1/1] (0.00ns)   --->   "%specloopname_ln805 = specloopname void @_ssdm_op_SpecLoopName, void @empty_42" [/home/training/AUPBoard/aup_hdmi_pass_thru_2023p1_working/aup_hdmi_pass_thru_2023p1/HDMI_Pass_Thru_ExDes/v_hdmi_rx_ss_0_ex/v_hdmi_rx_ss_0_ex.runs/exdes_v_tpg_0_synth_1/prj/sol/.autopilot/db/v_tpg.cpp:805]   --->   Operation 36 'specloopname' 'specloopname_ln805' <Predicate = (!icmp_ln805)> <Delay = 0.00>
ST_1 : Operation 37 [1/1] (0.28ns)   --->   "%or_ln809 = or i1 %sof, i1 %eol" [/home/training/AUPBoard/aup_hdmi_pass_thru_2023p1_working/aup_hdmi_pass_thru_2023p1/HDMI_Pass_Thru_ExDes/v_hdmi_rx_ss_0_ex/v_hdmi_rx_ss_0_ex.runs/exdes_v_tpg_0_synth_1/prj/sol/.autopilot/db/v_tpg.cpp:809]   --->   Operation 37 'or' 'or_ln809' <Predicate = (!icmp_ln805)> <Delay = 0.28> <CoreInst = "LogicGate">   --->   Core 74 'LogicGate' <Latency = 0> <II = 1> <Delay = 0.28> <FuncUnit> <Opcode : 'and' 'or' 'xor'> <InPorts = 2> <OutPorts = 1>
ST_1 : Operation 38 [1/1] (0.00ns)   --->   "%br_ln809 = br i1 %or_ln809, void %if.else, void %if.end_ifconv" [/home/training/AUPBoard/aup_hdmi_pass_thru_2023p1_working/aup_hdmi_pass_thru_2023p1/HDMI_Pass_Thru_ExDes/v_hdmi_rx_ss_0_ex/v_hdmi_rx_ss_0_ex.runs/exdes_v_tpg_0_synth_1/prj/sol/.autopilot/db/v_tpg.cpp:809]   --->   Operation 38 'br' 'br_ln809' <Predicate = (!icmp_ln805)> <Delay = 0.00>
ST_1 : Operation 39 [1/1] (0.00ns)   --->   "%empty = read i64 @_ssdm_op_Read.axis.volatile.i48P0A.i6P0A.i6P0A.i1P0A.i1P0A.i1P0A.i1P0A, i48 %s_axis_video_V_data_V, i6 %s_axis_video_V_keep_V, i6 %s_axis_video_V_strb_V, i1 %s_axis_video_V_user_V, i1 %s_axis_video_V_last_V, i1 %s_axis_video_V_id_V, i1 %s_axis_video_V_dest_V" [/home/training/AUPBoard/aup_hdmi_pass_thru_2023p1_working/aup_hdmi_pass_thru_2023p1/HDMI_Pass_Thru_ExDes/v_hdmi_rx_ss_0_ex/v_hdmi_rx_ss_0_ex.runs/exdes_v_tpg_0_synth_1/prj/sol/.autopilot/db/v_tpg.cpp:816]   --->   Operation 39 'read' 'empty' <Predicate = (!icmp_ln805 & !or_ln809)> <Delay = 0.00> <CoreInst = "axis">   --->   Core 123 'axis' <Latency = 0> <II = 1> <Delay = 1.00> <Adapter> <Opcode : >
ST_1 : Operation 40 [1/1] (0.00ns)   --->   "%axi_data_4 = extractvalue i64 %empty" [/home/training/AUPBoard/aup_hdmi_pass_thru_2023p1_working/aup_hdmi_pass_thru_2023p1/HDMI_Pass_Thru_ExDes/v_hdmi_rx_ss_0_ex/v_hdmi_rx_ss_0_ex.runs/exdes_v_tpg_0_synth_1/prj/sol/.autopilot/db/v_tpg.cpp:816]   --->   Operation 40 'extractvalue' 'axi_data_4' <Predicate = (!icmp_ln805 & !or_ln809)> <Delay = 0.00>
ST_1 : Operation 41 [1/1] (0.00ns)   --->   "%axi_last_5 = extractvalue i64 %empty" [/home/training/AUPBoard/aup_hdmi_pass_thru_2023p1_working/aup_hdmi_pass_thru_2023p1/HDMI_Pass_Thru_ExDes/v_hdmi_rx_ss_0_ex/v_hdmi_rx_ss_0_ex.runs/exdes_v_tpg_0_synth_1/prj/sol/.autopilot/db/v_tpg.cpp:816]   --->   Operation 41 'extractvalue' 'axi_last_5' <Predicate = (!icmp_ln805 & !or_ln809)> <Delay = 0.00>
ST_1 : Operation 42 [1/1] (0.42ns)   --->   "%store_ln816 = store i1 %axi_last_5, i1 %axi_last" [/home/training/AUPBoard/aup_hdmi_pass_thru_2023p1_working/aup_hdmi_pass_thru_2023p1/HDMI_Pass_Thru_ExDes/v_hdmi_rx_ss_0_ex/v_hdmi_rx_ss_0_ex.runs/exdes_v_tpg_0_synth_1/prj/sol/.autopilot/db/v_tpg.cpp:816]   --->   Operation 42 'store' 'store_ln816' <Predicate = (!icmp_ln805 & !or_ln809)> <Delay = 0.42>
ST_1 : Operation 43 [1/1] (0.42ns)   --->   "%store_ln816 = store i48 %axi_data_4, i48 %axi_data" [/home/training/AUPBoard/aup_hdmi_pass_thru_2023p1_working/aup_hdmi_pass_thru_2023p1/HDMI_Pass_Thru_ExDes/v_hdmi_rx_ss_0_ex/v_hdmi_rx_ss_0_ex.runs/exdes_v_tpg_0_synth_1/prj/sol/.autopilot/db/v_tpg.cpp:816]   --->   Operation 43 'store' 'store_ln816' <Predicate = (!icmp_ln805 & !or_ln809)> <Delay = 0.42>
ST_1 : Operation 44 [1/1] (0.00ns)   --->   "%br_ln0 = br void %if.end_ifconv"   --->   Operation 44 'br' 'br_ln0' <Predicate = (!icmp_ln805 & !or_ln809)> <Delay = 0.00>
ST_1 : Operation 45 [1/1] (0.42ns)   --->   "%store_ln805 = store i12 %j_4, i12 %j" [/home/training/AUPBoard/aup_hdmi_pass_thru_2023p1_working/aup_hdmi_pass_thru_2023p1/HDMI_Pass_Thru_ExDes/v_hdmi_rx_ss_0_ex/v_hdmi_rx_ss_0_ex.runs/exdes_v_tpg_0_synth_1/prj/sol/.autopilot/db/v_tpg.cpp:805]   --->   Operation 45 'store' 'store_ln805' <Predicate = (!icmp_ln805)> <Delay = 0.42>
ST_1 : Operation 46 [1/1] (0.00ns)   --->   "%br_ln805 = br void %for.body12" [/home/training/AUPBoard/aup_hdmi_pass_thru_2023p1_working/aup_hdmi_pass_thru_2023p1/HDMI_Pass_Thru_ExDes/v_hdmi_rx_ss_0_ex/v_hdmi_rx_ss_0_ex.runs/exdes_v_tpg_0_synth_1/prj/sol/.autopilot/db/v_tpg.cpp:805]   --->   Operation 46 'br' 'br_ln805' <Predicate = (!icmp_ln805)> <Delay = 0.00>

State 2 <SV = 1> <Delay = 1.31>
ST_2 : Operation 47 [1/1] (0.00ns)   --->   "%axi_data_7 = load i48 %axi_data" [/home/training/AUPBoard/aup_hdmi_pass_thru_2023p1_working/aup_hdmi_pass_thru_2023p1/HDMI_Pass_Thru_ExDes/v_hdmi_rx_ss_0_ex/v_hdmi_rx_ss_0_ex.gen/sources_1/bd/exdes/ip/exdes_v_tpg_0/src/hls/hls_axi_io.h:49->/home/training/AUPBoard/aup_hdmi_pass_thru_2023p1_working/aup_hdmi_pass_thru_2023p1/HDMI_Pass_Thru_ExDes/v_hdmi_rx_ss_0_ex/v_hdmi_rx_ss_0_ex.gen/sources_1/bd/exdes/ip/exdes_v_tpg_0/src/hls/hls_axi_io.h:71->/home/training/AUPBoard/aup_hdmi_pass_thru_2023p1_working/aup_hdmi_pass_thru_2023p1/HDMI_Pass_Thru_ExDes/v_hdmi_rx_ss_0_ex/v_hdmi_rx_ss_0_ex.runs/exdes_v_tpg_0_synth_1/prj/sol/.autopilot/db/v_tpg.cpp:833]   --->   Operation 47 'load' 'axi_data_7' <Predicate = (!icmp_ln805)> <Delay = 0.00>
ST_2 : Operation 48 [1/1] (0.00ns)   --->   "%axi_last_4 = load i1 %axi_last"   --->   Operation 48 'load' 'axi_last_4' <Predicate = (!icmp_ln805)> <Delay = 0.00>
ST_2 : Operation 49 [1/1] (0.00ns)   --->   "%tmp_17 = partselect i8 @_ssdm_op_PartSelect.i8.i48.i32.i32, i48 %axi_data_7, i32 16, i32 23" [/home/training/AUPBoard/aup_hdmi_pass_thru_2023p1_working/aup_hdmi_pass_thru_2023p1/HDMI_Pass_Thru_ExDes/v_hdmi_rx_ss_0_ex/v_hdmi_rx_ss_0_ex.gen/sources_1/bd/exdes/ip/exdes_v_tpg_0/src/hls/hls_axi_io.h:49->/home/training/AUPBoard/aup_hdmi_pass_thru_2023p1_working/aup_hdmi_pass_thru_2023p1/HDMI_Pass_Thru_ExDes/v_hdmi_rx_ss_0_ex/v_hdmi_rx_ss_0_ex.gen/sources_1/bd/exdes/ip/exdes_v_tpg_0/src/hls/hls_axi_io.h:71->/home/training/AUPBoard/aup_hdmi_pass_thru_2023p1_working/aup_hdmi_pass_thru_2023p1/HDMI_Pass_Thru_ExDes/v_hdmi_rx_ss_0_ex/v_hdmi_rx_ss_0_ex.runs/exdes_v_tpg_0_synth_1/prj/sol/.autopilot/db/v_tpg.cpp:832]   --->   Operation 49 'partselect' 'tmp_17' <Predicate = (!icmp_ln805)> <Delay = 0.00>
ST_2 : Operation 50 [1/1] (0.00ns)   --->   "%trunc_ln49 = trunc i48 %axi_data_7" [/home/training/AUPBoard/aup_hdmi_pass_thru_2023p1_working/aup_hdmi_pass_thru_2023p1/HDMI_Pass_Thru_ExDes/v_hdmi_rx_ss_0_ex/v_hdmi_rx_ss_0_ex.gen/sources_1/bd/exdes/ip/exdes_v_tpg_0/src/hls/hls_axi_io.h:49->/home/training/AUPBoard/aup_hdmi_pass_thru_2023p1_working/aup_hdmi_pass_thru_2023p1/HDMI_Pass_Thru_ExDes/v_hdmi_rx_ss_0_ex/v_hdmi_rx_ss_0_ex.gen/sources_1/bd/exdes/ip/exdes_v_tpg_0/src/hls/hls_axi_io.h:71->/home/training/AUPBoard/aup_hdmi_pass_thru_2023p1_working/aup_hdmi_pass_thru_2023p1/HDMI_Pass_Thru_ExDes/v_hdmi_rx_ss_0_ex/v_hdmi_rx_ss_0_ex.runs/exdes_v_tpg_0_synth_1/prj/sol/.autopilot/db/v_tpg.cpp:833]   --->   Operation 50 'trunc' 'trunc_ln49' <Predicate = (!icmp_ln805)> <Delay = 0.00>
ST_2 : Operation 51 [1/1] (0.38ns)   --->   "%select_ln835 = select i1 %cond_read, i8 %tmp_17, i8 %trunc_ln49" [/home/training/AUPBoard/aup_hdmi_pass_thru_2023p1_working/aup_hdmi_pass_thru_2023p1/HDMI_Pass_Thru_ExDes/v_hdmi_rx_ss_0_ex/v_hdmi_rx_ss_0_ex.runs/exdes_v_tpg_0_synth_1/prj/sol/.autopilot/db/v_tpg.cpp:835]   --->   Operation 51 'select' 'select_ln835' <Predicate = (!icmp_ln805)> <Delay = 0.38> <CoreInst = "Sel">   --->   Core 73 'Sel' <Latency = 0> <II = 1> <Delay = 0.38> <FuncUnit> <Opcode : 'select'> <InPorts = 3> <OutPorts = 1>
ST_2 : Operation 52 [1/1] (0.00ns)   --->   "%tmp_18 = partselect i8 @_ssdm_op_PartSelect.i8.i48.i32.i32, i48 %axi_data_7, i32 8, i32 15" [/home/training/AUPBoard/aup_hdmi_pass_thru_2023p1_working/aup_hdmi_pass_thru_2023p1/HDMI_Pass_Thru_ExDes/v_hdmi_rx_ss_0_ex/v_hdmi_rx_ss_0_ex.gen/sources_1/bd/exdes/ip/exdes_v_tpg_0/src/hls/hls_axi_io.h:49->/home/training/AUPBoard/aup_hdmi_pass_thru_2023p1_working/aup_hdmi_pass_thru_2023p1/HDMI_Pass_Thru_ExDes/v_hdmi_rx_ss_0_ex/v_hdmi_rx_ss_0_ex.gen/sources_1/bd/exdes/ip/exdes_v_tpg_0/src/hls/hls_axi_io.h:71->/home/training/AUPBoard/aup_hdmi_pass_thru_2023p1_working/aup_hdmi_pass_thru_2023p1/HDMI_Pass_Thru_ExDes/v_hdmi_rx_ss_0_ex/v_hdmi_rx_ss_0_ex.runs/exdes_v_tpg_0_synth_1/prj/sol/.autopilot/db/v_tpg.cpp:833]   --->   Operation 52 'partselect' 'tmp_18' <Predicate = (!icmp_ln805)> <Delay = 0.00>
ST_2 : Operation 53 [1/1] (0.38ns)   --->   "%select_ln835_1 = select i1 %cond_read, i8 %trunc_ln49, i8 %tmp_18" [/home/training/AUPBoard/aup_hdmi_pass_thru_2023p1_working/aup_hdmi_pass_thru_2023p1/HDMI_Pass_Thru_ExDes/v_hdmi_rx_ss_0_ex/v_hdmi_rx_ss_0_ex.runs/exdes_v_tpg_0_synth_1/prj/sol/.autopilot/db/v_tpg.cpp:835]   --->   Operation 53 'select' 'select_ln835_1' <Predicate = (!icmp_ln805)> <Delay = 0.38> <CoreInst = "Sel">   --->   Core 73 'Sel' <Latency = 0> <II = 1> <Delay = 0.38> <FuncUnit> <Opcode : 'select'> <InPorts = 3> <OutPorts = 1>
ST_2 : Operation 54 [1/1] (0.38ns)   --->   "%select_ln835_2 = select i1 %cond_read, i8 %tmp_18, i8 %tmp_17" [/home/training/AUPBoard/aup_hdmi_pass_thru_2023p1_working/aup_hdmi_pass_thru_2023p1/HDMI_Pass_Thru_ExDes/v_hdmi_rx_ss_0_ex/v_hdmi_rx_ss_0_ex.runs/exdes_v_tpg_0_synth_1/prj/sol/.autopilot/db/v_tpg.cpp:835]   --->   Operation 54 'select' 'select_ln835_2' <Predicate = (!icmp_ln805)> <Delay = 0.38> <CoreInst = "Sel">   --->   Core 73 'Sel' <Latency = 0> <II = 1> <Delay = 0.38> <FuncUnit> <Opcode : 'select'> <InPorts = 3> <OutPorts = 1>
ST_2 : Operation 55 [1/1] (0.00ns)   --->   "%tmp_19 = partselect i8 @_ssdm_op_PartSelect.i8.i48.i32.i32, i48 %axi_data_7, i32 40, i32 47" [/home/training/AUPBoard/aup_hdmi_pass_thru_2023p1_working/aup_hdmi_pass_thru_2023p1/HDMI_Pass_Thru_ExDes/v_hdmi_rx_ss_0_ex/v_hdmi_rx_ss_0_ex.gen/sources_1/bd/exdes/ip/exdes_v_tpg_0/src/hls/hls_axi_io.h:49->/home/training/AUPBoard/aup_hdmi_pass_thru_2023p1_working/aup_hdmi_pass_thru_2023p1/HDMI_Pass_Thru_ExDes/v_hdmi_rx_ss_0_ex/v_hdmi_rx_ss_0_ex.gen/sources_1/bd/exdes/ip/exdes_v_tpg_0/src/hls/hls_axi_io.h:71->/home/training/AUPBoard/aup_hdmi_pass_thru_2023p1_working/aup_hdmi_pass_thru_2023p1/HDMI_Pass_Thru_ExDes/v_hdmi_rx_ss_0_ex/v_hdmi_rx_ss_0_ex.runs/exdes_v_tpg_0_synth_1/prj/sol/.autopilot/db/v_tpg.cpp:832]   --->   Operation 55 'partselect' 'tmp_19' <Predicate = (!icmp_ln805)> <Delay = 0.00>
ST_2 : Operation 56 [1/1] (0.00ns)   --->   "%tmp_20 = partselect i8 @_ssdm_op_PartSelect.i8.i48.i32.i32, i48 %axi_data_7, i32 24, i32 31" [/home/training/AUPBoard/aup_hdmi_pass_thru_2023p1_working/aup_hdmi_pass_thru_2023p1/HDMI_Pass_Thru_ExDes/v_hdmi_rx_ss_0_ex/v_hdmi_rx_ss_0_ex.gen/sources_1/bd/exdes/ip/exdes_v_tpg_0/src/hls/hls_axi_io.h:49->/home/training/AUPBoard/aup_hdmi_pass_thru_2023p1_working/aup_hdmi_pass_thru_2023p1/HDMI_Pass_Thru_ExDes/v_hdmi_rx_ss_0_ex/v_hdmi_rx_ss_0_ex.gen/sources_1/bd/exdes/ip/exdes_v_tpg_0/src/hls/hls_axi_io.h:71->/home/training/AUPBoard/aup_hdmi_pass_thru_2023p1_working/aup_hdmi_pass_thru_2023p1/HDMI_Pass_Thru_ExDes/v_hdmi_rx_ss_0_ex/v_hdmi_rx_ss_0_ex.runs/exdes_v_tpg_0_synth_1/prj/sol/.autopilot/db/v_tpg.cpp:833]   --->   Operation 56 'partselect' 'tmp_20' <Predicate = (!icmp_ln805)> <Delay = 0.00>
ST_2 : Operation 57 [1/1] (1.31ns)   --->   "%tmp_s = mux i8 @_ssdm_op_Mux.ap_auto.256i8.i8, i8 %tmp_19, i8 %tmp_20, i8 %tmp_17, i8 %tmp_17, i8 %tmp_17, i8 %tmp_17, i8 %tmp_17, i8 %tmp_17, i8 %tmp_17, i8 %tmp_17, i8 %tmp_17, i8 %tmp_17, i8 %tmp_17, i8 %tmp_17, i8 %tmp_17, i8 %tmp_17, i8 %tmp_17, i8 %tmp_17, i8 %tmp_17, i8 %tmp_17, i8 %tmp_17, i8 %tmp_17, i8 %tmp_17, i8 %tmp_17, i8 %tmp_17, i8 %tmp_17, i8 %tmp_17, i8 %tmp_17, i8 %tmp_17, i8 %tmp_17, i8 %tmp_17, i8 %tmp_17, i8 %tmp_17, i8 %tmp_17, i8 %tmp_17, i8 %tmp_17, i8 %tmp_17, i8 %tmp_17, i8 %tmp_17, i8 %tmp_17, i8 %tmp_17, i8 %tmp_17, i8 %tmp_17, i8 %tmp_17, i8 %tmp_17, i8 %tmp_17, i8 %tmp_17, i8 %tmp_17, i8 %tmp_17, i8 %tmp_17, i8 %tmp_17, i8 %tmp_17, i8 %tmp_17, i8 %tmp_17, i8 %tmp_17, i8 %tmp_17, i8 %tmp_17, i8 %tmp_17, i8 %tmp_17, i8 %tmp_17, i8 %tmp_17, i8 %tmp_17, i8 %tmp_17, i8 %tmp_17, i8 %tmp_17, i8 %tmp_17, i8 %tmp_17, i8 %tmp_17, i8 %tmp_17, i8 %tmp_17, i8 %tmp_17, i8 %tmp_17, i8 %tmp_17, i8 %tmp_17, i8 %tmp_17, i8 %tmp_17, i8 %tmp_17, i8 %tmp_17, i8 %tmp_17, i8 %tmp_17, i8 %tmp_17, i8 %tmp_17, i8 %tmp_17, i8 %tmp_17, i8 %tmp_17, i8 %tmp_17, i8 %tmp_17, i8 %tmp_17, i8 %tmp_17, i8 %tmp_17, i8 %tmp_17, i8 %tmp_17, i8 %tmp_17, i8 %tmp_17, i8 %tmp_17, i8 %tmp_17, i8 %tmp_17, i8 %tmp_17, i8 %tmp_17, i8 %tmp_17, i8 %tmp_17, i8 %tmp_17, i8 %tmp_17, i8 %tmp_17, i8 %tmp_17, i8 %tmp_17, i8 %tmp_17, i8 %tmp_17, i8 %tmp_17, i8 %tmp_17, i8 %tmp_17, i8 %tmp_17, i8 %tmp_17, i8 %tmp_17, i8 %tmp_17, i8 %tmp_17, i8 %tmp_17, i8 %tmp_17, i8 %tmp_17, i8 %tmp_17, i8 %tmp_17, i8 %tmp_17, i8 %tmp_17, i8 %tmp_17, i8 %tmp_17, i8 %tmp_17, i8 %tmp_17, i8 %tmp_17, i8 %tmp_17, i8 %tmp_17, i8 %tmp_17, i8 %tmp_17, i8 %tmp_17, i8 %tmp_17, i8 %tmp_17, i8 %tmp_17, i8 %tmp_17, i8 %tmp_17, i8 %tmp_17, i8 %tmp_17, i8 %tmp_17, i8 %tmp_17, i8 %tmp_17, i8 %tmp_17, i8 %tmp_17, i8 %tmp_17, i8 %tmp_17, i8 %tmp_17, i8 %tmp_17, i8 %tmp_17, i8 %tmp_17, i8 %tmp_17, i8 %tmp_17, i8 %tmp_17, i8 %tmp_17, i8 %tmp_17, i8 %tmp_17, i8 %tmp_17, i8 %tmp_17, i8 %tmp_17, i8 %tmp_17, i8 %tmp_17, i8 %tmp_17, i8 %tmp_17, i8 %tmp_17, i8 %tmp_17, i8 %tmp_17, i8 %tmp_17, i8 %tmp_17, i8 %tmp_17, i8 %tmp_17, i8 %tmp_17, i8 %tmp_17, i8 %tmp_17, i8 %tmp_17, i8 %tmp_17, i8 %tmp_17, i8 %tmp_17, i8 %tmp_17, i8 %tmp_17, i8 %tmp_17, i8 %tmp_17, i8 %tmp_17, i8 %tmp_17, i8 %tmp_17, i8 %tmp_17, i8 %tmp_17, i8 %tmp_17, i8 %tmp_17, i8 %tmp_17, i8 %tmp_17, i8 %tmp_17, i8 %tmp_17, i8 %tmp_17, i8 %tmp_17, i8 %tmp_17, i8 %tmp_17, i8 %tmp_17, i8 %tmp_17, i8 %tmp_17, i8 %tmp_17, i8 %tmp_17, i8 %tmp_17, i8 %tmp_17, i8 %tmp_17, i8 %tmp_17, i8 %tmp_17, i8 %tmp_17, i8 %tmp_17, i8 %tmp_17, i8 %tmp_17, i8 %tmp_17, i8 %tmp_17, i8 %tmp_17, i8 %tmp_17, i8 %tmp_17, i8 %tmp_17, i8 %tmp_17, i8 %tmp_17, i8 %tmp_17, i8 %tmp_17, i8 %tmp_17, i8 %tmp_17, i8 %tmp_17, i8 %tmp_17, i8 %tmp_17, i8 %tmp_17, i8 %tmp_17, i8 %tmp_17, i8 %tmp_17, i8 %tmp_17, i8 %tmp_17, i8 %tmp_17, i8 %tmp_17, i8 %tmp_17, i8 %tmp_17, i8 %tmp_17, i8 %tmp_17, i8 %tmp_17, i8 %tmp_17, i8 %tmp_17, i8 %tmp_17, i8 %tmp_17, i8 %tmp_17, i8 %tmp_17, i8 %tmp_17, i8 %tmp_17, i8 %tmp_17, i8 %tmp_17, i8 %tmp_17, i8 %tmp_17, i8 %tmp_17, i8 %tmp_17, i8 %tmp_17, i8 %tmp_17, i8 %tmp_17, i8 %colorFormat_load_read" [/home/training/AUPBoard/aup_hdmi_pass_thru_2023p1_working/aup_hdmi_pass_thru_2023p1/HDMI_Pass_Thru_ExDes/v_hdmi_rx_ss_0_ex/v_hdmi_rx_ss_0_ex.gen/sources_1/bd/exdes/ip/exdes_v_tpg_0/src/hls/hls_axi_io.h:49->/home/training/AUPBoard/aup_hdmi_pass_thru_2023p1_working/aup_hdmi_pass_thru_2023p1/HDMI_Pass_Thru_ExDes/v_hdmi_rx_ss_0_ex/v_hdmi_rx_ss_0_ex.gen/sources_1/bd/exdes/ip/exdes_v_tpg_0/src/hls/hls_axi_io.h:71->/home/training/AUPBoard/aup_hdmi_pass_thru_2023p1_working/aup_hdmi_pass_thru_2023p1/HDMI_Pass_Thru_ExDes/v_hdmi_rx_ss_0_ex/v_hdmi_rx_ss_0_ex.runs/exdes_v_tpg_0_synth_1/prj/sol/.autopilot/db/v_tpg.cpp:832]   --->   Operation 57 'mux' 'tmp_s' <Predicate = (!icmp_ln805)> <Delay = 1.31> <CoreInst = "Multiplexer">   --->   Core 76 'Multiplexer' <Latency = 0> <II = 1> <Delay = 1.31> <FuncUnit> <Opcode : 'mux'> <InPorts = 2> <OutPorts = 1>
ST_2 : Operation 58 [1/1] (0.00ns)   --->   "%tmp_21 = partselect i8 @_ssdm_op_PartSelect.i8.i48.i32.i32, i48 %axi_data_7, i32 32, i32 39" [/home/training/AUPBoard/aup_hdmi_pass_thru_2023p1_working/aup_hdmi_pass_thru_2023p1/HDMI_Pass_Thru_ExDes/v_hdmi_rx_ss_0_ex/v_hdmi_rx_ss_0_ex.gen/sources_1/bd/exdes/ip/exdes_v_tpg_0/src/hls/hls_axi_io.h:49->/home/training/AUPBoard/aup_hdmi_pass_thru_2023p1_working/aup_hdmi_pass_thru_2023p1/HDMI_Pass_Thru_ExDes/v_hdmi_rx_ss_0_ex/v_hdmi_rx_ss_0_ex.gen/sources_1/bd/exdes/ip/exdes_v_tpg_0/src/hls/hls_axi_io.h:71->/home/training/AUPBoard/aup_hdmi_pass_thru_2023p1_working/aup_hdmi_pass_thru_2023p1/HDMI_Pass_Thru_ExDes/v_hdmi_rx_ss_0_ex/v_hdmi_rx_ss_0_ex.runs/exdes_v_tpg_0_synth_1/prj/sol/.autopilot/db/v_tpg.cpp:833]   --->   Operation 58 'partselect' 'tmp_21' <Predicate = (!icmp_ln805)> <Delay = 0.00>
ST_2 : Operation 59 [1/1] (0.76ns)   --->   "%icmp_ln835 = icmp_eq  i8 %colorFormat_load_read, i8 1" [/home/training/AUPBoard/aup_hdmi_pass_thru_2023p1_working/aup_hdmi_pass_thru_2023p1/HDMI_Pass_Thru_ExDes/v_hdmi_rx_ss_0_ex/v_hdmi_rx_ss_0_ex.runs/exdes_v_tpg_0_synth_1/prj/sol/.autopilot/db/v_tpg.cpp:835]   --->   Operation 59 'icmp' 'icmp_ln835' <Predicate = (!icmp_ln805)> <Delay = 0.76> <CoreInst = "Cmp">   --->   Core 9 'Cmp' <Latency = 0> <II = 1> <Delay = 0.76> <FuncUnit> <Opcode : 'icmp'> <InPorts = 2> <OutPorts = 1>
ST_2 : Operation 60 [1/1] (0.38ns)   --->   "%select_ln835_3 = select i1 %icmp_ln835, i8 %tmp_21, i8 %tmp_20" [/home/training/AUPBoard/aup_hdmi_pass_thru_2023p1_working/aup_hdmi_pass_thru_2023p1/HDMI_Pass_Thru_ExDes/v_hdmi_rx_ss_0_ex/v_hdmi_rx_ss_0_ex.runs/exdes_v_tpg_0_synth_1/prj/sol/.autopilot/db/v_tpg.cpp:835]   --->   Operation 60 'select' 'select_ln835_3' <Predicate = (!icmp_ln805)> <Delay = 0.38> <CoreInst = "Sel">   --->   Core 73 'Sel' <Latency = 0> <II = 1> <Delay = 0.38> <FuncUnit> <Opcode : 'select'> <InPorts = 3> <OutPorts = 1>
ST_2 : Operation 61 [1/1] (0.38ns)   --->   "%select_ln835_4 = select i1 %icmp_ln835, i8 %tmp_19, i8 %tmp_21" [/home/training/AUPBoard/aup_hdmi_pass_thru_2023p1_working/aup_hdmi_pass_thru_2023p1/HDMI_Pass_Thru_ExDes/v_hdmi_rx_ss_0_ex/v_hdmi_rx_ss_0_ex.runs/exdes_v_tpg_0_synth_1/prj/sol/.autopilot/db/v_tpg.cpp:835]   --->   Operation 61 'select' 'select_ln835_4' <Predicate = (!icmp_ln805)> <Delay = 0.38> <CoreInst = "Sel">   --->   Core 73 'Sel' <Latency = 0> <II = 1> <Delay = 0.38> <FuncUnit> <Opcode : 'select'> <InPorts = 3> <OutPorts = 1>
ST_2 : Operation 64 [1/1] (0.00ns)   --->   "%axi_data_load = load i48 %axi_data"   --->   Operation 64 'load' 'axi_data_load' <Predicate = (icmp_ln805)> <Delay = 0.00>
ST_2 : Operation 65 [1/1] (0.00ns)   --->   "%write_ln0 = write void @_ssdm_op_Write.ap_auto.i1P0A, i1 %eol_out, i1 %eol"   --->   Operation 65 'write' 'write_ln0' <Predicate = (icmp_ln805)> <Delay = 0.00>
ST_2 : Operation 66 [1/1] (0.00ns)   --->   "%write_ln0 = write void @_ssdm_op_Write.ap_auto.i48P0A, i48 %axi_data_7_out, i48 %axi_data_load"   --->   Operation 66 'write' 'write_ln0' <Predicate = (icmp_ln805)> <Delay = 0.00>
ST_2 : Operation 67 [1/1] (0.00ns)   --->   "%ret_ln0 = ret"   --->   Operation 67 'ret' 'ret_ln0' <Predicate = (icmp_ln805)> <Delay = 0.00>

State 3 <SV = 2> <Delay = 1.21>
ST_3 : Operation 62 [1/1] (0.00ns)   --->   "%p_0 = bitconcatenate i48 @_ssdm_op_BitConcatenate.i48.i8.i8.i8.i8.i8.i8, i8 %select_ln835_4, i8 %select_ln835_3, i8 %tmp_s, i8 %select_ln835_2, i8 %select_ln835_1, i8 %select_ln835" [/home/training/AUPBoard/aup_hdmi_pass_thru_2023p1_working/aup_hdmi_pass_thru_2023p1/HDMI_Pass_Thru_ExDes/v_hdmi_rx_ss_0_ex/v_hdmi_rx_ss_0_ex.runs/exdes_v_tpg_0_synth_1/prj/sol/.autopilot/db/v_tpg.cpp:849]   --->   Operation 62 'bitconcatenate' 'p_0' <Predicate = (!icmp_ln805)> <Delay = 0.00>
ST_3 : Operation 63 [1/1] (1.21ns)   --->   "%write_ln849 = write void @_ssdm_op_Write.ap_fifo.volatile.i48P0A, i48 %srcYUV, i48 %p_0" [/home/training/AUPBoard/aup_hdmi_pass_thru_2023p1_working/aup_hdmi_pass_thru_2023p1/HDMI_Pass_Thru_ExDes/v_hdmi_rx_ss_0_ex/v_hdmi_rx_ss_0_ex.runs/exdes_v_tpg_0_synth_1/prj/sol/.autopilot/db/v_tpg.cpp:849]   --->   Operation 63 'write' 'write_ln849' <Predicate = (!icmp_ln805)> <Delay = 1.21> <CoreInst = "FIFO_SRL">   --->   Core 81 'FIFO_SRL' <Latency = 0> <II = 1> <Delay = 2.04> <Storage> <Opcode : 'read' 'write' 'nbread' 'nbwrite'> <Ports = 0> <Width = 48> <Depth = 16> <FIFO>


============================================================
+ Verbose Summary: Binding
============================================================
STG Binding: 
---------------- STG Properties BEGIN ----------------
- Is combinational: 0
- Is one-state seq: 0
- Is datapath-only: 0
- Is pipelined: 0
- Is top level: 0
Port [ Return ] is wired: 1; IO mode=ap_ctrl_hs:ce=0
Port [ sof_5]:  wired=1; compound=0; hidden=0; nouse=0; global=0; static=0; extern=0; dir=0; type=0; pingpong=0; private_global=0; IO mode=ap_none:ce=0
Port [ axi_last_2]:  wired=1; compound=0; hidden=0; nouse=0; global=0; static=0; extern=0; dir=0; type=0; pingpong=0; private_global=0; IO mode=ap_none:ce=0
Port [ axi_data_6]:  wired=1; compound=0; hidden=0; nouse=0; global=0; static=0; extern=0; dir=0; type=0; pingpong=0; private_global=0; IO mode=ap_none:ce=0
Port [ div_cast]:  wired=1; compound=0; hidden=0; nouse=0; global=0; static=0; extern=0; dir=0; type=0; pingpong=0; private_global=0; IO mode=ap_none:ce=0
Port [ cond]:  wired=1; compound=0; hidden=0; nouse=0; global=0; static=0; extern=0; dir=0; type=0; pingpong=0; private_global=0; IO mode=ap_stable:ce=0
Port [ colorFormat_load]:  wired=1; compound=0; hidden=0; nouse=0; global=0; static=0; extern=0; dir=0; type=0; pingpong=0; private_global=0; IO mode=ap_stable:ce=0
Port [ srcYUV]:  wired=1; compound=1; hidden=0; nouse=0; global=0; static=0; extern=0; dir=1; type=3; pingpong=0; private_global=0; IO mode=ap_fifo:ce=0
Port [ s_axis_video_V_data_V]:  wired=1; compound=1; hidden=0; nouse=0; global=0; static=0; extern=0; dir=0; type=0; pingpong=0; private_global=0; IO mode=axis:ce=0
Port [ s_axis_video_V_keep_V]:  wired=1; compound=1; hidden=0; nouse=0; global=0; static=0; extern=0; dir=0; type=0; pingpong=0; private_global=0; IO mode=axis:ce=0
Port [ s_axis_video_V_strb_V]:  wired=1; compound=1; hidden=0; nouse=0; global=0; static=0; extern=0; dir=0; type=0; pingpong=0; private_global=0; IO mode=axis:ce=0
Port [ s_axis_video_V_user_V]:  wired=1; compound=1; hidden=0; nouse=0; global=0; static=0; extern=0; dir=0; type=0; pingpong=0; private_global=0; IO mode=axis:ce=0
Port [ s_axis_video_V_last_V]:  wired=1; compound=1; hidden=0; nouse=0; global=0; static=0; extern=0; dir=0; type=0; pingpong=0; private_global=0; IO mode=axis:ce=0
Port [ s_axis_video_V_id_V]:  wired=1; compound=1; hidden=0; nouse=0; global=0; static=0; extern=0; dir=0; type=0; pingpong=0; private_global=0; IO mode=axis:ce=0
Port [ s_axis_video_V_dest_V]:  wired=1; compound=1; hidden=0; nouse=0; global=0; static=0; extern=0; dir=0; type=0; pingpong=0; private_global=0; IO mode=axis:ce=0
Port [ eol_out]:  wired=1; compound=0; hidden=0; nouse=0; global=0; static=0; extern=0; dir=1; type=0; pingpong=0; private_global=0; IO mode=ap_vld:ce=0
Port [ axi_data_7_out]:  wired=1; compound=0; hidden=0; nouse=0; global=0; static=0; extern=0; dir=1; type=0; pingpong=0; private_global=0; IO mode=ap_vld:ce=0
---------------- STG Properties END ------------------

---------------- Datapath Model BEGIN ----------------

<LifeTime>
<method=bitvector/>
j                       (alloca             ) [ 0100]
axi_data                (alloca             ) [ 0110]
axi_last                (alloca             ) [ 0110]
specaxissidechannel_ln0 (specaxissidechannel) [ 0000]
specinterface_ln0       (specinterface      ) [ 0000]
specinterface_ln0       (specinterface      ) [ 0000]
specinterface_ln0       (specinterface      ) [ 0000]
specinterface_ln0       (specinterface      ) [ 0000]
specinterface_ln0       (specinterface      ) [ 0000]
specinterface_ln0       (specinterface      ) [ 0000]
specinterface_ln0       (specinterface      ) [ 0000]
specinterface_ln0       (specinterface      ) [ 0000]
colorFormat_load_read   (read               ) [ 0110]
cond_read               (read               ) [ 0110]
div_cast_read           (read               ) [ 0000]
axi_data_6_read         (read               ) [ 0000]
axi_last_2_read         (read               ) [ 0000]
sof_5_read              (read               ) [ 0000]
store_ln0               (store              ) [ 0000]
store_ln0               (store              ) [ 0000]
store_ln0               (store              ) [ 0000]
br_ln0                  (br                 ) [ 0000]
eol                     (phi                ) [ 0110]
sof                     (phi                ) [ 0100]
j_3                     (load               ) [ 0000]
icmp_ln805              (icmp               ) [ 0111]
speclooptripcount_ln0   (speclooptripcount  ) [ 0000]
j_4                     (add                ) [ 0000]
br_ln805                (br                 ) [ 0000]
specpipeline_ln808      (specpipeline       ) [ 0000]
specloopname_ln805      (specloopname       ) [ 0000]
or_ln809                (or                 ) [ 0100]
br_ln809                (br                 ) [ 0000]
empty                   (read               ) [ 0000]
axi_data_4              (extractvalue       ) [ 0000]
axi_last_5              (extractvalue       ) [ 0000]
store_ln816             (store              ) [ 0000]
store_ln816             (store              ) [ 0000]
br_ln0                  (br                 ) [ 0000]
store_ln805             (store              ) [ 0000]
br_ln805                (br                 ) [ 0100]
axi_data_7              (load               ) [ 0000]
axi_last_4              (load               ) [ 0100]
tmp_17                  (partselect         ) [ 0000]
trunc_ln49              (trunc              ) [ 0000]
select_ln835            (select             ) [ 0101]
tmp_18                  (partselect         ) [ 0000]
select_ln835_1          (select             ) [ 0101]
select_ln835_2          (select             ) [ 0101]
tmp_19                  (partselect         ) [ 0000]
tmp_20                  (partselect         ) [ 0000]
tmp_s                   (mux                ) [ 0101]
tmp_21                  (partselect         ) [ 0000]
icmp_ln835              (icmp               ) [ 0000]
select_ln835_3          (select             ) [ 0101]
select_ln835_4          (select             ) [ 0101]
p_0                     (bitconcatenate     ) [ 0000]
write_ln849             (write              ) [ 0000]
axi_data_load           (load               ) [ 0000]
write_ln0               (write              ) [ 0000]
write_ln0               (write              ) [ 0000]
ret_ln0                 (ret                ) [ 0000]
</LifeTime>

<model>

<comp_list>
<comp id="0" class="1000" name="sof_5">
<pin_list>
<pin id="1" dir="1" index="0" bw="1" slack="0"/>
</pin_list>
<bind>
<StgValue><ssdm name="sof_5"/></StgValue>
</bind>
</comp>

<comp id="2" class="1000" name="axi_last_2">
<pin_list>
<pin id="3" dir="1" index="0" bw="1" slack="0"/>
</pin_list>
<bind>
<StgValue><ssdm name="axi_last_2"/></StgValue>
</bind>
</comp>

<comp id="4" class="1000" name="axi_data_6">
<pin_list>
<pin id="5" dir="1" index="0" bw="1" slack="0"/>
</pin_list>
<bind>
<StgValue><ssdm name="axi_data_6"/></StgValue>
</bind>
</comp>

<comp id="6" class="1000" name="div_cast">
<pin_list>
<pin id="7" dir="1" index="0" bw="1" slack="0"/>
</pin_list>
<bind>
<StgValue><ssdm name="div_cast"/></StgValue>
</bind>
</comp>

<comp id="8" class="1000" name="cond">
<pin_list>
<pin id="9" dir="1" index="0" bw="1" slack="0"/>
</pin_list>
<bind>
<StgValue><ssdm name="cond"/></StgValue>
</bind>
</comp>

<comp id="10" class="1000" name="colorFormat_load">
<pin_list>
<pin id="11" dir="1" index="0" bw="1" slack="0"/>
</pin_list>
<bind>
<StgValue><ssdm name="colorFormat_load"/></StgValue>
</bind>
</comp>

<comp id="12" class="1000" name="srcYUV">
<pin_list>
<pin id="13" dir="1" index="0" bw="1" slack="0"/>
</pin_list>
<bind>
<StgValue><ssdm name="srcYUV"/></StgValue>
</bind>
</comp>

<comp id="14" class="1000" name="s_axis_video_V_data_V">
<pin_list>
<pin id="15" dir="1" index="0" bw="1" slack="0"/>
</pin_list>
<bind>
<StgValue><ssdm name="s_axis_video_V_data_V"/></StgValue>
</bind>
</comp>

<comp id="16" class="1000" name="s_axis_video_V_keep_V">
<pin_list>
<pin id="17" dir="1" index="0" bw="1" slack="0"/>
</pin_list>
<bind>
<StgValue><ssdm name="s_axis_video_V_keep_V"/></StgValue>
</bind>
</comp>

<comp id="18" class="1000" name="s_axis_video_V_strb_V">
<pin_list>
<pin id="19" dir="1" index="0" bw="1" slack="0"/>
</pin_list>
<bind>
<StgValue><ssdm name="s_axis_video_V_strb_V"/></StgValue>
</bind>
</comp>

<comp id="20" class="1000" name="s_axis_video_V_user_V">
<pin_list>
<pin id="21" dir="1" index="0" bw="1" slack="0"/>
</pin_list>
<bind>
<StgValue><ssdm name="s_axis_video_V_user_V"/></StgValue>
</bind>
</comp>

<comp id="22" class="1000" name="s_axis_video_V_last_V">
<pin_list>
<pin id="23" dir="1" index="0" bw="1" slack="0"/>
</pin_list>
<bind>
<StgValue><ssdm name="s_axis_video_V_last_V"/></StgValue>
</bind>
</comp>

<comp id="24" class="1000" name="s_axis_video_V_id_V">
<pin_list>
<pin id="25" dir="1" index="0" bw="1" slack="0"/>
</pin_list>
<bind>
<StgValue><ssdm name="s_axis_video_V_id_V"/></StgValue>
</bind>
</comp>

<comp id="26" class="1000" name="s_axis_video_V_dest_V">
<pin_list>
<pin id="27" dir="1" index="0" bw="1" slack="0"/>
</pin_list>
<bind>
<StgValue><ssdm name="s_axis_video_V_dest_V"/></StgValue>
</bind>
</comp>

<comp id="28" class="1000" name="eol_out">
<pin_list>
<pin id="29" dir="1" index="0" bw="1" slack="0"/>
</pin_list>
<bind>
<StgValue><ssdm name="eol_out"/></StgValue>
</bind>
</comp>

<comp id="30" class="1000" name="axi_data_7_out">
<pin_list>
<pin id="31" dir="1" index="0" bw="1" slack="0"/>
</pin_list>
<bind>
<StgValue><ssdm name="axi_data_7_out"/></StgValue>
</bind>
</comp>

<comp id="32" class="1001" name="const_32">
<pin_list>
<pin id="33" dir="1" index="0" bw="1" slack="0"/>
</pin_list>
<bind>
<StgValue><ssdm name=""/></StgValue>
</bind>
</comp>

<comp id="34" class="1001" name="const_34">
<pin_list>
<pin id="35" dir="1" index="0" bw="1" slack="2147483647"/>
</pin_list>
<bind>
<StgValue><ssdm name="_ssdm_op_SpecAXISSideChannel"/></StgValue>
</bind>
</comp>

<comp id="36" class="1001" name="const_36">
<pin_list>
<pin id="37" dir="1" index="0" bw="1" slack="2147483647"/>
</pin_list>
<bind>
<StgValue><ssdm name="empty_39"/></StgValue>
</bind>
</comp>

<comp id="38" class="1001" name="const_38">
<pin_list>
<pin id="39" dir="1" index="0" bw="1" slack="2147483647"/>
</pin_list>
<bind>
<StgValue><ssdm name="_ssdm_op_SpecInterface"/></StgValue>
</bind>
</comp>

<comp id="40" class="1001" name="const_40">
<pin_list>
<pin id="41" dir="1" index="0" bw="1" slack="2147483647"/>
</pin_list>
<bind>
<StgValue><ssdm name="empty_31"/></StgValue>
</bind>
</comp>

<comp id="42" class="1001" name="const_42">
<pin_list>
<pin id="43" dir="1" index="0" bw="1" slack="2147483647"/>
</pin_list>
<bind>
<StgValue><ssdm name=""/></StgValue>
</bind>
</comp>

<comp id="44" class="1001" name="const_44">
<pin_list>
<pin id="45" dir="1" index="0" bw="1" slack="2147483647"/>
</pin_list>
<bind>
<StgValue><ssdm name="empty_30"/></StgValue>
</bind>
</comp>

<comp id="46" class="1001" name="const_46">
<pin_list>
<pin id="47" dir="1" index="0" bw="1" slack="2147483647"/>
</pin_list>
<bind>
<StgValue><ssdm name="empty_29"/></StgValue>
</bind>
</comp>

<comp id="48" class="1001" name="const_48">
<pin_list>
<pin id="49" dir="1" index="0" bw="1" slack="2147483647"/>
</pin_list>
<bind>
<StgValue><ssdm name=""/></StgValue>
</bind>
</comp>

<comp id="50" class="1001" name="const_50">
<pin_list>
<pin id="51" dir="1" index="0" bw="1" slack="2147483647"/>
</pin_list>
<bind>
<StgValue><ssdm name="empty_40"/></StgValue>
</bind>
</comp>

<comp id="52" class="1001" name="const_52">
<pin_list>
<pin id="53" dir="1" index="0" bw="1" slack="0"/>
</pin_list>
<bind>
<StgValue><ssdm name="_ssdm_op_Read.ap_auto.i8"/></StgValue>
</bind>
</comp>

<comp id="54" class="1001" name="const_54">
<pin_list>
<pin id="55" dir="1" index="0" bw="1" slack="0"/>
</pin_list>
<bind>
<StgValue><ssdm name="_ssdm_op_Read.ap_auto.i1"/></StgValue>
</bind>
</comp>

<comp id="56" class="1001" name="const_56">
<pin_list>
<pin id="57" dir="1" index="0" bw="1" slack="0"/>
</pin_list>
<bind>
<StgValue><ssdm name="_ssdm_op_Read.ap_auto.i12"/></StgValue>
</bind>
</comp>

<comp id="58" class="1001" name="const_58">
<pin_list>
<pin id="59" dir="1" index="0" bw="1" slack="0"/>
</pin_list>
<bind>
<StgValue><ssdm name="_ssdm_op_Read.ap_auto.i48"/></StgValue>
</bind>
</comp>

<comp id="60" class="1001" name="const_60">
<pin_list>
<pin id="61" dir="1" index="0" bw="1" slack="0"/>
</pin_list>
<bind>
<StgValue><ssdm name=""/></StgValue>
</bind>
</comp>

<comp id="62" class="1001" name="const_62">
<pin_list>
<pin id="63" dir="1" index="0" bw="1" slack="0"/>
</pin_list>
<bind>
<StgValue><ssdm name=""/></StgValue>
</bind>
</comp>

<comp id="64" class="1001" name="const_64">
<pin_list>
<pin id="65" dir="1" index="0" bw="1" slack="2147483647"/>
</pin_list>
<bind>
<StgValue><ssdm name="_ssdm_op_SpecLoopTripCount"/></StgValue>
</bind>
</comp>

<comp id="66" class="1001" name="const_66">
<pin_list>
<pin id="67" dir="1" index="0" bw="1" slack="2147483647"/>
</pin_list>
<bind>
<StgValue><ssdm name=""/></StgValue>
</bind>
</comp>

<comp id="68" class="1001" name="const_68">
<pin_list>
<pin id="69" dir="1" index="0" bw="1" slack="2147483647"/>
</pin_list>
<bind>
<StgValue><ssdm name=""/></StgValue>
</bind>
</comp>

<comp id="70" class="1001" name="const_70">
<pin_list>
<pin id="71" dir="1" index="0" bw="1" slack="2147483647"/>
</pin_list>
<bind>
<StgValue><ssdm name=""/></StgValue>
</bind>
</comp>

<comp id="72" class="1001" name="const_72">
<pin_list>
<pin id="73" dir="1" index="0" bw="1" slack="0"/>
</pin_list>
<bind>
<StgValue><ssdm name=""/></StgValue>
</bind>
</comp>

<comp id="74" class="1001" name="const_74">
<pin_list>
<pin id="75" dir="1" index="0" bw="1" slack="2147483647"/>
</pin_list>
<bind>
<StgValue><ssdm name="_ssdm_op_SpecPipeline"/></StgValue>
</bind>
</comp>

<comp id="76" class="1001" name="const_76">
<pin_list>
<pin id="77" dir="1" index="0" bw="1" slack="2147483647"/>
</pin_list>
<bind>
<StgValue><ssdm name="_ssdm_op_SpecLoopName"/></StgValue>
</bind>
</comp>

<comp id="78" class="1001" name="const_78">
<pin_list>
<pin id="79" dir="1" index="0" bw="1" slack="2147483647"/>
</pin_list>
<bind>
<StgValue><ssdm name="empty_42"/></StgValue>
</bind>
</comp>

<comp id="80" class="1001" name="const_80">
<pin_list>
<pin id="81" dir="1" index="0" bw="1" slack="0"/>
</pin_list>
<bind>
<StgValue><ssdm name="_ssdm_op_Read.axis.volatile.i48P0A.i6P0A.i6P0A.i1P0A.i1P0A.i1P0A.i1P0A"/></StgValue>
</bind>
</comp>

<comp id="82" class="1001" name="const_82">
<pin_list>
<pin id="83" dir="1" index="0" bw="1" slack="0"/>
</pin_list>
<bind>
<StgValue><ssdm name="_ssdm_op_PartSelect.i8.i48.i32.i32"/></StgValue>
</bind>
</comp>

<comp id="84" class="1001" name="const_84">
<pin_list>
<pin id="85" dir="1" index="0" bw="1" slack="0"/>
</pin_list>
<bind>
<StgValue><ssdm name=""/></StgValue>
</bind>
</comp>

<comp id="86" class="1001" name="const_86">
<pin_list>
<pin id="87" dir="1" index="0" bw="1" slack="0"/>
</pin_list>
<bind>
<StgValue><ssdm name=""/></StgValue>
</bind>
</comp>

<comp id="88" class="1001" name="const_88">
<pin_list>
<pin id="89" dir="1" index="0" bw="1" slack="0"/>
</pin_list>
<bind>
<StgValue><ssdm name=""/></StgValue>
</bind>
</comp>

<comp id="90" class="1001" name="const_90">
<pin_list>
<pin id="91" dir="1" index="0" bw="1" slack="0"/>
</pin_list>
<bind>
<StgValue><ssdm name=""/></StgValue>
</bind>
</comp>

<comp id="92" class="1001" name="const_92">
<pin_list>
<pin id="93" dir="1" index="0" bw="1" slack="0"/>
</pin_list>
<bind>
<StgValue><ssdm name=""/></StgValue>
</bind>
</comp>

<comp id="94" class="1001" name="const_94">
<pin_list>
<pin id="95" dir="1" index="0" bw="1" slack="0"/>
</pin_list>
<bind>
<StgValue><ssdm name=""/></StgValue>
</bind>
</comp>

<comp id="96" class="1001" name="const_96">
<pin_list>
<pin id="97" dir="1" index="0" bw="1" slack="0"/>
</pin_list>
<bind>
<StgValue><ssdm name=""/></StgValue>
</bind>
</comp>

<comp id="98" class="1001" name="const_98">
<pin_list>
<pin id="99" dir="1" index="0" bw="1" slack="0"/>
</pin_list>
<bind>
<StgValue><ssdm name=""/></StgValue>
</bind>
</comp>

<comp id="100" class="1001" name="const_100">
<pin_list>
<pin id="101" dir="1" index="0" bw="1" slack="0"/>
</pin_list>
<bind>
<StgValue><ssdm name="_ssdm_op_Mux.ap_auto.256i8.i8"/></StgValue>
</bind>
</comp>

<comp id="102" class="1001" name="const_102">
<pin_list>
<pin id="103" dir="1" index="0" bw="1" slack="0"/>
</pin_list>
<bind>
<StgValue><ssdm name=""/></StgValue>
</bind>
</comp>

<comp id="104" class="1001" name="const_104">
<pin_list>
<pin id="105" dir="1" index="0" bw="1" slack="0"/>
</pin_list>
<bind>
<StgValue><ssdm name=""/></StgValue>
</bind>
</comp>

<comp id="106" class="1001" name="const_106">
<pin_list>
<pin id="107" dir="1" index="0" bw="1" slack="0"/>
</pin_list>
<bind>
<StgValue><ssdm name=""/></StgValue>
</bind>
</comp>

<comp id="108" class="1001" name="const_108">
<pin_list>
<pin id="109" dir="1" index="0" bw="1" slack="0"/>
</pin_list>
<bind>
<StgValue><ssdm name="_ssdm_op_BitConcatenate.i48.i8.i8.i8.i8.i8.i8"/></StgValue>
</bind>
</comp>

<comp id="110" class="1001" name="const_110">
<pin_list>
<pin id="111" dir="1" index="0" bw="1" slack="0"/>
</pin_list>
<bind>
<StgValue><ssdm name="_ssdm_op_Write.ap_fifo.volatile.i48P0A"/></StgValue>
</bind>
</comp>

<comp id="112" class="1001" name="const_112">
<pin_list>
<pin id="113" dir="1" index="0" bw="1" slack="0"/>
</pin_list>
<bind>
<StgValue><ssdm name="_ssdm_op_Write.ap_auto.i1P0A"/></StgValue>
</bind>
</comp>

<comp id="114" class="1001" name="const_114">
<pin_list>
<pin id="115" dir="1" index="0" bw="1" slack="0"/>
</pin_list>
<bind>
<StgValue><ssdm name="_ssdm_op_Write.ap_auto.i48P0A"/></StgValue>
</bind>
</comp>

<comp id="116" class="1004" name="j_fu_116">
<pin_list>
<pin id="117" dir="0" index="0" bw="1" slack="0"/>
<pin id="118" dir="1" index="1" bw="12" slack="0"/>
</pin_list>
<bind>
<opcode="alloca(26) " fcode="alloca"/>
<opset="j/1 "/>
</bind>
</comp>

<comp id="120" class="1004" name="axi_data_fu_120">
<pin_list>
<pin id="121" dir="0" index="0" bw="1" slack="0"/>
<pin id="122" dir="1" index="1" bw="48" slack="0"/>
</pin_list>
<bind>
<opcode="alloca(26) " fcode="alloca"/>
<opset="axi_data/1 "/>
</bind>
</comp>

<comp id="124" class="1004" name="axi_last_fu_124">
<pin_list>
<pin id="125" dir="0" index="0" bw="1" slack="0"/>
<pin id="126" dir="1" index="1" bw="1" slack="0"/>
</pin_list>
<bind>
<opcode="alloca(26) " fcode="alloca"/>
<opset="axi_last/1 "/>
</bind>
</comp>

<comp id="128" class="1004" name="colorFormat_load_read_read_fu_128">
<pin_list>
<pin id="129" dir="0" index="0" bw="8" slack="0"/>
<pin id="130" dir="0" index="1" bw="8" slack="0"/>
<pin id="131" dir="1" index="2" bw="8" slack="1"/>
</pin_list>
<bind>
<opcode="read(1150) " fcode="read"/>
<opset="colorFormat_load_read/1 "/>
</bind>
</comp>

<comp id="134" class="1004" name="cond_read_read_fu_134">
<pin_list>
<pin id="135" dir="0" index="0" bw="1" slack="0"/>
<pin id="136" dir="0" index="1" bw="1" slack="0"/>
<pin id="137" dir="1" index="2" bw="1" slack="1"/>
</pin_list>
<bind>
<opcode="read(1150) " fcode="read"/>
<opset="cond_read/1 "/>
</bind>
</comp>

<comp id="140" class="1004" name="div_cast_read_read_fu_140">
<pin_list>
<pin id="141" dir="0" index="0" bw="12" slack="0"/>
<pin id="142" dir="0" index="1" bw="12" slack="0"/>
<pin id="143" dir="1" index="2" bw="12" slack="0"/>
</pin_list>
<bind>
<opcode="read(1150) " fcode="read"/>
<opset="div_cast_read/1 "/>
</bind>
</comp>

<comp id="146" class="1004" name="axi_data_6_read_read_fu_146">
<pin_list>
<pin id="147" dir="0" index="0" bw="48" slack="0"/>
<pin id="148" dir="0" index="1" bw="48" slack="0"/>
<pin id="149" dir="1" index="2" bw="48" slack="0"/>
</pin_list>
<bind>
<opcode="read(1150) " fcode="read"/>
<opset="axi_data_6_read/1 "/>
</bind>
</comp>

<comp id="152" class="1004" name="axi_last_2_read_read_fu_152">
<pin_list>
<pin id="153" dir="0" index="0" bw="1" slack="0"/>
<pin id="154" dir="0" index="1" bw="1" slack="0"/>
<pin id="155" dir="1" index="2" bw="1" slack="0"/>
</pin_list>
<bind>
<opcode="read(1150) " fcode="read"/>
<opset="axi_last_2_read/1 "/>
</bind>
</comp>

<comp id="158" class="1004" name="sof_5_read_read_fu_158">
<pin_list>
<pin id="159" dir="0" index="0" bw="1" slack="0"/>
<pin id="160" dir="0" index="1" bw="1" slack="0"/>
<pin id="161" dir="1" index="2" bw="1" slack="0"/>
</pin_list>
<bind>
<opcode="read(1150) " fcode="read"/>
<opset="sof_5_read/1 "/>
</bind>
</comp>

<comp id="164" class="1004" name="empty_read_fu_164">
<pin_list>
<pin id="165" dir="0" index="0" bw="64" slack="0"/>
<pin id="166" dir="0" index="1" bw="48" slack="0"/>
<pin id="167" dir="0" index="2" bw="6" slack="0"/>
<pin id="168" dir="0" index="3" bw="6" slack="0"/>
<pin id="169" dir="0" index="4" bw="1" slack="0"/>
<pin id="170" dir="0" index="5" bw="1" slack="0"/>
<pin id="171" dir="0" index="6" bw="1" slack="0"/>
<pin id="172" dir="0" index="7" bw="1" slack="0"/>
<pin id="173" dir="1" index="8" bw="64" slack="0"/>
</pin_list>
<bind>
<opcode="read(1150) " fcode="read"/>
<opset="empty/1 "/>
</bind>
</comp>

<comp id="182" class="1004" name="write_ln849_write_fu_182">
<pin_list>
<pin id="183" dir="0" index="0" bw="0" slack="0"/>
<pin id="184" dir="0" index="1" bw="48" slack="0"/>
<pin id="185" dir="0" index="2" bw="48" slack="0"/>
<pin id="186" dir="1" index="3" bw="0" slack="2147483647"/>
</pin_list>
<bind>
<opcode="write(1151) " fcode="write"/>
<opset="write_ln849/3 "/>
</bind>
</comp>

<comp id="189" class="1004" name="write_ln0_write_fu_189">
<pin_list>
<pin id="190" dir="0" index="0" bw="0" slack="0"/>
<pin id="191" dir="0" index="1" bw="1" slack="0"/>
<pin id="192" dir="0" index="2" bw="1" slack="1"/>
<pin id="193" dir="1" index="3" bw="0" slack="2147483647"/>
</pin_list>
<bind>
<opcode="write(1151) " fcode="write"/>
<opset="write_ln0/2 "/>
</bind>
</comp>

<comp id="196" class="1004" name="write_ln0_write_fu_196">
<pin_list>
<pin id="197" dir="0" index="0" bw="0" slack="0"/>
<pin id="198" dir="0" index="1" bw="48" slack="0"/>
<pin id="199" dir="0" index="2" bw="48" slack="0"/>
<pin id="200" dir="1" index="3" bw="0" slack="2147483647"/>
</pin_list>
<bind>
<opcode="write(1151) " fcode="write"/>
<opset="write_ln0/2 "/>
</bind>
</comp>

<comp id="203" class="1005" name="eol_reg_203">
<pin_list>
<pin id="204" dir="0" index="0" bw="1" slack="1"/>
<pin id="205" dir="1" index="1" bw="1" slack="1"/>
</pin_list>
<bind>
<opset="eol (phireg) "/>
</bind>
</comp>

<comp id="207" class="1004" name="eol_phi_fu_207">
<pin_list>
<pin id="208" dir="0" index="0" bw="1" slack="1"/>
<pin id="209" dir="0" index="1" bw="0" slack="2147483647"/>
<pin id="210" dir="0" index="2" bw="1" slack="0"/>
<pin id="211" dir="0" index="3" bw="0" slack="2147483647"/>
<pin id="212" dir="1" index="4" bw="1" slack="0"/>
</pin_list>
<bind>
<opcode="phi(47) " fcode="phi"/>
<opset="eol/1 "/>
</bind>
</comp>

<comp id="215" class="1005" name="sof_reg_215">
<pin_list>
<pin id="216" dir="0" index="0" bw="1" slack="2147483647"/>
<pin id="217" dir="1" index="1" bw="1" slack="2147483647"/>
</pin_list>
<bind>
<opset="sof (phireg) "/>
</bind>
</comp>

<comp id="218" class="1004" name="sof_phi_fu_218">
<pin_list>
<pin id="219" dir="0" index="0" bw="1" slack="0"/>
<pin id="220" dir="0" index="1" bw="0" slack="2147483647"/>
<pin id="221" dir="0" index="2" bw="1" slack="0"/>
<pin id="222" dir="0" index="3" bw="0" slack="2147483647"/>
<pin id="223" dir="1" index="4" bw="1" slack="0"/>
</pin_list>
<bind>
<opcode="phi(47) " fcode="phi"/>
<opset="sof/1 "/>
</bind>
</comp>

<comp id="226" class="1004" name="store_ln0_store_fu_226">
<pin_list>
<pin id="227" dir="0" index="0" bw="1" slack="0"/>
<pin id="228" dir="0" index="1" bw="1" slack="0"/>
<pin id="229" dir="1" index="2" bw="0" slack="2147483647"/>
</pin_list>
<bind>
<opcode="store(28) " fcode="store"/>
<opset="store_ln0/1 "/>
</bind>
</comp>

<comp id="231" class="1004" name="store_ln0_store_fu_231">
<pin_list>
<pin id="232" dir="0" index="0" bw="48" slack="0"/>
<pin id="233" dir="0" index="1" bw="48" slack="0"/>
<pin id="234" dir="1" index="2" bw="0" slack="2147483647"/>
</pin_list>
<bind>
<opcode="store(28) " fcode="store"/>
<opset="store_ln0/1 "/>
</bind>
</comp>

<comp id="236" class="1004" name="store_ln0_store_fu_236">
<pin_list>
<pin id="237" dir="0" index="0" bw="1" slack="0"/>
<pin id="238" dir="0" index="1" bw="12" slack="0"/>
<pin id="239" dir="1" index="2" bw="0" slack="2147483647"/>
</pin_list>
<bind>
<opcode="store(28) " fcode="store"/>
<opset="store_ln0/1 "/>
</bind>
</comp>

<comp id="241" class="1004" name="j_3_load_fu_241">
<pin_list>
<pin id="242" dir="0" index="0" bw="12" slack="0"/>
<pin id="243" dir="1" index="1" bw="12" slack="0"/>
</pin_list>
<bind>
<opcode="load(27) " fcode="load"/>
<opset="j_3/1 "/>
</bind>
</comp>

<comp id="244" class="1004" name="icmp_ln805_fu_244">
<pin_list>
<pin id="245" dir="0" index="0" bw="12" slack="0"/>
<pin id="246" dir="0" index="1" bw="12" slack="0"/>
<pin id="247" dir="1" index="2" bw="1" slack="1"/>
</pin_list>
<bind>
<opcode="icmp(45) " fcode="icmp"/>
<opset="icmp_ln805/1 "/>
</bind>
</comp>

<comp id="250" class="1004" name="j_4_fu_250">
<pin_list>
<pin id="251" dir="0" index="0" bw="12" slack="0"/>
<pin id="252" dir="0" index="1" bw="1" slack="0"/>
<pin id="253" dir="1" index="2" bw="12" slack="0"/>
</pin_list>
<bind>
<opcode="add(8) " fcode="add"/>
<opset="j_4/1 "/>
</bind>
</comp>

<comp id="256" class="1004" name="or_ln809_fu_256">
<pin_list>
<pin id="257" dir="0" index="0" bw="1" slack="0"/>
<pin id="258" dir="0" index="1" bw="1" slack="0"/>
<pin id="259" dir="1" index="2" bw="1" slack="2147483647"/>
</pin_list>
<bind>
<opcode="or(24) " fcode="or"/>
<opset="or_ln809/1 "/>
</bind>
</comp>

<comp id="262" class="1004" name="axi_data_4_fu_262">
<pin_list>
<pin id="263" dir="0" index="0" bw="64" slack="0"/>
<pin id="264" dir="1" index="1" bw="48" slack="0"/>
</pin_list>
<bind>
<opcode="extractvalue(56) " fcode="extractvalue"/>
<opset="axi_data_4/1 "/>
</bind>
</comp>

<comp id="266" class="1004" name="axi_last_5_fu_266">
<pin_list>
<pin id="267" dir="0" index="0" bw="64" slack="0"/>
<pin id="268" dir="1" index="1" bw="1" slack="0"/>
</pin_list>
<bind>
<opcode="extractvalue(56) " fcode="extractvalue"/>
<opset="axi_last_5/1 "/>
</bind>
</comp>

<comp id="270" class="1004" name="store_ln816_store_fu_270">
<pin_list>
<pin id="271" dir="0" index="0" bw="1" slack="0"/>
<pin id="272" dir="0" index="1" bw="1" slack="0"/>
<pin id="273" dir="1" index="2" bw="0" slack="2147483647"/>
</pin_list>
<bind>
<opcode="store(28) " fcode="store"/>
<opset="store_ln816/1 "/>
</bind>
</comp>

<comp id="275" class="1004" name="store_ln816_store_fu_275">
<pin_list>
<pin id="276" dir="0" index="0" bw="48" slack="0"/>
<pin id="277" dir="0" index="1" bw="48" slack="0"/>
<pin id="278" dir="1" index="2" bw="0" slack="2147483647"/>
</pin_list>
<bind>
<opcode="store(28) " fcode="store"/>
<opset="store_ln816/1 "/>
</bind>
</comp>

<comp id="280" class="1004" name="store_ln805_store_fu_280">
<pin_list>
<pin id="281" dir="0" index="0" bw="12" slack="0"/>
<pin id="282" dir="0" index="1" bw="12" slack="0"/>
<pin id="283" dir="1" index="2" bw="0" slack="2147483647"/>
</pin_list>
<bind>
<opcode="store(28) " fcode="store"/>
<opset="store_ln805/1 "/>
</bind>
</comp>

<comp id="285" class="1004" name="axi_data_7_load_fu_285">
<pin_list>
<pin id="286" dir="0" index="0" bw="48" slack="1"/>
<pin id="287" dir="1" index="1" bw="48" slack="0"/>
</pin_list>
<bind>
<opcode="load(27) " fcode="load"/>
<opset="axi_data_7/2 "/>
</bind>
</comp>

<comp id="288" class="1004" name="axi_last_4_load_fu_288">
<pin_list>
<pin id="289" dir="0" index="0" bw="1" slack="1"/>
<pin id="290" dir="1" index="1" bw="1" slack="1"/>
</pin_list>
<bind>
<opcode="load(27) " fcode="load"/>
<opset="axi_last_4/2 "/>
</bind>
</comp>

<comp id="291" class="1004" name="tmp_17_fu_291">
<pin_list>
<pin id="292" dir="0" index="0" bw="8" slack="0"/>
<pin id="293" dir="0" index="1" bw="48" slack="0"/>
<pin id="294" dir="0" index="2" bw="6" slack="0"/>
<pin id="295" dir="0" index="3" bw="6" slack="0"/>
<pin id="296" dir="1" index="4" bw="8" slack="0"/>
</pin_list>
<bind>
<opcode="partselect(1002) " fcode="partselect"/>
<opset="tmp_17/2 "/>
</bind>
</comp>

<comp id="301" class="1004" name="trunc_ln49_fu_301">
<pin_list>
<pin id="302" dir="0" index="0" bw="48" slack="0"/>
<pin id="303" dir="1" index="1" bw="8" slack="0"/>
</pin_list>
<bind>
<opcode="trunc(33) " fcode="trunc"/>
<opset="trunc_ln49/2 "/>
</bind>
</comp>

<comp id="305" class="1004" name="select_ln835_fu_305">
<pin_list>
<pin id="306" dir="0" index="0" bw="1" slack="1"/>
<pin id="307" dir="0" index="1" bw="8" slack="0"/>
<pin id="308" dir="0" index="2" bw="8" slack="0"/>
<pin id="309" dir="1" index="3" bw="8" slack="1"/>
</pin_list>
<bind>
<opcode="select(49) " fcode="select"/>
<opset="select_ln835/2 "/>
</bind>
</comp>

<comp id="312" class="1004" name="tmp_18_fu_312">
<pin_list>
<pin id="313" dir="0" index="0" bw="8" slack="0"/>
<pin id="314" dir="0" index="1" bw="48" slack="0"/>
<pin id="315" dir="0" index="2" bw="5" slack="0"/>
<pin id="316" dir="0" index="3" bw="5" slack="0"/>
<pin id="317" dir="1" index="4" bw="8" slack="0"/>
</pin_list>
<bind>
<opcode="partselect(1002) " fcode="partselect"/>
<opset="tmp_18/2 "/>
</bind>
</comp>

<comp id="322" class="1004" name="select_ln835_1_fu_322">
<pin_list>
<pin id="323" dir="0" index="0" bw="1" slack="1"/>
<pin id="324" dir="0" index="1" bw="8" slack="0"/>
<pin id="325" dir="0" index="2" bw="8" slack="0"/>
<pin id="326" dir="1" index="3" bw="8" slack="1"/>
</pin_list>
<bind>
<opcode="select(49) " fcode="select"/>
<opset="select_ln835_1/2 "/>
</bind>
</comp>

<comp id="329" class="1004" name="select_ln835_2_fu_329">
<pin_list>
<pin id="330" dir="0" index="0" bw="1" slack="1"/>
<pin id="331" dir="0" index="1" bw="8" slack="0"/>
<pin id="332" dir="0" index="2" bw="8" slack="0"/>
<pin id="333" dir="1" index="3" bw="8" slack="1"/>
</pin_list>
<bind>
<opcode="select(49) " fcode="select"/>
<opset="select_ln835_2/2 "/>
</bind>
</comp>

<comp id="336" class="1004" name="tmp_19_fu_336">
<pin_list>
<pin id="337" dir="0" index="0" bw="8" slack="0"/>
<pin id="338" dir="0" index="1" bw="48" slack="0"/>
<pin id="339" dir="0" index="2" bw="7" slack="0"/>
<pin id="340" dir="0" index="3" bw="7" slack="0"/>
<pin id="341" dir="1" index="4" bw="8" slack="0"/>
</pin_list>
<bind>
<opcode="partselect(1002) " fcode="partselect"/>
<opset="tmp_19/2 "/>
</bind>
</comp>

<comp id="346" class="1004" name="tmp_20_fu_346">
<pin_list>
<pin id="347" dir="0" index="0" bw="8" slack="0"/>
<pin id="348" dir="0" index="1" bw="48" slack="0"/>
<pin id="349" dir="0" index="2" bw="6" slack="0"/>
<pin id="350" dir="0" index="3" bw="6" slack="0"/>
<pin id="351" dir="1" index="4" bw="8" slack="0"/>
</pin_list>
<bind>
<opcode="partselect(1002) " fcode="partselect"/>
<opset="tmp_20/2 "/>
</bind>
</comp>

<comp id="356" class="1004" name="tmp_s_fu_356">
<pin_list>
<pin id="357" dir="0" index="0" bw="8" slack="0"/>
<pin id="358" dir="0" index="1" bw="8" slack="0"/>
<pin id="359" dir="0" index="2" bw="8" slack="0"/>
<pin id="360" dir="0" index="3" bw="8" slack="0"/>
<pin id="361" dir="0" index="4" bw="8" slack="0"/>
<pin id="362" dir="0" index="5" bw="8" slack="0"/>
<pin id="363" dir="0" index="6" bw="8" slack="0"/>
<pin id="364" dir="0" index="7" bw="8" slack="0"/>
<pin id="365" dir="0" index="8" bw="8" slack="0"/>
<pin id="366" dir="0" index="9" bw="8" slack="0"/>
<pin id="367" dir="0" index="10" bw="8" slack="0"/>
<pin id="368" dir="0" index="11" bw="8" slack="0"/>
<pin id="369" dir="0" index="12" bw="8" slack="0"/>
<pin id="370" dir="0" index="13" bw="8" slack="0"/>
<pin id="371" dir="0" index="14" bw="8" slack="0"/>
<pin id="372" dir="0" index="15" bw="8" slack="0"/>
<pin id="373" dir="0" index="16" bw="8" slack="0"/>
<pin id="374" dir="0" index="17" bw="8" slack="0"/>
<pin id="375" dir="0" index="18" bw="8" slack="0"/>
<pin id="376" dir="0" index="19" bw="8" slack="0"/>
<pin id="377" dir="0" index="20" bw="8" slack="0"/>
<pin id="378" dir="0" index="21" bw="8" slack="0"/>
<pin id="379" dir="0" index="22" bw="8" slack="0"/>
<pin id="380" dir="0" index="23" bw="8" slack="0"/>
<pin id="381" dir="0" index="24" bw="8" slack="0"/>
<pin id="382" dir="0" index="25" bw="8" slack="0"/>
<pin id="383" dir="0" index="26" bw="8" slack="0"/>
<pin id="384" dir="0" index="27" bw="8" slack="0"/>
<pin id="385" dir="0" index="28" bw="8" slack="0"/>
<pin id="386" dir="0" index="29" bw="8" slack="0"/>
<pin id="387" dir="0" index="30" bw="8" slack="0"/>
<pin id="388" dir="0" index="31" bw="8" slack="0"/>
<pin id="389" dir="0" index="32" bw="8" slack="0"/>
<pin id="390" dir="0" index="33" bw="8" slack="0"/>
<pin id="391" dir="0" index="34" bw="8" slack="0"/>
<pin id="392" dir="0" index="35" bw="8" slack="0"/>
<pin id="393" dir="0" index="36" bw="8" slack="0"/>
<pin id="394" dir="0" index="37" bw="8" slack="0"/>
<pin id="395" dir="0" index="38" bw="8" slack="0"/>
<pin id="396" dir="0" index="39" bw="8" slack="0"/>
<pin id="397" dir="0" index="40" bw="8" slack="0"/>
<pin id="398" dir="0" index="41" bw="8" slack="0"/>
<pin id="399" dir="0" index="42" bw="8" slack="0"/>
<pin id="400" dir="0" index="43" bw="8" slack="0"/>
<pin id="401" dir="0" index="44" bw="8" slack="0"/>
<pin id="402" dir="0" index="45" bw="8" slack="0"/>
<pin id="403" dir="0" index="46" bw="8" slack="0"/>
<pin id="404" dir="0" index="47" bw="8" slack="0"/>
<pin id="405" dir="0" index="48" bw="8" slack="0"/>
<pin id="406" dir="0" index="49" bw="8" slack="0"/>
<pin id="407" dir="0" index="50" bw="8" slack="0"/>
<pin id="408" dir="0" index="51" bw="8" slack="0"/>
<pin id="409" dir="0" index="52" bw="8" slack="0"/>
<pin id="410" dir="0" index="53" bw="8" slack="0"/>
<pin id="411" dir="0" index="54" bw="8" slack="0"/>
<pin id="412" dir="0" index="55" bw="8" slack="0"/>
<pin id="413" dir="0" index="56" bw="8" slack="0"/>
<pin id="414" dir="0" index="57" bw="8" slack="0"/>
<pin id="415" dir="0" index="58" bw="8" slack="0"/>
<pin id="416" dir="0" index="59" bw="8" slack="0"/>
<pin id="417" dir="0" index="60" bw="8" slack="0"/>
<pin id="418" dir="0" index="61" bw="8" slack="0"/>
<pin id="419" dir="0" index="62" bw="8" slack="0"/>
<pin id="420" dir="0" index="63" bw="8" slack="0"/>
<pin id="421" dir="0" index="64" bw="8" slack="0"/>
<pin id="422" dir="0" index="65" bw="8" slack="0"/>
<pin id="423" dir="0" index="66" bw="8" slack="0"/>
<pin id="424" dir="0" index="67" bw="8" slack="0"/>
<pin id="425" dir="0" index="68" bw="8" slack="0"/>
<pin id="426" dir="0" index="69" bw="8" slack="0"/>
<pin id="427" dir="0" index="70" bw="8" slack="0"/>
<pin id="428" dir="0" index="71" bw="8" slack="0"/>
<pin id="429" dir="0" index="72" bw="8" slack="0"/>
<pin id="430" dir="0" index="73" bw="8" slack="0"/>
<pin id="431" dir="0" index="74" bw="8" slack="0"/>
<pin id="432" dir="0" index="75" bw="8" slack="0"/>
<pin id="433" dir="0" index="76" bw="8" slack="0"/>
<pin id="434" dir="0" index="77" bw="8" slack="0"/>
<pin id="435" dir="0" index="78" bw="8" slack="0"/>
<pin id="436" dir="0" index="79" bw="8" slack="0"/>
<pin id="437" dir="0" index="80" bw="8" slack="0"/>
<pin id="438" dir="0" index="81" bw="8" slack="0"/>
<pin id="439" dir="0" index="82" bw="8" slack="0"/>
<pin id="440" dir="0" index="83" bw="8" slack="0"/>
<pin id="441" dir="0" index="84" bw="8" slack="0"/>
<pin id="442" dir="0" index="85" bw="8" slack="0"/>
<pin id="443" dir="0" index="86" bw="8" slack="0"/>
<pin id="444" dir="0" index="87" bw="8" slack="0"/>
<pin id="445" dir="0" index="88" bw="8" slack="0"/>
<pin id="446" dir="0" index="89" bw="8" slack="0"/>
<pin id="447" dir="0" index="90" bw="8" slack="0"/>
<pin id="448" dir="0" index="91" bw="8" slack="0"/>
<pin id="449" dir="0" index="92" bw="8" slack="0"/>
<pin id="450" dir="0" index="93" bw="8" slack="0"/>
<pin id="451" dir="0" index="94" bw="8" slack="0"/>
<pin id="452" dir="0" index="95" bw="8" slack="0"/>
<pin id="453" dir="0" index="96" bw="8" slack="0"/>
<pin id="454" dir="0" index="97" bw="8" slack="0"/>
<pin id="455" dir="0" index="98" bw="8" slack="0"/>
<pin id="456" dir="0" index="99" bw="8" slack="0"/>
<pin id="457" dir="0" index="100" bw="8" slack="0"/>
<pin id="458" dir="0" index="101" bw="8" slack="0"/>
<pin id="459" dir="0" index="102" bw="8" slack="0"/>
<pin id="460" dir="0" index="103" bw="8" slack="0"/>
<pin id="461" dir="0" index="104" bw="8" slack="0"/>
<pin id="462" dir="0" index="105" bw="8" slack="0"/>
<pin id="463" dir="0" index="106" bw="8" slack="0"/>
<pin id="464" dir="0" index="107" bw="8" slack="0"/>
<pin id="465" dir="0" index="108" bw="8" slack="0"/>
<pin id="466" dir="0" index="109" bw="8" slack="0"/>
<pin id="467" dir="0" index="110" bw="8" slack="0"/>
<pin id="468" dir="0" index="111" bw="8" slack="0"/>
<pin id="469" dir="0" index="112" bw="8" slack="0"/>
<pin id="470" dir="0" index="113" bw="8" slack="0"/>
<pin id="471" dir="0" index="114" bw="8" slack="0"/>
<pin id="472" dir="0" index="115" bw="8" slack="0"/>
<pin id="473" dir="0" index="116" bw="8" slack="0"/>
<pin id="474" dir="0" index="117" bw="8" slack="0"/>
<pin id="475" dir="0" index="118" bw="8" slack="0"/>
<pin id="476" dir="0" index="119" bw="8" slack="0"/>
<pin id="477" dir="0" index="120" bw="8" slack="0"/>
<pin id="478" dir="0" index="121" bw="8" slack="0"/>
<pin id="479" dir="0" index="122" bw="8" slack="0"/>
<pin id="480" dir="0" index="123" bw="8" slack="0"/>
<pin id="481" dir="0" index="124" bw="8" slack="0"/>
<pin id="482" dir="0" index="125" bw="8" slack="0"/>
<pin id="483" dir="0" index="126" bw="8" slack="0"/>
<pin id="484" dir="0" index="127" bw="8" slack="0"/>
<pin id="485" dir="0" index="128" bw="8" slack="0"/>
<pin id="486" dir="0" index="129" bw="8" slack="0"/>
<pin id="487" dir="0" index="130" bw="8" slack="0"/>
<pin id="488" dir="0" index="131" bw="8" slack="0"/>
<pin id="489" dir="0" index="132" bw="8" slack="0"/>
<pin id="490" dir="0" index="133" bw="8" slack="0"/>
<pin id="491" dir="0" index="134" bw="8" slack="0"/>
<pin id="492" dir="0" index="135" bw="8" slack="0"/>
<pin id="493" dir="0" index="136" bw="8" slack="0"/>
<pin id="494" dir="0" index="137" bw="8" slack="0"/>
<pin id="495" dir="0" index="138" bw="8" slack="0"/>
<pin id="496" dir="0" index="139" bw="8" slack="0"/>
<pin id="497" dir="0" index="140" bw="8" slack="0"/>
<pin id="498" dir="0" index="141" bw="8" slack="0"/>
<pin id="499" dir="0" index="142" bw="8" slack="0"/>
<pin id="500" dir="0" index="143" bw="8" slack="0"/>
<pin id="501" dir="0" index="144" bw="8" slack="0"/>
<pin id="502" dir="0" index="145" bw="8" slack="0"/>
<pin id="503" dir="0" index="146" bw="8" slack="0"/>
<pin id="504" dir="0" index="147" bw="8" slack="0"/>
<pin id="505" dir="0" index="148" bw="8" slack="0"/>
<pin id="506" dir="0" index="149" bw="8" slack="0"/>
<pin id="507" dir="0" index="150" bw="8" slack="0"/>
<pin id="508" dir="0" index="151" bw="8" slack="0"/>
<pin id="509" dir="0" index="152" bw="8" slack="0"/>
<pin id="510" dir="0" index="153" bw="8" slack="0"/>
<pin id="511" dir="0" index="154" bw="8" slack="0"/>
<pin id="512" dir="0" index="155" bw="8" slack="0"/>
<pin id="513" dir="0" index="156" bw="8" slack="0"/>
<pin id="514" dir="0" index="157" bw="8" slack="0"/>
<pin id="515" dir="0" index="158" bw="8" slack="0"/>
<pin id="516" dir="0" index="159" bw="8" slack="0"/>
<pin id="517" dir="0" index="160" bw="8" slack="0"/>
<pin id="518" dir="0" index="161" bw="8" slack="0"/>
<pin id="519" dir="0" index="162" bw="8" slack="0"/>
<pin id="520" dir="0" index="163" bw="8" slack="0"/>
<pin id="521" dir="0" index="164" bw="8" slack="0"/>
<pin id="522" dir="0" index="165" bw="8" slack="0"/>
<pin id="523" dir="0" index="166" bw="8" slack="0"/>
<pin id="524" dir="0" index="167" bw="8" slack="0"/>
<pin id="525" dir="0" index="168" bw="8" slack="0"/>
<pin id="526" dir="0" index="169" bw="8" slack="0"/>
<pin id="527" dir="0" index="170" bw="8" slack="0"/>
<pin id="528" dir="0" index="171" bw="8" slack="0"/>
<pin id="529" dir="0" index="172" bw="8" slack="0"/>
<pin id="530" dir="0" index="173" bw="8" slack="0"/>
<pin id="531" dir="0" index="174" bw="8" slack="0"/>
<pin id="532" dir="0" index="175" bw="8" slack="0"/>
<pin id="533" dir="0" index="176" bw="8" slack="0"/>
<pin id="534" dir="0" index="177" bw="8" slack="0"/>
<pin id="535" dir="0" index="178" bw="8" slack="0"/>
<pin id="536" dir="0" index="179" bw="8" slack="0"/>
<pin id="537" dir="0" index="180" bw="8" slack="0"/>
<pin id="538" dir="0" index="181" bw="8" slack="0"/>
<pin id="539" dir="0" index="182" bw="8" slack="0"/>
<pin id="540" dir="0" index="183" bw="8" slack="0"/>
<pin id="541" dir="0" index="184" bw="8" slack="0"/>
<pin id="542" dir="0" index="185" bw="8" slack="0"/>
<pin id="543" dir="0" index="186" bw="8" slack="0"/>
<pin id="544" dir="0" index="187" bw="8" slack="0"/>
<pin id="545" dir="0" index="188" bw="8" slack="0"/>
<pin id="546" dir="0" index="189" bw="8" slack="0"/>
<pin id="547" dir="0" index="190" bw="8" slack="0"/>
<pin id="548" dir="0" index="191" bw="8" slack="0"/>
<pin id="549" dir="0" index="192" bw="8" slack="0"/>
<pin id="550" dir="0" index="193" bw="8" slack="0"/>
<pin id="551" dir="0" index="194" bw="8" slack="0"/>
<pin id="552" dir="0" index="195" bw="8" slack="0"/>
<pin id="553" dir="0" index="196" bw="8" slack="0"/>
<pin id="554" dir="0" index="197" bw="8" slack="0"/>
<pin id="555" dir="0" index="198" bw="8" slack="0"/>
<pin id="556" dir="0" index="199" bw="8" slack="0"/>
<pin id="557" dir="0" index="200" bw="8" slack="0"/>
<pin id="558" dir="0" index="201" bw="8" slack="0"/>
<pin id="559" dir="0" index="202" bw="8" slack="0"/>
<pin id="560" dir="0" index="203" bw="8" slack="0"/>
<pin id="561" dir="0" index="204" bw="8" slack="0"/>
<pin id="562" dir="0" index="205" bw="8" slack="0"/>
<pin id="563" dir="0" index="206" bw="8" slack="0"/>
<pin id="564" dir="0" index="207" bw="8" slack="0"/>
<pin id="565" dir="0" index="208" bw="8" slack="0"/>
<pin id="566" dir="0" index="209" bw="8" slack="0"/>
<pin id="567" dir="0" index="210" bw="8" slack="0"/>
<pin id="568" dir="0" index="211" bw="8" slack="0"/>
<pin id="569" dir="0" index="212" bw="8" slack="0"/>
<pin id="570" dir="0" index="213" bw="8" slack="0"/>
<pin id="571" dir="0" index="214" bw="8" slack="0"/>
<pin id="572" dir="0" index="215" bw="8" slack="0"/>
<pin id="573" dir="0" index="216" bw="8" slack="0"/>
<pin id="574" dir="0" index="217" bw="8" slack="0"/>
<pin id="575" dir="0" index="218" bw="8" slack="0"/>
<pin id="576" dir="0" index="219" bw="8" slack="0"/>
<pin id="577" dir="0" index="220" bw="8" slack="0"/>
<pin id="578" dir="0" index="221" bw="8" slack="0"/>
<pin id="579" dir="0" index="222" bw="8" slack="0"/>
<pin id="580" dir="0" index="223" bw="8" slack="0"/>
<pin id="581" dir="0" index="224" bw="8" slack="0"/>
<pin id="582" dir="0" index="225" bw="8" slack="0"/>
<pin id="583" dir="0" index="226" bw="8" slack="0"/>
<pin id="584" dir="0" index="227" bw="8" slack="0"/>
<pin id="585" dir="0" index="228" bw="8" slack="0"/>
<pin id="586" dir="0" index="229" bw="8" slack="0"/>
<pin id="587" dir="0" index="230" bw="8" slack="0"/>
<pin id="588" dir="0" index="231" bw="8" slack="0"/>
<pin id="589" dir="0" index="232" bw="8" slack="0"/>
<pin id="590" dir="0" index="233" bw="8" slack="0"/>
<pin id="591" dir="0" index="234" bw="8" slack="0"/>
<pin id="592" dir="0" index="235" bw="8" slack="0"/>
<pin id="593" dir="0" index="236" bw="8" slack="0"/>
<pin id="594" dir="0" index="237" bw="8" slack="0"/>
<pin id="595" dir="0" index="238" bw="8" slack="0"/>
<pin id="596" dir="0" index="239" bw="8" slack="0"/>
<pin id="597" dir="0" index="240" bw="8" slack="0"/>
<pin id="598" dir="0" index="241" bw="8" slack="0"/>
<pin id="599" dir="0" index="242" bw="8" slack="0"/>
<pin id="600" dir="0" index="243" bw="8" slack="0"/>
<pin id="601" dir="0" index="244" bw="8" slack="0"/>
<pin id="602" dir="0" index="245" bw="8" slack="0"/>
<pin id="603" dir="0" index="246" bw="8" slack="0"/>
<pin id="604" dir="0" index="247" bw="8" slack="0"/>
<pin id="605" dir="0" index="248" bw="8" slack="0"/>
<pin id="606" dir="0" index="249" bw="8" slack="0"/>
<pin id="607" dir="0" index="250" bw="8" slack="0"/>
<pin id="608" dir="0" index="251" bw="8" slack="0"/>
<pin id="609" dir="0" index="252" bw="8" slack="0"/>
<pin id="610" dir="0" index="253" bw="8" slack="0"/>
<pin id="611" dir="0" index="254" bw="8" slack="0"/>
<pin id="612" dir="0" index="255" bw="8" slack="0"/>
<pin id="613" dir="0" index="256" bw="8" slack="0"/>
<pin id="614" dir="0" index="257" bw="8" slack="1"/>
<pin id="615" dir="1" index="258" bw="8" slack="1"/>
</pin_list>
<bind>
<opcode="mux(1196) " fcode="mux"/>
<opset="tmp_s/2 "/>
</bind>
</comp>

<comp id="873" class="1004" name="tmp_21_fu_873">
<pin_list>
<pin id="874" dir="0" index="0" bw="8" slack="0"/>
<pin id="875" dir="0" index="1" bw="48" slack="0"/>
<pin id="876" dir="0" index="2" bw="7" slack="0"/>
<pin id="877" dir="0" index="3" bw="7" slack="0"/>
<pin id="878" dir="1" index="4" bw="8" slack="0"/>
</pin_list>
<bind>
<opcode="partselect(1002) " fcode="partselect"/>
<opset="tmp_21/2 "/>
</bind>
</comp>

<comp id="883" class="1004" name="icmp_ln835_fu_883">
<pin_list>
<pin id="884" dir="0" index="0" bw="8" slack="1"/>
<pin id="885" dir="0" index="1" bw="8" slack="0"/>
<pin id="886" dir="1" index="2" bw="1" slack="0"/>
</pin_list>
<bind>
<opcode="icmp(45) " fcode="icmp"/>
<opset="icmp_ln835/2 "/>
</bind>
</comp>

<comp id="888" class="1004" name="select_ln835_3_fu_888">
<pin_list>
<pin id="889" dir="0" index="0" bw="1" slack="0"/>
<pin id="890" dir="0" index="1" bw="8" slack="0"/>
<pin id="891" dir="0" index="2" bw="8" slack="0"/>
<pin id="892" dir="1" index="3" bw="8" slack="1"/>
</pin_list>
<bind>
<opcode="select(49) " fcode="select"/>
<opset="select_ln835_3/2 "/>
</bind>
</comp>

<comp id="896" class="1004" name="select_ln835_4_fu_896">
<pin_list>
<pin id="897" dir="0" index="0" bw="1" slack="0"/>
<pin id="898" dir="0" index="1" bw="8" slack="0"/>
<pin id="899" dir="0" index="2" bw="8" slack="0"/>
<pin id="900" dir="1" index="3" bw="8" slack="1"/>
</pin_list>
<bind>
<opcode="select(49) " fcode="select"/>
<opset="select_ln835_4/2 "/>
</bind>
</comp>

<comp id="904" class="1004" name="p_0_fu_904">
<pin_list>
<pin id="905" dir="0" index="0" bw="48" slack="0"/>
<pin id="906" dir="0" index="1" bw="8" slack="1"/>
<pin id="907" dir="0" index="2" bw="8" slack="1"/>
<pin id="908" dir="0" index="3" bw="8" slack="1"/>
<pin id="909" dir="0" index="4" bw="8" slack="1"/>
<pin id="910" dir="0" index="5" bw="8" slack="1"/>
<pin id="911" dir="0" index="6" bw="8" slack="1"/>
<pin id="912" dir="1" index="7" bw="48" slack="0"/>
</pin_list>
<bind>
<opcode="bitconcatenate(1004) " fcode="bitconcatenate"/>
<opset="p_0/3 "/>
</bind>
</comp>

<comp id="915" class="1004" name="axi_data_load_load_fu_915">
<pin_list>
<pin id="916" dir="0" index="0" bw="48" slack="1"/>
<pin id="917" dir="1" index="1" bw="48" slack="0"/>
</pin_list>
<bind>
<opcode="load(27) " fcode="load"/>
<opset="axi_data_load/2 "/>
</bind>
</comp>

<comp id="919" class="1005" name="j_reg_919">
<pin_list>
<pin id="920" dir="0" index="0" bw="12" slack="0"/>
<pin id="921" dir="1" index="1" bw="12" slack="0"/>
</pin_list>
<bind>
<opset="j "/>
</bind>
</comp>

<comp id="926" class="1005" name="axi_data_reg_926">
<pin_list>
<pin id="927" dir="0" index="0" bw="48" slack="0"/>
<pin id="928" dir="1" index="1" bw="48" slack="0"/>
</pin_list>
<bind>
<opset="axi_data "/>
</bind>
</comp>

<comp id="934" class="1005" name="axi_last_reg_934">
<pin_list>
<pin id="935" dir="0" index="0" bw="1" slack="0"/>
<pin id="936" dir="1" index="1" bw="1" slack="0"/>
</pin_list>
<bind>
<opset="axi_last "/>
</bind>
</comp>

<comp id="941" class="1005" name="colorFormat_load_read_reg_941">
<pin_list>
<pin id="942" dir="0" index="0" bw="8" slack="1"/>
<pin id="943" dir="1" index="1" bw="8" slack="1"/>
</pin_list>
<bind>
<opset="colorFormat_load_read "/>
</bind>
</comp>

<comp id="947" class="1005" name="cond_read_reg_947">
<pin_list>
<pin id="948" dir="0" index="0" bw="1" slack="1"/>
<pin id="949" dir="1" index="1" bw="1" slack="1"/>
</pin_list>
<bind>
<opset="cond_read "/>
</bind>
</comp>

<comp id="954" class="1005" name="icmp_ln805_reg_954">
<pin_list>
<pin id="955" dir="0" index="0" bw="1" slack="1"/>
<pin id="956" dir="1" index="1" bw="1" slack="2147483647"/>
</pin_list>
<bind>
<opset="icmp_ln805 "/>
</bind>
</comp>

<comp id="961" class="1005" name="axi_last_4_reg_961">
<pin_list>
<pin id="962" dir="0" index="0" bw="1" slack="1"/>
<pin id="963" dir="1" index="1" bw="1" slack="1"/>
</pin_list>
<bind>
<opset="axi_last_4 "/>
</bind>
</comp>

<comp id="966" class="1005" name="select_ln835_reg_966">
<pin_list>
<pin id="967" dir="0" index="0" bw="8" slack="1"/>
<pin id="968" dir="1" index="1" bw="8" slack="1"/>
</pin_list>
<bind>
<opset="select_ln835 "/>
</bind>
</comp>

<comp id="971" class="1005" name="select_ln835_1_reg_971">
<pin_list>
<pin id="972" dir="0" index="0" bw="8" slack="1"/>
<pin id="973" dir="1" index="1" bw="8" slack="1"/>
</pin_list>
<bind>
<opset="select_ln835_1 "/>
</bind>
</comp>

<comp id="976" class="1005" name="select_ln835_2_reg_976">
<pin_list>
<pin id="977" dir="0" index="0" bw="8" slack="1"/>
<pin id="978" dir="1" index="1" bw="8" slack="1"/>
</pin_list>
<bind>
<opset="select_ln835_2 "/>
</bind>
</comp>

<comp id="981" class="1005" name="tmp_s_reg_981">
<pin_list>
<pin id="982" dir="0" index="0" bw="8" slack="1"/>
<pin id="983" dir="1" index="1" bw="8" slack="1"/>
</pin_list>
<bind>
<opset="tmp_s "/>
</bind>
</comp>

<comp id="986" class="1005" name="select_ln835_3_reg_986">
<pin_list>
<pin id="987" dir="0" index="0" bw="8" slack="1"/>
<pin id="988" dir="1" index="1" bw="8" slack="1"/>
</pin_list>
<bind>
<opset="select_ln835_3 "/>
</bind>
</comp>

<comp id="991" class="1005" name="select_ln835_4_reg_991">
<pin_list>
<pin id="992" dir="0" index="0" bw="8" slack="1"/>
<pin id="993" dir="1" index="1" bw="8" slack="1"/>
</pin_list>
<bind>
<opset="select_ln835_4 "/>
</bind>
</comp>

</comp_list>

<net_list>
<net id="119"><net_src comp="32" pin="0"/><net_sink comp="116" pin=0"/></net>

<net id="123"><net_src comp="32" pin="0"/><net_sink comp="120" pin=0"/></net>

<net id="127"><net_src comp="32" pin="0"/><net_sink comp="124" pin=0"/></net>

<net id="132"><net_src comp="52" pin="0"/><net_sink comp="128" pin=0"/></net>

<net id="133"><net_src comp="10" pin="0"/><net_sink comp="128" pin=1"/></net>

<net id="138"><net_src comp="54" pin="0"/><net_sink comp="134" pin=0"/></net>

<net id="139"><net_src comp="8" pin="0"/><net_sink comp="134" pin=1"/></net>

<net id="144"><net_src comp="56" pin="0"/><net_sink comp="140" pin=0"/></net>

<net id="145"><net_src comp="6" pin="0"/><net_sink comp="140" pin=1"/></net>

<net id="150"><net_src comp="58" pin="0"/><net_sink comp="146" pin=0"/></net>

<net id="151"><net_src comp="4" pin="0"/><net_sink comp="146" pin=1"/></net>

<net id="156"><net_src comp="54" pin="0"/><net_sink comp="152" pin=0"/></net>

<net id="157"><net_src comp="2" pin="0"/><net_sink comp="152" pin=1"/></net>

<net id="162"><net_src comp="54" pin="0"/><net_sink comp="158" pin=0"/></net>

<net id="163"><net_src comp="0" pin="0"/><net_sink comp="158" pin=1"/></net>

<net id="174"><net_src comp="80" pin="0"/><net_sink comp="164" pin=0"/></net>

<net id="175"><net_src comp="14" pin="0"/><net_sink comp="164" pin=1"/></net>

<net id="176"><net_src comp="16" pin="0"/><net_sink comp="164" pin=2"/></net>

<net id="177"><net_src comp="18" pin="0"/><net_sink comp="164" pin=3"/></net>

<net id="178"><net_src comp="20" pin="0"/><net_sink comp="164" pin=4"/></net>

<net id="179"><net_src comp="22" pin="0"/><net_sink comp="164" pin=5"/></net>

<net id="180"><net_src comp="24" pin="0"/><net_sink comp="164" pin=6"/></net>

<net id="181"><net_src comp="26" pin="0"/><net_sink comp="164" pin=7"/></net>

<net id="187"><net_src comp="110" pin="0"/><net_sink comp="182" pin=0"/></net>

<net id="188"><net_src comp="12" pin="0"/><net_sink comp="182" pin=1"/></net>

<net id="194"><net_src comp="112" pin="0"/><net_sink comp="189" pin=0"/></net>

<net id="195"><net_src comp="28" pin="0"/><net_sink comp="189" pin=1"/></net>

<net id="201"><net_src comp="114" pin="0"/><net_sink comp="196" pin=0"/></net>

<net id="202"><net_src comp="30" pin="0"/><net_sink comp="196" pin=1"/></net>

<net id="206"><net_src comp="203" pin="1"/><net_sink comp="189" pin=2"/></net>

<net id="213"><net_src comp="62" pin="0"/><net_sink comp="207" pin=2"/></net>

<net id="214"><net_src comp="207" pin="4"/><net_sink comp="203" pin=0"/></net>

<net id="224"><net_src comp="62" pin="0"/><net_sink comp="218" pin=0"/></net>

<net id="225"><net_src comp="158" pin="2"/><net_sink comp="218" pin=2"/></net>

<net id="230"><net_src comp="152" pin="2"/><net_sink comp="226" pin=0"/></net>

<net id="235"><net_src comp="146" pin="2"/><net_sink comp="231" pin=0"/></net>

<net id="240"><net_src comp="60" pin="0"/><net_sink comp="236" pin=0"/></net>

<net id="248"><net_src comp="241" pin="1"/><net_sink comp="244" pin=0"/></net>

<net id="249"><net_src comp="140" pin="2"/><net_sink comp="244" pin=1"/></net>

<net id="254"><net_src comp="241" pin="1"/><net_sink comp="250" pin=0"/></net>

<net id="255"><net_src comp="72" pin="0"/><net_sink comp="250" pin=1"/></net>

<net id="260"><net_src comp="218" pin="4"/><net_sink comp="256" pin=0"/></net>

<net id="261"><net_src comp="207" pin="4"/><net_sink comp="256" pin=1"/></net>

<net id="265"><net_src comp="164" pin="8"/><net_sink comp="262" pin=0"/></net>

<net id="269"><net_src comp="164" pin="8"/><net_sink comp="266" pin=0"/></net>

<net id="274"><net_src comp="266" pin="1"/><net_sink comp="270" pin=0"/></net>

<net id="279"><net_src comp="262" pin="1"/><net_sink comp="275" pin=0"/></net>

<net id="284"><net_src comp="250" pin="2"/><net_sink comp="280" pin=0"/></net>

<net id="297"><net_src comp="82" pin="0"/><net_sink comp="291" pin=0"/></net>

<net id="298"><net_src comp="285" pin="1"/><net_sink comp="291" pin=1"/></net>

<net id="299"><net_src comp="84" pin="0"/><net_sink comp="291" pin=2"/></net>

<net id="300"><net_src comp="86" pin="0"/><net_sink comp="291" pin=3"/></net>

<net id="304"><net_src comp="285" pin="1"/><net_sink comp="301" pin=0"/></net>

<net id="310"><net_src comp="291" pin="4"/><net_sink comp="305" pin=1"/></net>

<net id="311"><net_src comp="301" pin="1"/><net_sink comp="305" pin=2"/></net>

<net id="318"><net_src comp="82" pin="0"/><net_sink comp="312" pin=0"/></net>

<net id="319"><net_src comp="285" pin="1"/><net_sink comp="312" pin=1"/></net>

<net id="320"><net_src comp="88" pin="0"/><net_sink comp="312" pin=2"/></net>

<net id="321"><net_src comp="90" pin="0"/><net_sink comp="312" pin=3"/></net>

<net id="327"><net_src comp="301" pin="1"/><net_sink comp="322" pin=1"/></net>

<net id="328"><net_src comp="312" pin="4"/><net_sink comp="322" pin=2"/></net>

<net id="334"><net_src comp="312" pin="4"/><net_sink comp="329" pin=1"/></net>

<net id="335"><net_src comp="291" pin="4"/><net_sink comp="329" pin=2"/></net>

<net id="342"><net_src comp="82" pin="0"/><net_sink comp="336" pin=0"/></net>

<net id="343"><net_src comp="285" pin="1"/><net_sink comp="336" pin=1"/></net>

<net id="344"><net_src comp="92" pin="0"/><net_sink comp="336" pin=2"/></net>

<net id="345"><net_src comp="94" pin="0"/><net_sink comp="336" pin=3"/></net>

<net id="352"><net_src comp="82" pin="0"/><net_sink comp="346" pin=0"/></net>

<net id="353"><net_src comp="285" pin="1"/><net_sink comp="346" pin=1"/></net>

<net id="354"><net_src comp="96" pin="0"/><net_sink comp="346" pin=2"/></net>

<net id="355"><net_src comp="98" pin="0"/><net_sink comp="346" pin=3"/></net>

<net id="616"><net_src comp="100" pin="0"/><net_sink comp="356" pin=0"/></net>

<net id="617"><net_src comp="336" pin="4"/><net_sink comp="356" pin=1"/></net>

<net id="618"><net_src comp="346" pin="4"/><net_sink comp="356" pin=2"/></net>

<net id="619"><net_src comp="291" pin="4"/><net_sink comp="356" pin=3"/></net>

<net id="620"><net_src comp="291" pin="4"/><net_sink comp="356" pin=4"/></net>

<net id="621"><net_src comp="291" pin="4"/><net_sink comp="356" pin=5"/></net>

<net id="622"><net_src comp="291" pin="4"/><net_sink comp="356" pin=6"/></net>

<net id="623"><net_src comp="291" pin="4"/><net_sink comp="356" pin=7"/></net>

<net id="624"><net_src comp="291" pin="4"/><net_sink comp="356" pin=8"/></net>

<net id="625"><net_src comp="291" pin="4"/><net_sink comp="356" pin=9"/></net>

<net id="626"><net_src comp="291" pin="4"/><net_sink comp="356" pin=10"/></net>

<net id="627"><net_src comp="291" pin="4"/><net_sink comp="356" pin=11"/></net>

<net id="628"><net_src comp="291" pin="4"/><net_sink comp="356" pin=12"/></net>

<net id="629"><net_src comp="291" pin="4"/><net_sink comp="356" pin=13"/></net>

<net id="630"><net_src comp="291" pin="4"/><net_sink comp="356" pin=14"/></net>

<net id="631"><net_src comp="291" pin="4"/><net_sink comp="356" pin=15"/></net>

<net id="632"><net_src comp="291" pin="4"/><net_sink comp="356" pin=16"/></net>

<net id="633"><net_src comp="291" pin="4"/><net_sink comp="356" pin=17"/></net>

<net id="634"><net_src comp="291" pin="4"/><net_sink comp="356" pin=18"/></net>

<net id="635"><net_src comp="291" pin="4"/><net_sink comp="356" pin=19"/></net>

<net id="636"><net_src comp="291" pin="4"/><net_sink comp="356" pin=20"/></net>

<net id="637"><net_src comp="291" pin="4"/><net_sink comp="356" pin=21"/></net>

<net id="638"><net_src comp="291" pin="4"/><net_sink comp="356" pin=22"/></net>

<net id="639"><net_src comp="291" pin="4"/><net_sink comp="356" pin=23"/></net>

<net id="640"><net_src comp="291" pin="4"/><net_sink comp="356" pin=24"/></net>

<net id="641"><net_src comp="291" pin="4"/><net_sink comp="356" pin=25"/></net>

<net id="642"><net_src comp="291" pin="4"/><net_sink comp="356" pin=26"/></net>

<net id="643"><net_src comp="291" pin="4"/><net_sink comp="356" pin=27"/></net>

<net id="644"><net_src comp="291" pin="4"/><net_sink comp="356" pin=28"/></net>

<net id="645"><net_src comp="291" pin="4"/><net_sink comp="356" pin=29"/></net>

<net id="646"><net_src comp="291" pin="4"/><net_sink comp="356" pin=30"/></net>

<net id="647"><net_src comp="291" pin="4"/><net_sink comp="356" pin=31"/></net>

<net id="648"><net_src comp="291" pin="4"/><net_sink comp="356" pin=32"/></net>

<net id="649"><net_src comp="291" pin="4"/><net_sink comp="356" pin=33"/></net>

<net id="650"><net_src comp="291" pin="4"/><net_sink comp="356" pin=34"/></net>

<net id="651"><net_src comp="291" pin="4"/><net_sink comp="356" pin=35"/></net>

<net id="652"><net_src comp="291" pin="4"/><net_sink comp="356" pin=36"/></net>

<net id="653"><net_src comp="291" pin="4"/><net_sink comp="356" pin=37"/></net>

<net id="654"><net_src comp="291" pin="4"/><net_sink comp="356" pin=38"/></net>

<net id="655"><net_src comp="291" pin="4"/><net_sink comp="356" pin=39"/></net>

<net id="656"><net_src comp="291" pin="4"/><net_sink comp="356" pin=40"/></net>

<net id="657"><net_src comp="291" pin="4"/><net_sink comp="356" pin=41"/></net>

<net id="658"><net_src comp="291" pin="4"/><net_sink comp="356" pin=42"/></net>

<net id="659"><net_src comp="291" pin="4"/><net_sink comp="356" pin=43"/></net>

<net id="660"><net_src comp="291" pin="4"/><net_sink comp="356" pin=44"/></net>

<net id="661"><net_src comp="291" pin="4"/><net_sink comp="356" pin=45"/></net>

<net id="662"><net_src comp="291" pin="4"/><net_sink comp="356" pin=46"/></net>

<net id="663"><net_src comp="291" pin="4"/><net_sink comp="356" pin=47"/></net>

<net id="664"><net_src comp="291" pin="4"/><net_sink comp="356" pin=48"/></net>

<net id="665"><net_src comp="291" pin="4"/><net_sink comp="356" pin=49"/></net>

<net id="666"><net_src comp="291" pin="4"/><net_sink comp="356" pin=50"/></net>

<net id="667"><net_src comp="291" pin="4"/><net_sink comp="356" pin=51"/></net>

<net id="668"><net_src comp="291" pin="4"/><net_sink comp="356" pin=52"/></net>

<net id="669"><net_src comp="291" pin="4"/><net_sink comp="356" pin=53"/></net>

<net id="670"><net_src comp="291" pin="4"/><net_sink comp="356" pin=54"/></net>

<net id="671"><net_src comp="291" pin="4"/><net_sink comp="356" pin=55"/></net>

<net id="672"><net_src comp="291" pin="4"/><net_sink comp="356" pin=56"/></net>

<net id="673"><net_src comp="291" pin="4"/><net_sink comp="356" pin=57"/></net>

<net id="674"><net_src comp="291" pin="4"/><net_sink comp="356" pin=58"/></net>

<net id="675"><net_src comp="291" pin="4"/><net_sink comp="356" pin=59"/></net>

<net id="676"><net_src comp="291" pin="4"/><net_sink comp="356" pin=60"/></net>

<net id="677"><net_src comp="291" pin="4"/><net_sink comp="356" pin=61"/></net>

<net id="678"><net_src comp="291" pin="4"/><net_sink comp="356" pin=62"/></net>

<net id="679"><net_src comp="291" pin="4"/><net_sink comp="356" pin=63"/></net>

<net id="680"><net_src comp="291" pin="4"/><net_sink comp="356" pin=64"/></net>

<net id="681"><net_src comp="291" pin="4"/><net_sink comp="356" pin=65"/></net>

<net id="682"><net_src comp="291" pin="4"/><net_sink comp="356" pin=66"/></net>

<net id="683"><net_src comp="291" pin="4"/><net_sink comp="356" pin=67"/></net>

<net id="684"><net_src comp="291" pin="4"/><net_sink comp="356" pin=68"/></net>

<net id="685"><net_src comp="291" pin="4"/><net_sink comp="356" pin=69"/></net>

<net id="686"><net_src comp="291" pin="4"/><net_sink comp="356" pin=70"/></net>

<net id="687"><net_src comp="291" pin="4"/><net_sink comp="356" pin=71"/></net>

<net id="688"><net_src comp="291" pin="4"/><net_sink comp="356" pin=72"/></net>

<net id="689"><net_src comp="291" pin="4"/><net_sink comp="356" pin=73"/></net>

<net id="690"><net_src comp="291" pin="4"/><net_sink comp="356" pin=74"/></net>

<net id="691"><net_src comp="291" pin="4"/><net_sink comp="356" pin=75"/></net>

<net id="692"><net_src comp="291" pin="4"/><net_sink comp="356" pin=76"/></net>

<net id="693"><net_src comp="291" pin="4"/><net_sink comp="356" pin=77"/></net>

<net id="694"><net_src comp="291" pin="4"/><net_sink comp="356" pin=78"/></net>

<net id="695"><net_src comp="291" pin="4"/><net_sink comp="356" pin=79"/></net>

<net id="696"><net_src comp="291" pin="4"/><net_sink comp="356" pin=80"/></net>

<net id="697"><net_src comp="291" pin="4"/><net_sink comp="356" pin=81"/></net>

<net id="698"><net_src comp="291" pin="4"/><net_sink comp="356" pin=82"/></net>

<net id="699"><net_src comp="291" pin="4"/><net_sink comp="356" pin=83"/></net>

<net id="700"><net_src comp="291" pin="4"/><net_sink comp="356" pin=84"/></net>

<net id="701"><net_src comp="291" pin="4"/><net_sink comp="356" pin=85"/></net>

<net id="702"><net_src comp="291" pin="4"/><net_sink comp="356" pin=86"/></net>

<net id="703"><net_src comp="291" pin="4"/><net_sink comp="356" pin=87"/></net>

<net id="704"><net_src comp="291" pin="4"/><net_sink comp="356" pin=88"/></net>

<net id="705"><net_src comp="291" pin="4"/><net_sink comp="356" pin=89"/></net>

<net id="706"><net_src comp="291" pin="4"/><net_sink comp="356" pin=90"/></net>

<net id="707"><net_src comp="291" pin="4"/><net_sink comp="356" pin=91"/></net>

<net id="708"><net_src comp="291" pin="4"/><net_sink comp="356" pin=92"/></net>

<net id="709"><net_src comp="291" pin="4"/><net_sink comp="356" pin=93"/></net>

<net id="710"><net_src comp="291" pin="4"/><net_sink comp="356" pin=94"/></net>

<net id="711"><net_src comp="291" pin="4"/><net_sink comp="356" pin=95"/></net>

<net id="712"><net_src comp="291" pin="4"/><net_sink comp="356" pin=96"/></net>

<net id="713"><net_src comp="291" pin="4"/><net_sink comp="356" pin=97"/></net>

<net id="714"><net_src comp="291" pin="4"/><net_sink comp="356" pin=98"/></net>

<net id="715"><net_src comp="291" pin="4"/><net_sink comp="356" pin=99"/></net>

<net id="716"><net_src comp="291" pin="4"/><net_sink comp="356" pin=100"/></net>

<net id="717"><net_src comp="291" pin="4"/><net_sink comp="356" pin=101"/></net>

<net id="718"><net_src comp="291" pin="4"/><net_sink comp="356" pin=102"/></net>

<net id="719"><net_src comp="291" pin="4"/><net_sink comp="356" pin=103"/></net>

<net id="720"><net_src comp="291" pin="4"/><net_sink comp="356" pin=104"/></net>

<net id="721"><net_src comp="291" pin="4"/><net_sink comp="356" pin=105"/></net>

<net id="722"><net_src comp="291" pin="4"/><net_sink comp="356" pin=106"/></net>

<net id="723"><net_src comp="291" pin="4"/><net_sink comp="356" pin=107"/></net>

<net id="724"><net_src comp="291" pin="4"/><net_sink comp="356" pin=108"/></net>

<net id="725"><net_src comp="291" pin="4"/><net_sink comp="356" pin=109"/></net>

<net id="726"><net_src comp="291" pin="4"/><net_sink comp="356" pin=110"/></net>

<net id="727"><net_src comp="291" pin="4"/><net_sink comp="356" pin=111"/></net>

<net id="728"><net_src comp="291" pin="4"/><net_sink comp="356" pin=112"/></net>

<net id="729"><net_src comp="291" pin="4"/><net_sink comp="356" pin=113"/></net>

<net id="730"><net_src comp="291" pin="4"/><net_sink comp="356" pin=114"/></net>

<net id="731"><net_src comp="291" pin="4"/><net_sink comp="356" pin=115"/></net>

<net id="732"><net_src comp="291" pin="4"/><net_sink comp="356" pin=116"/></net>

<net id="733"><net_src comp="291" pin="4"/><net_sink comp="356" pin=117"/></net>

<net id="734"><net_src comp="291" pin="4"/><net_sink comp="356" pin=118"/></net>

<net id="735"><net_src comp="291" pin="4"/><net_sink comp="356" pin=119"/></net>

<net id="736"><net_src comp="291" pin="4"/><net_sink comp="356" pin=120"/></net>

<net id="737"><net_src comp="291" pin="4"/><net_sink comp="356" pin=121"/></net>

<net id="738"><net_src comp="291" pin="4"/><net_sink comp="356" pin=122"/></net>

<net id="739"><net_src comp="291" pin="4"/><net_sink comp="356" pin=123"/></net>

<net id="740"><net_src comp="291" pin="4"/><net_sink comp="356" pin=124"/></net>

<net id="741"><net_src comp="291" pin="4"/><net_sink comp="356" pin=125"/></net>

<net id="742"><net_src comp="291" pin="4"/><net_sink comp="356" pin=126"/></net>

<net id="743"><net_src comp="291" pin="4"/><net_sink comp="356" pin=127"/></net>

<net id="744"><net_src comp="291" pin="4"/><net_sink comp="356" pin=128"/></net>

<net id="745"><net_src comp="291" pin="4"/><net_sink comp="356" pin=129"/></net>

<net id="746"><net_src comp="291" pin="4"/><net_sink comp="356" pin=130"/></net>

<net id="747"><net_src comp="291" pin="4"/><net_sink comp="356" pin=131"/></net>

<net id="748"><net_src comp="291" pin="4"/><net_sink comp="356" pin=132"/></net>

<net id="749"><net_src comp="291" pin="4"/><net_sink comp="356" pin=133"/></net>

<net id="750"><net_src comp="291" pin="4"/><net_sink comp="356" pin=134"/></net>

<net id="751"><net_src comp="291" pin="4"/><net_sink comp="356" pin=135"/></net>

<net id="752"><net_src comp="291" pin="4"/><net_sink comp="356" pin=136"/></net>

<net id="753"><net_src comp="291" pin="4"/><net_sink comp="356" pin=137"/></net>

<net id="754"><net_src comp="291" pin="4"/><net_sink comp="356" pin=138"/></net>

<net id="755"><net_src comp="291" pin="4"/><net_sink comp="356" pin=139"/></net>

<net id="756"><net_src comp="291" pin="4"/><net_sink comp="356" pin=140"/></net>

<net id="757"><net_src comp="291" pin="4"/><net_sink comp="356" pin=141"/></net>

<net id="758"><net_src comp="291" pin="4"/><net_sink comp="356" pin=142"/></net>

<net id="759"><net_src comp="291" pin="4"/><net_sink comp="356" pin=143"/></net>

<net id="760"><net_src comp="291" pin="4"/><net_sink comp="356" pin=144"/></net>

<net id="761"><net_src comp="291" pin="4"/><net_sink comp="356" pin=145"/></net>

<net id="762"><net_src comp="291" pin="4"/><net_sink comp="356" pin=146"/></net>

<net id="763"><net_src comp="291" pin="4"/><net_sink comp="356" pin=147"/></net>

<net id="764"><net_src comp="291" pin="4"/><net_sink comp="356" pin=148"/></net>

<net id="765"><net_src comp="291" pin="4"/><net_sink comp="356" pin=149"/></net>

<net id="766"><net_src comp="291" pin="4"/><net_sink comp="356" pin=150"/></net>

<net id="767"><net_src comp="291" pin="4"/><net_sink comp="356" pin=151"/></net>

<net id="768"><net_src comp="291" pin="4"/><net_sink comp="356" pin=152"/></net>

<net id="769"><net_src comp="291" pin="4"/><net_sink comp="356" pin=153"/></net>

<net id="770"><net_src comp="291" pin="4"/><net_sink comp="356" pin=154"/></net>

<net id="771"><net_src comp="291" pin="4"/><net_sink comp="356" pin=155"/></net>

<net id="772"><net_src comp="291" pin="4"/><net_sink comp="356" pin=156"/></net>

<net id="773"><net_src comp="291" pin="4"/><net_sink comp="356" pin=157"/></net>

<net id="774"><net_src comp="291" pin="4"/><net_sink comp="356" pin=158"/></net>

<net id="775"><net_src comp="291" pin="4"/><net_sink comp="356" pin=159"/></net>

<net id="776"><net_src comp="291" pin="4"/><net_sink comp="356" pin=160"/></net>

<net id="777"><net_src comp="291" pin="4"/><net_sink comp="356" pin=161"/></net>

<net id="778"><net_src comp="291" pin="4"/><net_sink comp="356" pin=162"/></net>

<net id="779"><net_src comp="291" pin="4"/><net_sink comp="356" pin=163"/></net>

<net id="780"><net_src comp="291" pin="4"/><net_sink comp="356" pin=164"/></net>

<net id="781"><net_src comp="291" pin="4"/><net_sink comp="356" pin=165"/></net>

<net id="782"><net_src comp="291" pin="4"/><net_sink comp="356" pin=166"/></net>

<net id="783"><net_src comp="291" pin="4"/><net_sink comp="356" pin=167"/></net>

<net id="784"><net_src comp="291" pin="4"/><net_sink comp="356" pin=168"/></net>

<net id="785"><net_src comp="291" pin="4"/><net_sink comp="356" pin=169"/></net>

<net id="786"><net_src comp="291" pin="4"/><net_sink comp="356" pin=170"/></net>

<net id="787"><net_src comp="291" pin="4"/><net_sink comp="356" pin=171"/></net>

<net id="788"><net_src comp="291" pin="4"/><net_sink comp="356" pin=172"/></net>

<net id="789"><net_src comp="291" pin="4"/><net_sink comp="356" pin=173"/></net>

<net id="790"><net_src comp="291" pin="4"/><net_sink comp="356" pin=174"/></net>

<net id="791"><net_src comp="291" pin="4"/><net_sink comp="356" pin=175"/></net>

<net id="792"><net_src comp="291" pin="4"/><net_sink comp="356" pin=176"/></net>

<net id="793"><net_src comp="291" pin="4"/><net_sink comp="356" pin=177"/></net>

<net id="794"><net_src comp="291" pin="4"/><net_sink comp="356" pin=178"/></net>

<net id="795"><net_src comp="291" pin="4"/><net_sink comp="356" pin=179"/></net>

<net id="796"><net_src comp="291" pin="4"/><net_sink comp="356" pin=180"/></net>

<net id="797"><net_src comp="291" pin="4"/><net_sink comp="356" pin=181"/></net>

<net id="798"><net_src comp="291" pin="4"/><net_sink comp="356" pin=182"/></net>

<net id="799"><net_src comp="291" pin="4"/><net_sink comp="356" pin=183"/></net>

<net id="800"><net_src comp="291" pin="4"/><net_sink comp="356" pin=184"/></net>

<net id="801"><net_src comp="291" pin="4"/><net_sink comp="356" pin=185"/></net>

<net id="802"><net_src comp="291" pin="4"/><net_sink comp="356" pin=186"/></net>

<net id="803"><net_src comp="291" pin="4"/><net_sink comp="356" pin=187"/></net>

<net id="804"><net_src comp="291" pin="4"/><net_sink comp="356" pin=188"/></net>

<net id="805"><net_src comp="291" pin="4"/><net_sink comp="356" pin=189"/></net>

<net id="806"><net_src comp="291" pin="4"/><net_sink comp="356" pin=190"/></net>

<net id="807"><net_src comp="291" pin="4"/><net_sink comp="356" pin=191"/></net>

<net id="808"><net_src comp="291" pin="4"/><net_sink comp="356" pin=192"/></net>

<net id="809"><net_src comp="291" pin="4"/><net_sink comp="356" pin=193"/></net>

<net id="810"><net_src comp="291" pin="4"/><net_sink comp="356" pin=194"/></net>

<net id="811"><net_src comp="291" pin="4"/><net_sink comp="356" pin=195"/></net>

<net id="812"><net_src comp="291" pin="4"/><net_sink comp="356" pin=196"/></net>

<net id="813"><net_src comp="291" pin="4"/><net_sink comp="356" pin=197"/></net>

<net id="814"><net_src comp="291" pin="4"/><net_sink comp="356" pin=198"/></net>

<net id="815"><net_src comp="291" pin="4"/><net_sink comp="356" pin=199"/></net>

<net id="816"><net_src comp="291" pin="4"/><net_sink comp="356" pin=200"/></net>

<net id="817"><net_src comp="291" pin="4"/><net_sink comp="356" pin=201"/></net>

<net id="818"><net_src comp="291" pin="4"/><net_sink comp="356" pin=202"/></net>

<net id="819"><net_src comp="291" pin="4"/><net_sink comp="356" pin=203"/></net>

<net id="820"><net_src comp="291" pin="4"/><net_sink comp="356" pin=204"/></net>

<net id="821"><net_src comp="291" pin="4"/><net_sink comp="356" pin=205"/></net>

<net id="822"><net_src comp="291" pin="4"/><net_sink comp="356" pin=206"/></net>

<net id="823"><net_src comp="291" pin="4"/><net_sink comp="356" pin=207"/></net>

<net id="824"><net_src comp="291" pin="4"/><net_sink comp="356" pin=208"/></net>

<net id="825"><net_src comp="291" pin="4"/><net_sink comp="356" pin=209"/></net>

<net id="826"><net_src comp="291" pin="4"/><net_sink comp="356" pin=210"/></net>

<net id="827"><net_src comp="291" pin="4"/><net_sink comp="356" pin=211"/></net>

<net id="828"><net_src comp="291" pin="4"/><net_sink comp="356" pin=212"/></net>

<net id="829"><net_src comp="291" pin="4"/><net_sink comp="356" pin=213"/></net>

<net id="830"><net_src comp="291" pin="4"/><net_sink comp="356" pin=214"/></net>

<net id="831"><net_src comp="291" pin="4"/><net_sink comp="356" pin=215"/></net>

<net id="832"><net_src comp="291" pin="4"/><net_sink comp="356" pin=216"/></net>

<net id="833"><net_src comp="291" pin="4"/><net_sink comp="356" pin=217"/></net>

<net id="834"><net_src comp="291" pin="4"/><net_sink comp="356" pin=218"/></net>

<net id="835"><net_src comp="291" pin="4"/><net_sink comp="356" pin=219"/></net>

<net id="836"><net_src comp="291" pin="4"/><net_sink comp="356" pin=220"/></net>

<net id="837"><net_src comp="291" pin="4"/><net_sink comp="356" pin=221"/></net>

<net id="838"><net_src comp="291" pin="4"/><net_sink comp="356" pin=222"/></net>

<net id="839"><net_src comp="291" pin="4"/><net_sink comp="356" pin=223"/></net>

<net id="840"><net_src comp="291" pin="4"/><net_sink comp="356" pin=224"/></net>

<net id="841"><net_src comp="291" pin="4"/><net_sink comp="356" pin=225"/></net>

<net id="842"><net_src comp="291" pin="4"/><net_sink comp="356" pin=226"/></net>

<net id="843"><net_src comp="291" pin="4"/><net_sink comp="356" pin=227"/></net>

<net id="844"><net_src comp="291" pin="4"/><net_sink comp="356" pin=228"/></net>

<net id="845"><net_src comp="291" pin="4"/><net_sink comp="356" pin=229"/></net>

<net id="846"><net_src comp="291" pin="4"/><net_sink comp="356" pin=230"/></net>

<net id="847"><net_src comp="291" pin="4"/><net_sink comp="356" pin=231"/></net>

<net id="848"><net_src comp="291" pin="4"/><net_sink comp="356" pin=232"/></net>

<net id="849"><net_src comp="291" pin="4"/><net_sink comp="356" pin=233"/></net>

<net id="850"><net_src comp="291" pin="4"/><net_sink comp="356" pin=234"/></net>

<net id="851"><net_src comp="291" pin="4"/><net_sink comp="356" pin=235"/></net>

<net id="852"><net_src comp="291" pin="4"/><net_sink comp="356" pin=236"/></net>

<net id="853"><net_src comp="291" pin="4"/><net_sink comp="356" pin=237"/></net>

<net id="854"><net_src comp="291" pin="4"/><net_sink comp="356" pin=238"/></net>

<net id="855"><net_src comp="291" pin="4"/><net_sink comp="356" pin=239"/></net>

<net id="856"><net_src comp="291" pin="4"/><net_sink comp="356" pin=240"/></net>

<net id="857"><net_src comp="291" pin="4"/><net_sink comp="356" pin=241"/></net>

<net id="858"><net_src comp="291" pin="4"/><net_sink comp="356" pin=242"/></net>

<net id="859"><net_src comp="291" pin="4"/><net_sink comp="356" pin=243"/></net>

<net id="860"><net_src comp="291" pin="4"/><net_sink comp="356" pin=244"/></net>

<net id="861"><net_src comp="291" pin="4"/><net_sink comp="356" pin=245"/></net>

<net id="862"><net_src comp="291" pin="4"/><net_sink comp="356" pin=246"/></net>

<net id="863"><net_src comp="291" pin="4"/><net_sink comp="356" pin=247"/></net>

<net id="864"><net_src comp="291" pin="4"/><net_sink comp="356" pin=248"/></net>

<net id="865"><net_src comp="291" pin="4"/><net_sink comp="356" pin=249"/></net>

<net id="866"><net_src comp="291" pin="4"/><net_sink comp="356" pin=250"/></net>

<net id="867"><net_src comp="291" pin="4"/><net_sink comp="356" pin=251"/></net>

<net id="868"><net_src comp="291" pin="4"/><net_sink comp="356" pin=252"/></net>

<net id="869"><net_src comp="291" pin="4"/><net_sink comp="356" pin=253"/></net>

<net id="870"><net_src comp="291" pin="4"/><net_sink comp="356" pin=254"/></net>

<net id="871"><net_src comp="291" pin="4"/><net_sink comp="356" pin=255"/></net>

<net id="872"><net_src comp="291" pin="4"/><net_sink comp="356" pin=256"/></net>

<net id="879"><net_src comp="82" pin="0"/><net_sink comp="873" pin=0"/></net>

<net id="880"><net_src comp="285" pin="1"/><net_sink comp="873" pin=1"/></net>

<net id="881"><net_src comp="102" pin="0"/><net_sink comp="873" pin=2"/></net>

<net id="882"><net_src comp="104" pin="0"/><net_sink comp="873" pin=3"/></net>

<net id="887"><net_src comp="106" pin="0"/><net_sink comp="883" pin=1"/></net>

<net id="893"><net_src comp="883" pin="2"/><net_sink comp="888" pin=0"/></net>

<net id="894"><net_src comp="873" pin="4"/><net_sink comp="888" pin=1"/></net>

<net id="895"><net_src comp="346" pin="4"/><net_sink comp="888" pin=2"/></net>

<net id="901"><net_src comp="883" pin="2"/><net_sink comp="896" pin=0"/></net>

<net id="902"><net_src comp="336" pin="4"/><net_sink comp="896" pin=1"/></net>

<net id="903"><net_src comp="873" pin="4"/><net_sink comp="896" pin=2"/></net>

<net id="913"><net_src comp="108" pin="0"/><net_sink comp="904" pin=0"/></net>

<net id="914"><net_src comp="904" pin="7"/><net_sink comp="182" pin=2"/></net>

<net id="918"><net_src comp="915" pin="1"/><net_sink comp="196" pin=2"/></net>

<net id="922"><net_src comp="116" pin="1"/><net_sink comp="919" pin=0"/></net>

<net id="923"><net_src comp="919" pin="1"/><net_sink comp="236" pin=1"/></net>

<net id="924"><net_src comp="919" pin="1"/><net_sink comp="241" pin=0"/></net>

<net id="925"><net_src comp="919" pin="1"/><net_sink comp="280" pin=1"/></net>

<net id="929"><net_src comp="120" pin="1"/><net_sink comp="926" pin=0"/></net>

<net id="930"><net_src comp="926" pin="1"/><net_sink comp="231" pin=1"/></net>

<net id="931"><net_src comp="926" pin="1"/><net_sink comp="275" pin=1"/></net>

<net id="932"><net_src comp="926" pin="1"/><net_sink comp="285" pin=0"/></net>

<net id="933"><net_src comp="926" pin="1"/><net_sink comp="915" pin=0"/></net>

<net id="937"><net_src comp="124" pin="1"/><net_sink comp="934" pin=0"/></net>

<net id="938"><net_src comp="934" pin="1"/><net_sink comp="226" pin=1"/></net>

<net id="939"><net_src comp="934" pin="1"/><net_sink comp="270" pin=1"/></net>

<net id="940"><net_src comp="934" pin="1"/><net_sink comp="288" pin=0"/></net>

<net id="944"><net_src comp="128" pin="2"/><net_sink comp="941" pin=0"/></net>

<net id="945"><net_src comp="941" pin="1"/><net_sink comp="356" pin=257"/></net>

<net id="946"><net_src comp="941" pin="1"/><net_sink comp="883" pin=0"/></net>

<net id="950"><net_src comp="134" pin="2"/><net_sink comp="947" pin=0"/></net>

<net id="951"><net_src comp="947" pin="1"/><net_sink comp="305" pin=0"/></net>

<net id="952"><net_src comp="947" pin="1"/><net_sink comp="322" pin=0"/></net>

<net id="953"><net_src comp="947" pin="1"/><net_sink comp="329" pin=0"/></net>

<net id="957"><net_src comp="244" pin="2"/><net_sink comp="954" pin=0"/></net>

<net id="964"><net_src comp="288" pin="1"/><net_sink comp="961" pin=0"/></net>

<net id="965"><net_src comp="961" pin="1"/><net_sink comp="207" pin=0"/></net>

<net id="969"><net_src comp="305" pin="3"/><net_sink comp="966" pin=0"/></net>

<net id="970"><net_src comp="966" pin="1"/><net_sink comp="904" pin=6"/></net>

<net id="974"><net_src comp="322" pin="3"/><net_sink comp="971" pin=0"/></net>

<net id="975"><net_src comp="971" pin="1"/><net_sink comp="904" pin=5"/></net>

<net id="979"><net_src comp="329" pin="3"/><net_sink comp="976" pin=0"/></net>

<net id="980"><net_src comp="976" pin="1"/><net_sink comp="904" pin=4"/></net>

<net id="984"><net_src comp="356" pin="258"/><net_sink comp="981" pin=0"/></net>

<net id="985"><net_src comp="981" pin="1"/><net_sink comp="904" pin=3"/></net>

<net id="989"><net_src comp="888" pin="3"/><net_sink comp="986" pin=0"/></net>

<net id="990"><net_src comp="986" pin="1"/><net_sink comp="904" pin=2"/></net>

<net id="994"><net_src comp="896" pin="3"/><net_sink comp="991" pin=0"/></net>

<net id="995"><net_src comp="991" pin="1"/><net_sink comp="904" pin=1"/></net>

</net_list>

</model> 
---------------- Datapath Model END ------------------

* FSMD analyzer results:
  - Output states:
	Port: srcYUV | {3 }
	Port: s_axis_video_V_data_V | {}
	Port: s_axis_video_V_keep_V | {}
	Port: s_axis_video_V_strb_V | {}
	Port: s_axis_video_V_user_V | {}
	Port: s_axis_video_V_last_V | {}
	Port: s_axis_video_V_id_V | {}
	Port: s_axis_video_V_dest_V | {}
	Port: eol_out | {2 }
	Port: axi_data_7_out | {2 }
 - Input state : 
	Port: AXIvideo2MultiPixStream_Pipeline_loop_width : sof_5 | {1 }
	Port: AXIvideo2MultiPixStream_Pipeline_loop_width : axi_last_2 | {1 }
	Port: AXIvideo2MultiPixStream_Pipeline_loop_width : axi_data_6 | {1 }
	Port: AXIvideo2MultiPixStream_Pipeline_loop_width : div_cast | {1 }
	Port: AXIvideo2MultiPixStream_Pipeline_loop_width : cond | {1 }
	Port: AXIvideo2MultiPixStream_Pipeline_loop_width : colorFormat_load | {1 }
	Port: AXIvideo2MultiPixStream_Pipeline_loop_width : srcYUV | {}
	Port: AXIvideo2MultiPixStream_Pipeline_loop_width : s_axis_video_V_data_V | {1 }
	Port: AXIvideo2MultiPixStream_Pipeline_loop_width : s_axis_video_V_keep_V | {1 }
	Port: AXIvideo2MultiPixStream_Pipeline_loop_width : s_axis_video_V_strb_V | {1 }
	Port: AXIvideo2MultiPixStream_Pipeline_loop_width : s_axis_video_V_user_V | {1 }
	Port: AXIvideo2MultiPixStream_Pipeline_loop_width : s_axis_video_V_last_V | {1 }
	Port: AXIvideo2MultiPixStream_Pipeline_loop_width : s_axis_video_V_id_V | {1 }
	Port: AXIvideo2MultiPixStream_Pipeline_loop_width : s_axis_video_V_dest_V | {1 }
  - Chain level:
	State 1
		store_ln0 : 1
		eol : 1
		sof : 1
		j_3 : 1
		icmp_ln805 : 2
		j_4 : 2
		br_ln805 : 3
		or_ln809 : 2
		br_ln809 : 2
		store_ln816 : 1
		store_ln816 : 1
		store_ln805 : 3
	State 2
		tmp_17 : 1
		trunc_ln49 : 1
		select_ln835 : 2
		tmp_18 : 1
		select_ln835_1 : 2
		select_ln835_2 : 2
		tmp_19 : 1
		tmp_20 : 1
		tmp_s : 2
		tmp_21 : 1
		select_ln835_3 : 2
		select_ln835_4 : 2
		write_ln0 : 1
	State 3
		write_ln849 : 1


============================================================
+ Verbose Summary: Datapath Resource usage 
============================================================

* Functional unit list:
|----------|-----------------------------------|---------|---------|
| Operation|          Functional Unit          |    FF   |   LUT   |
|----------|-----------------------------------|---------|---------|
|    mux   |            tmp_s_fu_356           |    0    |   1362  |
|----------|-----------------------------------|---------|---------|
|          |        select_ln835_fu_305        |    0    |    8    |
|          |       select_ln835_1_fu_322       |    0    |    8    |
|  select  |       select_ln835_2_fu_329       |    0    |    8    |
|          |       select_ln835_3_fu_888       |    0    |    8    |
|          |       select_ln835_4_fu_896       |    0    |    8    |
|----------|-----------------------------------|---------|---------|
|   icmp   |         icmp_ln805_fu_244         |    0    |    19   |
|          |         icmp_ln835_fu_883         |    0    |    15   |
|----------|-----------------------------------|---------|---------|
|    add   |             j_4_fu_250            |    0    |    19   |
|----------|-----------------------------------|---------|---------|
|    or    |          or_ln809_fu_256          |    0    |    2    |
|----------|-----------------------------------|---------|---------|
|          | colorFormat_load_read_read_fu_128 |    0    |    0    |
|          |       cond_read_read_fu_134       |    0    |    0    |
|          |     div_cast_read_read_fu_140     |    0    |    0    |
|   read   |    axi_data_6_read_read_fu_146    |    0    |    0    |
|          |    axi_last_2_read_read_fu_152    |    0    |    0    |
|          |       sof_5_read_read_fu_158      |    0    |    0    |
|          |         empty_read_fu_164         |    0    |    0    |
|----------|-----------------------------------|---------|---------|
|          |      write_ln849_write_fu_182     |    0    |    0    |
|   write  |       write_ln0_write_fu_189      |    0    |    0    |
|          |       write_ln0_write_fu_196      |    0    |    0    |
|----------|-----------------------------------|---------|---------|
|extractvalue|         axi_data_4_fu_262         |    0    |    0    |
|          |         axi_last_5_fu_266         |    0    |    0    |
|----------|-----------------------------------|---------|---------|
|          |           tmp_17_fu_291           |    0    |    0    |
|          |           tmp_18_fu_312           |    0    |    0    |
|partselect|           tmp_19_fu_336           |    0    |    0    |
|          |           tmp_20_fu_346           |    0    |    0    |
|          |           tmp_21_fu_873           |    0    |    0    |
|----------|-----------------------------------|---------|---------|
|   trunc  |         trunc_ln49_fu_301         |    0    |    0    |
|----------|-----------------------------------|---------|---------|
|bitconcatenate|             p_0_fu_904            |    0    |    0    |
|----------|-----------------------------------|---------|---------|
|   Total  |                                   |    0    |   1457  |
|----------|-----------------------------------|---------|---------|

Memories:
N/A

* Register list:
+-----------------------------+--------+
|                             |   FF   |
+-----------------------------+--------+
|       axi_data_reg_926      |   48   |
|      axi_last_4_reg_961     |    1   |
|       axi_last_reg_934      |    1   |
|colorFormat_load_read_reg_941|    8   |
|      cond_read_reg_947      |    1   |
|         eol_reg_203         |    1   |
|      icmp_ln805_reg_954     |    1   |
|          j_reg_919          |   12   |
|    select_ln835_1_reg_971   |    8   |
|    select_ln835_2_reg_976   |    8   |
|    select_ln835_3_reg_986   |    8   |
|    select_ln835_4_reg_991   |    8   |
|     select_ln835_reg_966    |    8   |
|         sof_reg_215         |    1   |
|        tmp_s_reg_981        |    8   |
+-----------------------------+--------+
|            Total            |   122  |
+-----------------------------+--------+

* Multiplexer (MUX) list: 
|--------|------|------|------|--------|
|  Comp  |  Pin | Size |  BW  | S x BW |
|--------|------|------|------|--------|
|  Total |      |      |      |    0   |
|--------|------|------|------|--------|



* Summary:
+-----------+--------+--------+
|           |   FF   |   LUT  |
+-----------+--------+--------+
|  Function |    0   |  1457  |
|   Memory  |    -   |    -   |
|Multiplexer|    -   |    -   |
|  Register |   122  |    -   |
+-----------+--------+--------+
|   Total   |   122  |  1457  |
+-----------+--------+--------+
