

================================================================
== Vitis HLS Report for 'tpgBackground_Pipeline_VITIS_LOOP_520_2'
================================================================
* Date:           Thu Jan  9 09:27:53 2025

* Version:        2023.1 (Build 3854077 on May  4 2023)
* Project:        prj
* Solution:       sol (Vivado IP Flow Target)
* Product family: artixuplus
* Target device:  xcau15p-ffvb676-2-e


================================================================
== Performance Estimates
================================================================
+ Timing: 
    * Summary: 
    +--------+---------+----------+------------+
    |  Clock |  Target | Estimated| Uncertainty|
    +--------+---------+----------+------------+
    |ap_clk  |  3.33 ns|  2.707 ns|     0.90 ns|
    +--------+---------+----------+------------+

+ Latency: 
    * Summary: 
    +---------+---------+----------+----------+-----+-----+---------+
    |  Latency (cycles) |  Latency (absolute) |  Interval | Pipeline|
    |   min   |   max   |    min   |    max   | min | max |   Type  |
    +---------+---------+----------+----------+-----+-----+---------+
    |        ?|        ?|         ?|         ?|    ?|    ?|       no|
    +---------+---------+----------+----------+-----+-----+---------+

    + Detail: 
        * Instance: 
        N/A

        * Loop: 
        +--------------------+---------+---------+----------+-----------+-----------+------+----------+
        |                    |  Latency (cycles) | Iteration|  Initiation Interval  | Trip |          |
        |      Loop Name     |   min   |   max   |  Latency |  achieved |   target  | Count| Pipelined|
        +--------------------+---------+---------+----------+-----------+-----------+------+----------+
        |- VITIS_LOOP_520_2  |        ?|        ?|         7|          1|          1|     ?|       yes|
        +--------------------+---------+---------+----------+-----------+-----------+------+----------+

============================================================
+ Verbose Summary: Synthesis Manager
============================================================
InlineROM: 1
ExposeGlobal: 0
============================================================
+ Verbose Summary: CDFG Model
============================================================
IsTopModel: 0
ResetActiveHigh: 1
IsCombinational: 0
IsDatapathOnly: 0
HasWiredReturn: 1
HasMFsm: 2
HasVarLatency: 1
IsPipeline: 0
IsRtlPipelined: 0
IsInstanceOverlapped: 0
IsDontTouch: 0
HasImplIP: 0
IsGatedGlobalClock: 0

+ Individual pipeline summary: 
  * Pipeline-0: initiation interval (II) = 1, depth = 7


============================================================
+ Verbose Summary: Schedule
============================================================
* Number of FSM states : 7
* Pipeline : 1
  Pipeline-0 : II = 1, D = 7, States = { 1 2 3 4 5 6 7 }
* Dataflow Pipeline: 0

* FSM state transitions: 
1 --> 2 
2 --> 3 
3 --> 4 
4 --> 5 
5 --> 6 
6 --> 7 
7 --> 

* FSM state operations: 

State 1 <SV = 0> <Delay = 2.70>
ST_1 : Operation 10 [1/1] (0.00ns)   --->   "%x = alloca i32 1"   --->   Operation 10 'alloca' 'x' <Predicate = true> <Delay = 0.00>
ST_1 : Operation 11 [1/1] (0.00ns)   --->   "%outpix_6 = alloca i32 1"   --->   Operation 11 'alloca' 'outpix_6' <Predicate = true> <Delay = 0.00>
ST_1 : Operation 12 [1/1] (0.00ns)   --->   "%outpix_7 = alloca i32 1"   --->   Operation 12 'alloca' 'outpix_7' <Predicate = true> <Delay = 0.00>
ST_1 : Operation 13 [1/1] (0.00ns)   --->   "%outpix_8 = alloca i32 1"   --->   Operation 13 'alloca' 'outpix_8' <Predicate = true> <Delay = 0.00>
ST_1 : Operation 14 [1/1] (0.00ns)   --->   "%outpix_9 = alloca i32 1"   --->   Operation 14 'alloca' 'outpix_9' <Predicate = true> <Delay = 0.00>
ST_1 : Operation 15 [1/1] (0.00ns)   --->   "%outpix_10 = alloca i32 1"   --->   Operation 15 'alloca' 'outpix_10' <Predicate = true> <Delay = 0.00>
ST_1 : Operation 16 [1/1] (0.00ns)   --->   "%outpix_11 = alloca i32 1"   --->   Operation 16 'alloca' 'outpix_11' <Predicate = true> <Delay = 0.00>
ST_1 : Operation 17 [1/1] (0.00ns)   --->   "%cmp68_not_read = read i1 @_ssdm_op_Read.ap_auto.i1, i1 %cmp68_not"   --->   Operation 17 'read' 'cmp68_not_read' <Predicate = true> <Delay = 0.00>
ST_1 : Operation 18 [1/1] (0.00ns)   --->   "%cmp59_not_read = read i1 @_ssdm_op_Read.ap_auto.i1, i1 %cmp59_not"   --->   Operation 18 'read' 'cmp59_not_read' <Predicate = true> <Delay = 0.00>
ST_1 : Operation 19 [1/1] (0.00ns)   --->   "%passthruEndX_load_read = read i16 @_ssdm_op_Read.ap_auto.i16, i16 %passthruEndX_load"   --->   Operation 19 'read' 'passthruEndX_load_read' <Predicate = true> <Delay = 0.00>
ST_1 : Operation 20 [1/1] (0.00ns)   --->   "%passthruStartX_load_read = read i16 @_ssdm_op_Read.ap_auto.i16, i16 %passthruStartX_load"   --->   Operation 20 'read' 'passthruStartX_load_read' <Predicate = true> <Delay = 0.00>
ST_1 : Operation 21 [1/1] (0.00ns)   --->   "%cmp35_i_read = read i1 @_ssdm_op_Read.ap_auto.i1, i1 %cmp35_i"   --->   Operation 21 'read' 'cmp35_i_read' <Predicate = true> <Delay = 0.00>
ST_1 : Operation 22 [1/1] (0.00ns)   --->   "%zext_ln518_1_read = read i16 @_ssdm_op_Read.ap_auto.i16, i16 %zext_ln518_1"   --->   Operation 22 'read' 'zext_ln518_1_read' <Predicate = true> <Delay = 0.00>
ST_1 : Operation 23 [1/1] (0.00ns)   --->   "%zext_ln1196_read = read i16 @_ssdm_op_Read.ap_auto.i16, i16 %zext_ln1196"   --->   Operation 23 'read' 'zext_ln1196_read' <Predicate = true> <Delay = 0.00>
ST_1 : Operation 24 [1/1] (0.00ns)   --->   "%zext_ln1212_read = read i16 @_ssdm_op_Read.ap_auto.i16, i16 %zext_ln1212"   --->   Operation 24 'read' 'zext_ln1212_read' <Predicate = true> <Delay = 0.00>
ST_1 : Operation 25 [1/1] (0.00ns)   --->   "%y_read = read i16 @_ssdm_op_Read.ap_auto.i16, i16 %y"   --->   Operation 25 'read' 'y_read' <Predicate = true> <Delay = 0.00>
ST_1 : Operation 26 [1/1] (0.00ns)   --->   "%trunc_ln_read = read i14 @_ssdm_op_Read.ap_auto.i14, i14 %trunc_ln"   --->   Operation 26 'read' 'trunc_ln_read' <Predicate = true> <Delay = 0.00>
ST_1 : Operation 27 [1/1] (0.00ns)   --->   "%trunc_ln1_read = read i14 @_ssdm_op_Read.ap_auto.i14, i14 %trunc_ln1"   --->   Operation 27 'read' 'trunc_ln1_read' <Predicate = true> <Delay = 0.00>
ST_1 : Operation 28 [1/1] (0.00ns)   --->   "%tmp_14 = read i1 @_ssdm_op_Read.ap_auto.i1, i1 %empty"   --->   Operation 28 'read' 'tmp_14' <Predicate = true> <Delay = 0.00>
ST_1 : Operation 29 [1/1] (0.00ns)   --->   "%tmp_18 = read i1 @_ssdm_op_Read.ap_auto.i1, i1 %empty_44"   --->   Operation 29 'read' 'tmp_18' <Predicate = true> <Delay = 0.00>
ST_1 : Operation 30 [1/1] (0.00ns)   --->   "%bckgndId_load_read = read i8 @_ssdm_op_Read.ap_auto.i8, i8 %bckgndId_load"   --->   Operation 30 'read' 'bckgndId_load_read' <Predicate = true> <Delay = 0.00>
ST_1 : Operation 31 [1/1] (0.00ns)   --->   "%cmp8_read = read i1 @_ssdm_op_Read.ap_auto.i1, i1 %cmp8"   --->   Operation 31 'read' 'cmp8_read' <Predicate = true> <Delay = 0.00>
ST_1 : Operation 32 [1/1] (0.00ns)   --->   "%loopWidth_read = read i16 @_ssdm_op_Read.ap_auto.i16, i16 %loopWidth"   --->   Operation 32 'read' 'loopWidth_read' <Predicate = true> <Delay = 0.00>
ST_1 : Operation 33 [1/1] (0.00ns)   --->   "%outpix_read = read i8 @_ssdm_op_Read.ap_auto.i8, i8 %outpix"   --->   Operation 33 'read' 'outpix_read' <Predicate = true> <Delay = 0.00>
ST_1 : Operation 34 [1/1] (0.00ns)   --->   "%outpix_1_read = read i8 @_ssdm_op_Read.ap_auto.i8, i8 %outpix_1"   --->   Operation 34 'read' 'outpix_1_read' <Predicate = true> <Delay = 0.00>
ST_1 : Operation 35 [1/1] (0.00ns)   --->   "%outpix_2_read = read i8 @_ssdm_op_Read.ap_auto.i8, i8 %outpix_2"   --->   Operation 35 'read' 'outpix_2_read' <Predicate = true> <Delay = 0.00>
ST_1 : Operation 36 [1/1] (0.00ns)   --->   "%outpix_3_read = read i8 @_ssdm_op_Read.ap_auto.i8, i8 %outpix_3"   --->   Operation 36 'read' 'outpix_3_read' <Predicate = true> <Delay = 0.00>
ST_1 : Operation 37 [1/1] (0.00ns)   --->   "%outpix_4_read = read i8 @_ssdm_op_Read.ap_auto.i8, i8 %outpix_4"   --->   Operation 37 'read' 'outpix_4_read' <Predicate = true> <Delay = 0.00>
ST_1 : Operation 38 [1/1] (0.00ns)   --->   "%outpix_5_read = read i8 @_ssdm_op_Read.ap_auto.i8, i8 %outpix_5"   --->   Operation 38 'read' 'outpix_5_read' <Predicate = true> <Delay = 0.00>
ST_1 : Operation 39 [1/1] (0.00ns)   --->   "%zext_ln518_1_cast = zext i16 %zext_ln518_1_read"   --->   Operation 39 'zext' 'zext_ln518_1_cast' <Predicate = true> <Delay = 0.00>
ST_1 : Operation 40 [1/1] (0.00ns)   --->   "%zext_ln1196_cast = zext i16 %zext_ln1196_read"   --->   Operation 40 'zext' 'zext_ln1196_cast' <Predicate = true> <Delay = 0.00>
ST_1 : Operation 41 [1/1] (0.00ns)   --->   "%zext_ln1212_cast = zext i16 %zext_ln1212_read"   --->   Operation 41 'zext' 'zext_ln1212_cast' <Predicate = true> <Delay = 0.00>
ST_1 : Operation 42 [1/1] (0.00ns)   --->   "%specinterface_ln0 = specinterface void @_ssdm_op_SpecInterface, i48 %srcYUV, void @empty_40, i32 0, i32 0, void @empty_29, i32 0, i32 0, void @empty_29, void @empty_29, void @empty_29, i32 0, i32 0, i32 0, i32 0, void @empty_29, void @empty_29, i32 4294967295, i32 0"   --->   Operation 42 'specinterface' 'specinterface_ln0' <Predicate = true> <Delay = 0.00>
ST_1 : Operation 43 [1/1] (0.00ns)   --->   "%specinterface_ln0 = specinterface void @_ssdm_op_SpecInterface, i48 %ovrlayYUV, void @empty_40, i32 0, i32 0, void @empty_29, i32 0, i32 0, void @empty_29, void @empty_29, void @empty_29, i32 0, i32 0, i32 0, i32 0, void @empty_29, void @empty_29, i32 4294967295, i32 0"   --->   Operation 43 'specinterface' 'specinterface_ln0' <Predicate = true> <Delay = 0.00>
ST_1 : Operation 44 [1/1] (0.42ns)   --->   "%store_ln0 = store i8 %outpix_5_read, i8 %outpix_11"   --->   Operation 44 'store' 'store_ln0' <Predicate = true> <Delay = 0.42>
ST_1 : Operation 45 [1/1] (0.42ns)   --->   "%store_ln0 = store i8 %outpix_4_read, i8 %outpix_10"   --->   Operation 45 'store' 'store_ln0' <Predicate = true> <Delay = 0.42>
ST_1 : Operation 46 [1/1] (0.42ns)   --->   "%store_ln0 = store i8 %outpix_3_read, i8 %outpix_9"   --->   Operation 46 'store' 'store_ln0' <Predicate = true> <Delay = 0.42>
ST_1 : Operation 47 [1/1] (0.42ns)   --->   "%store_ln0 = store i8 %outpix_2_read, i8 %outpix_8"   --->   Operation 47 'store' 'store_ln0' <Predicate = true> <Delay = 0.42>
ST_1 : Operation 48 [1/1] (0.42ns)   --->   "%store_ln0 = store i8 %outpix_1_read, i8 %outpix_7"   --->   Operation 48 'store' 'store_ln0' <Predicate = true> <Delay = 0.42>
ST_1 : Operation 49 [1/1] (0.42ns)   --->   "%store_ln0 = store i8 %outpix_read, i8 %outpix_6"   --->   Operation 49 'store' 'store_ln0' <Predicate = true> <Delay = 0.42>
ST_1 : Operation 50 [1/1] (0.42ns)   --->   "%store_ln0 = store i16 0, i16 %x"   --->   Operation 50 'store' 'store_ln0' <Predicate = true> <Delay = 0.42>
ST_1 : Operation 51 [1/1] (0.00ns)   --->   "%br_ln0 = br void %for.body6"   --->   Operation 51 'br' 'br_ln0' <Predicate = true> <Delay = 0.00>
ST_1 : Operation 52 [1/1] (0.00ns)   --->   "%x_2 = load i16 %x" [/home/training/AUPBoard/aup_hdmi_pass_thru_2023p1_working/aup_hdmi_pass_thru_2023p1/HDMI_Pass_Thru_ExDes/v_hdmi_rx_ss_0_ex/v_hdmi_rx_ss_0_ex.runs/exdes_v_tpg_0_synth_1/prj/sol/.autopilot/db/v_tpg.cpp:691]   --->   Operation 52 'load' 'x_2' <Predicate = true> <Delay = 0.00>
ST_1 : Operation 53 [1/1] (0.85ns)   --->   "%icmp_ln520 = icmp_ult  i16 %x_2, i16 %loopWidth_read" [/home/training/AUPBoard/aup_hdmi_pass_thru_2023p1_working/aup_hdmi_pass_thru_2023p1/HDMI_Pass_Thru_ExDes/v_hdmi_rx_ss_0_ex/v_hdmi_rx_ss_0_ex.runs/exdes_v_tpg_0_synth_1/prj/sol/.autopilot/db/v_tpg.cpp:520]   --->   Operation 53 'icmp' 'icmp_ln520' <Predicate = true> <Delay = 0.85> <CoreInst = "Cmp">   --->   Core 9 'Cmp' <Latency = 0> <II = 1> <Delay = 0.85> <FuncUnit> <Opcode : 'icmp'> <InPorts = 2> <OutPorts = 1>
ST_1 : Operation 54 [1/1] (0.85ns)   --->   "%empty_65 = icmp_eq  i16 %x_2, i16 0" [/home/training/AUPBoard/aup_hdmi_pass_thru_2023p1_working/aup_hdmi_pass_thru_2023p1/HDMI_Pass_Thru_ExDes/v_hdmi_rx_ss_0_ex/v_hdmi_rx_ss_0_ex.runs/exdes_v_tpg_0_synth_1/prj/sol/.autopilot/db/v_tpg.cpp:691]   --->   Operation 54 'icmp' 'empty_65' <Predicate = true> <Delay = 0.85> <CoreInst = "Cmp">   --->   Core 9 'Cmp' <Latency = 0> <II = 1> <Delay = 0.85> <FuncUnit> <Opcode : 'icmp'> <InPorts = 2> <OutPorts = 1>
ST_1 : Operation 55 [1/1] (0.00ns)   --->   "%br_ln520 = br i1 %icmp_ln520, void %for.inc103.loopexit.exitStub, void %for.body6.split" [/home/training/AUPBoard/aup_hdmi_pass_thru_2023p1_working/aup_hdmi_pass_thru_2023p1/HDMI_Pass_Thru_ExDes/v_hdmi_rx_ss_0_ex/v_hdmi_rx_ss_0_ex.runs/exdes_v_tpg_0_synth_1/prj/sol/.autopilot/db/v_tpg.cpp:520]   --->   Operation 55 'br' 'br_ln520' <Predicate = true> <Delay = 0.00>
ST_1 : Operation 56 [1/1] (0.00ns)   --->   "%specpipeline_ln523 = specpipeline void @_ssdm_op_SpecPipeline, i32 1, i32 0, i32 0, i32 0, void @empty_29" [/home/training/AUPBoard/aup_hdmi_pass_thru_2023p1_working/aup_hdmi_pass_thru_2023p1/HDMI_Pass_Thru_ExDes/v_hdmi_rx_ss_0_ex/v_hdmi_rx_ss_0_ex.runs/exdes_v_tpg_0_synth_1/prj/sol/.autopilot/db/v_tpg.cpp:523]   --->   Operation 56 'specpipeline' 'specpipeline_ln523' <Predicate = (icmp_ln520)> <Delay = 0.00>
ST_1 : Operation 57 [1/1] (0.00ns)   --->   "%specloopname_ln520 = specloopname void @_ssdm_op_SpecLoopName, void @empty_24" [/home/training/AUPBoard/aup_hdmi_pass_thru_2023p1_working/aup_hdmi_pass_thru_2023p1/HDMI_Pass_Thru_ExDes/v_hdmi_rx_ss_0_ex/v_hdmi_rx_ss_0_ex.runs/exdes_v_tpg_0_synth_1/prj/sol/.autopilot/db/v_tpg.cpp:520]   --->   Operation 57 'specloopname' 'specloopname_ln520' <Predicate = (icmp_ln520)> <Delay = 0.00>
ST_1 : Operation 58 [1/1] (0.00ns)   --->   "%br_ln525 = br i1 %cmp8_read, void %if.end, void %if.then" [/home/training/AUPBoard/aup_hdmi_pass_thru_2023p1_working/aup_hdmi_pass_thru_2023p1/HDMI_Pass_Thru_ExDes/v_hdmi_rx_ss_0_ex/v_hdmi_rx_ss_0_ex.runs/exdes_v_tpg_0_synth_1/prj/sol/.autopilot/db/v_tpg.cpp:525]   --->   Operation 58 'br' 'br_ln525' <Predicate = (icmp_ln520)> <Delay = 0.00>
ST_1 : Operation 59 [1/1] (0.83ns)   --->   "%add_ln1510 = add i14 %trunc_ln1_read, i14 15" [/home/training/AUPBoard/aup_hdmi_pass_thru_2023p1_working/aup_hdmi_pass_thru_2023p1/HDMI_Pass_Thru_ExDes/v_hdmi_rx_ss_0_ex/v_hdmi_rx_ss_0_ex.runs/exdes_v_tpg_0_synth_1/prj/sol/.autopilot/db/v_tpg.cpp:1510->/home/training/AUPBoard/aup_hdmi_pass_thru_2023p1_working/aup_hdmi_pass_thru_2023p1/HDMI_Pass_Thru_ExDes/v_hdmi_rx_ss_0_ex/v_hdmi_rx_ss_0_ex.runs/exdes_v_tpg_0_synth_1/prj/sol/.autopilot/db/v_tpg.cpp:652]   --->   Operation 59 'add' 'add_ln1510' <Predicate = (icmp_ln520 & bckgndId_load_read == 15)> <Delay = 0.83> <CoreInst = "Adder">   --->   Core 1 'Adder' <Latency = 0> <II = 1> <Delay = 0.83> <FuncUnit> <Opcode : 'add' 'sub'> <InPorts = 2> <OutPorts = 1>
ST_1 : Operation 60 [1/1] (0.00ns)   --->   "%trunc_ln6 = partselect i10 @_ssdm_op_PartSelect.i10.i14.i32.i32, i14 %add_ln1510, i32 4, i32 13" [/home/training/AUPBoard/aup_hdmi_pass_thru_2023p1_working/aup_hdmi_pass_thru_2023p1/HDMI_Pass_Thru_ExDes/v_hdmi_rx_ss_0_ex/v_hdmi_rx_ss_0_ex.runs/exdes_v_tpg_0_synth_1/prj/sol/.autopilot/db/v_tpg.cpp:1510->/home/training/AUPBoard/aup_hdmi_pass_thru_2023p1_working/aup_hdmi_pass_thru_2023p1/HDMI_Pass_Thru_ExDes/v_hdmi_rx_ss_0_ex/v_hdmi_rx_ss_0_ex.runs/exdes_v_tpg_0_synth_1/prj/sol/.autopilot/db/v_tpg.cpp:652]   --->   Operation 60 'partselect' 'trunc_ln6' <Predicate = (icmp_ln520 & bckgndId_load_read == 15)> <Delay = 0.00>
ST_1 : Operation 61 [1/1] (0.78ns)   --->   "%barWidthMinSamples_2 = add i10 %trunc_ln6, i10 1022" [/home/training/AUPBoard/aup_hdmi_pass_thru_2023p1_working/aup_hdmi_pass_thru_2023p1/HDMI_Pass_Thru_ExDes/v_hdmi_rx_ss_0_ex/v_hdmi_rx_ss_0_ex.runs/exdes_v_tpg_0_synth_1/prj/sol/.autopilot/db/v_tpg.cpp:1510->/home/training/AUPBoard/aup_hdmi_pass_thru_2023p1_working/aup_hdmi_pass_thru_2023p1/HDMI_Pass_Thru_ExDes/v_hdmi_rx_ss_0_ex/v_hdmi_rx_ss_0_ex.runs/exdes_v_tpg_0_synth_1/prj/sol/.autopilot/db/v_tpg.cpp:652]   --->   Operation 61 'add' 'barWidthMinSamples_2' <Predicate = (icmp_ln520 & bckgndId_load_read == 15)> <Delay = 0.78> <CoreInst = "Adder">   --->   Core 1 'Adder' <Latency = 0> <II = 1> <Delay = 0.78> <FuncUnit> <Opcode : 'add' 'sub'> <InPorts = 2> <OutPorts = 1>
ST_1 : Operation 62 [1/1] (0.83ns)   --->   "%add_ln1511 = add i14 %trunc_ln_read, i14 15" [/home/training/AUPBoard/aup_hdmi_pass_thru_2023p1_working/aup_hdmi_pass_thru_2023p1/HDMI_Pass_Thru_ExDes/v_hdmi_rx_ss_0_ex/v_hdmi_rx_ss_0_ex.runs/exdes_v_tpg_0_synth_1/prj/sol/.autopilot/db/v_tpg.cpp:1511->/home/training/AUPBoard/aup_hdmi_pass_thru_2023p1_working/aup_hdmi_pass_thru_2023p1/HDMI_Pass_Thru_ExDes/v_hdmi_rx_ss_0_ex/v_hdmi_rx_ss_0_ex.runs/exdes_v_tpg_0_synth_1/prj/sol/.autopilot/db/v_tpg.cpp:652]   --->   Operation 62 'add' 'add_ln1511' <Predicate = (icmp_ln520 & bckgndId_load_read == 15)> <Delay = 0.83> <CoreInst = "Adder">   --->   Core 1 'Adder' <Latency = 0> <II = 1> <Delay = 0.83> <FuncUnit> <Opcode : 'add' 'sub'> <InPorts = 2> <OutPorts = 1>
ST_1 : Operation 63 [1/1] (0.00ns) (grouped into LUT with out node icmp_ln1518)   --->   "%or_ln1518 = or i16 %x_2, i16 %y_read" [/home/training/AUPBoard/aup_hdmi_pass_thru_2023p1_working/aup_hdmi_pass_thru_2023p1/HDMI_Pass_Thru_ExDes/v_hdmi_rx_ss_0_ex/v_hdmi_rx_ss_0_ex.runs/exdes_v_tpg_0_synth_1/prj/sol/.autopilot/db/v_tpg.cpp:1518->/home/training/AUPBoard/aup_hdmi_pass_thru_2023p1_working/aup_hdmi_pass_thru_2023p1/HDMI_Pass_Thru_ExDes/v_hdmi_rx_ss_0_ex/v_hdmi_rx_ss_0_ex.runs/exdes_v_tpg_0_synth_1/prj/sol/.autopilot/db/v_tpg.cpp:652]   --->   Operation 63 'or' 'or_ln1518' <Predicate = (icmp_ln520 & bckgndId_load_read == 15)> <Delay = 0.00> <CoreInst = "LogicGate">   --->   Core 74 'LogicGate' <Latency = 0> <II = 1> <Delay = 0.36> <FuncUnit> <Opcode : 'and' 'or' 'xor'> <InPorts = 2> <OutPorts = 1>
ST_1 : Operation 64 [1/1] (0.85ns) (out node of the LUT)   --->   "%icmp_ln1518 = icmp_eq  i16 %or_ln1518, i16 0" [/home/training/AUPBoard/aup_hdmi_pass_thru_2023p1_working/aup_hdmi_pass_thru_2023p1/HDMI_Pass_Thru_ExDes/v_hdmi_rx_ss_0_ex/v_hdmi_rx_ss_0_ex.runs/exdes_v_tpg_0_synth_1/prj/sol/.autopilot/db/v_tpg.cpp:1518->/home/training/AUPBoard/aup_hdmi_pass_thru_2023p1_working/aup_hdmi_pass_thru_2023p1/HDMI_Pass_Thru_ExDes/v_hdmi_rx_ss_0_ex/v_hdmi_rx_ss_0_ex.runs/exdes_v_tpg_0_synth_1/prj/sol/.autopilot/db/v_tpg.cpp:652]   --->   Operation 64 'icmp' 'icmp_ln1518' <Predicate = (icmp_ln520 & bckgndId_load_read == 15)> <Delay = 0.85> <CoreInst = "Cmp">   --->   Core 9 'Cmp' <Latency = 0> <II = 1> <Delay = 0.85> <FuncUnit> <Opcode : 'icmp'> <InPorts = 2> <OutPorts = 1>
ST_1 : Operation 65 [1/1] (0.00ns)   --->   "%br_ln1518 = br i1 %icmp_ln1518, void %if.else.i, void %if.then.i" [/home/training/AUPBoard/aup_hdmi_pass_thru_2023p1_working/aup_hdmi_pass_thru_2023p1/HDMI_Pass_Thru_ExDes/v_hdmi_rx_ss_0_ex/v_hdmi_rx_ss_0_ex.runs/exdes_v_tpg_0_synth_1/prj/sol/.autopilot/db/v_tpg.cpp:1518->/home/training/AUPBoard/aup_hdmi_pass_thru_2023p1_working/aup_hdmi_pass_thru_2023p1/HDMI_Pass_Thru_ExDes/v_hdmi_rx_ss_0_ex/v_hdmi_rx_ss_0_ex.runs/exdes_v_tpg_0_synth_1/prj/sol/.autopilot/db/v_tpg.cpp:652]   --->   Operation 65 'br' 'br_ln1518' <Predicate = (icmp_ln520 & bckgndId_load_read == 15)> <Delay = 0.00>
ST_1 : Operation 66 [1/1] (0.00ns)   --->   "%tmp_15 = partselect i10 @_ssdm_op_PartSelect.i10.i14.i32.i32, i14 %add_ln1511, i32 4, i32 13" [/home/training/AUPBoard/aup_hdmi_pass_thru_2023p1_working/aup_hdmi_pass_thru_2023p1/HDMI_Pass_Thru_ExDes/v_hdmi_rx_ss_0_ex/v_hdmi_rx_ss_0_ex.runs/exdes_v_tpg_0_synth_1/prj/sol/.autopilot/db/v_tpg.cpp:1523->/home/training/AUPBoard/aup_hdmi_pass_thru_2023p1_working/aup_hdmi_pass_thru_2023p1/HDMI_Pass_Thru_ExDes/v_hdmi_rx_ss_0_ex/v_hdmi_rx_ss_0_ex.runs/exdes_v_tpg_0_synth_1/prj/sol/.autopilot/db/v_tpg.cpp:652]   --->   Operation 66 'partselect' 'tmp_15' <Predicate = (icmp_ln520 & bckgndId_load_read == 15 & !icmp_ln1518)> <Delay = 0.00>
ST_1 : Operation 67 [1/1] (0.42ns)   --->   "%store_ln1520 = store i10 0, i10 %yCount_2" [/home/training/AUPBoard/aup_hdmi_pass_thru_2023p1_working/aup_hdmi_pass_thru_2023p1/HDMI_Pass_Thru_ExDes/v_hdmi_rx_ss_0_ex/v_hdmi_rx_ss_0_ex.runs/exdes_v_tpg_0_synth_1/prj/sol/.autopilot/db/v_tpg.cpp:1520->/home/training/AUPBoard/aup_hdmi_pass_thru_2023p1_working/aup_hdmi_pass_thru_2023p1/HDMI_Pass_Thru_ExDes/v_hdmi_rx_ss_0_ex/v_hdmi_rx_ss_0_ex.runs/exdes_v_tpg_0_synth_1/prj/sol/.autopilot/db/v_tpg.cpp:652]   --->   Operation 67 'store' 'store_ln1520' <Predicate = (icmp_ln520 & bckgndId_load_read == 15 & icmp_ln1518)> <Delay = 0.42>
ST_1 : Operation 68 [1/1] (0.42ns)   --->   "%store_ln1521 = store i8 0, i8 %vBarSel_1" [/home/training/AUPBoard/aup_hdmi_pass_thru_2023p1_working/aup_hdmi_pass_thru_2023p1/HDMI_Pass_Thru_ExDes/v_hdmi_rx_ss_0_ex/v_hdmi_rx_ss_0_ex.runs/exdes_v_tpg_0_synth_1/prj/sol/.autopilot/db/v_tpg.cpp:1521->/home/training/AUPBoard/aup_hdmi_pass_thru_2023p1_working/aup_hdmi_pass_thru_2023p1/HDMI_Pass_Thru_ExDes/v_hdmi_rx_ss_0_ex/v_hdmi_rx_ss_0_ex.runs/exdes_v_tpg_0_synth_1/prj/sol/.autopilot/db/v_tpg.cpp:652]   --->   Operation 68 'store' 'store_ln1521' <Predicate = (icmp_ln520 & bckgndId_load_read == 15 & icmp_ln1518)> <Delay = 0.42>
ST_1 : Operation 69 [1/1] (0.42ns)   --->   "%store_ln1538 = store i3 0, i3 %tpgPatternCheckerBoard_unsigned_short_unsigned_short_unsigned_short_unsigned_3" [/home/training/AUPBoard/aup_hdmi_pass_thru_2023p1_working/aup_hdmi_pass_thru_2023p1/HDMI_Pass_Thru_ExDes/v_hdmi_rx_ss_0_ex/v_hdmi_rx_ss_0_ex.runs/exdes_v_tpg_0_synth_1/prj/sol/.autopilot/db/v_tpg.cpp:1538->/home/training/AUPBoard/aup_hdmi_pass_thru_2023p1_working/aup_hdmi_pass_thru_2023p1/HDMI_Pass_Thru_ExDes/v_hdmi_rx_ss_0_ex/v_hdmi_rx_ss_0_ex.runs/exdes_v_tpg_0_synth_1/prj/sol/.autopilot/db/v_tpg.cpp:652]   --->   Operation 69 'store' 'store_ln1538' <Predicate = (icmp_ln520 & bckgndId_load_read == 15 & empty_65)> <Delay = 0.42>
ST_1 : Operation 70 [1/1] (0.47ns)   --->   "%store_ln1539 = store i10 0, i10 %tpgPatternCheckerBoard_unsigned_short_unsigned_short_unsigned_short_unsigned_1" [/home/training/AUPBoard/aup_hdmi_pass_thru_2023p1_working/aup_hdmi_pass_thru_2023p1/HDMI_Pass_Thru_ExDes/v_hdmi_rx_ss_0_ex/v_hdmi_rx_ss_0_ex.runs/exdes_v_tpg_0_synth_1/prj/sol/.autopilot/db/v_tpg.cpp:1539->/home/training/AUPBoard/aup_hdmi_pass_thru_2023p1_working/aup_hdmi_pass_thru_2023p1/HDMI_Pass_Thru_ExDes/v_hdmi_rx_ss_0_ex/v_hdmi_rx_ss_0_ex.runs/exdes_v_tpg_0_synth_1/prj/sol/.autopilot/db/v_tpg.cpp:652]   --->   Operation 70 'store' 'store_ln1539' <Predicate = (icmp_ln520 & bckgndId_load_read == 15 & empty_65)> <Delay = 0.47>
ST_1 : Operation 71 [1/1] (0.42ns)   --->   "%store_ln1538 = store i3 0, i3 %tpgPatternCheckerBoard_unsigned_short_unsigned_short_unsigned_short_unsigned_2" [/home/training/AUPBoard/aup_hdmi_pass_thru_2023p1_working/aup_hdmi_pass_thru_2023p1/HDMI_Pass_Thru_ExDes/v_hdmi_rx_ss_0_ex/v_hdmi_rx_ss_0_ex.runs/exdes_v_tpg_0_synth_1/prj/sol/.autopilot/db/v_tpg.cpp:1538->/home/training/AUPBoard/aup_hdmi_pass_thru_2023p1_working/aup_hdmi_pass_thru_2023p1/HDMI_Pass_Thru_ExDes/v_hdmi_rx_ss_0_ex/v_hdmi_rx_ss_0_ex.runs/exdes_v_tpg_0_synth_1/prj/sol/.autopilot/db/v_tpg.cpp:652]   --->   Operation 71 'store' 'store_ln1538' <Predicate = (icmp_ln520 & bckgndId_load_read == 15 & empty_65)> <Delay = 0.42>
ST_1 : Operation 72 [1/1] (0.47ns)   --->   "%store_ln1539 = store i10 1, i10 %tpgPatternCheckerBoard_unsigned_short_unsigned_short_unsigned_short_unsigned_s" [/home/training/AUPBoard/aup_hdmi_pass_thru_2023p1_working/aup_hdmi_pass_thru_2023p1/HDMI_Pass_Thru_ExDes/v_hdmi_rx_ss_0_ex/v_hdmi_rx_ss_0_ex.runs/exdes_v_tpg_0_synth_1/prj/sol/.autopilot/db/v_tpg.cpp:1539->/home/training/AUPBoard/aup_hdmi_pass_thru_2023p1_working/aup_hdmi_pass_thru_2023p1/HDMI_Pass_Thru_ExDes/v_hdmi_rx_ss_0_ex/v_hdmi_rx_ss_0_ex.runs/exdes_v_tpg_0_synth_1/prj/sol/.autopilot/db/v_tpg.cpp:652]   --->   Operation 72 'store' 'store_ln1539' <Predicate = (icmp_ln520 & bckgndId_load_read == 15 & empty_65)> <Delay = 0.47>
ST_1 : Operation 73 [1/1] (0.83ns)   --->   "%add_ln1396 = add i14 %trunc_ln1_read, i14 15" [/home/training/AUPBoard/aup_hdmi_pass_thru_2023p1_working/aup_hdmi_pass_thru_2023p1/HDMI_Pass_Thru_ExDes/v_hdmi_rx_ss_0_ex/v_hdmi_rx_ss_0_ex.runs/exdes_v_tpg_0_synth_1/prj/sol/.autopilot/db/v_tpg.cpp:1396->/home/training/AUPBoard/aup_hdmi_pass_thru_2023p1_working/aup_hdmi_pass_thru_2023p1/HDMI_Pass_Thru_ExDes/v_hdmi_rx_ss_0_ex/v_hdmi_rx_ss_0_ex.runs/exdes_v_tpg_0_synth_1/prj/sol/.autopilot/db/v_tpg.cpp:628]   --->   Operation 73 'add' 'add_ln1396' <Predicate = (icmp_ln520 & bckgndId_load_read == 12)> <Delay = 0.83> <CoreInst = "Adder">   --->   Core 1 'Adder' <Latency = 0> <II = 1> <Delay = 0.83> <FuncUnit> <Opcode : 'add' 'sub'> <InPorts = 2> <OutPorts = 1>
ST_1 : Operation 74 [1/1] (0.00ns)   --->   "%trunc_ln5 = partselect i10 @_ssdm_op_PartSelect.i10.i14.i32.i32, i14 %add_ln1396, i32 4, i32 13" [/home/training/AUPBoard/aup_hdmi_pass_thru_2023p1_working/aup_hdmi_pass_thru_2023p1/HDMI_Pass_Thru_ExDes/v_hdmi_rx_ss_0_ex/v_hdmi_rx_ss_0_ex.runs/exdes_v_tpg_0_synth_1/prj/sol/.autopilot/db/v_tpg.cpp:1396->/home/training/AUPBoard/aup_hdmi_pass_thru_2023p1_working/aup_hdmi_pass_thru_2023p1/HDMI_Pass_Thru_ExDes/v_hdmi_rx_ss_0_ex/v_hdmi_rx_ss_0_ex.runs/exdes_v_tpg_0_synth_1/prj/sol/.autopilot/db/v_tpg.cpp:628]   --->   Operation 74 'partselect' 'trunc_ln5' <Predicate = (icmp_ln520 & bckgndId_load_read == 12)> <Delay = 0.00>
ST_1 : Operation 75 [1/1] (0.78ns)   --->   "%barWidthMinSamples_1 = add i10 %trunc_ln5, i10 1022" [/home/training/AUPBoard/aup_hdmi_pass_thru_2023p1_working/aup_hdmi_pass_thru_2023p1/HDMI_Pass_Thru_ExDes/v_hdmi_rx_ss_0_ex/v_hdmi_rx_ss_0_ex.runs/exdes_v_tpg_0_synth_1/prj/sol/.autopilot/db/v_tpg.cpp:1396->/home/training/AUPBoard/aup_hdmi_pass_thru_2023p1_working/aup_hdmi_pass_thru_2023p1/HDMI_Pass_Thru_ExDes/v_hdmi_rx_ss_0_ex/v_hdmi_rx_ss_0_ex.runs/exdes_v_tpg_0_synth_1/prj/sol/.autopilot/db/v_tpg.cpp:628]   --->   Operation 75 'add' 'barWidthMinSamples_1' <Predicate = (icmp_ln520 & bckgndId_load_read == 12)> <Delay = 0.78> <CoreInst = "Adder">   --->   Core 1 'Adder' <Latency = 0> <II = 1> <Delay = 0.78> <FuncUnit> <Opcode : 'add' 'sub'> <InPorts = 2> <OutPorts = 1>
ST_1 : Operation 76 [2/2] (0.00ns)   --->   "%barWidthMinSamples_delayed = call i10 @reg<ap_uint<10> >, i10 %barWidthMinSamples_1" [/home/training/AUPBoard/aup_hdmi_pass_thru_2023p1_working/aup_hdmi_pass_thru_2023p1/HDMI_Pass_Thru_ExDes/v_hdmi_rx_ss_0_ex/v_hdmi_rx_ss_0_ex.runs/exdes_v_tpg_0_synth_1/prj/sol/.autopilot/db/v_tpg.cpp:1397->/home/training/AUPBoard/aup_hdmi_pass_thru_2023p1_working/aup_hdmi_pass_thru_2023p1/HDMI_Pass_Thru_ExDes/v_hdmi_rx_ss_0_ex/v_hdmi_rx_ss_0_ex.runs/exdes_v_tpg_0_synth_1/prj/sol/.autopilot/db/v_tpg.cpp:628]   --->   Operation 76 'call' 'barWidthMinSamples_delayed' <Predicate = (icmp_ln520 & bckgndId_load_read == 12)> <Delay = 0.00> <CoreType = "Generic">   --->   Core 0 '' <Latency = 0> <II = 1> <Delay = 1.00> <Generic> <Opcode : >
ST_1 : Operation 77 [1/1] (0.83ns)   --->   "%add_ln1398 = add i14 %trunc_ln_read, i14 15" [/home/training/AUPBoard/aup_hdmi_pass_thru_2023p1_working/aup_hdmi_pass_thru_2023p1/HDMI_Pass_Thru_ExDes/v_hdmi_rx_ss_0_ex/v_hdmi_rx_ss_0_ex.runs/exdes_v_tpg_0_synth_1/prj/sol/.autopilot/db/v_tpg.cpp:1398->/home/training/AUPBoard/aup_hdmi_pass_thru_2023p1_working/aup_hdmi_pass_thru_2023p1/HDMI_Pass_Thru_ExDes/v_hdmi_rx_ss_0_ex/v_hdmi_rx_ss_0_ex.runs/exdes_v_tpg_0_synth_1/prj/sol/.autopilot/db/v_tpg.cpp:628]   --->   Operation 77 'add' 'add_ln1398' <Predicate = (icmp_ln520 & bckgndId_load_read == 12)> <Delay = 0.83> <CoreInst = "Adder">   --->   Core 1 'Adder' <Latency = 0> <II = 1> <Delay = 0.83> <FuncUnit> <Opcode : 'add' 'sub'> <InPorts = 2> <OutPorts = 1>
ST_1 : Operation 78 [1/1] (0.85ns)   --->   "%icmp_ln1404 = icmp_eq  i16 %y_read, i16 0" [/home/training/AUPBoard/aup_hdmi_pass_thru_2023p1_working/aup_hdmi_pass_thru_2023p1/HDMI_Pass_Thru_ExDes/v_hdmi_rx_ss_0_ex/v_hdmi_rx_ss_0_ex.runs/exdes_v_tpg_0_synth_1/prj/sol/.autopilot/db/v_tpg.cpp:1404->/home/training/AUPBoard/aup_hdmi_pass_thru_2023p1_working/aup_hdmi_pass_thru_2023p1/HDMI_Pass_Thru_ExDes/v_hdmi_rx_ss_0_ex/v_hdmi_rx_ss_0_ex.runs/exdes_v_tpg_0_synth_1/prj/sol/.autopilot/db/v_tpg.cpp:628]   --->   Operation 78 'icmp' 'icmp_ln1404' <Predicate = (icmp_ln520 & bckgndId_load_read == 12)> <Delay = 0.85> <CoreInst = "Cmp">   --->   Core 9 'Cmp' <Latency = 0> <II = 1> <Delay = 0.85> <FuncUnit> <Opcode : 'icmp'> <InPorts = 2> <OutPorts = 1>
ST_1 : Operation 79 [1/1] (0.00ns)   --->   "%br_ln1404 = br i1 %icmp_ln1404, void %lor.lhs.false.i, void %land.lhs.true.i" [/home/training/AUPBoard/aup_hdmi_pass_thru_2023p1_working/aup_hdmi_pass_thru_2023p1/HDMI_Pass_Thru_ExDes/v_hdmi_rx_ss_0_ex/v_hdmi_rx_ss_0_ex.runs/exdes_v_tpg_0_synth_1/prj/sol/.autopilot/db/v_tpg.cpp:1404->/home/training/AUPBoard/aup_hdmi_pass_thru_2023p1_working/aup_hdmi_pass_thru_2023p1/HDMI_Pass_Thru_ExDes/v_hdmi_rx_ss_0_ex/v_hdmi_rx_ss_0_ex.runs/exdes_v_tpg_0_synth_1/prj/sol/.autopilot/db/v_tpg.cpp:628]   --->   Operation 79 'br' 'br_ln1404' <Predicate = (icmp_ln520 & bckgndId_load_read == 12)> <Delay = 0.00>
ST_1 : Operation 80 [1/1] (0.85ns)   --->   "%add_ln1404 = add i17 %zext_ln1196_cast, i17 131071" [/home/training/AUPBoard/aup_hdmi_pass_thru_2023p1_working/aup_hdmi_pass_thru_2023p1/HDMI_Pass_Thru_ExDes/v_hdmi_rx_ss_0_ex/v_hdmi_rx_ss_0_ex.runs/exdes_v_tpg_0_synth_1/prj/sol/.autopilot/db/v_tpg.cpp:1404->/home/training/AUPBoard/aup_hdmi_pass_thru_2023p1_working/aup_hdmi_pass_thru_2023p1/HDMI_Pass_Thru_ExDes/v_hdmi_rx_ss_0_ex/v_hdmi_rx_ss_0_ex.runs/exdes_v_tpg_0_synth_1/prj/sol/.autopilot/db/v_tpg.cpp:628]   --->   Operation 80 'add' 'add_ln1404' <Predicate = (icmp_ln520 & bckgndId_load_read == 12 & !icmp_ln1404)> <Delay = 0.85> <CoreInst = "Adder">   --->   Core 1 'Adder' <Latency = 0> <II = 1> <Delay = 0.85> <FuncUnit> <Opcode : 'add' 'sub'> <InPorts = 2> <OutPorts = 1>
ST_1 : Operation 81 [1/1] (0.86ns)   --->   "%icmp_ln1404_1 = icmp_eq  i17 %add_ln1404, i17 %zext_ln518_1_cast" [/home/training/AUPBoard/aup_hdmi_pass_thru_2023p1_working/aup_hdmi_pass_thru_2023p1/HDMI_Pass_Thru_ExDes/v_hdmi_rx_ss_0_ex/v_hdmi_rx_ss_0_ex.runs/exdes_v_tpg_0_synth_1/prj/sol/.autopilot/db/v_tpg.cpp:1404->/home/training/AUPBoard/aup_hdmi_pass_thru_2023p1_working/aup_hdmi_pass_thru_2023p1/HDMI_Pass_Thru_ExDes/v_hdmi_rx_ss_0_ex/v_hdmi_rx_ss_0_ex.runs/exdes_v_tpg_0_synth_1/prj/sol/.autopilot/db/v_tpg.cpp:628]   --->   Operation 81 'icmp' 'icmp_ln1404_1' <Predicate = (icmp_ln520 & bckgndId_load_read == 12 & !icmp_ln1404)> <Delay = 0.86> <CoreInst = "Cmp">   --->   Core 9 'Cmp' <Latency = 0> <II = 1> <Delay = 0.86> <FuncUnit> <Opcode : 'icmp'> <InPorts = 2> <OutPorts = 1>
ST_1 : Operation 82 [1/1] (0.28ns)   --->   "%and_ln1404 = and i1 %icmp_ln1404_1, i1 %empty_65" [/home/training/AUPBoard/aup_hdmi_pass_thru_2023p1_working/aup_hdmi_pass_thru_2023p1/HDMI_Pass_Thru_ExDes/v_hdmi_rx_ss_0_ex/v_hdmi_rx_ss_0_ex.runs/exdes_v_tpg_0_synth_1/prj/sol/.autopilot/db/v_tpg.cpp:1404->/home/training/AUPBoard/aup_hdmi_pass_thru_2023p1_working/aup_hdmi_pass_thru_2023p1/HDMI_Pass_Thru_ExDes/v_hdmi_rx_ss_0_ex/v_hdmi_rx_ss_0_ex.runs/exdes_v_tpg_0_synth_1/prj/sol/.autopilot/db/v_tpg.cpp:628]   --->   Operation 82 'and' 'and_ln1404' <Predicate = (icmp_ln520 & bckgndId_load_read == 12 & !icmp_ln1404)> <Delay = 0.28> <CoreInst = "LogicGate">   --->   Core 74 'LogicGate' <Latency = 0> <II = 1> <Delay = 0.28> <FuncUnit> <Opcode : 'and' 'or' 'xor'> <InPorts = 2> <OutPorts = 1>
ST_1 : Operation 83 [1/1] (0.00ns)   --->   "%br_ln1404 = br i1 %and_ln1404, void %if.else.i76, void %if.then.i72" [/home/training/AUPBoard/aup_hdmi_pass_thru_2023p1_working/aup_hdmi_pass_thru_2023p1/HDMI_Pass_Thru_ExDes/v_hdmi_rx_ss_0_ex/v_hdmi_rx_ss_0_ex.runs/exdes_v_tpg_0_synth_1/prj/sol/.autopilot/db/v_tpg.cpp:1404->/home/training/AUPBoard/aup_hdmi_pass_thru_2023p1_working/aup_hdmi_pass_thru_2023p1/HDMI_Pass_Thru_ExDes/v_hdmi_rx_ss_0_ex/v_hdmi_rx_ss_0_ex.runs/exdes_v_tpg_0_synth_1/prj/sol/.autopilot/db/v_tpg.cpp:628]   --->   Operation 83 'br' 'br_ln1404' <Predicate = (icmp_ln520 & bckgndId_load_read == 12 & !icmp_ln1404)> <Delay = 0.00>
ST_1 : Operation 84 [1/1] (0.00ns)   --->   "%br_ln1404 = br i1 %empty_65, void %if.else.i76, void %if.then.i72" [/home/training/AUPBoard/aup_hdmi_pass_thru_2023p1_working/aup_hdmi_pass_thru_2023p1/HDMI_Pass_Thru_ExDes/v_hdmi_rx_ss_0_ex/v_hdmi_rx_ss_0_ex.runs/exdes_v_tpg_0_synth_1/prj/sol/.autopilot/db/v_tpg.cpp:1404->/home/training/AUPBoard/aup_hdmi_pass_thru_2023p1_working/aup_hdmi_pass_thru_2023p1/HDMI_Pass_Thru_ExDes/v_hdmi_rx_ss_0_ex/v_hdmi_rx_ss_0_ex.runs/exdes_v_tpg_0_synth_1/prj/sol/.autopilot/db/v_tpg.cpp:628]   --->   Operation 84 'br' 'br_ln1404' <Predicate = (icmp_ln520 & bckgndId_load_read == 12 & icmp_ln1404)> <Delay = 0.00>
ST_1 : Operation 85 [1/1] (0.00ns)   --->   "%tmp_16 = partselect i10 @_ssdm_op_PartSelect.i10.i14.i32.i32, i14 %add_ln1398, i32 4, i32 13" [/home/training/AUPBoard/aup_hdmi_pass_thru_2023p1_working/aup_hdmi_pass_thru_2023p1/HDMI_Pass_Thru_ExDes/v_hdmi_rx_ss_0_ex/v_hdmi_rx_ss_0_ex.runs/exdes_v_tpg_0_synth_1/prj/sol/.autopilot/db/v_tpg.cpp:1409->/home/training/AUPBoard/aup_hdmi_pass_thru_2023p1_working/aup_hdmi_pass_thru_2023p1/HDMI_Pass_Thru_ExDes/v_hdmi_rx_ss_0_ex/v_hdmi_rx_ss_0_ex.runs/exdes_v_tpg_0_synth_1/prj/sol/.autopilot/db/v_tpg.cpp:628]   --->   Operation 85 'partselect' 'tmp_16' <Predicate = (icmp_ln520 & bckgndId_load_read == 12 & !icmp_ln1404 & !and_ln1404) | (icmp_ln520 & bckgndId_load_read == 12 & !empty_65 & icmp_ln1404)> <Delay = 0.00>
ST_1 : Operation 86 [1/1] (0.00ns)   --->   "%br_ln0 = br void %VITIS_LOOP_1420_1.i"   --->   Operation 86 'br' 'br_ln0' <Predicate = (icmp_ln520 & bckgndId_load_read == 12 & !icmp_ln1404 & !and_ln1404) | (icmp_ln520 & bckgndId_load_read == 12 & !empty_65 & icmp_ln1404)> <Delay = 0.00>
ST_1 : Operation 87 [1/1] (0.42ns)   --->   "%store_ln1406 = store i10 0, i10 %yCount_1" [/home/training/AUPBoard/aup_hdmi_pass_thru_2023p1_working/aup_hdmi_pass_thru_2023p1/HDMI_Pass_Thru_ExDes/v_hdmi_rx_ss_0_ex/v_hdmi_rx_ss_0_ex.runs/exdes_v_tpg_0_synth_1/prj/sol/.autopilot/db/v_tpg.cpp:1406->/home/training/AUPBoard/aup_hdmi_pass_thru_2023p1_working/aup_hdmi_pass_thru_2023p1/HDMI_Pass_Thru_ExDes/v_hdmi_rx_ss_0_ex/v_hdmi_rx_ss_0_ex.runs/exdes_v_tpg_0_synth_1/prj/sol/.autopilot/db/v_tpg.cpp:628]   --->   Operation 87 'store' 'store_ln1406' <Predicate = (icmp_ln520 & bckgndId_load_read == 12 & !icmp_ln1404 & and_ln1404) | (icmp_ln520 & bckgndId_load_read == 12 & empty_65 & icmp_ln1404)> <Delay = 0.42>
ST_1 : Operation 88 [1/1] (0.00ns)   --->   "%x_cast = zext i16 %x_2" [/home/training/AUPBoard/aup_hdmi_pass_thru_2023p1_working/aup_hdmi_pass_thru_2023p1/HDMI_Pass_Thru_ExDes/v_hdmi_rx_ss_0_ex/v_hdmi_rx_ss_0_ex.runs/exdes_v_tpg_0_synth_1/prj/sol/.autopilot/db/v_tpg.cpp:691]   --->   Operation 88 'zext' 'x_cast' <Predicate = (icmp_ln520 & bckgndId_load_read == 12)> <Delay = 0.00>
ST_1 : Operation 89 [1/1] (0.85ns)   --->   "%sub40_i = add i17 %zext_ln1212_cast, i17 131071"   --->   Operation 89 'add' 'sub40_i' <Predicate = (icmp_ln520 & bckgndId_load_read == 12)> <Delay = 0.85> <CoreInst = "Adder">   --->   Core 1 'Adder' <Latency = 0> <II = 1> <Delay = 0.85> <FuncUnit> <Opcode : 'add' 'sub'> <InPorts = 2> <OutPorts = 1>
ST_1 : Operation 90 [1/1] (0.00ns)   --->   "%br_ln1423 = br i1 %empty_65, void %if.else36.i, void %if.then33.1.i" [/home/training/AUPBoard/aup_hdmi_pass_thru_2023p1_working/aup_hdmi_pass_thru_2023p1/HDMI_Pass_Thru_ExDes/v_hdmi_rx_ss_0_ex/v_hdmi_rx_ss_0_ex.runs/exdes_v_tpg_0_synth_1/prj/sol/.autopilot/db/v_tpg.cpp:1423->/home/training/AUPBoard/aup_hdmi_pass_thru_2023p1_working/aup_hdmi_pass_thru_2023p1/HDMI_Pass_Thru_ExDes/v_hdmi_rx_ss_0_ex/v_hdmi_rx_ss_0_ex.runs/exdes_v_tpg_0_synth_1/prj/sol/.autopilot/db/v_tpg.cpp:628]   --->   Operation 90 'br' 'br_ln1423' <Predicate = (icmp_ln520 & bckgndId_load_read == 12)> <Delay = 0.00>
ST_1 : Operation 91 [1/1] (0.86ns)   --->   "%icmp_ln1428 = icmp_eq  i17 %sub40_i, i17 %x_cast" [/home/training/AUPBoard/aup_hdmi_pass_thru_2023p1_working/aup_hdmi_pass_thru_2023p1/HDMI_Pass_Thru_ExDes/v_hdmi_rx_ss_0_ex/v_hdmi_rx_ss_0_ex.runs/exdes_v_tpg_0_synth_1/prj/sol/.autopilot/db/v_tpg.cpp:1428->/home/training/AUPBoard/aup_hdmi_pass_thru_2023p1_working/aup_hdmi_pass_thru_2023p1/HDMI_Pass_Thru_ExDes/v_hdmi_rx_ss_0_ex/v_hdmi_rx_ss_0_ex.runs/exdes_v_tpg_0_synth_1/prj/sol/.autopilot/db/v_tpg.cpp:628]   --->   Operation 91 'icmp' 'icmp_ln1428' <Predicate = (icmp_ln520 & bckgndId_load_read == 12 & !empty_65)> <Delay = 0.86> <CoreInst = "Cmp">   --->   Core 9 'Cmp' <Latency = 0> <II = 1> <Delay = 0.86> <FuncUnit> <Opcode : 'icmp'> <InPorts = 2> <OutPorts = 1>
ST_1 : Operation 92 [1/1] (0.00ns)   --->   "%br_ln1428 = br i1 %icmp_ln1428, void %if.else46.i, void %if.then42.i" [/home/training/AUPBoard/aup_hdmi_pass_thru_2023p1_working/aup_hdmi_pass_thru_2023p1/HDMI_Pass_Thru_ExDes/v_hdmi_rx_ss_0_ex/v_hdmi_rx_ss_0_ex.runs/exdes_v_tpg_0_synth_1/prj/sol/.autopilot/db/v_tpg.cpp:1428->/home/training/AUPBoard/aup_hdmi_pass_thru_2023p1_working/aup_hdmi_pass_thru_2023p1/HDMI_Pass_Thru_ExDes/v_hdmi_rx_ss_0_ex/v_hdmi_rx_ss_0_ex.runs/exdes_v_tpg_0_synth_1/prj/sol/.autopilot/db/v_tpg.cpp:628]   --->   Operation 92 'br' 'br_ln1428' <Predicate = (icmp_ln520 & bckgndId_load_read == 12 & !empty_65)> <Delay = 0.00>
ST_1 : Operation 93 [1/1] (0.47ns)   --->   "%store_ln1431 = store i10 0, i10 %tpgPatternCrossHatch_unsigned_short_unsigned_short_unsigned_short_unsigned_sh_1" [/home/training/AUPBoard/aup_hdmi_pass_thru_2023p1_working/aup_hdmi_pass_thru_2023p1/HDMI_Pass_Thru_ExDes/v_hdmi_rx_ss_0_ex/v_hdmi_rx_ss_0_ex.runs/exdes_v_tpg_0_synth_1/prj/sol/.autopilot/db/v_tpg.cpp:1431->/home/training/AUPBoard/aup_hdmi_pass_thru_2023p1_working/aup_hdmi_pass_thru_2023p1/HDMI_Pass_Thru_ExDes/v_hdmi_rx_ss_0_ex/v_hdmi_rx_ss_0_ex.runs/exdes_v_tpg_0_synth_1/prj/sol/.autopilot/db/v_tpg.cpp:628]   --->   Operation 93 'store' 'store_ln1431' <Predicate = (icmp_ln520 & bckgndId_load_read == 12 & !empty_65 & icmp_ln1428)> <Delay = 0.47>
ST_1 : Operation 94 [1/1] (0.42ns)   --->   "%br_ln1432 = br void %if.else36.1.i" [/home/training/AUPBoard/aup_hdmi_pass_thru_2023p1_working/aup_hdmi_pass_thru_2023p1/HDMI_Pass_Thru_ExDes/v_hdmi_rx_ss_0_ex/v_hdmi_rx_ss_0_ex.runs/exdes_v_tpg_0_synth_1/prj/sol/.autopilot/db/v_tpg.cpp:1432->/home/training/AUPBoard/aup_hdmi_pass_thru_2023p1_working/aup_hdmi_pass_thru_2023p1/HDMI_Pass_Thru_ExDes/v_hdmi_rx_ss_0_ex/v_hdmi_rx_ss_0_ex.runs/exdes_v_tpg_0_synth_1/prj/sol/.autopilot/db/v_tpg.cpp:628]   --->   Operation 94 'br' 'br_ln1432' <Predicate = (icmp_ln520 & bckgndId_load_read == 12 & !empty_65 & icmp_ln1428)> <Delay = 0.42>
ST_1 : Operation 95 [1/1] (0.00ns) (grouped into LUT with out node icmp_ln1428_1)   --->   "%or_ln1428 = or i16 %x_2, i16 1" [/home/training/AUPBoard/aup_hdmi_pass_thru_2023p1_working/aup_hdmi_pass_thru_2023p1/HDMI_Pass_Thru_ExDes/v_hdmi_rx_ss_0_ex/v_hdmi_rx_ss_0_ex.runs/exdes_v_tpg_0_synth_1/prj/sol/.autopilot/db/v_tpg.cpp:1428->/home/training/AUPBoard/aup_hdmi_pass_thru_2023p1_working/aup_hdmi_pass_thru_2023p1/HDMI_Pass_Thru_ExDes/v_hdmi_rx_ss_0_ex/v_hdmi_rx_ss_0_ex.runs/exdes_v_tpg_0_synth_1/prj/sol/.autopilot/db/v_tpg.cpp:628]   --->   Operation 95 'or' 'or_ln1428' <Predicate = (icmp_ln520 & bckgndId_load_read == 12 & !empty_65)> <Delay = 0.00>
ST_1 : Operation 96 [1/1] (0.00ns) (grouped into LUT with out node icmp_ln1428_1)   --->   "%zext_ln1428 = zext i16 %or_ln1428" [/home/training/AUPBoard/aup_hdmi_pass_thru_2023p1_working/aup_hdmi_pass_thru_2023p1/HDMI_Pass_Thru_ExDes/v_hdmi_rx_ss_0_ex/v_hdmi_rx_ss_0_ex.runs/exdes_v_tpg_0_synth_1/prj/sol/.autopilot/db/v_tpg.cpp:1428->/home/training/AUPBoard/aup_hdmi_pass_thru_2023p1_working/aup_hdmi_pass_thru_2023p1/HDMI_Pass_Thru_ExDes/v_hdmi_rx_ss_0_ex/v_hdmi_rx_ss_0_ex.runs/exdes_v_tpg_0_synth_1/prj/sol/.autopilot/db/v_tpg.cpp:628]   --->   Operation 96 'zext' 'zext_ln1428' <Predicate = (icmp_ln520 & bckgndId_load_read == 12 & !empty_65)> <Delay = 0.00>
ST_1 : Operation 97 [1/1] (0.86ns) (out node of the LUT)   --->   "%icmp_ln1428_1 = icmp_eq  i17 %zext_ln1428, i17 %sub40_i" [/home/training/AUPBoard/aup_hdmi_pass_thru_2023p1_working/aup_hdmi_pass_thru_2023p1/HDMI_Pass_Thru_ExDes/v_hdmi_rx_ss_0_ex/v_hdmi_rx_ss_0_ex.runs/exdes_v_tpg_0_synth_1/prj/sol/.autopilot/db/v_tpg.cpp:1428->/home/training/AUPBoard/aup_hdmi_pass_thru_2023p1_working/aup_hdmi_pass_thru_2023p1/HDMI_Pass_Thru_ExDes/v_hdmi_rx_ss_0_ex/v_hdmi_rx_ss_0_ex.runs/exdes_v_tpg_0_synth_1/prj/sol/.autopilot/db/v_tpg.cpp:628]   --->   Operation 97 'icmp' 'icmp_ln1428_1' <Predicate = (icmp_ln520 & bckgndId_load_read == 12 & !empty_65)> <Delay = 0.86> <CoreInst = "Cmp">   --->   Core 9 'Cmp' <Latency = 0> <II = 1> <Delay = 0.86> <FuncUnit> <Opcode : 'icmp'> <InPorts = 2> <OutPorts = 1>
ST_1 : Operation 98 [1/1] (0.00ns)   --->   "%br_ln1428 = br i1 %icmp_ln1428_1, void %if.else46.1.i, void %if.then42.1.i" [/home/training/AUPBoard/aup_hdmi_pass_thru_2023p1_working/aup_hdmi_pass_thru_2023p1/HDMI_Pass_Thru_ExDes/v_hdmi_rx_ss_0_ex/v_hdmi_rx_ss_0_ex.runs/exdes_v_tpg_0_synth_1/prj/sol/.autopilot/db/v_tpg.cpp:1428->/home/training/AUPBoard/aup_hdmi_pass_thru_2023p1_working/aup_hdmi_pass_thru_2023p1/HDMI_Pass_Thru_ExDes/v_hdmi_rx_ss_0_ex/v_hdmi_rx_ss_0_ex.runs/exdes_v_tpg_0_synth_1/prj/sol/.autopilot/db/v_tpg.cpp:628]   --->   Operation 98 'br' 'br_ln1428' <Predicate = (icmp_ln520 & bckgndId_load_read == 12 & !empty_65)> <Delay = 0.00>
ST_1 : Operation 99 [1/1] (0.52ns)   --->   "%store_ln1431 = store i10 1, i10 %tpgPatternCrossHatch_unsigned_short_unsigned_short_unsigned_short_unsigned_sh" [/home/training/AUPBoard/aup_hdmi_pass_thru_2023p1_working/aup_hdmi_pass_thru_2023p1/HDMI_Pass_Thru_ExDes/v_hdmi_rx_ss_0_ex/v_hdmi_rx_ss_0_ex.runs/exdes_v_tpg_0_synth_1/prj/sol/.autopilot/db/v_tpg.cpp:1431->/home/training/AUPBoard/aup_hdmi_pass_thru_2023p1_working/aup_hdmi_pass_thru_2023p1/HDMI_Pass_Thru_ExDes/v_hdmi_rx_ss_0_ex/v_hdmi_rx_ss_0_ex.runs/exdes_v_tpg_0_synth_1/prj/sol/.autopilot/db/v_tpg.cpp:628]   --->   Operation 99 'store' 'store_ln1431' <Predicate = (icmp_ln520 & bckgndId_load_read == 12 & !empty_65 & icmp_ln1428_1)> <Delay = 0.52>
ST_1 : Operation 100 [1/1] (0.47ns)   --->   "%store_ln1426 = store i10 0, i10 %tpgPatternCrossHatch_unsigned_short_unsigned_short_unsigned_short_unsigned_sh_1" [/home/training/AUPBoard/aup_hdmi_pass_thru_2023p1_working/aup_hdmi_pass_thru_2023p1/HDMI_Pass_Thru_ExDes/v_hdmi_rx_ss_0_ex/v_hdmi_rx_ss_0_ex.runs/exdes_v_tpg_0_synth_1/prj/sol/.autopilot/db/v_tpg.cpp:1426->/home/training/AUPBoard/aup_hdmi_pass_thru_2023p1_working/aup_hdmi_pass_thru_2023p1/HDMI_Pass_Thru_ExDes/v_hdmi_rx_ss_0_ex/v_hdmi_rx_ss_0_ex.runs/exdes_v_tpg_0_synth_1/prj/sol/.autopilot/db/v_tpg.cpp:628]   --->   Operation 100 'store' 'store_ln1426' <Predicate = (icmp_ln520 & bckgndId_load_read == 12 & empty_65)> <Delay = 0.47>
ST_1 : Operation 101 [1/1] (0.52ns)   --->   "%store_ln1426 = store i10 1, i10 %tpgPatternCrossHatch_unsigned_short_unsigned_short_unsigned_short_unsigned_sh" [/home/training/AUPBoard/aup_hdmi_pass_thru_2023p1_working/aup_hdmi_pass_thru_2023p1/HDMI_Pass_Thru_ExDes/v_hdmi_rx_ss_0_ex/v_hdmi_rx_ss_0_ex.runs/exdes_v_tpg_0_synth_1/prj/sol/.autopilot/db/v_tpg.cpp:1426->/home/training/AUPBoard/aup_hdmi_pass_thru_2023p1_working/aup_hdmi_pass_thru_2023p1/HDMI_Pass_Thru_ExDes/v_hdmi_rx_ss_0_ex/v_hdmi_rx_ss_0_ex.runs/exdes_v_tpg_0_synth_1/prj/sol/.autopilot/db/v_tpg.cpp:628]   --->   Operation 101 'store' 'store_ln1426' <Predicate = (icmp_ln520 & bckgndId_load_read == 12 & empty_65)> <Delay = 0.52>
ST_1 : Operation 102 [1/1] (0.42ns)   --->   "%br_ln1427 = br void %if.end69.1.i" [/home/training/AUPBoard/aup_hdmi_pass_thru_2023p1_working/aup_hdmi_pass_thru_2023p1/HDMI_Pass_Thru_ExDes/v_hdmi_rx_ss_0_ex/v_hdmi_rx_ss_0_ex.runs/exdes_v_tpg_0_synth_1/prj/sol/.autopilot/db/v_tpg.cpp:1427->/home/training/AUPBoard/aup_hdmi_pass_thru_2023p1_working/aup_hdmi_pass_thru_2023p1/HDMI_Pass_Thru_ExDes/v_hdmi_rx_ss_0_ex/v_hdmi_rx_ss_0_ex.runs/exdes_v_tpg_0_synth_1/prj/sol/.autopilot/db/v_tpg.cpp:628]   --->   Operation 102 'br' 'br_ln1427' <Predicate = (icmp_ln520 & bckgndId_load_read == 12 & empty_65)> <Delay = 0.42>
ST_1 : Operation 103 [1/1] (0.83ns)   --->   "%add_ln1328 = add i14 %trunc_ln1_read, i14 15" [/home/training/AUPBoard/aup_hdmi_pass_thru_2023p1_working/aup_hdmi_pass_thru_2023p1/HDMI_Pass_Thru_ExDes/v_hdmi_rx_ss_0_ex/v_hdmi_rx_ss_0_ex.runs/exdes_v_tpg_0_synth_1/prj/sol/.autopilot/db/v_tpg.cpp:1328->/home/training/AUPBoard/aup_hdmi_pass_thru_2023p1_working/aup_hdmi_pass_thru_2023p1/HDMI_Pass_Thru_ExDes/v_hdmi_rx_ss_0_ex/v_hdmi_rx_ss_0_ex.runs/exdes_v_tpg_0_synth_1/prj/sol/.autopilot/db/v_tpg.cpp:620]   --->   Operation 103 'add' 'add_ln1328' <Predicate = (icmp_ln520 & bckgndId_load_read == 11)> <Delay = 0.83> <CoreInst = "Adder">   --->   Core 1 'Adder' <Latency = 0> <II = 1> <Delay = 0.83> <FuncUnit> <Opcode : 'add' 'sub'> <InPorts = 2> <OutPorts = 1>
ST_1 : Operation 104 [1/1] (0.00ns)   --->   "%trunc_ln4 = partselect i10 @_ssdm_op_PartSelect.i10.i14.i32.i32, i14 %add_ln1328, i32 4, i32 13" [/home/training/AUPBoard/aup_hdmi_pass_thru_2023p1_working/aup_hdmi_pass_thru_2023p1/HDMI_Pass_Thru_ExDes/v_hdmi_rx_ss_0_ex/v_hdmi_rx_ss_0_ex.runs/exdes_v_tpg_0_synth_1/prj/sol/.autopilot/db/v_tpg.cpp:1328->/home/training/AUPBoard/aup_hdmi_pass_thru_2023p1_working/aup_hdmi_pass_thru_2023p1/HDMI_Pass_Thru_ExDes/v_hdmi_rx_ss_0_ex/v_hdmi_rx_ss_0_ex.runs/exdes_v_tpg_0_synth_1/prj/sol/.autopilot/db/v_tpg.cpp:620]   --->   Operation 104 'partselect' 'trunc_ln4' <Predicate = (icmp_ln520 & bckgndId_load_read == 11)> <Delay = 0.00>
ST_1 : Operation 105 [1/1] (0.78ns)   --->   "%barWidthMinSamples = add i10 %trunc_ln4, i10 1022" [/home/training/AUPBoard/aup_hdmi_pass_thru_2023p1_working/aup_hdmi_pass_thru_2023p1/HDMI_Pass_Thru_ExDes/v_hdmi_rx_ss_0_ex/v_hdmi_rx_ss_0_ex.runs/exdes_v_tpg_0_synth_1/prj/sol/.autopilot/db/v_tpg.cpp:1328->/home/training/AUPBoard/aup_hdmi_pass_thru_2023p1_working/aup_hdmi_pass_thru_2023p1/HDMI_Pass_Thru_ExDes/v_hdmi_rx_ss_0_ex/v_hdmi_rx_ss_0_ex.runs/exdes_v_tpg_0_synth_1/prj/sol/.autopilot/db/v_tpg.cpp:620]   --->   Operation 105 'add' 'barWidthMinSamples' <Predicate = (icmp_ln520 & bckgndId_load_read == 11)> <Delay = 0.78> <CoreInst = "Adder">   --->   Core 1 'Adder' <Latency = 0> <II = 1> <Delay = 0.78> <FuncUnit> <Opcode : 'add' 'sub'> <InPorts = 2> <OutPorts = 1>
ST_1 : Operation 106 [1/1] (0.83ns)   --->   "%add_ln1329 = add i14 %trunc_ln_read, i14 15" [/home/training/AUPBoard/aup_hdmi_pass_thru_2023p1_working/aup_hdmi_pass_thru_2023p1/HDMI_Pass_Thru_ExDes/v_hdmi_rx_ss_0_ex/v_hdmi_rx_ss_0_ex.runs/exdes_v_tpg_0_synth_1/prj/sol/.autopilot/db/v_tpg.cpp:1329->/home/training/AUPBoard/aup_hdmi_pass_thru_2023p1_working/aup_hdmi_pass_thru_2023p1/HDMI_Pass_Thru_ExDes/v_hdmi_rx_ss_0_ex/v_hdmi_rx_ss_0_ex.runs/exdes_v_tpg_0_synth_1/prj/sol/.autopilot/db/v_tpg.cpp:620]   --->   Operation 106 'add' 'add_ln1329' <Predicate = (icmp_ln520 & bckgndId_load_read == 11)> <Delay = 0.83> <CoreInst = "Adder">   --->   Core 1 'Adder' <Latency = 0> <II = 1> <Delay = 0.83> <FuncUnit> <Opcode : 'add' 'sub'> <InPorts = 2> <OutPorts = 1>
ST_1 : Operation 107 [1/1] (0.00ns) (grouped into LUT with out node icmp_ln1336)   --->   "%or_ln1336 = or i16 %x_2, i16 %y_read" [/home/training/AUPBoard/aup_hdmi_pass_thru_2023p1_working/aup_hdmi_pass_thru_2023p1/HDMI_Pass_Thru_ExDes/v_hdmi_rx_ss_0_ex/v_hdmi_rx_ss_0_ex.runs/exdes_v_tpg_0_synth_1/prj/sol/.autopilot/db/v_tpg.cpp:1336->/home/training/AUPBoard/aup_hdmi_pass_thru_2023p1_working/aup_hdmi_pass_thru_2023p1/HDMI_Pass_Thru_ExDes/v_hdmi_rx_ss_0_ex/v_hdmi_rx_ss_0_ex.runs/exdes_v_tpg_0_synth_1/prj/sol/.autopilot/db/v_tpg.cpp:620]   --->   Operation 107 'or' 'or_ln1336' <Predicate = (icmp_ln520 & bckgndId_load_read == 11)> <Delay = 0.00> <CoreInst = "LogicGate">   --->   Core 74 'LogicGate' <Latency = 0> <II = 1> <Delay = 0.36> <FuncUnit> <Opcode : 'and' 'or' 'xor'> <InPorts = 2> <OutPorts = 1>
ST_1 : Operation 108 [1/1] (0.85ns) (out node of the LUT)   --->   "%icmp_ln1336 = icmp_eq  i16 %or_ln1336, i16 0" [/home/training/AUPBoard/aup_hdmi_pass_thru_2023p1_working/aup_hdmi_pass_thru_2023p1/HDMI_Pass_Thru_ExDes/v_hdmi_rx_ss_0_ex/v_hdmi_rx_ss_0_ex.runs/exdes_v_tpg_0_synth_1/prj/sol/.autopilot/db/v_tpg.cpp:1336->/home/training/AUPBoard/aup_hdmi_pass_thru_2023p1_working/aup_hdmi_pass_thru_2023p1/HDMI_Pass_Thru_ExDes/v_hdmi_rx_ss_0_ex/v_hdmi_rx_ss_0_ex.runs/exdes_v_tpg_0_synth_1/prj/sol/.autopilot/db/v_tpg.cpp:620]   --->   Operation 108 'icmp' 'icmp_ln1336' <Predicate = (icmp_ln520 & bckgndId_load_read == 11)> <Delay = 0.85> <CoreInst = "Cmp">   --->   Core 9 'Cmp' <Latency = 0> <II = 1> <Delay = 0.85> <FuncUnit> <Opcode : 'icmp'> <InPorts = 2> <OutPorts = 1>
ST_1 : Operation 109 [1/1] (0.00ns)   --->   "%br_ln1336 = br i1 %icmp_ln1336, void %if.else.i107, void %if.then.i103" [/home/training/AUPBoard/aup_hdmi_pass_thru_2023p1_working/aup_hdmi_pass_thru_2023p1/HDMI_Pass_Thru_ExDes/v_hdmi_rx_ss_0_ex/v_hdmi_rx_ss_0_ex.runs/exdes_v_tpg_0_synth_1/prj/sol/.autopilot/db/v_tpg.cpp:1336->/home/training/AUPBoard/aup_hdmi_pass_thru_2023p1_working/aup_hdmi_pass_thru_2023p1/HDMI_Pass_Thru_ExDes/v_hdmi_rx_ss_0_ex/v_hdmi_rx_ss_0_ex.runs/exdes_v_tpg_0_synth_1/prj/sol/.autopilot/db/v_tpg.cpp:620]   --->   Operation 109 'br' 'br_ln1336' <Predicate = (icmp_ln520 & bckgndId_load_read == 11)> <Delay = 0.00>
ST_1 : Operation 110 [1/1] (0.00ns)   --->   "%tmp_13 = partselect i10 @_ssdm_op_PartSelect.i10.i14.i32.i32, i14 %add_ln1329, i32 4, i32 13" [/home/training/AUPBoard/aup_hdmi_pass_thru_2023p1_working/aup_hdmi_pass_thru_2023p1/HDMI_Pass_Thru_ExDes/v_hdmi_rx_ss_0_ex/v_hdmi_rx_ss_0_ex.runs/exdes_v_tpg_0_synth_1/prj/sol/.autopilot/db/v_tpg.cpp:1341->/home/training/AUPBoard/aup_hdmi_pass_thru_2023p1_working/aup_hdmi_pass_thru_2023p1/HDMI_Pass_Thru_ExDes/v_hdmi_rx_ss_0_ex/v_hdmi_rx_ss_0_ex.runs/exdes_v_tpg_0_synth_1/prj/sol/.autopilot/db/v_tpg.cpp:620]   --->   Operation 110 'partselect' 'tmp_13' <Predicate = (icmp_ln520 & bckgndId_load_read == 11 & !icmp_ln1336)> <Delay = 0.00>
ST_1 : Operation 111 [1/1] (0.42ns)   --->   "%store_ln1338 = store i10 0, i10 %yCount" [/home/training/AUPBoard/aup_hdmi_pass_thru_2023p1_working/aup_hdmi_pass_thru_2023p1/HDMI_Pass_Thru_ExDes/v_hdmi_rx_ss_0_ex/v_hdmi_rx_ss_0_ex.runs/exdes_v_tpg_0_synth_1/prj/sol/.autopilot/db/v_tpg.cpp:1338->/home/training/AUPBoard/aup_hdmi_pass_thru_2023p1_working/aup_hdmi_pass_thru_2023p1/HDMI_Pass_Thru_ExDes/v_hdmi_rx_ss_0_ex/v_hdmi_rx_ss_0_ex.runs/exdes_v_tpg_0_synth_1/prj/sol/.autopilot/db/v_tpg.cpp:620]   --->   Operation 111 'store' 'store_ln1338' <Predicate = (icmp_ln520 & bckgndId_load_read == 11 & icmp_ln1336)> <Delay = 0.42>
ST_1 : Operation 112 [1/1] (0.42ns)   --->   "%store_ln1339 = store i3 0, i3 %vBarSel" [/home/training/AUPBoard/aup_hdmi_pass_thru_2023p1_working/aup_hdmi_pass_thru_2023p1/HDMI_Pass_Thru_ExDes/v_hdmi_rx_ss_0_ex/v_hdmi_rx_ss_0_ex.runs/exdes_v_tpg_0_synth_1/prj/sol/.autopilot/db/v_tpg.cpp:1339->/home/training/AUPBoard/aup_hdmi_pass_thru_2023p1_working/aup_hdmi_pass_thru_2023p1/HDMI_Pass_Thru_ExDes/v_hdmi_rx_ss_0_ex/v_hdmi_rx_ss_0_ex.runs/exdes_v_tpg_0_synth_1/prj/sol/.autopilot/db/v_tpg.cpp:620]   --->   Operation 112 'store' 'store_ln1339' <Predicate = (icmp_ln520 & bckgndId_load_read == 11 & icmp_ln1336)> <Delay = 0.42>
ST_1 : Operation 113 [1/1] (0.42ns)   --->   "%store_ln1357 = store i3 0, i3 %tpgPatternTartanColorBars_unsigned_short_unsigned_short_unsigned_short_unsign_3" [/home/training/AUPBoard/aup_hdmi_pass_thru_2023p1_working/aup_hdmi_pass_thru_2023p1/HDMI_Pass_Thru_ExDes/v_hdmi_rx_ss_0_ex/v_hdmi_rx_ss_0_ex.runs/exdes_v_tpg_0_synth_1/prj/sol/.autopilot/db/v_tpg.cpp:1357->/home/training/AUPBoard/aup_hdmi_pass_thru_2023p1_working/aup_hdmi_pass_thru_2023p1/HDMI_Pass_Thru_ExDes/v_hdmi_rx_ss_0_ex/v_hdmi_rx_ss_0_ex.runs/exdes_v_tpg_0_synth_1/prj/sol/.autopilot/db/v_tpg.cpp:620]   --->   Operation 113 'store' 'store_ln1357' <Predicate = (icmp_ln520 & bckgndId_load_read == 11 & empty_65)> <Delay = 0.42>
ST_1 : Operation 114 [1/1] (0.47ns)   --->   "%store_ln1358 = store i10 0, i10 %tpgPatternTartanColorBars_unsigned_short_unsigned_short_unsigned_short_unsign_1" [/home/training/AUPBoard/aup_hdmi_pass_thru_2023p1_working/aup_hdmi_pass_thru_2023p1/HDMI_Pass_Thru_ExDes/v_hdmi_rx_ss_0_ex/v_hdmi_rx_ss_0_ex.runs/exdes_v_tpg_0_synth_1/prj/sol/.autopilot/db/v_tpg.cpp:1358->/home/training/AUPBoard/aup_hdmi_pass_thru_2023p1_working/aup_hdmi_pass_thru_2023p1/HDMI_Pass_Thru_ExDes/v_hdmi_rx_ss_0_ex/v_hdmi_rx_ss_0_ex.runs/exdes_v_tpg_0_synth_1/prj/sol/.autopilot/db/v_tpg.cpp:620]   --->   Operation 114 'store' 'store_ln1358' <Predicate = (icmp_ln520 & bckgndId_load_read == 11 & empty_65)> <Delay = 0.47>
ST_1 : Operation 115 [1/1] (0.42ns)   --->   "%store_ln1357 = store i3 0, i3 %tpgPatternTartanColorBars_unsigned_short_unsigned_short_unsigned_short_unsign_2" [/home/training/AUPBoard/aup_hdmi_pass_thru_2023p1_working/aup_hdmi_pass_thru_2023p1/HDMI_Pass_Thru_ExDes/v_hdmi_rx_ss_0_ex/v_hdmi_rx_ss_0_ex.runs/exdes_v_tpg_0_synth_1/prj/sol/.autopilot/db/v_tpg.cpp:1357->/home/training/AUPBoard/aup_hdmi_pass_thru_2023p1_working/aup_hdmi_pass_thru_2023p1/HDMI_Pass_Thru_ExDes/v_hdmi_rx_ss_0_ex/v_hdmi_rx_ss_0_ex.runs/exdes_v_tpg_0_synth_1/prj/sol/.autopilot/db/v_tpg.cpp:620]   --->   Operation 115 'store' 'store_ln1357' <Predicate = (icmp_ln520 & bckgndId_load_read == 11 & empty_65)> <Delay = 0.42>
ST_1 : Operation 116 [1/1] (0.47ns)   --->   "%store_ln1358 = store i10 1, i10 %tpgPatternTartanColorBars_unsigned_short_unsigned_short_unsigned_short_unsign" [/home/training/AUPBoard/aup_hdmi_pass_thru_2023p1_working/aup_hdmi_pass_thru_2023p1/HDMI_Pass_Thru_ExDes/v_hdmi_rx_ss_0_ex/v_hdmi_rx_ss_0_ex.runs/exdes_v_tpg_0_synth_1/prj/sol/.autopilot/db/v_tpg.cpp:1358->/home/training/AUPBoard/aup_hdmi_pass_thru_2023p1_working/aup_hdmi_pass_thru_2023p1/HDMI_Pass_Thru_ExDes/v_hdmi_rx_ss_0_ex/v_hdmi_rx_ss_0_ex.runs/exdes_v_tpg_0_synth_1/prj/sol/.autopilot/db/v_tpg.cpp:620]   --->   Operation 116 'store' 'store_ln1358' <Predicate = (icmp_ln520 & bckgndId_load_read == 11 & empty_65)> <Delay = 0.47>
ST_1 : Operation 117 [1/1] (0.47ns)   --->   "%store_ln1203 = store i11 0, i11 %tpgPatternColorBars_unsigned_short_unsigned_short_unsigned_char_int_xBar" [/home/training/AUPBoard/aup_hdmi_pass_thru_2023p1_working/aup_hdmi_pass_thru_2023p1/HDMI_Pass_Thru_ExDes/v_hdmi_rx_ss_0_ex/v_hdmi_rx_ss_0_ex.runs/exdes_v_tpg_0_synth_1/prj/sol/.autopilot/db/v_tpg.cpp:1203->/home/training/AUPBoard/aup_hdmi_pass_thru_2023p1_working/aup_hdmi_pass_thru_2023p1/HDMI_Pass_Thru_ExDes/v_hdmi_rx_ss_0_ex/v_hdmi_rx_ss_0_ex.runs/exdes_v_tpg_0_synth_1/prj/sol/.autopilot/db/v_tpg.cpp:604]   --->   Operation 117 'store' 'store_ln1203' <Predicate = (icmp_ln520 & bckgndId_load_read == 9 & empty_65)> <Delay = 0.47>
ST_1 : Operation 118 [1/1] (0.47ns)   --->   "%store_ln1203 = store i11 1, i11 %tpgPatternColorBars_unsigned_short_unsigned_short_unsigned_char_int_xBar_6" [/home/training/AUPBoard/aup_hdmi_pass_thru_2023p1_working/aup_hdmi_pass_thru_2023p1/HDMI_Pass_Thru_ExDes/v_hdmi_rx_ss_0_ex/v_hdmi_rx_ss_0_ex.runs/exdes_v_tpg_0_synth_1/prj/sol/.autopilot/db/v_tpg.cpp:1203->/home/training/AUPBoard/aup_hdmi_pass_thru_2023p1_working/aup_hdmi_pass_thru_2023p1/HDMI_Pass_Thru_ExDes/v_hdmi_rx_ss_0_ex/v_hdmi_rx_ss_0_ex.runs/exdes_v_tpg_0_synth_1/prj/sol/.autopilot/db/v_tpg.cpp:604]   --->   Operation 118 'store' 'store_ln1203' <Predicate = (icmp_ln520 & bckgndId_load_read == 9 & empty_65)> <Delay = 0.47>
ST_1 : Operation 119 [1/1] (0.85ns)   --->   "%icmp_ln691 = icmp_ult  i16 %x_2, i16 %passthruStartX_load_read" [/home/training/AUPBoard/aup_hdmi_pass_thru_2023p1_working/aup_hdmi_pass_thru_2023p1/HDMI_Pass_Thru_ExDes/v_hdmi_rx_ss_0_ex/v_hdmi_rx_ss_0_ex.runs/exdes_v_tpg_0_synth_1/prj/sol/.autopilot/db/v_tpg.cpp:691]   --->   Operation 119 'icmp' 'icmp_ln691' <Predicate = (icmp_ln520 & cmp8_read)> <Delay = 0.85> <CoreInst = "Cmp">   --->   Core 9 'Cmp' <Latency = 0> <II = 1> <Delay = 0.85> <FuncUnit> <Opcode : 'icmp'> <InPorts = 2> <OutPorts = 1>
ST_1 : Operation 120 [1/1] (0.85ns)   --->   "%icmp_ln691_1 = icmp_ult  i16 %x_2, i16 %passthruEndX_load_read" [/home/training/AUPBoard/aup_hdmi_pass_thru_2023p1_working/aup_hdmi_pass_thru_2023p1/HDMI_Pass_Thru_ExDes/v_hdmi_rx_ss_0_ex/v_hdmi_rx_ss_0_ex.runs/exdes_v_tpg_0_synth_1/prj/sol/.autopilot/db/v_tpg.cpp:691]   --->   Operation 120 'icmp' 'icmp_ln691_1' <Predicate = (icmp_ln520 & cmp8_read)> <Delay = 0.85> <CoreInst = "Cmp">   --->   Core 9 'Cmp' <Latency = 0> <II = 1> <Delay = 0.85> <FuncUnit> <Opcode : 'icmp'> <InPorts = 2> <OutPorts = 1>
ST_1 : Operation 121 [1/1] (0.00ns) (grouped into LUT with out node or_ln691_2)   --->   "%xor_ln691 = xor i1 %icmp_ln691_1, i1 1" [/home/training/AUPBoard/aup_hdmi_pass_thru_2023p1_working/aup_hdmi_pass_thru_2023p1/HDMI_Pass_Thru_ExDes/v_hdmi_rx_ss_0_ex/v_hdmi_rx_ss_0_ex.runs/exdes_v_tpg_0_synth_1/prj/sol/.autopilot/db/v_tpg.cpp:691]   --->   Operation 121 'xor' 'xor_ln691' <Predicate = (icmp_ln520 & cmp8_read)> <Delay = 0.00> <CoreInst = "LogicGate">   --->   Core 74 'LogicGate' <Latency = 0> <II = 1> <Delay = 0.28> <FuncUnit> <Opcode : 'and' 'or' 'xor'> <InPorts = 2> <OutPorts = 1>
ST_1 : Operation 122 [1/1] (0.00ns) (grouped into LUT with out node or_ln691_2)   --->   "%or_ln691_1 = or i1 %icmp_ln691, i1 %cmp68_not_read" [/home/training/AUPBoard/aup_hdmi_pass_thru_2023p1_working/aup_hdmi_pass_thru_2023p1/HDMI_Pass_Thru_ExDes/v_hdmi_rx_ss_0_ex/v_hdmi_rx_ss_0_ex.runs/exdes_v_tpg_0_synth_1/prj/sol/.autopilot/db/v_tpg.cpp:691]   --->   Operation 122 'or' 'or_ln691_1' <Predicate = (icmp_ln520 & cmp8_read)> <Delay = 0.00> <CoreInst = "LogicGate">   --->   Core 74 'LogicGate' <Latency = 0> <II = 1> <Delay = 0.28> <FuncUnit> <Opcode : 'and' 'or' 'xor'> <InPorts = 2> <OutPorts = 1>
ST_1 : Operation 123 [1/1] (0.00ns) (grouped into LUT with out node or_ln691_2)   --->   "%or_ln691 = or i1 %xor_ln691, i1 %cmp59_not_read" [/home/training/AUPBoard/aup_hdmi_pass_thru_2023p1_working/aup_hdmi_pass_thru_2023p1/HDMI_Pass_Thru_ExDes/v_hdmi_rx_ss_0_ex/v_hdmi_rx_ss_0_ex.runs/exdes_v_tpg_0_synth_1/prj/sol/.autopilot/db/v_tpg.cpp:691]   --->   Operation 123 'or' 'or_ln691' <Predicate = (icmp_ln520 & cmp8_read)> <Delay = 0.00> <CoreInst = "LogicGate">   --->   Core 74 'LogicGate' <Latency = 0> <II = 1> <Delay = 0.28> <FuncUnit> <Opcode : 'and' 'or' 'xor'> <InPorts = 2> <OutPorts = 1>
ST_1 : Operation 124 [1/1] (0.28ns) (out node of the LUT)   --->   "%or_ln691_2 = or i1 %or_ln691, i1 %or_ln691_1" [/home/training/AUPBoard/aup_hdmi_pass_thru_2023p1_working/aup_hdmi_pass_thru_2023p1/HDMI_Pass_Thru_ExDes/v_hdmi_rx_ss_0_ex/v_hdmi_rx_ss_0_ex.runs/exdes_v_tpg_0_synth_1/prj/sol/.autopilot/db/v_tpg.cpp:691]   --->   Operation 124 'or' 'or_ln691_2' <Predicate = (icmp_ln520 & cmp8_read)> <Delay = 0.28> <CoreInst = "LogicGate">   --->   Core 74 'LogicGate' <Latency = 0> <II = 1> <Delay = 0.28> <FuncUnit> <Opcode : 'and' 'or' 'xor'> <InPorts = 2> <OutPorts = 1>
ST_1 : Operation 125 [1/1] (0.00ns)   --->   "%or_ln691_3 = or i16 %x_2, i16 1" [/home/training/AUPBoard/aup_hdmi_pass_thru_2023p1_working/aup_hdmi_pass_thru_2023p1/HDMI_Pass_Thru_ExDes/v_hdmi_rx_ss_0_ex/v_hdmi_rx_ss_0_ex.runs/exdes_v_tpg_0_synth_1/prj/sol/.autopilot/db/v_tpg.cpp:691]   --->   Operation 125 'or' 'or_ln691_3' <Predicate = (icmp_ln520 & cmp8_read)> <Delay = 0.00>
ST_1 : Operation 126 [1/1] (0.85ns)   --->   "%icmp_ln691_2 = icmp_ult  i16 %or_ln691_3, i16 %passthruStartX_load_read" [/home/training/AUPBoard/aup_hdmi_pass_thru_2023p1_working/aup_hdmi_pass_thru_2023p1/HDMI_Pass_Thru_ExDes/v_hdmi_rx_ss_0_ex/v_hdmi_rx_ss_0_ex.runs/exdes_v_tpg_0_synth_1/prj/sol/.autopilot/db/v_tpg.cpp:691]   --->   Operation 126 'icmp' 'icmp_ln691_2' <Predicate = (icmp_ln520 & cmp8_read)> <Delay = 0.85> <CoreInst = "Cmp">   --->   Core 9 'Cmp' <Latency = 0> <II = 1> <Delay = 0.85> <FuncUnit> <Opcode : 'icmp'> <InPorts = 2> <OutPorts = 1>
ST_1 : Operation 127 [1/1] (0.85ns)   --->   "%icmp_ln691_3 = icmp_ult  i16 %or_ln691_3, i16 %passthruEndX_load_read" [/home/training/AUPBoard/aup_hdmi_pass_thru_2023p1_working/aup_hdmi_pass_thru_2023p1/HDMI_Pass_Thru_ExDes/v_hdmi_rx_ss_0_ex/v_hdmi_rx_ss_0_ex.runs/exdes_v_tpg_0_synth_1/prj/sol/.autopilot/db/v_tpg.cpp:691]   --->   Operation 127 'icmp' 'icmp_ln691_3' <Predicate = (icmp_ln520 & cmp8_read)> <Delay = 0.85> <CoreInst = "Cmp">   --->   Core 9 'Cmp' <Latency = 0> <II = 1> <Delay = 0.85> <FuncUnit> <Opcode : 'icmp'> <InPorts = 2> <OutPorts = 1>
ST_1 : Operation 128 [1/1] (0.00ns) (grouped into LUT with out node or_ln691_6)   --->   "%xor_ln691_1 = xor i1 %icmp_ln691_3, i1 1" [/home/training/AUPBoard/aup_hdmi_pass_thru_2023p1_working/aup_hdmi_pass_thru_2023p1/HDMI_Pass_Thru_ExDes/v_hdmi_rx_ss_0_ex/v_hdmi_rx_ss_0_ex.runs/exdes_v_tpg_0_synth_1/prj/sol/.autopilot/db/v_tpg.cpp:691]   --->   Operation 128 'xor' 'xor_ln691_1' <Predicate = (icmp_ln520 & cmp8_read)> <Delay = 0.00> <CoreInst = "LogicGate">   --->   Core 74 'LogicGate' <Latency = 0> <II = 1> <Delay = 0.28> <FuncUnit> <Opcode : 'and' 'or' 'xor'> <InPorts = 2> <OutPorts = 1>
ST_1 : Operation 129 [1/1] (0.00ns) (grouped into LUT with out node or_ln691_6)   --->   "%or_ln691_5 = or i1 %cmp59_not_read, i1 %cmp68_not_read" [/home/training/AUPBoard/aup_hdmi_pass_thru_2023p1_working/aup_hdmi_pass_thru_2023p1/HDMI_Pass_Thru_ExDes/v_hdmi_rx_ss_0_ex/v_hdmi_rx_ss_0_ex.runs/exdes_v_tpg_0_synth_1/prj/sol/.autopilot/db/v_tpg.cpp:691]   --->   Operation 129 'or' 'or_ln691_5' <Predicate = (icmp_ln520 & cmp8_read)> <Delay = 0.00> <CoreInst = "LogicGate">   --->   Core 74 'LogicGate' <Latency = 0> <II = 1> <Delay = 0.28> <FuncUnit> <Opcode : 'and' 'or' 'xor'> <InPorts = 2> <OutPorts = 1>
ST_1 : Operation 130 [1/1] (0.00ns) (grouped into LUT with out node or_ln691_6)   --->   "%or_ln691_4 = or i1 %icmp_ln691_2, i1 %or_ln691_5" [/home/training/AUPBoard/aup_hdmi_pass_thru_2023p1_working/aup_hdmi_pass_thru_2023p1/HDMI_Pass_Thru_ExDes/v_hdmi_rx_ss_0_ex/v_hdmi_rx_ss_0_ex.runs/exdes_v_tpg_0_synth_1/prj/sol/.autopilot/db/v_tpg.cpp:691]   --->   Operation 130 'or' 'or_ln691_4' <Predicate = (icmp_ln520 & cmp8_read)> <Delay = 0.00> <CoreInst = "LogicGate">   --->   Core 74 'LogicGate' <Latency = 0> <II = 1> <Delay = 0.28> <FuncUnit> <Opcode : 'and' 'or' 'xor'> <InPorts = 2> <OutPorts = 1>
ST_1 : Operation 131 [1/1] (0.28ns) (out node of the LUT)   --->   "%or_ln691_6 = or i1 %or_ln691_4, i1 %xor_ln691_1" [/home/training/AUPBoard/aup_hdmi_pass_thru_2023p1_working/aup_hdmi_pass_thru_2023p1/HDMI_Pass_Thru_ExDes/v_hdmi_rx_ss_0_ex/v_hdmi_rx_ss_0_ex.runs/exdes_v_tpg_0_synth_1/prj/sol/.autopilot/db/v_tpg.cpp:691]   --->   Operation 131 'or' 'or_ln691_6' <Predicate = (icmp_ln520 & cmp8_read)> <Delay = 0.28> <CoreInst = "LogicGate">   --->   Core 74 'LogicGate' <Latency = 0> <II = 1> <Delay = 0.28> <FuncUnit> <Opcode : 'and' 'or' 'xor'> <InPorts = 2> <OutPorts = 1>
ST_1 : Operation 132 [1/1] (0.85ns)   --->   "%x_3 = add i16 %x_2, i16 2" [/home/training/AUPBoard/aup_hdmi_pass_thru_2023p1_working/aup_hdmi_pass_thru_2023p1/HDMI_Pass_Thru_ExDes/v_hdmi_rx_ss_0_ex/v_hdmi_rx_ss_0_ex.runs/exdes_v_tpg_0_synth_1/prj/sol/.autopilot/db/v_tpg.cpp:520]   --->   Operation 132 'add' 'x_3' <Predicate = (icmp_ln520)> <Delay = 0.85> <CoreInst = "Adder">   --->   Core 1 'Adder' <Latency = 0> <II = 1> <Delay = 0.85> <FuncUnit> <Opcode : 'add' 'sub'> <InPorts = 2> <OutPorts = 1>
ST_1 : Operation 133 [1/1] (0.42ns)   --->   "%store_ln520 = store i16 %x_3, i16 %x" [/home/training/AUPBoard/aup_hdmi_pass_thru_2023p1_working/aup_hdmi_pass_thru_2023p1/HDMI_Pass_Thru_ExDes/v_hdmi_rx_ss_0_ex/v_hdmi_rx_ss_0_ex.runs/exdes_v_tpg_0_synth_1/prj/sol/.autopilot/db/v_tpg.cpp:520]   --->   Operation 133 'store' 'store_ln520' <Predicate = (icmp_ln520)> <Delay = 0.42>

State 2 <SV = 1> <Delay = 2.29>
ST_2 : Operation 134 [1/1] (0.00ns)   --->   "%zext_ln1523_1 = zext i10 %tmp_15" [/home/training/AUPBoard/aup_hdmi_pass_thru_2023p1_working/aup_hdmi_pass_thru_2023p1/HDMI_Pass_Thru_ExDes/v_hdmi_rx_ss_0_ex/v_hdmi_rx_ss_0_ex.runs/exdes_v_tpg_0_synth_1/prj/sol/.autopilot/db/v_tpg.cpp:1523->/home/training/AUPBoard/aup_hdmi_pass_thru_2023p1_working/aup_hdmi_pass_thru_2023p1/HDMI_Pass_Thru_ExDes/v_hdmi_rx_ss_0_ex/v_hdmi_rx_ss_0_ex.runs/exdes_v_tpg_0_synth_1/prj/sol/.autopilot/db/v_tpg.cpp:652]   --->   Operation 134 'zext' 'zext_ln1523_1' <Predicate = (icmp_ln520 & bckgndId_load_read == 15 & !icmp_ln1518)> <Delay = 0.00>
ST_2 : Operation 135 [1/1] (0.78ns)   --->   "%add_ln1523 = add i11 %zext_ln1523_1, i11 2047" [/home/training/AUPBoard/aup_hdmi_pass_thru_2023p1_working/aup_hdmi_pass_thru_2023p1/HDMI_Pass_Thru_ExDes/v_hdmi_rx_ss_0_ex/v_hdmi_rx_ss_0_ex.runs/exdes_v_tpg_0_synth_1/prj/sol/.autopilot/db/v_tpg.cpp:1523->/home/training/AUPBoard/aup_hdmi_pass_thru_2023p1_working/aup_hdmi_pass_thru_2023p1/HDMI_Pass_Thru_ExDes/v_hdmi_rx_ss_0_ex/v_hdmi_rx_ss_0_ex.runs/exdes_v_tpg_0_synth_1/prj/sol/.autopilot/db/v_tpg.cpp:652]   --->   Operation 135 'add' 'add_ln1523' <Predicate = (icmp_ln520 & bckgndId_load_read == 15 & !icmp_ln1518)> <Delay = 0.78> <CoreInst = "Adder">   --->   Core 1 'Adder' <Latency = 0> <II = 1> <Delay = 0.78> <FuncUnit> <Opcode : 'add' 'sub'> <InPorts = 2> <OutPorts = 1>
ST_2 : Operation 136 [1/1] (0.00ns)   --->   "%yCount_2_load = load i10 %yCount_2" [/home/training/AUPBoard/aup_hdmi_pass_thru_2023p1_working/aup_hdmi_pass_thru_2023p1/HDMI_Pass_Thru_ExDes/v_hdmi_rx_ss_0_ex/v_hdmi_rx_ss_0_ex.runs/exdes_v_tpg_0_synth_1/prj/sol/.autopilot/db/v_tpg.cpp:1523->/home/training/AUPBoard/aup_hdmi_pass_thru_2023p1_working/aup_hdmi_pass_thru_2023p1/HDMI_Pass_Thru_ExDes/v_hdmi_rx_ss_0_ex/v_hdmi_rx_ss_0_ex.runs/exdes_v_tpg_0_synth_1/prj/sol/.autopilot/db/v_tpg.cpp:652]   --->   Operation 136 'load' 'yCount_2_load' <Predicate = (icmp_ln520 & bckgndId_load_read == 15 & !icmp_ln1518)> <Delay = 0.00>
ST_2 : Operation 137 [1/1] (0.00ns)   --->   "%zext_ln1523 = zext i10 %yCount_2_load" [/home/training/AUPBoard/aup_hdmi_pass_thru_2023p1_working/aup_hdmi_pass_thru_2023p1/HDMI_Pass_Thru_ExDes/v_hdmi_rx_ss_0_ex/v_hdmi_rx_ss_0_ex.runs/exdes_v_tpg_0_synth_1/prj/sol/.autopilot/db/v_tpg.cpp:1523->/home/training/AUPBoard/aup_hdmi_pass_thru_2023p1_working/aup_hdmi_pass_thru_2023p1/HDMI_Pass_Thru_ExDes/v_hdmi_rx_ss_0_ex/v_hdmi_rx_ss_0_ex.runs/exdes_v_tpg_0_synth_1/prj/sol/.autopilot/db/v_tpg.cpp:652]   --->   Operation 137 'zext' 'zext_ln1523' <Predicate = (icmp_ln520 & bckgndId_load_read == 15 & !icmp_ln1518)> <Delay = 0.00>
ST_2 : Operation 138 [1/1] (0.79ns)   --->   "%icmp_ln1523 = icmp_sgt  i11 %add_ln1523, i11 %zext_ln1523" [/home/training/AUPBoard/aup_hdmi_pass_thru_2023p1_working/aup_hdmi_pass_thru_2023p1/HDMI_Pass_Thru_ExDes/v_hdmi_rx_ss_0_ex/v_hdmi_rx_ss_0_ex.runs/exdes_v_tpg_0_synth_1/prj/sol/.autopilot/db/v_tpg.cpp:1523->/home/training/AUPBoard/aup_hdmi_pass_thru_2023p1_working/aup_hdmi_pass_thru_2023p1/HDMI_Pass_Thru_ExDes/v_hdmi_rx_ss_0_ex/v_hdmi_rx_ss_0_ex.runs/exdes_v_tpg_0_synth_1/prj/sol/.autopilot/db/v_tpg.cpp:652]   --->   Operation 138 'icmp' 'icmp_ln1523' <Predicate = (icmp_ln520 & bckgndId_load_read == 15 & !icmp_ln1518)> <Delay = 0.79> <CoreInst = "Cmp">   --->   Core 9 'Cmp' <Latency = 0> <II = 1> <Delay = 0.79> <FuncUnit> <Opcode : 'icmp'> <InPorts = 2> <OutPorts = 1>
ST_2 : Operation 139 [1/1] (0.28ns)   --->   "%and_ln1523 = and i1 %icmp_ln1523, i1 %empty_65" [/home/training/AUPBoard/aup_hdmi_pass_thru_2023p1_working/aup_hdmi_pass_thru_2023p1/HDMI_Pass_Thru_ExDes/v_hdmi_rx_ss_0_ex/v_hdmi_rx_ss_0_ex.runs/exdes_v_tpg_0_synth_1/prj/sol/.autopilot/db/v_tpg.cpp:1523->/home/training/AUPBoard/aup_hdmi_pass_thru_2023p1_working/aup_hdmi_pass_thru_2023p1/HDMI_Pass_Thru_ExDes/v_hdmi_rx_ss_0_ex/v_hdmi_rx_ss_0_ex.runs/exdes_v_tpg_0_synth_1/prj/sol/.autopilot/db/v_tpg.cpp:652]   --->   Operation 139 'and' 'and_ln1523' <Predicate = (icmp_ln520 & bckgndId_load_read == 15 & !icmp_ln1518)> <Delay = 0.28> <CoreInst = "LogicGate">   --->   Core 74 'LogicGate' <Latency = 0> <II = 1> <Delay = 0.28> <FuncUnit> <Opcode : 'and' 'or' 'xor'> <InPorts = 2> <OutPorts = 1>
ST_2 : Operation 140 [1/1] (0.00ns)   --->   "%br_ln1523 = br i1 %and_ln1523, void %if.else19.i, void %if.then18.i" [/home/training/AUPBoard/aup_hdmi_pass_thru_2023p1_working/aup_hdmi_pass_thru_2023p1/HDMI_Pass_Thru_ExDes/v_hdmi_rx_ss_0_ex/v_hdmi_rx_ss_0_ex.runs/exdes_v_tpg_0_synth_1/prj/sol/.autopilot/db/v_tpg.cpp:1523->/home/training/AUPBoard/aup_hdmi_pass_thru_2023p1_working/aup_hdmi_pass_thru_2023p1/HDMI_Pass_Thru_ExDes/v_hdmi_rx_ss_0_ex/v_hdmi_rx_ss_0_ex.runs/exdes_v_tpg_0_synth_1/prj/sol/.autopilot/db/v_tpg.cpp:652]   --->   Operation 140 'br' 'br_ln1523' <Predicate = (icmp_ln520 & bckgndId_load_read == 15 & !icmp_ln1518)> <Delay = 0.00>
ST_2 : Operation 141 [1/1] (0.00ns)   --->   "%br_ln1527 = br i1 %empty_65, void %VITIS_LOOP_1533_1.i, void %if.then22.i" [/home/training/AUPBoard/aup_hdmi_pass_thru_2023p1_working/aup_hdmi_pass_thru_2023p1/HDMI_Pass_Thru_ExDes/v_hdmi_rx_ss_0_ex/v_hdmi_rx_ss_0_ex.runs/exdes_v_tpg_0_synth_1/prj/sol/.autopilot/db/v_tpg.cpp:1527->/home/training/AUPBoard/aup_hdmi_pass_thru_2023p1_working/aup_hdmi_pass_thru_2023p1/HDMI_Pass_Thru_ExDes/v_hdmi_rx_ss_0_ex/v_hdmi_rx_ss_0_ex.runs/exdes_v_tpg_0_synth_1/prj/sol/.autopilot/db/v_tpg.cpp:652]   --->   Operation 141 'br' 'br_ln1527' <Predicate = (icmp_ln520 & bckgndId_load_read == 15 & !icmp_ln1518 & !and_ln1523)> <Delay = 0.00>
ST_2 : Operation 142 [1/1] (0.00ns)   --->   "%vBarSel_1_loc_1_out_load = load i8 %vBarSel_1_loc_1_out" [/home/training/AUPBoard/aup_hdmi_pass_thru_2023p1_working/aup_hdmi_pass_thru_2023p1/HDMI_Pass_Thru_ExDes/v_hdmi_rx_ss_0_ex/v_hdmi_rx_ss_0_ex.runs/exdes_v_tpg_0_synth_1/prj/sol/.autopilot/db/v_tpg.cpp:1530->/home/training/AUPBoard/aup_hdmi_pass_thru_2023p1_working/aup_hdmi_pass_thru_2023p1/HDMI_Pass_Thru_ExDes/v_hdmi_rx_ss_0_ex/v_hdmi_rx_ss_0_ex.runs/exdes_v_tpg_0_synth_1/prj/sol/.autopilot/db/v_tpg.cpp:652]   --->   Operation 142 'load' 'vBarSel_1_loc_1_out_load' <Predicate = (icmp_ln520 & bckgndId_load_read == 15 & !icmp_ln1518 & !and_ln1523 & empty_65)> <Delay = 0.00>
ST_2 : Operation 143 [1/1] (0.42ns)   --->   "%store_ln1529 = store i10 0, i10 %yCount_2" [/home/training/AUPBoard/aup_hdmi_pass_thru_2023p1_working/aup_hdmi_pass_thru_2023p1/HDMI_Pass_Thru_ExDes/v_hdmi_rx_ss_0_ex/v_hdmi_rx_ss_0_ex.runs/exdes_v_tpg_0_synth_1/prj/sol/.autopilot/db/v_tpg.cpp:1529->/home/training/AUPBoard/aup_hdmi_pass_thru_2023p1_working/aup_hdmi_pass_thru_2023p1/HDMI_Pass_Thru_ExDes/v_hdmi_rx_ss_0_ex/v_hdmi_rx_ss_0_ex.runs/exdes_v_tpg_0_synth_1/prj/sol/.autopilot/db/v_tpg.cpp:652]   --->   Operation 143 'store' 'store_ln1529' <Predicate = (icmp_ln520 & bckgndId_load_read == 15 & !icmp_ln1518 & !and_ln1523 & empty_65)> <Delay = 0.42>
ST_2 : Operation 144 [1/1] (0.76ns)   --->   "%add_ln1530 = add i8 %vBarSel_1_loc_1_out_load, i8 1" [/home/training/AUPBoard/aup_hdmi_pass_thru_2023p1_working/aup_hdmi_pass_thru_2023p1/HDMI_Pass_Thru_ExDes/v_hdmi_rx_ss_0_ex/v_hdmi_rx_ss_0_ex.runs/exdes_v_tpg_0_synth_1/prj/sol/.autopilot/db/v_tpg.cpp:1530->/home/training/AUPBoard/aup_hdmi_pass_thru_2023p1_working/aup_hdmi_pass_thru_2023p1/HDMI_Pass_Thru_ExDes/v_hdmi_rx_ss_0_ex/v_hdmi_rx_ss_0_ex.runs/exdes_v_tpg_0_synth_1/prj/sol/.autopilot/db/v_tpg.cpp:652]   --->   Operation 144 'add' 'add_ln1530' <Predicate = (icmp_ln520 & bckgndId_load_read == 15 & !icmp_ln1518 & !and_ln1523 & empty_65)> <Delay = 0.76> <CoreInst = "Adder">   --->   Core 1 'Adder' <Latency = 0> <II = 1> <Delay = 0.76> <FuncUnit> <Opcode : 'add' 'sub'> <InPorts = 2> <OutPorts = 1>
ST_2 : Operation 145 [1/1] (0.42ns)   --->   "%store_ln1530 = store i8 %add_ln1530, i8 %vBarSel_1" [/home/training/AUPBoard/aup_hdmi_pass_thru_2023p1_working/aup_hdmi_pass_thru_2023p1/HDMI_Pass_Thru_ExDes/v_hdmi_rx_ss_0_ex/v_hdmi_rx_ss_0_ex.runs/exdes_v_tpg_0_synth_1/prj/sol/.autopilot/db/v_tpg.cpp:1530->/home/training/AUPBoard/aup_hdmi_pass_thru_2023p1_working/aup_hdmi_pass_thru_2023p1/HDMI_Pass_Thru_ExDes/v_hdmi_rx_ss_0_ex/v_hdmi_rx_ss_0_ex.runs/exdes_v_tpg_0_synth_1/prj/sol/.autopilot/db/v_tpg.cpp:652]   --->   Operation 145 'store' 'store_ln1530' <Predicate = (icmp_ln520 & bckgndId_load_read == 15 & !icmp_ln1518 & !and_ln1523 & empty_65)> <Delay = 0.42>
ST_2 : Operation 146 [1/1] (0.42ns)   --->   "%store_ln1531 = store i8 %add_ln1530, i8 %vBarSel_1_loc_1_out" [/home/training/AUPBoard/aup_hdmi_pass_thru_2023p1_working/aup_hdmi_pass_thru_2023p1/HDMI_Pass_Thru_ExDes/v_hdmi_rx_ss_0_ex/v_hdmi_rx_ss_0_ex.runs/exdes_v_tpg_0_synth_1/prj/sol/.autopilot/db/v_tpg.cpp:1531->/home/training/AUPBoard/aup_hdmi_pass_thru_2023p1_working/aup_hdmi_pass_thru_2023p1/HDMI_Pass_Thru_ExDes/v_hdmi_rx_ss_0_ex/v_hdmi_rx_ss_0_ex.runs/exdes_v_tpg_0_synth_1/prj/sol/.autopilot/db/v_tpg.cpp:652]   --->   Operation 146 'store' 'store_ln1531' <Predicate = (icmp_ln520 & bckgndId_load_read == 15 & !icmp_ln1518 & !and_ln1523 & empty_65)> <Delay = 0.42>
ST_2 : Operation 147 [1/1] (0.00ns)   --->   "%br_ln1531 = br void %VITIS_LOOP_1533_1.i" [/home/training/AUPBoard/aup_hdmi_pass_thru_2023p1_working/aup_hdmi_pass_thru_2023p1/HDMI_Pass_Thru_ExDes/v_hdmi_rx_ss_0_ex/v_hdmi_rx_ss_0_ex.runs/exdes_v_tpg_0_synth_1/prj/sol/.autopilot/db/v_tpg.cpp:1531->/home/training/AUPBoard/aup_hdmi_pass_thru_2023p1_working/aup_hdmi_pass_thru_2023p1/HDMI_Pass_Thru_ExDes/v_hdmi_rx_ss_0_ex/v_hdmi_rx_ss_0_ex.runs/exdes_v_tpg_0_synth_1/prj/sol/.autopilot/db/v_tpg.cpp:652]   --->   Operation 147 'br' 'br_ln1531' <Predicate = (icmp_ln520 & bckgndId_load_read == 15 & !icmp_ln1518 & !and_ln1523 & empty_65)> <Delay = 0.00>
ST_2 : Operation 148 [1/1] (0.78ns)   --->   "%add_ln1525 = add i10 %yCount_2_load, i10 1" [/home/training/AUPBoard/aup_hdmi_pass_thru_2023p1_working/aup_hdmi_pass_thru_2023p1/HDMI_Pass_Thru_ExDes/v_hdmi_rx_ss_0_ex/v_hdmi_rx_ss_0_ex.runs/exdes_v_tpg_0_synth_1/prj/sol/.autopilot/db/v_tpg.cpp:1525->/home/training/AUPBoard/aup_hdmi_pass_thru_2023p1_working/aup_hdmi_pass_thru_2023p1/HDMI_Pass_Thru_ExDes/v_hdmi_rx_ss_0_ex/v_hdmi_rx_ss_0_ex.runs/exdes_v_tpg_0_synth_1/prj/sol/.autopilot/db/v_tpg.cpp:652]   --->   Operation 148 'add' 'add_ln1525' <Predicate = (icmp_ln520 & bckgndId_load_read == 15 & !icmp_ln1518 & and_ln1523)> <Delay = 0.78> <CoreInst = "Adder">   --->   Core 1 'Adder' <Latency = 0> <II = 1> <Delay = 0.78> <FuncUnit> <Opcode : 'add' 'sub'> <InPorts = 2> <OutPorts = 1>
ST_2 : Operation 149 [1/1] (0.42ns)   --->   "%store_ln1525 = store i10 %add_ln1525, i10 %yCount_2" [/home/training/AUPBoard/aup_hdmi_pass_thru_2023p1_working/aup_hdmi_pass_thru_2023p1/HDMI_Pass_Thru_ExDes/v_hdmi_rx_ss_0_ex/v_hdmi_rx_ss_0_ex.runs/exdes_v_tpg_0_synth_1/prj/sol/.autopilot/db/v_tpg.cpp:1525->/home/training/AUPBoard/aup_hdmi_pass_thru_2023p1_working/aup_hdmi_pass_thru_2023p1/HDMI_Pass_Thru_ExDes/v_hdmi_rx_ss_0_ex/v_hdmi_rx_ss_0_ex.runs/exdes_v_tpg_0_synth_1/prj/sol/.autopilot/db/v_tpg.cpp:652]   --->   Operation 149 'store' 'store_ln1525' <Predicate = (icmp_ln520 & bckgndId_load_read == 15 & !icmp_ln1518 & and_ln1523)> <Delay = 0.42>
ST_2 : Operation 150 [1/1] (0.00ns)   --->   "%br_ln1526 = br void %VITIS_LOOP_1533_1.i" [/home/training/AUPBoard/aup_hdmi_pass_thru_2023p1_working/aup_hdmi_pass_thru_2023p1/HDMI_Pass_Thru_ExDes/v_hdmi_rx_ss_0_ex/v_hdmi_rx_ss_0_ex.runs/exdes_v_tpg_0_synth_1/prj/sol/.autopilot/db/v_tpg.cpp:1526->/home/training/AUPBoard/aup_hdmi_pass_thru_2023p1_working/aup_hdmi_pass_thru_2023p1/HDMI_Pass_Thru_ExDes/v_hdmi_rx_ss_0_ex/v_hdmi_rx_ss_0_ex.runs/exdes_v_tpg_0_synth_1/prj/sol/.autopilot/db/v_tpg.cpp:652]   --->   Operation 150 'br' 'br_ln1526' <Predicate = (icmp_ln520 & bckgndId_load_read == 15 & !icmp_ln1518 & and_ln1523)> <Delay = 0.00>
ST_2 : Operation 151 [1/1] (0.42ns)   --->   "%store_ln1522 = store i8 0, i8 %vBarSel_1_loc_1_out" [/home/training/AUPBoard/aup_hdmi_pass_thru_2023p1_working/aup_hdmi_pass_thru_2023p1/HDMI_Pass_Thru_ExDes/v_hdmi_rx_ss_0_ex/v_hdmi_rx_ss_0_ex.runs/exdes_v_tpg_0_synth_1/prj/sol/.autopilot/db/v_tpg.cpp:1522->/home/training/AUPBoard/aup_hdmi_pass_thru_2023p1_working/aup_hdmi_pass_thru_2023p1/HDMI_Pass_Thru_ExDes/v_hdmi_rx_ss_0_ex/v_hdmi_rx_ss_0_ex.runs/exdes_v_tpg_0_synth_1/prj/sol/.autopilot/db/v_tpg.cpp:652]   --->   Operation 151 'store' 'store_ln1522' <Predicate = (icmp_ln520 & bckgndId_load_read == 15 & icmp_ln1518)> <Delay = 0.42>
ST_2 : Operation 152 [1/1] (0.00ns)   --->   "%br_ln1522 = br void %VITIS_LOOP_1533_1.i" [/home/training/AUPBoard/aup_hdmi_pass_thru_2023p1_working/aup_hdmi_pass_thru_2023p1/HDMI_Pass_Thru_ExDes/v_hdmi_rx_ss_0_ex/v_hdmi_rx_ss_0_ex.runs/exdes_v_tpg_0_synth_1/prj/sol/.autopilot/db/v_tpg.cpp:1522->/home/training/AUPBoard/aup_hdmi_pass_thru_2023p1_working/aup_hdmi_pass_thru_2023p1/HDMI_Pass_Thru_ExDes/v_hdmi_rx_ss_0_ex/v_hdmi_rx_ss_0_ex.runs/exdes_v_tpg_0_synth_1/prj/sol/.autopilot/db/v_tpg.cpp:652]   --->   Operation 152 'br' 'br_ln1522' <Predicate = (icmp_ln520 & bckgndId_load_read == 15 & icmp_ln1518)> <Delay = 0.00>
ST_2 : Operation 153 [1/1] (0.00ns)   --->   "%br_ln1536 = br i1 %empty_65, void %if.else33.i, void %if.then29.i" [/home/training/AUPBoard/aup_hdmi_pass_thru_2023p1_working/aup_hdmi_pass_thru_2023p1/HDMI_Pass_Thru_ExDes/v_hdmi_rx_ss_0_ex/v_hdmi_rx_ss_0_ex.runs/exdes_v_tpg_0_synth_1/prj/sol/.autopilot/db/v_tpg.cpp:1536->/home/training/AUPBoard/aup_hdmi_pass_thru_2023p1_working/aup_hdmi_pass_thru_2023p1/HDMI_Pass_Thru_ExDes/v_hdmi_rx_ss_0_ex/v_hdmi_rx_ss_0_ex.runs/exdes_v_tpg_0_synth_1/prj/sol/.autopilot/db/v_tpg.cpp:652]   --->   Operation 153 'br' 'br_ln1536' <Predicate = (icmp_ln520 & bckgndId_load_read == 15)> <Delay = 0.00>
ST_2 : Operation 154 [1/1] (0.00ns)   --->   "%tpgPatternCheckerBoard_unsigned_short_unsigned_short_unsigned_short_unsigned_8 = load i10 %tpgPatternCheckerBoard_unsigned_short_unsigned_short_unsigned_short_unsigned_1" [/home/training/AUPBoard/aup_hdmi_pass_thru_2023p1_working/aup_hdmi_pass_thru_2023p1/HDMI_Pass_Thru_ExDes/v_hdmi_rx_ss_0_ex/v_hdmi_rx_ss_0_ex.runs/exdes_v_tpg_0_synth_1/prj/sol/.autopilot/db/v_tpg.cpp:1541->/home/training/AUPBoard/aup_hdmi_pass_thru_2023p1_working/aup_hdmi_pass_thru_2023p1/HDMI_Pass_Thru_ExDes/v_hdmi_rx_ss_0_ex/v_hdmi_rx_ss_0_ex.runs/exdes_v_tpg_0_synth_1/prj/sol/.autopilot/db/v_tpg.cpp:652]   --->   Operation 154 'load' 'tpgPatternCheckerBoard_unsigned_short_unsigned_short_unsigned_short_unsigned_8' <Predicate = (icmp_ln520 & bckgndId_load_read == 15 & !empty_65)> <Delay = 0.00>
ST_2 : Operation 155 [1/1] (0.78ns)   --->   "%icmp_ln1541 = icmp_ult  i10 %tpgPatternCheckerBoard_unsigned_short_unsigned_short_unsigned_short_unsigned_8, i10 %barWidthMinSamples_2" [/home/training/AUPBoard/aup_hdmi_pass_thru_2023p1_working/aup_hdmi_pass_thru_2023p1/HDMI_Pass_Thru_ExDes/v_hdmi_rx_ss_0_ex/v_hdmi_rx_ss_0_ex.runs/exdes_v_tpg_0_synth_1/prj/sol/.autopilot/db/v_tpg.cpp:1541->/home/training/AUPBoard/aup_hdmi_pass_thru_2023p1_working/aup_hdmi_pass_thru_2023p1/HDMI_Pass_Thru_ExDes/v_hdmi_rx_ss_0_ex/v_hdmi_rx_ss_0_ex.runs/exdes_v_tpg_0_synth_1/prj/sol/.autopilot/db/v_tpg.cpp:652]   --->   Operation 155 'icmp' 'icmp_ln1541' <Predicate = (icmp_ln520 & bckgndId_load_read == 15 & !empty_65)> <Delay = 0.78> <CoreInst = "Cmp">   --->   Core 9 'Cmp' <Latency = 0> <II = 1> <Delay = 0.78> <FuncUnit> <Opcode : 'icmp'> <InPorts = 2> <OutPorts = 1>
ST_2 : Operation 156 [1/1] (0.00ns)   --->   "%br_ln1541 = br i1 %icmp_ln1541, void %if.else41.i, void %if.then37.i" [/home/training/AUPBoard/aup_hdmi_pass_thru_2023p1_working/aup_hdmi_pass_thru_2023p1/HDMI_Pass_Thru_ExDes/v_hdmi_rx_ss_0_ex/v_hdmi_rx_ss_0_ex.runs/exdes_v_tpg_0_synth_1/prj/sol/.autopilot/db/v_tpg.cpp:1541->/home/training/AUPBoard/aup_hdmi_pass_thru_2023p1_working/aup_hdmi_pass_thru_2023p1/HDMI_Pass_Thru_ExDes/v_hdmi_rx_ss_0_ex/v_hdmi_rx_ss_0_ex.runs/exdes_v_tpg_0_synth_1/prj/sol/.autopilot/db/v_tpg.cpp:652]   --->   Operation 156 'br' 'br_ln1541' <Predicate = (icmp_ln520 & bckgndId_load_read == 15 & !empty_65)> <Delay = 0.00>
ST_2 : Operation 157 [1/1] (0.00ns)   --->   "%tpgPatternCheckerBoard_unsigned_short_unsigned_short_unsigned_short_unsigned_9 = load i8 %tpgPatternCheckerBoard_unsigned_short_unsigned_short_unsigned_short_unsigned_8_out" [/home/training/AUPBoard/aup_hdmi_pass_thru_2023p1_working/aup_hdmi_pass_thru_2023p1/HDMI_Pass_Thru_ExDes/v_hdmi_rx_ss_0_ex/v_hdmi_rx_ss_0_ex.runs/exdes_v_tpg_0_synth_1/prj/sol/.autopilot/db/v_tpg.cpp:520]   --->   Operation 157 'load' 'tpgPatternCheckerBoard_unsigned_short_unsigned_short_unsigned_short_unsigned_9' <Predicate = (icmp_ln520 & bckgndId_load_read == 15 & !empty_65 & !icmp_ln1541)> <Delay = 0.00>
ST_2 : Operation 158 [1/1] (0.78ns)   --->   "%sub_ln1547 = sub i10 %tpgPatternCheckerBoard_unsigned_short_unsigned_short_unsigned_short_unsigned_8, i10 %barWidthMinSamples_2" [/home/training/AUPBoard/aup_hdmi_pass_thru_2023p1_working/aup_hdmi_pass_thru_2023p1/HDMI_Pass_Thru_ExDes/v_hdmi_rx_ss_0_ex/v_hdmi_rx_ss_0_ex.runs/exdes_v_tpg_0_synth_1/prj/sol/.autopilot/db/v_tpg.cpp:1547->/home/training/AUPBoard/aup_hdmi_pass_thru_2023p1_working/aup_hdmi_pass_thru_2023p1/HDMI_Pass_Thru_ExDes/v_hdmi_rx_ss_0_ex/v_hdmi_rx_ss_0_ex.runs/exdes_v_tpg_0_synth_1/prj/sol/.autopilot/db/v_tpg.cpp:652]   --->   Operation 158 'sub' 'sub_ln1547' <Predicate = (icmp_ln520 & bckgndId_load_read == 15 & !empty_65 & !icmp_ln1541)> <Delay = 0.78> <CoreInst = "Adder">   --->   Core 1 'Adder' <Latency = 0> <II = 1> <Delay = 0.78> <FuncUnit> <Opcode : 'add' 'sub'> <InPorts = 2> <OutPorts = 1>
ST_2 : Operation 159 [1/1] (0.47ns)   --->   "%store_ln1547 = store i10 %sub_ln1547, i10 %tpgPatternCheckerBoard_unsigned_short_unsigned_short_unsigned_short_unsigned_1" [/home/training/AUPBoard/aup_hdmi_pass_thru_2023p1_working/aup_hdmi_pass_thru_2023p1/HDMI_Pass_Thru_ExDes/v_hdmi_rx_ss_0_ex/v_hdmi_rx_ss_0_ex.runs/exdes_v_tpg_0_synth_1/prj/sol/.autopilot/db/v_tpg.cpp:1547->/home/training/AUPBoard/aup_hdmi_pass_thru_2023p1_working/aup_hdmi_pass_thru_2023p1/HDMI_Pass_Thru_ExDes/v_hdmi_rx_ss_0_ex/v_hdmi_rx_ss_0_ex.runs/exdes_v_tpg_0_synth_1/prj/sol/.autopilot/db/v_tpg.cpp:652]   --->   Operation 159 'store' 'store_ln1547' <Predicate = (icmp_ln520 & bckgndId_load_read == 15 & !empty_65 & !icmp_ln1541)> <Delay = 0.47>
ST_2 : Operation 160 [1/1] (0.00ns)   --->   "%trunc_ln520_4 = trunc i8 %tpgPatternCheckerBoard_unsigned_short_unsigned_short_unsigned_short_unsigned_9" [/home/training/AUPBoard/aup_hdmi_pass_thru_2023p1_working/aup_hdmi_pass_thru_2023p1/HDMI_Pass_Thru_ExDes/v_hdmi_rx_ss_0_ex/v_hdmi_rx_ss_0_ex.runs/exdes_v_tpg_0_synth_1/prj/sol/.autopilot/db/v_tpg.cpp:520]   --->   Operation 160 'trunc' 'trunc_ln520_4' <Predicate = (icmp_ln520 & bckgndId_load_read == 15 & !empty_65 & !icmp_ln1541)> <Delay = 0.00>
ST_2 : Operation 161 [1/1] (0.67ns)   --->   "%add_ln1548 = add i3 %trunc_ln520_4, i3 1" [/home/training/AUPBoard/aup_hdmi_pass_thru_2023p1_working/aup_hdmi_pass_thru_2023p1/HDMI_Pass_Thru_ExDes/v_hdmi_rx_ss_0_ex/v_hdmi_rx_ss_0_ex.runs/exdes_v_tpg_0_synth_1/prj/sol/.autopilot/db/v_tpg.cpp:1548->/home/training/AUPBoard/aup_hdmi_pass_thru_2023p1_working/aup_hdmi_pass_thru_2023p1/HDMI_Pass_Thru_ExDes/v_hdmi_rx_ss_0_ex/v_hdmi_rx_ss_0_ex.runs/exdes_v_tpg_0_synth_1/prj/sol/.autopilot/db/v_tpg.cpp:652]   --->   Operation 161 'add' 'add_ln1548' <Predicate = (icmp_ln520 & bckgndId_load_read == 15 & !empty_65 & !icmp_ln1541)> <Delay = 0.67> <CoreInst = "Adder">   --->   Core 1 'Adder' <Latency = 0> <II = 1> <Delay = 0.67> <FuncUnit> <Opcode : 'add' 'sub'> <InPorts = 2> <OutPorts = 1>
ST_2 : Operation 162 [1/1] (0.00ns)   --->   "%zext_ln1548 = zext i3 %add_ln1548" [/home/training/AUPBoard/aup_hdmi_pass_thru_2023p1_working/aup_hdmi_pass_thru_2023p1/HDMI_Pass_Thru_ExDes/v_hdmi_rx_ss_0_ex/v_hdmi_rx_ss_0_ex.runs/exdes_v_tpg_0_synth_1/prj/sol/.autopilot/db/v_tpg.cpp:1548->/home/training/AUPBoard/aup_hdmi_pass_thru_2023p1_working/aup_hdmi_pass_thru_2023p1/HDMI_Pass_Thru_ExDes/v_hdmi_rx_ss_0_ex/v_hdmi_rx_ss_0_ex.runs/exdes_v_tpg_0_synth_1/prj/sol/.autopilot/db/v_tpg.cpp:652]   --->   Operation 162 'zext' 'zext_ln1548' <Predicate = (icmp_ln520 & bckgndId_load_read == 15 & !empty_65 & !icmp_ln1541)> <Delay = 0.00>
ST_2 : Operation 163 [1/1] (0.42ns)   --->   "%store_ln1548 = store i3 %add_ln1548, i3 %tpgPatternCheckerBoard_unsigned_short_unsigned_short_unsigned_short_unsigned_3" [/home/training/AUPBoard/aup_hdmi_pass_thru_2023p1_working/aup_hdmi_pass_thru_2023p1/HDMI_Pass_Thru_ExDes/v_hdmi_rx_ss_0_ex/v_hdmi_rx_ss_0_ex.runs/exdes_v_tpg_0_synth_1/prj/sol/.autopilot/db/v_tpg.cpp:1548->/home/training/AUPBoard/aup_hdmi_pass_thru_2023p1_working/aup_hdmi_pass_thru_2023p1/HDMI_Pass_Thru_ExDes/v_hdmi_rx_ss_0_ex/v_hdmi_rx_ss_0_ex.runs/exdes_v_tpg_0_synth_1/prj/sol/.autopilot/db/v_tpg.cpp:652]   --->   Operation 163 'store' 'store_ln1548' <Predicate = (icmp_ln520 & bckgndId_load_read == 15 & !empty_65 & !icmp_ln1541)> <Delay = 0.42>
ST_2 : Operation 164 [1/1] (0.42ns)   --->   "%store_ln1548 = store i8 %zext_ln1548, i8 %tpgPatternCheckerBoard_unsigned_short_unsigned_short_unsigned_short_unsigned_8_out" [/home/training/AUPBoard/aup_hdmi_pass_thru_2023p1_working/aup_hdmi_pass_thru_2023p1/HDMI_Pass_Thru_ExDes/v_hdmi_rx_ss_0_ex/v_hdmi_rx_ss_0_ex.runs/exdes_v_tpg_0_synth_1/prj/sol/.autopilot/db/v_tpg.cpp:1548->/home/training/AUPBoard/aup_hdmi_pass_thru_2023p1_working/aup_hdmi_pass_thru_2023p1/HDMI_Pass_Thru_ExDes/v_hdmi_rx_ss_0_ex/v_hdmi_rx_ss_0_ex.runs/exdes_v_tpg_0_synth_1/prj/sol/.autopilot/db/v_tpg.cpp:652]   --->   Operation 164 'store' 'store_ln1548' <Predicate = (icmp_ln520 & bckgndId_load_read == 15 & !empty_65 & !icmp_ln1541)> <Delay = 0.42>
ST_2 : Operation 165 [1/1] (0.00ns)   --->   "%br_ln0 = br void %if.end53.i_ifconv"   --->   Operation 165 'br' 'br_ln0' <Predicate = (icmp_ln520 & bckgndId_load_read == 15 & !empty_65 & !icmp_ln1541)> <Delay = 0.00>
ST_2 : Operation 166 [1/1] (0.78ns)   --->   "%add_ln1543 = add i10 %tpgPatternCheckerBoard_unsigned_short_unsigned_short_unsigned_short_unsigned_8, i10 2" [/home/training/AUPBoard/aup_hdmi_pass_thru_2023p1_working/aup_hdmi_pass_thru_2023p1/HDMI_Pass_Thru_ExDes/v_hdmi_rx_ss_0_ex/v_hdmi_rx_ss_0_ex.runs/exdes_v_tpg_0_synth_1/prj/sol/.autopilot/db/v_tpg.cpp:1543->/home/training/AUPBoard/aup_hdmi_pass_thru_2023p1_working/aup_hdmi_pass_thru_2023p1/HDMI_Pass_Thru_ExDes/v_hdmi_rx_ss_0_ex/v_hdmi_rx_ss_0_ex.runs/exdes_v_tpg_0_synth_1/prj/sol/.autopilot/db/v_tpg.cpp:652]   --->   Operation 166 'add' 'add_ln1543' <Predicate = (icmp_ln520 & bckgndId_load_read == 15 & !empty_65 & icmp_ln1541)> <Delay = 0.78> <CoreInst = "Adder">   --->   Core 1 'Adder' <Latency = 0> <II = 1> <Delay = 0.78> <FuncUnit> <Opcode : 'add' 'sub'> <InPorts = 2> <OutPorts = 1>
ST_2 : Operation 167 [1/1] (0.47ns)   --->   "%store_ln1543 = store i10 %add_ln1543, i10 %tpgPatternCheckerBoard_unsigned_short_unsigned_short_unsigned_short_unsigned_1" [/home/training/AUPBoard/aup_hdmi_pass_thru_2023p1_working/aup_hdmi_pass_thru_2023p1/HDMI_Pass_Thru_ExDes/v_hdmi_rx_ss_0_ex/v_hdmi_rx_ss_0_ex.runs/exdes_v_tpg_0_synth_1/prj/sol/.autopilot/db/v_tpg.cpp:1543->/home/training/AUPBoard/aup_hdmi_pass_thru_2023p1_working/aup_hdmi_pass_thru_2023p1/HDMI_Pass_Thru_ExDes/v_hdmi_rx_ss_0_ex/v_hdmi_rx_ss_0_ex.runs/exdes_v_tpg_0_synth_1/prj/sol/.autopilot/db/v_tpg.cpp:652]   --->   Operation 167 'store' 'store_ln1543' <Predicate = (icmp_ln520 & bckgndId_load_read == 15 & !empty_65 & icmp_ln1541)> <Delay = 0.47>
ST_2 : Operation 168 [1/1] (0.00ns)   --->   "%br_ln1544 = br void %if.end53.i_ifconv" [/home/training/AUPBoard/aup_hdmi_pass_thru_2023p1_working/aup_hdmi_pass_thru_2023p1/HDMI_Pass_Thru_ExDes/v_hdmi_rx_ss_0_ex/v_hdmi_rx_ss_0_ex.runs/exdes_v_tpg_0_synth_1/prj/sol/.autopilot/db/v_tpg.cpp:1544->/home/training/AUPBoard/aup_hdmi_pass_thru_2023p1_working/aup_hdmi_pass_thru_2023p1/HDMI_Pass_Thru_ExDes/v_hdmi_rx_ss_0_ex/v_hdmi_rx_ss_0_ex.runs/exdes_v_tpg_0_synth_1/prj/sol/.autopilot/db/v_tpg.cpp:652]   --->   Operation 168 'br' 'br_ln1544' <Predicate = (icmp_ln520 & bckgndId_load_read == 15 & !empty_65 & icmp_ln1541)> <Delay = 0.00>
ST_2 : Operation 169 [1/1] (0.42ns)   --->   "%store_ln1540 = store i8 0, i8 %tpgPatternCheckerBoard_unsigned_short_unsigned_short_unsigned_short_unsigned_8_out" [/home/training/AUPBoard/aup_hdmi_pass_thru_2023p1_working/aup_hdmi_pass_thru_2023p1/HDMI_Pass_Thru_ExDes/v_hdmi_rx_ss_0_ex/v_hdmi_rx_ss_0_ex.runs/exdes_v_tpg_0_synth_1/prj/sol/.autopilot/db/v_tpg.cpp:1540->/home/training/AUPBoard/aup_hdmi_pass_thru_2023p1_working/aup_hdmi_pass_thru_2023p1/HDMI_Pass_Thru_ExDes/v_hdmi_rx_ss_0_ex/v_hdmi_rx_ss_0_ex.runs/exdes_v_tpg_0_synth_1/prj/sol/.autopilot/db/v_tpg.cpp:652]   --->   Operation 169 'store' 'store_ln1540' <Predicate = (icmp_ln520 & bckgndId_load_read == 15 & empty_65)> <Delay = 0.42>
ST_2 : Operation 170 [1/1] (0.00ns)   --->   "%br_ln1540 = br void %if.end53.i_ifconv" [/home/training/AUPBoard/aup_hdmi_pass_thru_2023p1_working/aup_hdmi_pass_thru_2023p1/HDMI_Pass_Thru_ExDes/v_hdmi_rx_ss_0_ex/v_hdmi_rx_ss_0_ex.runs/exdes_v_tpg_0_synth_1/prj/sol/.autopilot/db/v_tpg.cpp:1540->/home/training/AUPBoard/aup_hdmi_pass_thru_2023p1_working/aup_hdmi_pass_thru_2023p1/HDMI_Pass_Thru_ExDes/v_hdmi_rx_ss_0_ex/v_hdmi_rx_ss_0_ex.runs/exdes_v_tpg_0_synth_1/prj/sol/.autopilot/db/v_tpg.cpp:652]   --->   Operation 170 'br' 'br_ln1540' <Predicate = (icmp_ln520 & bckgndId_load_read == 15 & empty_65)> <Delay = 0.00>
ST_2 : Operation 171 [1/1] (0.00ns)   --->   "%br_ln1536 = br i1 %empty_65, void %if.else33.1.i, void %if.then29.1.i" [/home/training/AUPBoard/aup_hdmi_pass_thru_2023p1_working/aup_hdmi_pass_thru_2023p1/HDMI_Pass_Thru_ExDes/v_hdmi_rx_ss_0_ex/v_hdmi_rx_ss_0_ex.runs/exdes_v_tpg_0_synth_1/prj/sol/.autopilot/db/v_tpg.cpp:1536->/home/training/AUPBoard/aup_hdmi_pass_thru_2023p1_working/aup_hdmi_pass_thru_2023p1/HDMI_Pass_Thru_ExDes/v_hdmi_rx_ss_0_ex/v_hdmi_rx_ss_0_ex.runs/exdes_v_tpg_0_synth_1/prj/sol/.autopilot/db/v_tpg.cpp:652]   --->   Operation 171 'br' 'br_ln1536' <Predicate = (icmp_ln520 & bckgndId_load_read == 15)> <Delay = 0.00>
ST_2 : Operation 172 [1/1] (0.00ns)   --->   "%tpgPatternCheckerBoard_unsigned_short_unsigned_short_unsigned_short_unsigned_6 = load i10 %tpgPatternCheckerBoard_unsigned_short_unsigned_short_unsigned_short_unsigned_s" [/home/training/AUPBoard/aup_hdmi_pass_thru_2023p1_working/aup_hdmi_pass_thru_2023p1/HDMI_Pass_Thru_ExDes/v_hdmi_rx_ss_0_ex/v_hdmi_rx_ss_0_ex.runs/exdes_v_tpg_0_synth_1/prj/sol/.autopilot/db/v_tpg.cpp:1541->/home/training/AUPBoard/aup_hdmi_pass_thru_2023p1_working/aup_hdmi_pass_thru_2023p1/HDMI_Pass_Thru_ExDes/v_hdmi_rx_ss_0_ex/v_hdmi_rx_ss_0_ex.runs/exdes_v_tpg_0_synth_1/prj/sol/.autopilot/db/v_tpg.cpp:652]   --->   Operation 172 'load' 'tpgPatternCheckerBoard_unsigned_short_unsigned_short_unsigned_short_unsigned_6' <Predicate = (icmp_ln520 & bckgndId_load_read == 15 & !empty_65)> <Delay = 0.00>
ST_2 : Operation 173 [1/1] (0.78ns)   --->   "%icmp_ln1541_1 = icmp_ult  i10 %tpgPatternCheckerBoard_unsigned_short_unsigned_short_unsigned_short_unsigned_6, i10 %barWidthMinSamples_2" [/home/training/AUPBoard/aup_hdmi_pass_thru_2023p1_working/aup_hdmi_pass_thru_2023p1/HDMI_Pass_Thru_ExDes/v_hdmi_rx_ss_0_ex/v_hdmi_rx_ss_0_ex.runs/exdes_v_tpg_0_synth_1/prj/sol/.autopilot/db/v_tpg.cpp:1541->/home/training/AUPBoard/aup_hdmi_pass_thru_2023p1_working/aup_hdmi_pass_thru_2023p1/HDMI_Pass_Thru_ExDes/v_hdmi_rx_ss_0_ex/v_hdmi_rx_ss_0_ex.runs/exdes_v_tpg_0_synth_1/prj/sol/.autopilot/db/v_tpg.cpp:652]   --->   Operation 173 'icmp' 'icmp_ln1541_1' <Predicate = (icmp_ln520 & bckgndId_load_read == 15 & !empty_65)> <Delay = 0.78> <CoreInst = "Cmp">   --->   Core 9 'Cmp' <Latency = 0> <II = 1> <Delay = 0.78> <FuncUnit> <Opcode : 'icmp'> <InPorts = 2> <OutPorts = 1>
ST_2 : Operation 174 [1/1] (0.00ns)   --->   "%br_ln1541 = br i1 %icmp_ln1541_1, void %if.else41.1.i, void %if.then37.1.i" [/home/training/AUPBoard/aup_hdmi_pass_thru_2023p1_working/aup_hdmi_pass_thru_2023p1/HDMI_Pass_Thru_ExDes/v_hdmi_rx_ss_0_ex/v_hdmi_rx_ss_0_ex.runs/exdes_v_tpg_0_synth_1/prj/sol/.autopilot/db/v_tpg.cpp:1541->/home/training/AUPBoard/aup_hdmi_pass_thru_2023p1_working/aup_hdmi_pass_thru_2023p1/HDMI_Pass_Thru_ExDes/v_hdmi_rx_ss_0_ex/v_hdmi_rx_ss_0_ex.runs/exdes_v_tpg_0_synth_1/prj/sol/.autopilot/db/v_tpg.cpp:652]   --->   Operation 174 'br' 'br_ln1541' <Predicate = (icmp_ln520 & bckgndId_load_read == 15 & !empty_65)> <Delay = 0.00>
ST_2 : Operation 175 [1/1] (0.00ns)   --->   "%tpgPatternCheckerBoard_unsigned_short_unsigned_short_unsigned_short_unsigned_5 = load i8 %tpgPatternCheckerBoard_unsigned_short_unsigned_short_unsigned_short_unsigned_9_out" [/home/training/AUPBoard/aup_hdmi_pass_thru_2023p1_working/aup_hdmi_pass_thru_2023p1/HDMI_Pass_Thru_ExDes/v_hdmi_rx_ss_0_ex/v_hdmi_rx_ss_0_ex.runs/exdes_v_tpg_0_synth_1/prj/sol/.autopilot/db/v_tpg.cpp:520]   --->   Operation 175 'load' 'tpgPatternCheckerBoard_unsigned_short_unsigned_short_unsigned_short_unsigned_5' <Predicate = (icmp_ln520 & bckgndId_load_read == 15 & !empty_65 & !icmp_ln1541_1)> <Delay = 0.00>
ST_2 : Operation 176 [1/1] (0.78ns)   --->   "%sub_ln1547_1 = sub i10 %tpgPatternCheckerBoard_unsigned_short_unsigned_short_unsigned_short_unsigned_6, i10 %barWidthMinSamples_2" [/home/training/AUPBoard/aup_hdmi_pass_thru_2023p1_working/aup_hdmi_pass_thru_2023p1/HDMI_Pass_Thru_ExDes/v_hdmi_rx_ss_0_ex/v_hdmi_rx_ss_0_ex.runs/exdes_v_tpg_0_synth_1/prj/sol/.autopilot/db/v_tpg.cpp:1547->/home/training/AUPBoard/aup_hdmi_pass_thru_2023p1_working/aup_hdmi_pass_thru_2023p1/HDMI_Pass_Thru_ExDes/v_hdmi_rx_ss_0_ex/v_hdmi_rx_ss_0_ex.runs/exdes_v_tpg_0_synth_1/prj/sol/.autopilot/db/v_tpg.cpp:652]   --->   Operation 176 'sub' 'sub_ln1547_1' <Predicate = (icmp_ln520 & bckgndId_load_read == 15 & !empty_65 & !icmp_ln1541_1)> <Delay = 0.78> <CoreInst = "Adder">   --->   Core 1 'Adder' <Latency = 0> <II = 1> <Delay = 0.78> <FuncUnit> <Opcode : 'add' 'sub'> <InPorts = 2> <OutPorts = 1>
ST_2 : Operation 177 [1/1] (0.47ns)   --->   "%store_ln1547 = store i10 %sub_ln1547_1, i10 %tpgPatternCheckerBoard_unsigned_short_unsigned_short_unsigned_short_unsigned_s" [/home/training/AUPBoard/aup_hdmi_pass_thru_2023p1_working/aup_hdmi_pass_thru_2023p1/HDMI_Pass_Thru_ExDes/v_hdmi_rx_ss_0_ex/v_hdmi_rx_ss_0_ex.runs/exdes_v_tpg_0_synth_1/prj/sol/.autopilot/db/v_tpg.cpp:1547->/home/training/AUPBoard/aup_hdmi_pass_thru_2023p1_working/aup_hdmi_pass_thru_2023p1/HDMI_Pass_Thru_ExDes/v_hdmi_rx_ss_0_ex/v_hdmi_rx_ss_0_ex.runs/exdes_v_tpg_0_synth_1/prj/sol/.autopilot/db/v_tpg.cpp:652]   --->   Operation 177 'store' 'store_ln1547' <Predicate = (icmp_ln520 & bckgndId_load_read == 15 & !empty_65 & !icmp_ln1541_1)> <Delay = 0.47>
ST_2 : Operation 178 [1/1] (0.00ns)   --->   "%trunc_ln520_6 = trunc i8 %tpgPatternCheckerBoard_unsigned_short_unsigned_short_unsigned_short_unsigned_5" [/home/training/AUPBoard/aup_hdmi_pass_thru_2023p1_working/aup_hdmi_pass_thru_2023p1/HDMI_Pass_Thru_ExDes/v_hdmi_rx_ss_0_ex/v_hdmi_rx_ss_0_ex.runs/exdes_v_tpg_0_synth_1/prj/sol/.autopilot/db/v_tpg.cpp:520]   --->   Operation 178 'trunc' 'trunc_ln520_6' <Predicate = (icmp_ln520 & bckgndId_load_read == 15 & !empty_65 & !icmp_ln1541_1)> <Delay = 0.00>
ST_2 : Operation 179 [1/1] (0.67ns)   --->   "%add_ln1548_1 = add i3 %trunc_ln520_6, i3 1" [/home/training/AUPBoard/aup_hdmi_pass_thru_2023p1_working/aup_hdmi_pass_thru_2023p1/HDMI_Pass_Thru_ExDes/v_hdmi_rx_ss_0_ex/v_hdmi_rx_ss_0_ex.runs/exdes_v_tpg_0_synth_1/prj/sol/.autopilot/db/v_tpg.cpp:1548->/home/training/AUPBoard/aup_hdmi_pass_thru_2023p1_working/aup_hdmi_pass_thru_2023p1/HDMI_Pass_Thru_ExDes/v_hdmi_rx_ss_0_ex/v_hdmi_rx_ss_0_ex.runs/exdes_v_tpg_0_synth_1/prj/sol/.autopilot/db/v_tpg.cpp:652]   --->   Operation 179 'add' 'add_ln1548_1' <Predicate = (icmp_ln520 & bckgndId_load_read == 15 & !empty_65 & !icmp_ln1541_1)> <Delay = 0.67> <CoreInst = "Adder">   --->   Core 1 'Adder' <Latency = 0> <II = 1> <Delay = 0.67> <FuncUnit> <Opcode : 'add' 'sub'> <InPorts = 2> <OutPorts = 1>
ST_2 : Operation 180 [1/1] (0.00ns)   --->   "%zext_ln1548_1 = zext i3 %add_ln1548_1" [/home/training/AUPBoard/aup_hdmi_pass_thru_2023p1_working/aup_hdmi_pass_thru_2023p1/HDMI_Pass_Thru_ExDes/v_hdmi_rx_ss_0_ex/v_hdmi_rx_ss_0_ex.runs/exdes_v_tpg_0_synth_1/prj/sol/.autopilot/db/v_tpg.cpp:1548->/home/training/AUPBoard/aup_hdmi_pass_thru_2023p1_working/aup_hdmi_pass_thru_2023p1/HDMI_Pass_Thru_ExDes/v_hdmi_rx_ss_0_ex/v_hdmi_rx_ss_0_ex.runs/exdes_v_tpg_0_synth_1/prj/sol/.autopilot/db/v_tpg.cpp:652]   --->   Operation 180 'zext' 'zext_ln1548_1' <Predicate = (icmp_ln520 & bckgndId_load_read == 15 & !empty_65 & !icmp_ln1541_1)> <Delay = 0.00>
ST_2 : Operation 181 [1/1] (0.42ns)   --->   "%store_ln1548 = store i3 %add_ln1548_1, i3 %tpgPatternCheckerBoard_unsigned_short_unsigned_short_unsigned_short_unsigned_2" [/home/training/AUPBoard/aup_hdmi_pass_thru_2023p1_working/aup_hdmi_pass_thru_2023p1/HDMI_Pass_Thru_ExDes/v_hdmi_rx_ss_0_ex/v_hdmi_rx_ss_0_ex.runs/exdes_v_tpg_0_synth_1/prj/sol/.autopilot/db/v_tpg.cpp:1548->/home/training/AUPBoard/aup_hdmi_pass_thru_2023p1_working/aup_hdmi_pass_thru_2023p1/HDMI_Pass_Thru_ExDes/v_hdmi_rx_ss_0_ex/v_hdmi_rx_ss_0_ex.runs/exdes_v_tpg_0_synth_1/prj/sol/.autopilot/db/v_tpg.cpp:652]   --->   Operation 181 'store' 'store_ln1548' <Predicate = (icmp_ln520 & bckgndId_load_read == 15 & !empty_65 & !icmp_ln1541_1)> <Delay = 0.42>
ST_2 : Operation 182 [1/1] (0.42ns)   --->   "%store_ln1548 = store i8 %zext_ln1548_1, i8 %tpgPatternCheckerBoard_unsigned_short_unsigned_short_unsigned_short_unsigned_9_out" [/home/training/AUPBoard/aup_hdmi_pass_thru_2023p1_working/aup_hdmi_pass_thru_2023p1/HDMI_Pass_Thru_ExDes/v_hdmi_rx_ss_0_ex/v_hdmi_rx_ss_0_ex.runs/exdes_v_tpg_0_synth_1/prj/sol/.autopilot/db/v_tpg.cpp:1548->/home/training/AUPBoard/aup_hdmi_pass_thru_2023p1_working/aup_hdmi_pass_thru_2023p1/HDMI_Pass_Thru_ExDes/v_hdmi_rx_ss_0_ex/v_hdmi_rx_ss_0_ex.runs/exdes_v_tpg_0_synth_1/prj/sol/.autopilot/db/v_tpg.cpp:652]   --->   Operation 182 'store' 'store_ln1548' <Predicate = (icmp_ln520 & bckgndId_load_read == 15 & !empty_65 & !icmp_ln1541_1)> <Delay = 0.42>
ST_2 : Operation 183 [1/1] (0.00ns)   --->   "%br_ln0 = br void %if.end53.1.i"   --->   Operation 183 'br' 'br_ln0' <Predicate = (icmp_ln520 & bckgndId_load_read == 15 & !empty_65 & !icmp_ln1541_1)> <Delay = 0.00>
ST_2 : Operation 184 [1/1] (0.78ns)   --->   "%add_ln1543_1 = add i10 %tpgPatternCheckerBoard_unsigned_short_unsigned_short_unsigned_short_unsigned_6, i10 2" [/home/training/AUPBoard/aup_hdmi_pass_thru_2023p1_working/aup_hdmi_pass_thru_2023p1/HDMI_Pass_Thru_ExDes/v_hdmi_rx_ss_0_ex/v_hdmi_rx_ss_0_ex.runs/exdes_v_tpg_0_synth_1/prj/sol/.autopilot/db/v_tpg.cpp:1543->/home/training/AUPBoard/aup_hdmi_pass_thru_2023p1_working/aup_hdmi_pass_thru_2023p1/HDMI_Pass_Thru_ExDes/v_hdmi_rx_ss_0_ex/v_hdmi_rx_ss_0_ex.runs/exdes_v_tpg_0_synth_1/prj/sol/.autopilot/db/v_tpg.cpp:652]   --->   Operation 184 'add' 'add_ln1543_1' <Predicate = (icmp_ln520 & bckgndId_load_read == 15 & !empty_65 & icmp_ln1541_1)> <Delay = 0.78> <CoreInst = "Adder">   --->   Core 1 'Adder' <Latency = 0> <II = 1> <Delay = 0.78> <FuncUnit> <Opcode : 'add' 'sub'> <InPorts = 2> <OutPorts = 1>
ST_2 : Operation 185 [1/1] (0.47ns)   --->   "%store_ln1543 = store i10 %add_ln1543_1, i10 %tpgPatternCheckerBoard_unsigned_short_unsigned_short_unsigned_short_unsigned_s" [/home/training/AUPBoard/aup_hdmi_pass_thru_2023p1_working/aup_hdmi_pass_thru_2023p1/HDMI_Pass_Thru_ExDes/v_hdmi_rx_ss_0_ex/v_hdmi_rx_ss_0_ex.runs/exdes_v_tpg_0_synth_1/prj/sol/.autopilot/db/v_tpg.cpp:1543->/home/training/AUPBoard/aup_hdmi_pass_thru_2023p1_working/aup_hdmi_pass_thru_2023p1/HDMI_Pass_Thru_ExDes/v_hdmi_rx_ss_0_ex/v_hdmi_rx_ss_0_ex.runs/exdes_v_tpg_0_synth_1/prj/sol/.autopilot/db/v_tpg.cpp:652]   --->   Operation 185 'store' 'store_ln1543' <Predicate = (icmp_ln520 & bckgndId_load_read == 15 & !empty_65 & icmp_ln1541_1)> <Delay = 0.47>
ST_2 : Operation 186 [1/1] (0.00ns)   --->   "%br_ln1544 = br void %if.end53.1.i" [/home/training/AUPBoard/aup_hdmi_pass_thru_2023p1_working/aup_hdmi_pass_thru_2023p1/HDMI_Pass_Thru_ExDes/v_hdmi_rx_ss_0_ex/v_hdmi_rx_ss_0_ex.runs/exdes_v_tpg_0_synth_1/prj/sol/.autopilot/db/v_tpg.cpp:1544->/home/training/AUPBoard/aup_hdmi_pass_thru_2023p1_working/aup_hdmi_pass_thru_2023p1/HDMI_Pass_Thru_ExDes/v_hdmi_rx_ss_0_ex/v_hdmi_rx_ss_0_ex.runs/exdes_v_tpg_0_synth_1/prj/sol/.autopilot/db/v_tpg.cpp:652]   --->   Operation 186 'br' 'br_ln1544' <Predicate = (icmp_ln520 & bckgndId_load_read == 15 & !empty_65 & icmp_ln1541_1)> <Delay = 0.00>
ST_2 : Operation 187 [1/1] (0.42ns)   --->   "%store_ln1540 = store i8 0, i8 %tpgPatternCheckerBoard_unsigned_short_unsigned_short_unsigned_short_unsigned_9_out" [/home/training/AUPBoard/aup_hdmi_pass_thru_2023p1_working/aup_hdmi_pass_thru_2023p1/HDMI_Pass_Thru_ExDes/v_hdmi_rx_ss_0_ex/v_hdmi_rx_ss_0_ex.runs/exdes_v_tpg_0_synth_1/prj/sol/.autopilot/db/v_tpg.cpp:1540->/home/training/AUPBoard/aup_hdmi_pass_thru_2023p1_working/aup_hdmi_pass_thru_2023p1/HDMI_Pass_Thru_ExDes/v_hdmi_rx_ss_0_ex/v_hdmi_rx_ss_0_ex.runs/exdes_v_tpg_0_synth_1/prj/sol/.autopilot/db/v_tpg.cpp:652]   --->   Operation 187 'store' 'store_ln1540' <Predicate = (icmp_ln520 & bckgndId_load_read == 15 & empty_65)> <Delay = 0.42>
ST_2 : Operation 188 [1/1] (0.00ns)   --->   "%br_ln1540 = br void %if.end53.1.i" [/home/training/AUPBoard/aup_hdmi_pass_thru_2023p1_working/aup_hdmi_pass_thru_2023p1/HDMI_Pass_Thru_ExDes/v_hdmi_rx_ss_0_ex/v_hdmi_rx_ss_0_ex.runs/exdes_v_tpg_0_synth_1/prj/sol/.autopilot/db/v_tpg.cpp:1540->/home/training/AUPBoard/aup_hdmi_pass_thru_2023p1_working/aup_hdmi_pass_thru_2023p1/HDMI_Pass_Thru_ExDes/v_hdmi_rx_ss_0_ex/v_hdmi_rx_ss_0_ex.runs/exdes_v_tpg_0_synth_1/prj/sol/.autopilot/db/v_tpg.cpp:652]   --->   Operation 188 'br' 'br_ln1540' <Predicate = (icmp_ln520 & bckgndId_load_read == 15 & empty_65)> <Delay = 0.00>
ST_2 : Operation 189 [1/2] (0.00ns)   --->   "%barWidthMinSamples_delayed = call i10 @reg<ap_uint<10> >, i10 %barWidthMinSamples_1" [/home/training/AUPBoard/aup_hdmi_pass_thru_2023p1_working/aup_hdmi_pass_thru_2023p1/HDMI_Pass_Thru_ExDes/v_hdmi_rx_ss_0_ex/v_hdmi_rx_ss_0_ex.runs/exdes_v_tpg_0_synth_1/prj/sol/.autopilot/db/v_tpg.cpp:1397->/home/training/AUPBoard/aup_hdmi_pass_thru_2023p1_working/aup_hdmi_pass_thru_2023p1/HDMI_Pass_Thru_ExDes/v_hdmi_rx_ss_0_ex/v_hdmi_rx_ss_0_ex.runs/exdes_v_tpg_0_synth_1/prj/sol/.autopilot/db/v_tpg.cpp:628]   --->   Operation 189 'call' 'barWidthMinSamples_delayed' <Predicate = (icmp_ln520 & bckgndId_load_read == 12)> <Delay = 0.00> <CoreType = "Generic">   --->   Core 0 '' <Latency = 0> <II = 1> <Delay = 1.00> <Generic> <Opcode : >
ST_2 : Operation 190 [1/1] (0.00ns)   --->   "%zext_ln1409_1 = zext i10 %tmp_16" [/home/training/AUPBoard/aup_hdmi_pass_thru_2023p1_working/aup_hdmi_pass_thru_2023p1/HDMI_Pass_Thru_ExDes/v_hdmi_rx_ss_0_ex/v_hdmi_rx_ss_0_ex.runs/exdes_v_tpg_0_synth_1/prj/sol/.autopilot/db/v_tpg.cpp:1409->/home/training/AUPBoard/aup_hdmi_pass_thru_2023p1_working/aup_hdmi_pass_thru_2023p1/HDMI_Pass_Thru_ExDes/v_hdmi_rx_ss_0_ex/v_hdmi_rx_ss_0_ex.runs/exdes_v_tpg_0_synth_1/prj/sol/.autopilot/db/v_tpg.cpp:628]   --->   Operation 190 'zext' 'zext_ln1409_1' <Predicate = (icmp_ln520 & bckgndId_load_read == 12 & !icmp_ln1404 & !and_ln1404) | (icmp_ln520 & bckgndId_load_read == 12 & !empty_65 & icmp_ln1404)> <Delay = 0.00>
ST_2 : Operation 191 [1/1] (0.78ns)   --->   "%add_ln1409 = add i11 %zext_ln1409_1, i11 2047" [/home/training/AUPBoard/aup_hdmi_pass_thru_2023p1_working/aup_hdmi_pass_thru_2023p1/HDMI_Pass_Thru_ExDes/v_hdmi_rx_ss_0_ex/v_hdmi_rx_ss_0_ex.runs/exdes_v_tpg_0_synth_1/prj/sol/.autopilot/db/v_tpg.cpp:1409->/home/training/AUPBoard/aup_hdmi_pass_thru_2023p1_working/aup_hdmi_pass_thru_2023p1/HDMI_Pass_Thru_ExDes/v_hdmi_rx_ss_0_ex/v_hdmi_rx_ss_0_ex.runs/exdes_v_tpg_0_synth_1/prj/sol/.autopilot/db/v_tpg.cpp:628]   --->   Operation 191 'add' 'add_ln1409' <Predicate = (icmp_ln520 & bckgndId_load_read == 12 & !icmp_ln1404 & !and_ln1404) | (icmp_ln520 & bckgndId_load_read == 12 & !empty_65 & icmp_ln1404)> <Delay = 0.78> <CoreInst = "Adder">   --->   Core 1 'Adder' <Latency = 0> <II = 1> <Delay = 0.78> <FuncUnit> <Opcode : 'add' 'sub'> <InPorts = 2> <OutPorts = 1>
ST_2 : Operation 192 [1/1] (0.00ns)   --->   "%yCount_1_load = load i10 %yCount_1" [/home/training/AUPBoard/aup_hdmi_pass_thru_2023p1_working/aup_hdmi_pass_thru_2023p1/HDMI_Pass_Thru_ExDes/v_hdmi_rx_ss_0_ex/v_hdmi_rx_ss_0_ex.runs/exdes_v_tpg_0_synth_1/prj/sol/.autopilot/db/v_tpg.cpp:1409->/home/training/AUPBoard/aup_hdmi_pass_thru_2023p1_working/aup_hdmi_pass_thru_2023p1/HDMI_Pass_Thru_ExDes/v_hdmi_rx_ss_0_ex/v_hdmi_rx_ss_0_ex.runs/exdes_v_tpg_0_synth_1/prj/sol/.autopilot/db/v_tpg.cpp:628]   --->   Operation 192 'load' 'yCount_1_load' <Predicate = (icmp_ln520 & bckgndId_load_read == 12 & !icmp_ln1404 & !and_ln1404) | (icmp_ln520 & bckgndId_load_read == 12 & !empty_65 & icmp_ln1404)> <Delay = 0.00>
ST_2 : Operation 193 [1/1] (0.00ns)   --->   "%zext_ln1409 = zext i10 %yCount_1_load" [/home/training/AUPBoard/aup_hdmi_pass_thru_2023p1_working/aup_hdmi_pass_thru_2023p1/HDMI_Pass_Thru_ExDes/v_hdmi_rx_ss_0_ex/v_hdmi_rx_ss_0_ex.runs/exdes_v_tpg_0_synth_1/prj/sol/.autopilot/db/v_tpg.cpp:1409->/home/training/AUPBoard/aup_hdmi_pass_thru_2023p1_working/aup_hdmi_pass_thru_2023p1/HDMI_Pass_Thru_ExDes/v_hdmi_rx_ss_0_ex/v_hdmi_rx_ss_0_ex.runs/exdes_v_tpg_0_synth_1/prj/sol/.autopilot/db/v_tpg.cpp:628]   --->   Operation 193 'zext' 'zext_ln1409' <Predicate = (icmp_ln520 & bckgndId_load_read == 12 & !icmp_ln1404 & !and_ln1404) | (icmp_ln520 & bckgndId_load_read == 12 & !empty_65 & icmp_ln1404)> <Delay = 0.00>
ST_2 : Operation 194 [1/1] (0.79ns)   --->   "%icmp_ln1409 = icmp_eq  i11 %add_ln1409, i11 %zext_ln1409" [/home/training/AUPBoard/aup_hdmi_pass_thru_2023p1_working/aup_hdmi_pass_thru_2023p1/HDMI_Pass_Thru_ExDes/v_hdmi_rx_ss_0_ex/v_hdmi_rx_ss_0_ex.runs/exdes_v_tpg_0_synth_1/prj/sol/.autopilot/db/v_tpg.cpp:1409->/home/training/AUPBoard/aup_hdmi_pass_thru_2023p1_working/aup_hdmi_pass_thru_2023p1/HDMI_Pass_Thru_ExDes/v_hdmi_rx_ss_0_ex/v_hdmi_rx_ss_0_ex.runs/exdes_v_tpg_0_synth_1/prj/sol/.autopilot/db/v_tpg.cpp:628]   --->   Operation 194 'icmp' 'icmp_ln1409' <Predicate = (icmp_ln520 & bckgndId_load_read == 12 & !icmp_ln1404 & !and_ln1404) | (icmp_ln520 & bckgndId_load_read == 12 & !empty_65 & icmp_ln1404)> <Delay = 0.79> <CoreInst = "Cmp">   --->   Core 9 'Cmp' <Latency = 0> <II = 1> <Delay = 0.79> <FuncUnit> <Opcode : 'icmp'> <InPorts = 2> <OutPorts = 1>
ST_2 : Operation 195 [1/1] (0.28ns)   --->   "%and_ln1409 = and i1 %icmp_ln1409, i1 %empty_65" [/home/training/AUPBoard/aup_hdmi_pass_thru_2023p1_working/aup_hdmi_pass_thru_2023p1/HDMI_Pass_Thru_ExDes/v_hdmi_rx_ss_0_ex/v_hdmi_rx_ss_0_ex.runs/exdes_v_tpg_0_synth_1/prj/sol/.autopilot/db/v_tpg.cpp:1409->/home/training/AUPBoard/aup_hdmi_pass_thru_2023p1_working/aup_hdmi_pass_thru_2023p1/HDMI_Pass_Thru_ExDes/v_hdmi_rx_ss_0_ex/v_hdmi_rx_ss_0_ex.runs/exdes_v_tpg_0_synth_1/prj/sol/.autopilot/db/v_tpg.cpp:628]   --->   Operation 195 'and' 'and_ln1409' <Predicate = (icmp_ln520 & bckgndId_load_read == 12 & !icmp_ln1404 & !and_ln1404) | (icmp_ln520 & bckgndId_load_read == 12 & !empty_65 & icmp_ln1404)> <Delay = 0.28> <CoreInst = "LogicGate">   --->   Core 74 'LogicGate' <Latency = 0> <II = 1> <Delay = 0.28> <FuncUnit> <Opcode : 'and' 'or' 'xor'> <InPorts = 2> <OutPorts = 1>
ST_2 : Operation 196 [1/1] (0.00ns)   --->   "%br_ln1409 = br i1 %and_ln1409, void %if.else24.i, void %if.then22.i77" [/home/training/AUPBoard/aup_hdmi_pass_thru_2023p1_working/aup_hdmi_pass_thru_2023p1/HDMI_Pass_Thru_ExDes/v_hdmi_rx_ss_0_ex/v_hdmi_rx_ss_0_ex.runs/exdes_v_tpg_0_synth_1/prj/sol/.autopilot/db/v_tpg.cpp:1409->/home/training/AUPBoard/aup_hdmi_pass_thru_2023p1_working/aup_hdmi_pass_thru_2023p1/HDMI_Pass_Thru_ExDes/v_hdmi_rx_ss_0_ex/v_hdmi_rx_ss_0_ex.runs/exdes_v_tpg_0_synth_1/prj/sol/.autopilot/db/v_tpg.cpp:628]   --->   Operation 196 'br' 'br_ln1409' <Predicate = (icmp_ln520 & bckgndId_load_read == 12 & !icmp_ln1404 & !and_ln1404) | (icmp_ln520 & bckgndId_load_read == 12 & !empty_65 & icmp_ln1404)> <Delay = 0.00>
ST_2 : Operation 197 [1/1] (0.00ns)   --->   "%br_ln1414 = br i1 %empty_65, void %if.end.i79, void %if.then27.i" [/home/training/AUPBoard/aup_hdmi_pass_thru_2023p1_working/aup_hdmi_pass_thru_2023p1/HDMI_Pass_Thru_ExDes/v_hdmi_rx_ss_0_ex/v_hdmi_rx_ss_0_ex.runs/exdes_v_tpg_0_synth_1/prj/sol/.autopilot/db/v_tpg.cpp:1414->/home/training/AUPBoard/aup_hdmi_pass_thru_2023p1_working/aup_hdmi_pass_thru_2023p1/HDMI_Pass_Thru_ExDes/v_hdmi_rx_ss_0_ex/v_hdmi_rx_ss_0_ex.runs/exdes_v_tpg_0_synth_1/prj/sol/.autopilot/db/v_tpg.cpp:628]   --->   Operation 197 'br' 'br_ln1414' <Predicate = (icmp_ln520 & bckgndId_load_read == 12 & !icmp_ln1404 & !and_ln1404 & !and_ln1409) | (icmp_ln520 & bckgndId_load_read == 12 & !empty_65 & icmp_ln1404 & !and_ln1409)> <Delay = 0.00>
ST_2 : Operation 198 [1/1] (0.78ns)   --->   "%add_ln1416 = add i10 %yCount_1_load, i10 1" [/home/training/AUPBoard/aup_hdmi_pass_thru_2023p1_working/aup_hdmi_pass_thru_2023p1/HDMI_Pass_Thru_ExDes/v_hdmi_rx_ss_0_ex/v_hdmi_rx_ss_0_ex.runs/exdes_v_tpg_0_synth_1/prj/sol/.autopilot/db/v_tpg.cpp:1416->/home/training/AUPBoard/aup_hdmi_pass_thru_2023p1_working/aup_hdmi_pass_thru_2023p1/HDMI_Pass_Thru_ExDes/v_hdmi_rx_ss_0_ex/v_hdmi_rx_ss_0_ex.runs/exdes_v_tpg_0_synth_1/prj/sol/.autopilot/db/v_tpg.cpp:628]   --->   Operation 198 'add' 'add_ln1416' <Predicate = (icmp_ln520 & bckgndId_load_read == 12 & empty_65 & !icmp_ln1404 & !and_ln1404 & !and_ln1409)> <Delay = 0.78> <CoreInst = "Adder">   --->   Core 1 'Adder' <Latency = 0> <II = 1> <Delay = 0.78> <FuncUnit> <Opcode : 'add' 'sub'> <InPorts = 2> <OutPorts = 1>
ST_2 : Operation 199 [1/1] (0.42ns)   --->   "%store_ln1416 = store i10 %add_ln1416, i10 %yCount_1" [/home/training/AUPBoard/aup_hdmi_pass_thru_2023p1_working/aup_hdmi_pass_thru_2023p1/HDMI_Pass_Thru_ExDes/v_hdmi_rx_ss_0_ex/v_hdmi_rx_ss_0_ex.runs/exdes_v_tpg_0_synth_1/prj/sol/.autopilot/db/v_tpg.cpp:1416->/home/training/AUPBoard/aup_hdmi_pass_thru_2023p1_working/aup_hdmi_pass_thru_2023p1/HDMI_Pass_Thru_ExDes/v_hdmi_rx_ss_0_ex/v_hdmi_rx_ss_0_ex.runs/exdes_v_tpg_0_synth_1/prj/sol/.autopilot/db/v_tpg.cpp:628]   --->   Operation 199 'store' 'store_ln1416' <Predicate = (icmp_ln520 & bckgndId_load_read == 12 & empty_65 & !icmp_ln1404 & !and_ln1404 & !and_ln1409)> <Delay = 0.42>
ST_2 : Operation 200 [1/1] (0.00ns)   --->   "%br_ln0 = br void %if.end28.i"   --->   Operation 200 'br' 'br_ln0' <Predicate = (icmp_ln520 & bckgndId_load_read == 12 & !icmp_ln1404 & !and_ln1404 & !and_ln1409) | (icmp_ln520 & bckgndId_load_read == 12 & !empty_65 & icmp_ln1404 & !and_ln1409)> <Delay = 0.00>
ST_2 : Operation 201 [1/1] (0.42ns)   --->   "%store_ln1411 = store i10 0, i10 %yCount_1" [/home/training/AUPBoard/aup_hdmi_pass_thru_2023p1_working/aup_hdmi_pass_thru_2023p1/HDMI_Pass_Thru_ExDes/v_hdmi_rx_ss_0_ex/v_hdmi_rx_ss_0_ex.runs/exdes_v_tpg_0_synth_1/prj/sol/.autopilot/db/v_tpg.cpp:1411->/home/training/AUPBoard/aup_hdmi_pass_thru_2023p1_working/aup_hdmi_pass_thru_2023p1/HDMI_Pass_Thru_ExDes/v_hdmi_rx_ss_0_ex/v_hdmi_rx_ss_0_ex.runs/exdes_v_tpg_0_synth_1/prj/sol/.autopilot/db/v_tpg.cpp:628]   --->   Operation 201 'store' 'store_ln1411' <Predicate = (icmp_ln520 & bckgndId_load_read == 12 & !icmp_ln1404 & !and_ln1404 & and_ln1409) | (icmp_ln520 & bckgndId_load_read == 12 & !empty_65 & icmp_ln1404 & and_ln1409)> <Delay = 0.42>
ST_2 : Operation 202 [1/1] (0.00ns)   --->   "%tpgPatternCrossHatch_unsigned_short_unsigned_short_unsigned_short_unsigned_sh_3 = load i10 %tpgPatternCrossHatch_unsigned_short_unsigned_short_unsigned_short_unsigned_sh_1" [/home/training/AUPBoard/aup_hdmi_pass_thru_2023p1_working/aup_hdmi_pass_thru_2023p1/HDMI_Pass_Thru_ExDes/v_hdmi_rx_ss_0_ex/v_hdmi_rx_ss_0_ex.runs/exdes_v_tpg_0_synth_1/prj/sol/.autopilot/db/v_tpg.cpp:1433->/home/training/AUPBoard/aup_hdmi_pass_thru_2023p1_working/aup_hdmi_pass_thru_2023p1/HDMI_Pass_Thru_ExDes/v_hdmi_rx_ss_0_ex/v_hdmi_rx_ss_0_ex.runs/exdes_v_tpg_0_synth_1/prj/sol/.autopilot/db/v_tpg.cpp:628]   --->   Operation 202 'load' 'tpgPatternCrossHatch_unsigned_short_unsigned_short_unsigned_short_unsigned_sh_3' <Predicate = (icmp_ln520 & bckgndId_load_read == 12 & !empty_65 & !icmp_ln1428)> <Delay = 0.00>
ST_2 : Operation 203 [1/1] (0.78ns)   --->   "%icmp_ln1433 = icmp_ult  i10 %tpgPatternCrossHatch_unsigned_short_unsigned_short_unsigned_short_unsigned_sh_3, i10 %barWidthMinSamples_delayed" [/home/training/AUPBoard/aup_hdmi_pass_thru_2023p1_working/aup_hdmi_pass_thru_2023p1/HDMI_Pass_Thru_ExDes/v_hdmi_rx_ss_0_ex/v_hdmi_rx_ss_0_ex.runs/exdes_v_tpg_0_synth_1/prj/sol/.autopilot/db/v_tpg.cpp:1433->/home/training/AUPBoard/aup_hdmi_pass_thru_2023p1_working/aup_hdmi_pass_thru_2023p1/HDMI_Pass_Thru_ExDes/v_hdmi_rx_ss_0_ex/v_hdmi_rx_ss_0_ex.runs/exdes_v_tpg_0_synth_1/prj/sol/.autopilot/db/v_tpg.cpp:628]   --->   Operation 203 'icmp' 'icmp_ln1433' <Predicate = (icmp_ln520 & bckgndId_load_read == 12 & !empty_65 & !icmp_ln1428)> <Delay = 0.78> <CoreInst = "Cmp">   --->   Core 9 'Cmp' <Latency = 0> <II = 1> <Delay = 0.78> <FuncUnit> <Opcode : 'icmp'> <InPorts = 2> <OutPorts = 1>
ST_2 : Operation 204 [1/1] (0.00ns)   --->   "%br_ln1433 = br i1 %icmp_ln1433, void %if.else54.i, void %if.then50.i" [/home/training/AUPBoard/aup_hdmi_pass_thru_2023p1_working/aup_hdmi_pass_thru_2023p1/HDMI_Pass_Thru_ExDes/v_hdmi_rx_ss_0_ex/v_hdmi_rx_ss_0_ex.runs/exdes_v_tpg_0_synth_1/prj/sol/.autopilot/db/v_tpg.cpp:1433->/home/training/AUPBoard/aup_hdmi_pass_thru_2023p1_working/aup_hdmi_pass_thru_2023p1/HDMI_Pass_Thru_ExDes/v_hdmi_rx_ss_0_ex/v_hdmi_rx_ss_0_ex.runs/exdes_v_tpg_0_synth_1/prj/sol/.autopilot/db/v_tpg.cpp:628]   --->   Operation 204 'br' 'br_ln1433' <Predicate = (icmp_ln520 & bckgndId_load_read == 12 & !empty_65 & !icmp_ln1428)> <Delay = 0.00>
ST_2 : Operation 205 [1/1] (0.78ns)   --->   "%icmp_ln1438 = icmp_eq  i10 %tpgPatternCrossHatch_unsigned_short_unsigned_short_unsigned_short_unsigned_sh_3, i10 %barWidthMinSamples_delayed" [/home/training/AUPBoard/aup_hdmi_pass_thru_2023p1_working/aup_hdmi_pass_thru_2023p1/HDMI_Pass_Thru_ExDes/v_hdmi_rx_ss_0_ex/v_hdmi_rx_ss_0_ex.runs/exdes_v_tpg_0_synth_1/prj/sol/.autopilot/db/v_tpg.cpp:1438->/home/training/AUPBoard/aup_hdmi_pass_thru_2023p1_working/aup_hdmi_pass_thru_2023p1/HDMI_Pass_Thru_ExDes/v_hdmi_rx_ss_0_ex/v_hdmi_rx_ss_0_ex.runs/exdes_v_tpg_0_synth_1/prj/sol/.autopilot/db/v_tpg.cpp:628]   --->   Operation 205 'icmp' 'icmp_ln1438' <Predicate = (icmp_ln520 & bckgndId_load_read == 12 & !empty_65 & !icmp_ln1428 & !icmp_ln1433)> <Delay = 0.78> <CoreInst = "Cmp">   --->   Core 9 'Cmp' <Latency = 0> <II = 1> <Delay = 0.78> <FuncUnit> <Opcode : 'icmp'> <InPorts = 2> <OutPorts = 1>
ST_2 : Operation 206 [1/1] (0.00ns)   --->   "%br_ln1438 = br i1 %icmp_ln1438, void %if.else62.i, void %if.then58.i" [/home/training/AUPBoard/aup_hdmi_pass_thru_2023p1_working/aup_hdmi_pass_thru_2023p1/HDMI_Pass_Thru_ExDes/v_hdmi_rx_ss_0_ex/v_hdmi_rx_ss_0_ex.runs/exdes_v_tpg_0_synth_1/prj/sol/.autopilot/db/v_tpg.cpp:1438->/home/training/AUPBoard/aup_hdmi_pass_thru_2023p1_working/aup_hdmi_pass_thru_2023p1/HDMI_Pass_Thru_ExDes/v_hdmi_rx_ss_0_ex/v_hdmi_rx_ss_0_ex.runs/exdes_v_tpg_0_synth_1/prj/sol/.autopilot/db/v_tpg.cpp:628]   --->   Operation 206 'br' 'br_ln1438' <Predicate = (icmp_ln520 & bckgndId_load_read == 12 & !empty_65 & !icmp_ln1428 & !icmp_ln1433)> <Delay = 0.00>
ST_2 : Operation 207 [1/1] (0.78ns)   --->   "%sub_ln1445 = sub i10 %tpgPatternCrossHatch_unsigned_short_unsigned_short_unsigned_short_unsigned_sh_3, i10 %barWidthMinSamples_delayed" [/home/training/AUPBoard/aup_hdmi_pass_thru_2023p1_working/aup_hdmi_pass_thru_2023p1/HDMI_Pass_Thru_ExDes/v_hdmi_rx_ss_0_ex/v_hdmi_rx_ss_0_ex.runs/exdes_v_tpg_0_synth_1/prj/sol/.autopilot/db/v_tpg.cpp:1445->/home/training/AUPBoard/aup_hdmi_pass_thru_2023p1_working/aup_hdmi_pass_thru_2023p1/HDMI_Pass_Thru_ExDes/v_hdmi_rx_ss_0_ex/v_hdmi_rx_ss_0_ex.runs/exdes_v_tpg_0_synth_1/prj/sol/.autopilot/db/v_tpg.cpp:628]   --->   Operation 207 'sub' 'sub_ln1445' <Predicate = (icmp_ln520 & bckgndId_load_read == 12 & !empty_65 & !icmp_ln1428 & !icmp_ln1433 & !icmp_ln1438)> <Delay = 0.78> <CoreInst = "Adder">   --->   Core 1 'Adder' <Latency = 0> <II = 1> <Delay = 0.78> <FuncUnit> <Opcode : 'add' 'sub'> <InPorts = 2> <OutPorts = 1>
ST_2 : Operation 208 [1/1] (0.47ns)   --->   "%store_ln1445 = store i10 %sub_ln1445, i10 %tpgPatternCrossHatch_unsigned_short_unsigned_short_unsigned_short_unsigned_sh_1" [/home/training/AUPBoard/aup_hdmi_pass_thru_2023p1_working/aup_hdmi_pass_thru_2023p1/HDMI_Pass_Thru_ExDes/v_hdmi_rx_ss_0_ex/v_hdmi_rx_ss_0_ex.runs/exdes_v_tpg_0_synth_1/prj/sol/.autopilot/db/v_tpg.cpp:1445->/home/training/AUPBoard/aup_hdmi_pass_thru_2023p1_working/aup_hdmi_pass_thru_2023p1/HDMI_Pass_Thru_ExDes/v_hdmi_rx_ss_0_ex/v_hdmi_rx_ss_0_ex.runs/exdes_v_tpg_0_synth_1/prj/sol/.autopilot/db/v_tpg.cpp:628]   --->   Operation 208 'store' 'store_ln1445' <Predicate = (icmp_ln520 & bckgndId_load_read == 12 & !empty_65 & !icmp_ln1428 & !icmp_ln1433 & !icmp_ln1438)> <Delay = 0.47>
ST_2 : Operation 209 [1/1] (0.42ns)   --->   "%br_ln0 = br void %if.else36.1.i"   --->   Operation 209 'br' 'br_ln0' <Predicate = (icmp_ln520 & bckgndId_load_read == 12 & !empty_65 & !icmp_ln1428 & !icmp_ln1433 & !icmp_ln1438)> <Delay = 0.42>
ST_2 : Operation 210 [1/1] (0.47ns)   --->   "%store_ln1440 = store i10 0, i10 %tpgPatternCrossHatch_unsigned_short_unsigned_short_unsigned_short_unsigned_sh_1" [/home/training/AUPBoard/aup_hdmi_pass_thru_2023p1_working/aup_hdmi_pass_thru_2023p1/HDMI_Pass_Thru_ExDes/v_hdmi_rx_ss_0_ex/v_hdmi_rx_ss_0_ex.runs/exdes_v_tpg_0_synth_1/prj/sol/.autopilot/db/v_tpg.cpp:1440->/home/training/AUPBoard/aup_hdmi_pass_thru_2023p1_working/aup_hdmi_pass_thru_2023p1/HDMI_Pass_Thru_ExDes/v_hdmi_rx_ss_0_ex/v_hdmi_rx_ss_0_ex.runs/exdes_v_tpg_0_synth_1/prj/sol/.autopilot/db/v_tpg.cpp:628]   --->   Operation 210 'store' 'store_ln1440' <Predicate = (icmp_ln520 & bckgndId_load_read == 12 & !empty_65 & !icmp_ln1428 & !icmp_ln1433 & icmp_ln1438)> <Delay = 0.47>
ST_2 : Operation 211 [1/1] (0.42ns)   --->   "%br_ln1442 = br void %if.else36.1.i" [/home/training/AUPBoard/aup_hdmi_pass_thru_2023p1_working/aup_hdmi_pass_thru_2023p1/HDMI_Pass_Thru_ExDes/v_hdmi_rx_ss_0_ex/v_hdmi_rx_ss_0_ex.runs/exdes_v_tpg_0_synth_1/prj/sol/.autopilot/db/v_tpg.cpp:1442->/home/training/AUPBoard/aup_hdmi_pass_thru_2023p1_working/aup_hdmi_pass_thru_2023p1/HDMI_Pass_Thru_ExDes/v_hdmi_rx_ss_0_ex/v_hdmi_rx_ss_0_ex.runs/exdes_v_tpg_0_synth_1/prj/sol/.autopilot/db/v_tpg.cpp:628]   --->   Operation 211 'br' 'br_ln1442' <Predicate = (icmp_ln520 & bckgndId_load_read == 12 & !empty_65 & !icmp_ln1428 & !icmp_ln1433 & icmp_ln1438)> <Delay = 0.42>
ST_2 : Operation 212 [1/1] (0.78ns)   --->   "%add_ln1435 = add i10 %tpgPatternCrossHatch_unsigned_short_unsigned_short_unsigned_short_unsigned_sh_3, i10 2" [/home/training/AUPBoard/aup_hdmi_pass_thru_2023p1_working/aup_hdmi_pass_thru_2023p1/HDMI_Pass_Thru_ExDes/v_hdmi_rx_ss_0_ex/v_hdmi_rx_ss_0_ex.runs/exdes_v_tpg_0_synth_1/prj/sol/.autopilot/db/v_tpg.cpp:1435->/home/training/AUPBoard/aup_hdmi_pass_thru_2023p1_working/aup_hdmi_pass_thru_2023p1/HDMI_Pass_Thru_ExDes/v_hdmi_rx_ss_0_ex/v_hdmi_rx_ss_0_ex.runs/exdes_v_tpg_0_synth_1/prj/sol/.autopilot/db/v_tpg.cpp:628]   --->   Operation 212 'add' 'add_ln1435' <Predicate = (icmp_ln520 & bckgndId_load_read == 12 & !empty_65 & !icmp_ln1428 & icmp_ln1433)> <Delay = 0.78> <CoreInst = "Adder">   --->   Core 1 'Adder' <Latency = 0> <II = 1> <Delay = 0.78> <FuncUnit> <Opcode : 'add' 'sub'> <InPorts = 2> <OutPorts = 1>
ST_2 : Operation 213 [1/1] (0.47ns)   --->   "%store_ln1435 = store i10 %add_ln1435, i10 %tpgPatternCrossHatch_unsigned_short_unsigned_short_unsigned_short_unsigned_sh_1" [/home/training/AUPBoard/aup_hdmi_pass_thru_2023p1_working/aup_hdmi_pass_thru_2023p1/HDMI_Pass_Thru_ExDes/v_hdmi_rx_ss_0_ex/v_hdmi_rx_ss_0_ex.runs/exdes_v_tpg_0_synth_1/prj/sol/.autopilot/db/v_tpg.cpp:1435->/home/training/AUPBoard/aup_hdmi_pass_thru_2023p1_working/aup_hdmi_pass_thru_2023p1/HDMI_Pass_Thru_ExDes/v_hdmi_rx_ss_0_ex/v_hdmi_rx_ss_0_ex.runs/exdes_v_tpg_0_synth_1/prj/sol/.autopilot/db/v_tpg.cpp:628]   --->   Operation 213 'store' 'store_ln1435' <Predicate = (icmp_ln520 & bckgndId_load_read == 12 & !empty_65 & !icmp_ln1428 & icmp_ln1433)> <Delay = 0.47>
ST_2 : Operation 214 [1/1] (0.42ns)   --->   "%br_ln1437 = br void %if.else36.1.i" [/home/training/AUPBoard/aup_hdmi_pass_thru_2023p1_working/aup_hdmi_pass_thru_2023p1/HDMI_Pass_Thru_ExDes/v_hdmi_rx_ss_0_ex/v_hdmi_rx_ss_0_ex.runs/exdes_v_tpg_0_synth_1/prj/sol/.autopilot/db/v_tpg.cpp:1437->/home/training/AUPBoard/aup_hdmi_pass_thru_2023p1_working/aup_hdmi_pass_thru_2023p1/HDMI_Pass_Thru_ExDes/v_hdmi_rx_ss_0_ex/v_hdmi_rx_ss_0_ex.runs/exdes_v_tpg_0_synth_1/prj/sol/.autopilot/db/v_tpg.cpp:628]   --->   Operation 214 'br' 'br_ln1437' <Predicate = (icmp_ln520 & bckgndId_load_read == 12 & !empty_65 & !icmp_ln1428 & icmp_ln1433)> <Delay = 0.42>
ST_2 : Operation 215 [1/1] (0.00ns)   --->   "%tpgPatternCrossHatch_unsigned_short_unsigned_short_unsigned_short_unsigned_sh_2 = load i10 %tpgPatternCrossHatch_unsigned_short_unsigned_short_unsigned_short_unsigned_sh" [/home/training/AUPBoard/aup_hdmi_pass_thru_2023p1_working/aup_hdmi_pass_thru_2023p1/HDMI_Pass_Thru_ExDes/v_hdmi_rx_ss_0_ex/v_hdmi_rx_ss_0_ex.runs/exdes_v_tpg_0_synth_1/prj/sol/.autopilot/db/v_tpg.cpp:1433->/home/training/AUPBoard/aup_hdmi_pass_thru_2023p1_working/aup_hdmi_pass_thru_2023p1/HDMI_Pass_Thru_ExDes/v_hdmi_rx_ss_0_ex/v_hdmi_rx_ss_0_ex.runs/exdes_v_tpg_0_synth_1/prj/sol/.autopilot/db/v_tpg.cpp:628]   --->   Operation 215 'load' 'tpgPatternCrossHatch_unsigned_short_unsigned_short_unsigned_short_unsigned_sh_2' <Predicate = (icmp_ln520 & bckgndId_load_read == 12 & !empty_65 & !icmp_ln1428_1)> <Delay = 0.00>
ST_2 : Operation 216 [1/1] (0.78ns)   --->   "%icmp_ln1433_1 = icmp_ult  i10 %tpgPatternCrossHatch_unsigned_short_unsigned_short_unsigned_short_unsigned_sh_2, i10 %barWidthMinSamples_delayed" [/home/training/AUPBoard/aup_hdmi_pass_thru_2023p1_working/aup_hdmi_pass_thru_2023p1/HDMI_Pass_Thru_ExDes/v_hdmi_rx_ss_0_ex/v_hdmi_rx_ss_0_ex.runs/exdes_v_tpg_0_synth_1/prj/sol/.autopilot/db/v_tpg.cpp:1433->/home/training/AUPBoard/aup_hdmi_pass_thru_2023p1_working/aup_hdmi_pass_thru_2023p1/HDMI_Pass_Thru_ExDes/v_hdmi_rx_ss_0_ex/v_hdmi_rx_ss_0_ex.runs/exdes_v_tpg_0_synth_1/prj/sol/.autopilot/db/v_tpg.cpp:628]   --->   Operation 216 'icmp' 'icmp_ln1433_1' <Predicate = (icmp_ln520 & bckgndId_load_read == 12 & !empty_65 & !icmp_ln1428_1)> <Delay = 0.78> <CoreInst = "Cmp">   --->   Core 9 'Cmp' <Latency = 0> <II = 1> <Delay = 0.78> <FuncUnit> <Opcode : 'icmp'> <InPorts = 2> <OutPorts = 1>
ST_2 : Operation 217 [1/1] (0.00ns)   --->   "%br_ln1433 = br i1 %icmp_ln1433_1, void %if.else54.1.i, void %if.then50.1.i" [/home/training/AUPBoard/aup_hdmi_pass_thru_2023p1_working/aup_hdmi_pass_thru_2023p1/HDMI_Pass_Thru_ExDes/v_hdmi_rx_ss_0_ex/v_hdmi_rx_ss_0_ex.runs/exdes_v_tpg_0_synth_1/prj/sol/.autopilot/db/v_tpg.cpp:1433->/home/training/AUPBoard/aup_hdmi_pass_thru_2023p1_working/aup_hdmi_pass_thru_2023p1/HDMI_Pass_Thru_ExDes/v_hdmi_rx_ss_0_ex/v_hdmi_rx_ss_0_ex.runs/exdes_v_tpg_0_synth_1/prj/sol/.autopilot/db/v_tpg.cpp:628]   --->   Operation 217 'br' 'br_ln1433' <Predicate = (icmp_ln520 & bckgndId_load_read == 12 & !empty_65 & !icmp_ln1428_1)> <Delay = 0.00>
ST_2 : Operation 218 [1/1] (0.78ns)   --->   "%icmp_ln1438_1 = icmp_eq  i10 %tpgPatternCrossHatch_unsigned_short_unsigned_short_unsigned_short_unsigned_sh_2, i10 %barWidthMinSamples_delayed" [/home/training/AUPBoard/aup_hdmi_pass_thru_2023p1_working/aup_hdmi_pass_thru_2023p1/HDMI_Pass_Thru_ExDes/v_hdmi_rx_ss_0_ex/v_hdmi_rx_ss_0_ex.runs/exdes_v_tpg_0_synth_1/prj/sol/.autopilot/db/v_tpg.cpp:1438->/home/training/AUPBoard/aup_hdmi_pass_thru_2023p1_working/aup_hdmi_pass_thru_2023p1/HDMI_Pass_Thru_ExDes/v_hdmi_rx_ss_0_ex/v_hdmi_rx_ss_0_ex.runs/exdes_v_tpg_0_synth_1/prj/sol/.autopilot/db/v_tpg.cpp:628]   --->   Operation 218 'icmp' 'icmp_ln1438_1' <Predicate = (icmp_ln520 & bckgndId_load_read == 12 & !empty_65 & !icmp_ln1428_1 & !icmp_ln1433_1)> <Delay = 0.78> <CoreInst = "Cmp">   --->   Core 9 'Cmp' <Latency = 0> <II = 1> <Delay = 0.78> <FuncUnit> <Opcode : 'icmp'> <InPorts = 2> <OutPorts = 1>
ST_2 : Operation 219 [1/1] (0.00ns)   --->   "%br_ln1438 = br i1 %icmp_ln1438_1, void %if.else62.1.i, void %if.then58.1.i" [/home/training/AUPBoard/aup_hdmi_pass_thru_2023p1_working/aup_hdmi_pass_thru_2023p1/HDMI_Pass_Thru_ExDes/v_hdmi_rx_ss_0_ex/v_hdmi_rx_ss_0_ex.runs/exdes_v_tpg_0_synth_1/prj/sol/.autopilot/db/v_tpg.cpp:1438->/home/training/AUPBoard/aup_hdmi_pass_thru_2023p1_working/aup_hdmi_pass_thru_2023p1/HDMI_Pass_Thru_ExDes/v_hdmi_rx_ss_0_ex/v_hdmi_rx_ss_0_ex.runs/exdes_v_tpg_0_synth_1/prj/sol/.autopilot/db/v_tpg.cpp:628]   --->   Operation 219 'br' 'br_ln1438' <Predicate = (icmp_ln520 & bckgndId_load_read == 12 & !empty_65 & !icmp_ln1428_1 & !icmp_ln1433_1)> <Delay = 0.00>
ST_2 : Operation 220 [1/1] (0.78ns)   --->   "%sub_ln1445_1 = sub i10 %tpgPatternCrossHatch_unsigned_short_unsigned_short_unsigned_short_unsigned_sh_2, i10 %barWidthMinSamples_delayed" [/home/training/AUPBoard/aup_hdmi_pass_thru_2023p1_working/aup_hdmi_pass_thru_2023p1/HDMI_Pass_Thru_ExDes/v_hdmi_rx_ss_0_ex/v_hdmi_rx_ss_0_ex.runs/exdes_v_tpg_0_synth_1/prj/sol/.autopilot/db/v_tpg.cpp:1445->/home/training/AUPBoard/aup_hdmi_pass_thru_2023p1_working/aup_hdmi_pass_thru_2023p1/HDMI_Pass_Thru_ExDes/v_hdmi_rx_ss_0_ex/v_hdmi_rx_ss_0_ex.runs/exdes_v_tpg_0_synth_1/prj/sol/.autopilot/db/v_tpg.cpp:628]   --->   Operation 220 'sub' 'sub_ln1445_1' <Predicate = (icmp_ln520 & bckgndId_load_read == 12 & !empty_65 & !icmp_ln1428_1 & !icmp_ln1433_1 & !icmp_ln1438_1)> <Delay = 0.78> <CoreInst = "Adder">   --->   Core 1 'Adder' <Latency = 0> <II = 1> <Delay = 0.78> <FuncUnit> <Opcode : 'add' 'sub'> <InPorts = 2> <OutPorts = 1>
ST_2 : Operation 221 [1/1] (0.52ns)   --->   "%store_ln1445 = store i10 %sub_ln1445_1, i10 %tpgPatternCrossHatch_unsigned_short_unsigned_short_unsigned_short_unsigned_sh" [/home/training/AUPBoard/aup_hdmi_pass_thru_2023p1_working/aup_hdmi_pass_thru_2023p1/HDMI_Pass_Thru_ExDes/v_hdmi_rx_ss_0_ex/v_hdmi_rx_ss_0_ex.runs/exdes_v_tpg_0_synth_1/prj/sol/.autopilot/db/v_tpg.cpp:1445->/home/training/AUPBoard/aup_hdmi_pass_thru_2023p1_working/aup_hdmi_pass_thru_2023p1/HDMI_Pass_Thru_ExDes/v_hdmi_rx_ss_0_ex/v_hdmi_rx_ss_0_ex.runs/exdes_v_tpg_0_synth_1/prj/sol/.autopilot/db/v_tpg.cpp:628]   --->   Operation 221 'store' 'store_ln1445' <Predicate = (icmp_ln520 & bckgndId_load_read == 12 & !empty_65 & !icmp_ln1428_1 & !icmp_ln1433_1 & !icmp_ln1438_1)> <Delay = 0.52>
ST_2 : Operation 222 [1/1] (0.52ns)   --->   "%store_ln1440 = store i10 0, i10 %tpgPatternCrossHatch_unsigned_short_unsigned_short_unsigned_short_unsigned_sh" [/home/training/AUPBoard/aup_hdmi_pass_thru_2023p1_working/aup_hdmi_pass_thru_2023p1/HDMI_Pass_Thru_ExDes/v_hdmi_rx_ss_0_ex/v_hdmi_rx_ss_0_ex.runs/exdes_v_tpg_0_synth_1/prj/sol/.autopilot/db/v_tpg.cpp:1440->/home/training/AUPBoard/aup_hdmi_pass_thru_2023p1_working/aup_hdmi_pass_thru_2023p1/HDMI_Pass_Thru_ExDes/v_hdmi_rx_ss_0_ex/v_hdmi_rx_ss_0_ex.runs/exdes_v_tpg_0_synth_1/prj/sol/.autopilot/db/v_tpg.cpp:628]   --->   Operation 222 'store' 'store_ln1440' <Predicate = (icmp_ln520 & bckgndId_load_read == 12 & !empty_65 & !icmp_ln1428_1 & !icmp_ln1433_1 & icmp_ln1438_1)> <Delay = 0.52>
ST_2 : Operation 223 [1/1] (0.78ns)   --->   "%add_ln1435_1 = add i10 %tpgPatternCrossHatch_unsigned_short_unsigned_short_unsigned_short_unsigned_sh_2, i10 2" [/home/training/AUPBoard/aup_hdmi_pass_thru_2023p1_working/aup_hdmi_pass_thru_2023p1/HDMI_Pass_Thru_ExDes/v_hdmi_rx_ss_0_ex/v_hdmi_rx_ss_0_ex.runs/exdes_v_tpg_0_synth_1/prj/sol/.autopilot/db/v_tpg.cpp:1435->/home/training/AUPBoard/aup_hdmi_pass_thru_2023p1_working/aup_hdmi_pass_thru_2023p1/HDMI_Pass_Thru_ExDes/v_hdmi_rx_ss_0_ex/v_hdmi_rx_ss_0_ex.runs/exdes_v_tpg_0_synth_1/prj/sol/.autopilot/db/v_tpg.cpp:628]   --->   Operation 223 'add' 'add_ln1435_1' <Predicate = (icmp_ln520 & bckgndId_load_read == 12 & !empty_65 & !icmp_ln1428_1 & icmp_ln1433_1)> <Delay = 0.78> <CoreInst = "Adder">   --->   Core 1 'Adder' <Latency = 0> <II = 1> <Delay = 0.78> <FuncUnit> <Opcode : 'add' 'sub'> <InPorts = 2> <OutPorts = 1>
ST_2 : Operation 224 [1/1] (0.52ns)   --->   "%store_ln1435 = store i10 %add_ln1435_1, i10 %tpgPatternCrossHatch_unsigned_short_unsigned_short_unsigned_short_unsigned_sh" [/home/training/AUPBoard/aup_hdmi_pass_thru_2023p1_working/aup_hdmi_pass_thru_2023p1/HDMI_Pass_Thru_ExDes/v_hdmi_rx_ss_0_ex/v_hdmi_rx_ss_0_ex.runs/exdes_v_tpg_0_synth_1/prj/sol/.autopilot/db/v_tpg.cpp:1435->/home/training/AUPBoard/aup_hdmi_pass_thru_2023p1_working/aup_hdmi_pass_thru_2023p1/HDMI_Pass_Thru_ExDes/v_hdmi_rx_ss_0_ex/v_hdmi_rx_ss_0_ex.runs/exdes_v_tpg_0_synth_1/prj/sol/.autopilot/db/v_tpg.cpp:628]   --->   Operation 224 'store' 'store_ln1435' <Predicate = (icmp_ln520 & bckgndId_load_read == 12 & !empty_65 & !icmp_ln1428_1 & icmp_ln1433_1)> <Delay = 0.52>
ST_2 : Operation 225 [1/1] (0.00ns)   --->   "%zext_ln1341_1 = zext i10 %tmp_13" [/home/training/AUPBoard/aup_hdmi_pass_thru_2023p1_working/aup_hdmi_pass_thru_2023p1/HDMI_Pass_Thru_ExDes/v_hdmi_rx_ss_0_ex/v_hdmi_rx_ss_0_ex.runs/exdes_v_tpg_0_synth_1/prj/sol/.autopilot/db/v_tpg.cpp:1341->/home/training/AUPBoard/aup_hdmi_pass_thru_2023p1_working/aup_hdmi_pass_thru_2023p1/HDMI_Pass_Thru_ExDes/v_hdmi_rx_ss_0_ex/v_hdmi_rx_ss_0_ex.runs/exdes_v_tpg_0_synth_1/prj/sol/.autopilot/db/v_tpg.cpp:620]   --->   Operation 225 'zext' 'zext_ln1341_1' <Predicate = (icmp_ln520 & bckgndId_load_read == 11 & !icmp_ln1336)> <Delay = 0.00>
ST_2 : Operation 226 [1/1] (0.78ns)   --->   "%add_ln1341 = add i11 %zext_ln1341_1, i11 2047" [/home/training/AUPBoard/aup_hdmi_pass_thru_2023p1_working/aup_hdmi_pass_thru_2023p1/HDMI_Pass_Thru_ExDes/v_hdmi_rx_ss_0_ex/v_hdmi_rx_ss_0_ex.runs/exdes_v_tpg_0_synth_1/prj/sol/.autopilot/db/v_tpg.cpp:1341->/home/training/AUPBoard/aup_hdmi_pass_thru_2023p1_working/aup_hdmi_pass_thru_2023p1/HDMI_Pass_Thru_ExDes/v_hdmi_rx_ss_0_ex/v_hdmi_rx_ss_0_ex.runs/exdes_v_tpg_0_synth_1/prj/sol/.autopilot/db/v_tpg.cpp:620]   --->   Operation 226 'add' 'add_ln1341' <Predicate = (icmp_ln520 & bckgndId_load_read == 11 & !icmp_ln1336)> <Delay = 0.78> <CoreInst = "Adder">   --->   Core 1 'Adder' <Latency = 0> <II = 1> <Delay = 0.78> <FuncUnit> <Opcode : 'add' 'sub'> <InPorts = 2> <OutPorts = 1>
ST_2 : Operation 227 [1/1] (0.00ns)   --->   "%yCount_load = load i10 %yCount" [/home/training/AUPBoard/aup_hdmi_pass_thru_2023p1_working/aup_hdmi_pass_thru_2023p1/HDMI_Pass_Thru_ExDes/v_hdmi_rx_ss_0_ex/v_hdmi_rx_ss_0_ex.runs/exdes_v_tpg_0_synth_1/prj/sol/.autopilot/db/v_tpg.cpp:1341->/home/training/AUPBoard/aup_hdmi_pass_thru_2023p1_working/aup_hdmi_pass_thru_2023p1/HDMI_Pass_Thru_ExDes/v_hdmi_rx_ss_0_ex/v_hdmi_rx_ss_0_ex.runs/exdes_v_tpg_0_synth_1/prj/sol/.autopilot/db/v_tpg.cpp:620]   --->   Operation 227 'load' 'yCount_load' <Predicate = (icmp_ln520 & bckgndId_load_read == 11 & !icmp_ln1336)> <Delay = 0.00>
ST_2 : Operation 228 [1/1] (0.00ns)   --->   "%zext_ln1341 = zext i10 %yCount_load" [/home/training/AUPBoard/aup_hdmi_pass_thru_2023p1_working/aup_hdmi_pass_thru_2023p1/HDMI_Pass_Thru_ExDes/v_hdmi_rx_ss_0_ex/v_hdmi_rx_ss_0_ex.runs/exdes_v_tpg_0_synth_1/prj/sol/.autopilot/db/v_tpg.cpp:1341->/home/training/AUPBoard/aup_hdmi_pass_thru_2023p1_working/aup_hdmi_pass_thru_2023p1/HDMI_Pass_Thru_ExDes/v_hdmi_rx_ss_0_ex/v_hdmi_rx_ss_0_ex.runs/exdes_v_tpg_0_synth_1/prj/sol/.autopilot/db/v_tpg.cpp:620]   --->   Operation 228 'zext' 'zext_ln1341' <Predicate = (icmp_ln520 & bckgndId_load_read == 11 & !icmp_ln1336)> <Delay = 0.00>
ST_2 : Operation 229 [1/1] (0.79ns)   --->   "%icmp_ln1341 = icmp_sgt  i11 %add_ln1341, i11 %zext_ln1341" [/home/training/AUPBoard/aup_hdmi_pass_thru_2023p1_working/aup_hdmi_pass_thru_2023p1/HDMI_Pass_Thru_ExDes/v_hdmi_rx_ss_0_ex/v_hdmi_rx_ss_0_ex.runs/exdes_v_tpg_0_synth_1/prj/sol/.autopilot/db/v_tpg.cpp:1341->/home/training/AUPBoard/aup_hdmi_pass_thru_2023p1_working/aup_hdmi_pass_thru_2023p1/HDMI_Pass_Thru_ExDes/v_hdmi_rx_ss_0_ex/v_hdmi_rx_ss_0_ex.runs/exdes_v_tpg_0_synth_1/prj/sol/.autopilot/db/v_tpg.cpp:620]   --->   Operation 229 'icmp' 'icmp_ln1341' <Predicate = (icmp_ln520 & bckgndId_load_read == 11 & !icmp_ln1336)> <Delay = 0.79> <CoreInst = "Cmp">   --->   Core 9 'Cmp' <Latency = 0> <II = 1> <Delay = 0.79> <FuncUnit> <Opcode : 'icmp'> <InPorts = 2> <OutPorts = 1>
ST_2 : Operation 230 [1/1] (0.28ns)   --->   "%and_ln1341 = and i1 %icmp_ln1341, i1 %empty_65" [/home/training/AUPBoard/aup_hdmi_pass_thru_2023p1_working/aup_hdmi_pass_thru_2023p1/HDMI_Pass_Thru_ExDes/v_hdmi_rx_ss_0_ex/v_hdmi_rx_ss_0_ex.runs/exdes_v_tpg_0_synth_1/prj/sol/.autopilot/db/v_tpg.cpp:1341->/home/training/AUPBoard/aup_hdmi_pass_thru_2023p1_working/aup_hdmi_pass_thru_2023p1/HDMI_Pass_Thru_ExDes/v_hdmi_rx_ss_0_ex/v_hdmi_rx_ss_0_ex.runs/exdes_v_tpg_0_synth_1/prj/sol/.autopilot/db/v_tpg.cpp:620]   --->   Operation 230 'and' 'and_ln1341' <Predicate = (icmp_ln520 & bckgndId_load_read == 11 & !icmp_ln1336)> <Delay = 0.28> <CoreInst = "LogicGate">   --->   Core 74 'LogicGate' <Latency = 0> <II = 1> <Delay = 0.28> <FuncUnit> <Opcode : 'and' 'or' 'xor'> <InPorts = 2> <OutPorts = 1>
ST_2 : Operation 231 [1/1] (0.00ns)   --->   "%br_ln1341 = br i1 %and_ln1341, void %if.else19.i110, void %if.then18.i109" [/home/training/AUPBoard/aup_hdmi_pass_thru_2023p1_working/aup_hdmi_pass_thru_2023p1/HDMI_Pass_Thru_ExDes/v_hdmi_rx_ss_0_ex/v_hdmi_rx_ss_0_ex.runs/exdes_v_tpg_0_synth_1/prj/sol/.autopilot/db/v_tpg.cpp:1341->/home/training/AUPBoard/aup_hdmi_pass_thru_2023p1_working/aup_hdmi_pass_thru_2023p1/HDMI_Pass_Thru_ExDes/v_hdmi_rx_ss_0_ex/v_hdmi_rx_ss_0_ex.runs/exdes_v_tpg_0_synth_1/prj/sol/.autopilot/db/v_tpg.cpp:620]   --->   Operation 231 'br' 'br_ln1341' <Predicate = (icmp_ln520 & bckgndId_load_read == 11 & !icmp_ln1336)> <Delay = 0.00>
ST_2 : Operation 232 [1/1] (0.00ns)   --->   "%br_ln1345 = br i1 %empty_65, void %VITIS_LOOP_1351_1.i, void %if.then22.i112" [/home/training/AUPBoard/aup_hdmi_pass_thru_2023p1_working/aup_hdmi_pass_thru_2023p1/HDMI_Pass_Thru_ExDes/v_hdmi_rx_ss_0_ex/v_hdmi_rx_ss_0_ex.runs/exdes_v_tpg_0_synth_1/prj/sol/.autopilot/db/v_tpg.cpp:1345->/home/training/AUPBoard/aup_hdmi_pass_thru_2023p1_working/aup_hdmi_pass_thru_2023p1/HDMI_Pass_Thru_ExDes/v_hdmi_rx_ss_0_ex/v_hdmi_rx_ss_0_ex.runs/exdes_v_tpg_0_synth_1/prj/sol/.autopilot/db/v_tpg.cpp:620]   --->   Operation 232 'br' 'br_ln1345' <Predicate = (icmp_ln520 & bckgndId_load_read == 11 & !icmp_ln1336 & !and_ln1341)> <Delay = 0.00>
ST_2 : Operation 233 [1/1] (0.00ns)   --->   "%vBarSel_loc_1_out_load = load i8 %vBarSel_loc_1_out" [/home/training/AUPBoard/aup_hdmi_pass_thru_2023p1_working/aup_hdmi_pass_thru_2023p1/HDMI_Pass_Thru_ExDes/v_hdmi_rx_ss_0_ex/v_hdmi_rx_ss_0_ex.runs/exdes_v_tpg_0_synth_1/prj/sol/.autopilot/db/v_tpg.cpp:520]   --->   Operation 233 'load' 'vBarSel_loc_1_out_load' <Predicate = (icmp_ln520 & bckgndId_load_read == 11 & empty_65 & !icmp_ln1336 & !and_ln1341)> <Delay = 0.00>
ST_2 : Operation 234 [1/1] (0.42ns)   --->   "%store_ln1347 = store i10 0, i10 %yCount" [/home/training/AUPBoard/aup_hdmi_pass_thru_2023p1_working/aup_hdmi_pass_thru_2023p1/HDMI_Pass_Thru_ExDes/v_hdmi_rx_ss_0_ex/v_hdmi_rx_ss_0_ex.runs/exdes_v_tpg_0_synth_1/prj/sol/.autopilot/db/v_tpg.cpp:1347->/home/training/AUPBoard/aup_hdmi_pass_thru_2023p1_working/aup_hdmi_pass_thru_2023p1/HDMI_Pass_Thru_ExDes/v_hdmi_rx_ss_0_ex/v_hdmi_rx_ss_0_ex.runs/exdes_v_tpg_0_synth_1/prj/sol/.autopilot/db/v_tpg.cpp:620]   --->   Operation 234 'store' 'store_ln1347' <Predicate = (icmp_ln520 & bckgndId_load_read == 11 & empty_65 & !icmp_ln1336 & !and_ln1341)> <Delay = 0.42>
ST_2 : Operation 235 [1/1] (0.00ns)   --->   "%trunc_ln520_1 = trunc i8 %vBarSel_loc_1_out_load" [/home/training/AUPBoard/aup_hdmi_pass_thru_2023p1_working/aup_hdmi_pass_thru_2023p1/HDMI_Pass_Thru_ExDes/v_hdmi_rx_ss_0_ex/v_hdmi_rx_ss_0_ex.runs/exdes_v_tpg_0_synth_1/prj/sol/.autopilot/db/v_tpg.cpp:520]   --->   Operation 235 'trunc' 'trunc_ln520_1' <Predicate = (icmp_ln520 & bckgndId_load_read == 11 & empty_65 & !icmp_ln1336 & !and_ln1341)> <Delay = 0.00>
ST_2 : Operation 236 [1/1] (0.67ns)   --->   "%add_ln1348 = add i3 %trunc_ln520_1, i3 1" [/home/training/AUPBoard/aup_hdmi_pass_thru_2023p1_working/aup_hdmi_pass_thru_2023p1/HDMI_Pass_Thru_ExDes/v_hdmi_rx_ss_0_ex/v_hdmi_rx_ss_0_ex.runs/exdes_v_tpg_0_synth_1/prj/sol/.autopilot/db/v_tpg.cpp:1348->/home/training/AUPBoard/aup_hdmi_pass_thru_2023p1_working/aup_hdmi_pass_thru_2023p1/HDMI_Pass_Thru_ExDes/v_hdmi_rx_ss_0_ex/v_hdmi_rx_ss_0_ex.runs/exdes_v_tpg_0_synth_1/prj/sol/.autopilot/db/v_tpg.cpp:620]   --->   Operation 236 'add' 'add_ln1348' <Predicate = (icmp_ln520 & bckgndId_load_read == 11 & empty_65 & !icmp_ln1336 & !and_ln1341)> <Delay = 0.67> <CoreInst = "Adder">   --->   Core 1 'Adder' <Latency = 0> <II = 1> <Delay = 0.67> <FuncUnit> <Opcode : 'add' 'sub'> <InPorts = 2> <OutPorts = 1>
ST_2 : Operation 237 [1/1] (0.00ns)   --->   "%zext_ln1348 = zext i3 %add_ln1348" [/home/training/AUPBoard/aup_hdmi_pass_thru_2023p1_working/aup_hdmi_pass_thru_2023p1/HDMI_Pass_Thru_ExDes/v_hdmi_rx_ss_0_ex/v_hdmi_rx_ss_0_ex.runs/exdes_v_tpg_0_synth_1/prj/sol/.autopilot/db/v_tpg.cpp:1348->/home/training/AUPBoard/aup_hdmi_pass_thru_2023p1_working/aup_hdmi_pass_thru_2023p1/HDMI_Pass_Thru_ExDes/v_hdmi_rx_ss_0_ex/v_hdmi_rx_ss_0_ex.runs/exdes_v_tpg_0_synth_1/prj/sol/.autopilot/db/v_tpg.cpp:620]   --->   Operation 237 'zext' 'zext_ln1348' <Predicate = (icmp_ln520 & bckgndId_load_read == 11 & empty_65 & !icmp_ln1336 & !and_ln1341)> <Delay = 0.00>
ST_2 : Operation 238 [1/1] (0.42ns)   --->   "%store_ln1348 = store i3 %add_ln1348, i3 %vBarSel" [/home/training/AUPBoard/aup_hdmi_pass_thru_2023p1_working/aup_hdmi_pass_thru_2023p1/HDMI_Pass_Thru_ExDes/v_hdmi_rx_ss_0_ex/v_hdmi_rx_ss_0_ex.runs/exdes_v_tpg_0_synth_1/prj/sol/.autopilot/db/v_tpg.cpp:1348->/home/training/AUPBoard/aup_hdmi_pass_thru_2023p1_working/aup_hdmi_pass_thru_2023p1/HDMI_Pass_Thru_ExDes/v_hdmi_rx_ss_0_ex/v_hdmi_rx_ss_0_ex.runs/exdes_v_tpg_0_synth_1/prj/sol/.autopilot/db/v_tpg.cpp:620]   --->   Operation 238 'store' 'store_ln1348' <Predicate = (icmp_ln520 & bckgndId_load_read == 11 & empty_65 & !icmp_ln1336 & !and_ln1341)> <Delay = 0.42>
ST_2 : Operation 239 [1/1] (0.42ns)   --->   "%store_ln1349 = store i8 %zext_ln1348, i8 %vBarSel_loc_1_out" [/home/training/AUPBoard/aup_hdmi_pass_thru_2023p1_working/aup_hdmi_pass_thru_2023p1/HDMI_Pass_Thru_ExDes/v_hdmi_rx_ss_0_ex/v_hdmi_rx_ss_0_ex.runs/exdes_v_tpg_0_synth_1/prj/sol/.autopilot/db/v_tpg.cpp:1349->/home/training/AUPBoard/aup_hdmi_pass_thru_2023p1_working/aup_hdmi_pass_thru_2023p1/HDMI_Pass_Thru_ExDes/v_hdmi_rx_ss_0_ex/v_hdmi_rx_ss_0_ex.runs/exdes_v_tpg_0_synth_1/prj/sol/.autopilot/db/v_tpg.cpp:620]   --->   Operation 239 'store' 'store_ln1349' <Predicate = (icmp_ln520 & bckgndId_load_read == 11 & empty_65 & !icmp_ln1336 & !and_ln1341)> <Delay = 0.42>
ST_2 : Operation 240 [1/1] (0.00ns)   --->   "%br_ln1349 = br void %VITIS_LOOP_1351_1.i" [/home/training/AUPBoard/aup_hdmi_pass_thru_2023p1_working/aup_hdmi_pass_thru_2023p1/HDMI_Pass_Thru_ExDes/v_hdmi_rx_ss_0_ex/v_hdmi_rx_ss_0_ex.runs/exdes_v_tpg_0_synth_1/prj/sol/.autopilot/db/v_tpg.cpp:1349->/home/training/AUPBoard/aup_hdmi_pass_thru_2023p1_working/aup_hdmi_pass_thru_2023p1/HDMI_Pass_Thru_ExDes/v_hdmi_rx_ss_0_ex/v_hdmi_rx_ss_0_ex.runs/exdes_v_tpg_0_synth_1/prj/sol/.autopilot/db/v_tpg.cpp:620]   --->   Operation 240 'br' 'br_ln1349' <Predicate = (icmp_ln520 & bckgndId_load_read == 11 & empty_65 & !icmp_ln1336 & !and_ln1341)> <Delay = 0.00>
ST_2 : Operation 241 [1/1] (0.78ns)   --->   "%add_ln1343 = add i10 %yCount_load, i10 1" [/home/training/AUPBoard/aup_hdmi_pass_thru_2023p1_working/aup_hdmi_pass_thru_2023p1/HDMI_Pass_Thru_ExDes/v_hdmi_rx_ss_0_ex/v_hdmi_rx_ss_0_ex.runs/exdes_v_tpg_0_synth_1/prj/sol/.autopilot/db/v_tpg.cpp:1343->/home/training/AUPBoard/aup_hdmi_pass_thru_2023p1_working/aup_hdmi_pass_thru_2023p1/HDMI_Pass_Thru_ExDes/v_hdmi_rx_ss_0_ex/v_hdmi_rx_ss_0_ex.runs/exdes_v_tpg_0_synth_1/prj/sol/.autopilot/db/v_tpg.cpp:620]   --->   Operation 241 'add' 'add_ln1343' <Predicate = (icmp_ln520 & bckgndId_load_read == 11 & !icmp_ln1336 & and_ln1341)> <Delay = 0.78> <CoreInst = "Adder">   --->   Core 1 'Adder' <Latency = 0> <II = 1> <Delay = 0.78> <FuncUnit> <Opcode : 'add' 'sub'> <InPorts = 2> <OutPorts = 1>
ST_2 : Operation 242 [1/1] (0.42ns)   --->   "%store_ln1343 = store i10 %add_ln1343, i10 %yCount" [/home/training/AUPBoard/aup_hdmi_pass_thru_2023p1_working/aup_hdmi_pass_thru_2023p1/HDMI_Pass_Thru_ExDes/v_hdmi_rx_ss_0_ex/v_hdmi_rx_ss_0_ex.runs/exdes_v_tpg_0_synth_1/prj/sol/.autopilot/db/v_tpg.cpp:1343->/home/training/AUPBoard/aup_hdmi_pass_thru_2023p1_working/aup_hdmi_pass_thru_2023p1/HDMI_Pass_Thru_ExDes/v_hdmi_rx_ss_0_ex/v_hdmi_rx_ss_0_ex.runs/exdes_v_tpg_0_synth_1/prj/sol/.autopilot/db/v_tpg.cpp:620]   --->   Operation 242 'store' 'store_ln1343' <Predicate = (icmp_ln520 & bckgndId_load_read == 11 & !icmp_ln1336 & and_ln1341)> <Delay = 0.42>
ST_2 : Operation 243 [1/1] (0.00ns)   --->   "%br_ln1344 = br void %VITIS_LOOP_1351_1.i" [/home/training/AUPBoard/aup_hdmi_pass_thru_2023p1_working/aup_hdmi_pass_thru_2023p1/HDMI_Pass_Thru_ExDes/v_hdmi_rx_ss_0_ex/v_hdmi_rx_ss_0_ex.runs/exdes_v_tpg_0_synth_1/prj/sol/.autopilot/db/v_tpg.cpp:1344->/home/training/AUPBoard/aup_hdmi_pass_thru_2023p1_working/aup_hdmi_pass_thru_2023p1/HDMI_Pass_Thru_ExDes/v_hdmi_rx_ss_0_ex/v_hdmi_rx_ss_0_ex.runs/exdes_v_tpg_0_synth_1/prj/sol/.autopilot/db/v_tpg.cpp:620]   --->   Operation 243 'br' 'br_ln1344' <Predicate = (icmp_ln520 & bckgndId_load_read == 11 & !icmp_ln1336 & and_ln1341)> <Delay = 0.00>
ST_2 : Operation 244 [1/1] (0.42ns)   --->   "%store_ln1340 = store i8 0, i8 %vBarSel_loc_1_out" [/home/training/AUPBoard/aup_hdmi_pass_thru_2023p1_working/aup_hdmi_pass_thru_2023p1/HDMI_Pass_Thru_ExDes/v_hdmi_rx_ss_0_ex/v_hdmi_rx_ss_0_ex.runs/exdes_v_tpg_0_synth_1/prj/sol/.autopilot/db/v_tpg.cpp:1340->/home/training/AUPBoard/aup_hdmi_pass_thru_2023p1_working/aup_hdmi_pass_thru_2023p1/HDMI_Pass_Thru_ExDes/v_hdmi_rx_ss_0_ex/v_hdmi_rx_ss_0_ex.runs/exdes_v_tpg_0_synth_1/prj/sol/.autopilot/db/v_tpg.cpp:620]   --->   Operation 244 'store' 'store_ln1340' <Predicate = (icmp_ln520 & bckgndId_load_read == 11 & icmp_ln1336)> <Delay = 0.42>
ST_2 : Operation 245 [1/1] (0.00ns)   --->   "%br_ln1340 = br void %VITIS_LOOP_1351_1.i" [/home/training/AUPBoard/aup_hdmi_pass_thru_2023p1_working/aup_hdmi_pass_thru_2023p1/HDMI_Pass_Thru_ExDes/v_hdmi_rx_ss_0_ex/v_hdmi_rx_ss_0_ex.runs/exdes_v_tpg_0_synth_1/prj/sol/.autopilot/db/v_tpg.cpp:1340->/home/training/AUPBoard/aup_hdmi_pass_thru_2023p1_working/aup_hdmi_pass_thru_2023p1/HDMI_Pass_Thru_ExDes/v_hdmi_rx_ss_0_ex/v_hdmi_rx_ss_0_ex.runs/exdes_v_tpg_0_synth_1/prj/sol/.autopilot/db/v_tpg.cpp:620]   --->   Operation 245 'br' 'br_ln1340' <Predicate = (icmp_ln520 & bckgndId_load_read == 11 & icmp_ln1336)> <Delay = 0.00>
ST_2 : Operation 246 [1/1] (0.00ns)   --->   "%br_ln1355 = br i1 %empty_65, void %if.else36.i119, void %if.then32.i" [/home/training/AUPBoard/aup_hdmi_pass_thru_2023p1_working/aup_hdmi_pass_thru_2023p1/HDMI_Pass_Thru_ExDes/v_hdmi_rx_ss_0_ex/v_hdmi_rx_ss_0_ex.runs/exdes_v_tpg_0_synth_1/prj/sol/.autopilot/db/v_tpg.cpp:1355->/home/training/AUPBoard/aup_hdmi_pass_thru_2023p1_working/aup_hdmi_pass_thru_2023p1/HDMI_Pass_Thru_ExDes/v_hdmi_rx_ss_0_ex/v_hdmi_rx_ss_0_ex.runs/exdes_v_tpg_0_synth_1/prj/sol/.autopilot/db/v_tpg.cpp:620]   --->   Operation 246 'br' 'br_ln1355' <Predicate = (icmp_ln520 & bckgndId_load_read == 11)> <Delay = 0.00>
ST_2 : Operation 247 [1/1] (0.00ns)   --->   "%tpgPatternTartanColorBars_unsigned_short_unsigned_short_unsigned_short_unsign_8 = load i10 %tpgPatternTartanColorBars_unsigned_short_unsigned_short_unsigned_short_unsign_1" [/home/training/AUPBoard/aup_hdmi_pass_thru_2023p1_working/aup_hdmi_pass_thru_2023p1/HDMI_Pass_Thru_ExDes/v_hdmi_rx_ss_0_ex/v_hdmi_rx_ss_0_ex.runs/exdes_v_tpg_0_synth_1/prj/sol/.autopilot/db/v_tpg.cpp:1360->/home/training/AUPBoard/aup_hdmi_pass_thru_2023p1_working/aup_hdmi_pass_thru_2023p1/HDMI_Pass_Thru_ExDes/v_hdmi_rx_ss_0_ex/v_hdmi_rx_ss_0_ex.runs/exdes_v_tpg_0_synth_1/prj/sol/.autopilot/db/v_tpg.cpp:620]   --->   Operation 247 'load' 'tpgPatternTartanColorBars_unsigned_short_unsigned_short_unsigned_short_unsign_8' <Predicate = (icmp_ln520 & bckgndId_load_read == 11 & !empty_65)> <Delay = 0.00>
ST_2 : Operation 248 [1/1] (0.78ns)   --->   "%icmp_ln1360 = icmp_ult  i10 %tpgPatternTartanColorBars_unsigned_short_unsigned_short_unsigned_short_unsign_8, i10 %barWidthMinSamples" [/home/training/AUPBoard/aup_hdmi_pass_thru_2023p1_working/aup_hdmi_pass_thru_2023p1/HDMI_Pass_Thru_ExDes/v_hdmi_rx_ss_0_ex/v_hdmi_rx_ss_0_ex.runs/exdes_v_tpg_0_synth_1/prj/sol/.autopilot/db/v_tpg.cpp:1360->/home/training/AUPBoard/aup_hdmi_pass_thru_2023p1_working/aup_hdmi_pass_thru_2023p1/HDMI_Pass_Thru_ExDes/v_hdmi_rx_ss_0_ex/v_hdmi_rx_ss_0_ex.runs/exdes_v_tpg_0_synth_1/prj/sol/.autopilot/db/v_tpg.cpp:620]   --->   Operation 248 'icmp' 'icmp_ln1360' <Predicate = (icmp_ln520 & bckgndId_load_read == 11 & !empty_65)> <Delay = 0.78> <CoreInst = "Cmp">   --->   Core 9 'Cmp' <Latency = 0> <II = 1> <Delay = 0.78> <FuncUnit> <Opcode : 'icmp'> <InPorts = 2> <OutPorts = 1>
ST_2 : Operation 249 [1/1] (0.00ns)   --->   "%br_ln1360 = br i1 %icmp_ln1360, void %if.else44.i, void %if.then40.i" [/home/training/AUPBoard/aup_hdmi_pass_thru_2023p1_working/aup_hdmi_pass_thru_2023p1/HDMI_Pass_Thru_ExDes/v_hdmi_rx_ss_0_ex/v_hdmi_rx_ss_0_ex.runs/exdes_v_tpg_0_synth_1/prj/sol/.autopilot/db/v_tpg.cpp:1360->/home/training/AUPBoard/aup_hdmi_pass_thru_2023p1_working/aup_hdmi_pass_thru_2023p1/HDMI_Pass_Thru_ExDes/v_hdmi_rx_ss_0_ex/v_hdmi_rx_ss_0_ex.runs/exdes_v_tpg_0_synth_1/prj/sol/.autopilot/db/v_tpg.cpp:620]   --->   Operation 249 'br' 'br_ln1360' <Predicate = (icmp_ln520 & bckgndId_load_read == 11 & !empty_65)> <Delay = 0.00>
ST_2 : Operation 250 [1/1] (0.00ns)   --->   "%tpgPatternTartanColorBars_unsigned_short_unsigned_short_unsigned_short_unsign_9 = load i8 %tpgPatternTartanColorBars_unsigned_short_unsigned_short_unsigned_short_unsign_8_out" [/home/training/AUPBoard/aup_hdmi_pass_thru_2023p1_working/aup_hdmi_pass_thru_2023p1/HDMI_Pass_Thru_ExDes/v_hdmi_rx_ss_0_ex/v_hdmi_rx_ss_0_ex.runs/exdes_v_tpg_0_synth_1/prj/sol/.autopilot/db/v_tpg.cpp:520]   --->   Operation 250 'load' 'tpgPatternTartanColorBars_unsigned_short_unsigned_short_unsigned_short_unsign_9' <Predicate = (icmp_ln520 & bckgndId_load_read == 11 & !empty_65 & !icmp_ln1360)> <Delay = 0.00>
ST_2 : Operation 251 [1/1] (0.78ns)   --->   "%sub_ln1366 = sub i10 %tpgPatternTartanColorBars_unsigned_short_unsigned_short_unsigned_short_unsign_8, i10 %barWidthMinSamples" [/home/training/AUPBoard/aup_hdmi_pass_thru_2023p1_working/aup_hdmi_pass_thru_2023p1/HDMI_Pass_Thru_ExDes/v_hdmi_rx_ss_0_ex/v_hdmi_rx_ss_0_ex.runs/exdes_v_tpg_0_synth_1/prj/sol/.autopilot/db/v_tpg.cpp:1366->/home/training/AUPBoard/aup_hdmi_pass_thru_2023p1_working/aup_hdmi_pass_thru_2023p1/HDMI_Pass_Thru_ExDes/v_hdmi_rx_ss_0_ex/v_hdmi_rx_ss_0_ex.runs/exdes_v_tpg_0_synth_1/prj/sol/.autopilot/db/v_tpg.cpp:620]   --->   Operation 251 'sub' 'sub_ln1366' <Predicate = (icmp_ln520 & bckgndId_load_read == 11 & !empty_65 & !icmp_ln1360)> <Delay = 0.78> <CoreInst = "Adder">   --->   Core 1 'Adder' <Latency = 0> <II = 1> <Delay = 0.78> <FuncUnit> <Opcode : 'add' 'sub'> <InPorts = 2> <OutPorts = 1>
ST_2 : Operation 252 [1/1] (0.47ns)   --->   "%store_ln1366 = store i10 %sub_ln1366, i10 %tpgPatternTartanColorBars_unsigned_short_unsigned_short_unsigned_short_unsign_1" [/home/training/AUPBoard/aup_hdmi_pass_thru_2023p1_working/aup_hdmi_pass_thru_2023p1/HDMI_Pass_Thru_ExDes/v_hdmi_rx_ss_0_ex/v_hdmi_rx_ss_0_ex.runs/exdes_v_tpg_0_synth_1/prj/sol/.autopilot/db/v_tpg.cpp:1366->/home/training/AUPBoard/aup_hdmi_pass_thru_2023p1_working/aup_hdmi_pass_thru_2023p1/HDMI_Pass_Thru_ExDes/v_hdmi_rx_ss_0_ex/v_hdmi_rx_ss_0_ex.runs/exdes_v_tpg_0_synth_1/prj/sol/.autopilot/db/v_tpg.cpp:620]   --->   Operation 252 'store' 'store_ln1366' <Predicate = (icmp_ln520 & bckgndId_load_read == 11 & !empty_65 & !icmp_ln1360)> <Delay = 0.47>
ST_2 : Operation 253 [1/1] (0.00ns)   --->   "%trunc_ln520_3 = trunc i8 %tpgPatternTartanColorBars_unsigned_short_unsigned_short_unsigned_short_unsign_9" [/home/training/AUPBoard/aup_hdmi_pass_thru_2023p1_working/aup_hdmi_pass_thru_2023p1/HDMI_Pass_Thru_ExDes/v_hdmi_rx_ss_0_ex/v_hdmi_rx_ss_0_ex.runs/exdes_v_tpg_0_synth_1/prj/sol/.autopilot/db/v_tpg.cpp:520]   --->   Operation 253 'trunc' 'trunc_ln520_3' <Predicate = (icmp_ln520 & bckgndId_load_read == 11 & !empty_65 & !icmp_ln1360)> <Delay = 0.00>
ST_2 : Operation 254 [1/1] (0.67ns)   --->   "%add_ln1367 = add i3 %trunc_ln520_3, i3 1" [/home/training/AUPBoard/aup_hdmi_pass_thru_2023p1_working/aup_hdmi_pass_thru_2023p1/HDMI_Pass_Thru_ExDes/v_hdmi_rx_ss_0_ex/v_hdmi_rx_ss_0_ex.runs/exdes_v_tpg_0_synth_1/prj/sol/.autopilot/db/v_tpg.cpp:1367->/home/training/AUPBoard/aup_hdmi_pass_thru_2023p1_working/aup_hdmi_pass_thru_2023p1/HDMI_Pass_Thru_ExDes/v_hdmi_rx_ss_0_ex/v_hdmi_rx_ss_0_ex.runs/exdes_v_tpg_0_synth_1/prj/sol/.autopilot/db/v_tpg.cpp:620]   --->   Operation 254 'add' 'add_ln1367' <Predicate = (icmp_ln520 & bckgndId_load_read == 11 & !empty_65 & !icmp_ln1360)> <Delay = 0.67> <CoreInst = "Adder">   --->   Core 1 'Adder' <Latency = 0> <II = 1> <Delay = 0.67> <FuncUnit> <Opcode : 'add' 'sub'> <InPorts = 2> <OutPorts = 1>
ST_2 : Operation 255 [1/1] (0.00ns)   --->   "%zext_ln1367 = zext i3 %add_ln1367" [/home/training/AUPBoard/aup_hdmi_pass_thru_2023p1_working/aup_hdmi_pass_thru_2023p1/HDMI_Pass_Thru_ExDes/v_hdmi_rx_ss_0_ex/v_hdmi_rx_ss_0_ex.runs/exdes_v_tpg_0_synth_1/prj/sol/.autopilot/db/v_tpg.cpp:1367->/home/training/AUPBoard/aup_hdmi_pass_thru_2023p1_working/aup_hdmi_pass_thru_2023p1/HDMI_Pass_Thru_ExDes/v_hdmi_rx_ss_0_ex/v_hdmi_rx_ss_0_ex.runs/exdes_v_tpg_0_synth_1/prj/sol/.autopilot/db/v_tpg.cpp:620]   --->   Operation 255 'zext' 'zext_ln1367' <Predicate = (icmp_ln520 & bckgndId_load_read == 11 & !empty_65 & !icmp_ln1360)> <Delay = 0.00>
ST_2 : Operation 256 [1/1] (0.42ns)   --->   "%store_ln1367 = store i3 %add_ln1367, i3 %tpgPatternTartanColorBars_unsigned_short_unsigned_short_unsigned_short_unsign_3" [/home/training/AUPBoard/aup_hdmi_pass_thru_2023p1_working/aup_hdmi_pass_thru_2023p1/HDMI_Pass_Thru_ExDes/v_hdmi_rx_ss_0_ex/v_hdmi_rx_ss_0_ex.runs/exdes_v_tpg_0_synth_1/prj/sol/.autopilot/db/v_tpg.cpp:1367->/home/training/AUPBoard/aup_hdmi_pass_thru_2023p1_working/aup_hdmi_pass_thru_2023p1/HDMI_Pass_Thru_ExDes/v_hdmi_rx_ss_0_ex/v_hdmi_rx_ss_0_ex.runs/exdes_v_tpg_0_synth_1/prj/sol/.autopilot/db/v_tpg.cpp:620]   --->   Operation 256 'store' 'store_ln1367' <Predicate = (icmp_ln520 & bckgndId_load_read == 11 & !empty_65 & !icmp_ln1360)> <Delay = 0.42>
ST_2 : Operation 257 [1/1] (0.42ns)   --->   "%store_ln1367 = store i8 %zext_ln1367, i8 %tpgPatternTartanColorBars_unsigned_short_unsigned_short_unsigned_short_unsign_8_out" [/home/training/AUPBoard/aup_hdmi_pass_thru_2023p1_working/aup_hdmi_pass_thru_2023p1/HDMI_Pass_Thru_ExDes/v_hdmi_rx_ss_0_ex/v_hdmi_rx_ss_0_ex.runs/exdes_v_tpg_0_synth_1/prj/sol/.autopilot/db/v_tpg.cpp:1367->/home/training/AUPBoard/aup_hdmi_pass_thru_2023p1_working/aup_hdmi_pass_thru_2023p1/HDMI_Pass_Thru_ExDes/v_hdmi_rx_ss_0_ex/v_hdmi_rx_ss_0_ex.runs/exdes_v_tpg_0_synth_1/prj/sol/.autopilot/db/v_tpg.cpp:620]   --->   Operation 257 'store' 'store_ln1367' <Predicate = (icmp_ln520 & bckgndId_load_read == 11 & !empty_65 & !icmp_ln1360)> <Delay = 0.42>
ST_2 : Operation 258 [1/1] (0.00ns)   --->   "%br_ln0 = br void %if.end57.i_ifconv"   --->   Operation 258 'br' 'br_ln0' <Predicate = (icmp_ln520 & bckgndId_load_read == 11 & !empty_65 & !icmp_ln1360)> <Delay = 0.00>
ST_2 : Operation 259 [1/1] (0.78ns)   --->   "%add_ln1362 = add i10 %tpgPatternTartanColorBars_unsigned_short_unsigned_short_unsigned_short_unsign_8, i10 2" [/home/training/AUPBoard/aup_hdmi_pass_thru_2023p1_working/aup_hdmi_pass_thru_2023p1/HDMI_Pass_Thru_ExDes/v_hdmi_rx_ss_0_ex/v_hdmi_rx_ss_0_ex.runs/exdes_v_tpg_0_synth_1/prj/sol/.autopilot/db/v_tpg.cpp:1362->/home/training/AUPBoard/aup_hdmi_pass_thru_2023p1_working/aup_hdmi_pass_thru_2023p1/HDMI_Pass_Thru_ExDes/v_hdmi_rx_ss_0_ex/v_hdmi_rx_ss_0_ex.runs/exdes_v_tpg_0_synth_1/prj/sol/.autopilot/db/v_tpg.cpp:620]   --->   Operation 259 'add' 'add_ln1362' <Predicate = (icmp_ln520 & bckgndId_load_read == 11 & !empty_65 & icmp_ln1360)> <Delay = 0.78> <CoreInst = "Adder">   --->   Core 1 'Adder' <Latency = 0> <II = 1> <Delay = 0.78> <FuncUnit> <Opcode : 'add' 'sub'> <InPorts = 2> <OutPorts = 1>
ST_2 : Operation 260 [1/1] (0.47ns)   --->   "%store_ln1362 = store i10 %add_ln1362, i10 %tpgPatternTartanColorBars_unsigned_short_unsigned_short_unsigned_short_unsign_1" [/home/training/AUPBoard/aup_hdmi_pass_thru_2023p1_working/aup_hdmi_pass_thru_2023p1/HDMI_Pass_Thru_ExDes/v_hdmi_rx_ss_0_ex/v_hdmi_rx_ss_0_ex.runs/exdes_v_tpg_0_synth_1/prj/sol/.autopilot/db/v_tpg.cpp:1362->/home/training/AUPBoard/aup_hdmi_pass_thru_2023p1_working/aup_hdmi_pass_thru_2023p1/HDMI_Pass_Thru_ExDes/v_hdmi_rx_ss_0_ex/v_hdmi_rx_ss_0_ex.runs/exdes_v_tpg_0_synth_1/prj/sol/.autopilot/db/v_tpg.cpp:620]   --->   Operation 260 'store' 'store_ln1362' <Predicate = (icmp_ln520 & bckgndId_load_read == 11 & !empty_65 & icmp_ln1360)> <Delay = 0.47>
ST_2 : Operation 261 [1/1] (0.00ns)   --->   "%br_ln1363 = br void %if.end57.i_ifconv" [/home/training/AUPBoard/aup_hdmi_pass_thru_2023p1_working/aup_hdmi_pass_thru_2023p1/HDMI_Pass_Thru_ExDes/v_hdmi_rx_ss_0_ex/v_hdmi_rx_ss_0_ex.runs/exdes_v_tpg_0_synth_1/prj/sol/.autopilot/db/v_tpg.cpp:1363->/home/training/AUPBoard/aup_hdmi_pass_thru_2023p1_working/aup_hdmi_pass_thru_2023p1/HDMI_Pass_Thru_ExDes/v_hdmi_rx_ss_0_ex/v_hdmi_rx_ss_0_ex.runs/exdes_v_tpg_0_synth_1/prj/sol/.autopilot/db/v_tpg.cpp:620]   --->   Operation 261 'br' 'br_ln1363' <Predicate = (icmp_ln520 & bckgndId_load_read == 11 & !empty_65 & icmp_ln1360)> <Delay = 0.00>
ST_2 : Operation 262 [1/1] (0.42ns)   --->   "%store_ln1359 = store i8 0, i8 %tpgPatternTartanColorBars_unsigned_short_unsigned_short_unsigned_short_unsign_8_out" [/home/training/AUPBoard/aup_hdmi_pass_thru_2023p1_working/aup_hdmi_pass_thru_2023p1/HDMI_Pass_Thru_ExDes/v_hdmi_rx_ss_0_ex/v_hdmi_rx_ss_0_ex.runs/exdes_v_tpg_0_synth_1/prj/sol/.autopilot/db/v_tpg.cpp:1359->/home/training/AUPBoard/aup_hdmi_pass_thru_2023p1_working/aup_hdmi_pass_thru_2023p1/HDMI_Pass_Thru_ExDes/v_hdmi_rx_ss_0_ex/v_hdmi_rx_ss_0_ex.runs/exdes_v_tpg_0_synth_1/prj/sol/.autopilot/db/v_tpg.cpp:620]   --->   Operation 262 'store' 'store_ln1359' <Predicate = (icmp_ln520 & bckgndId_load_read == 11 & empty_65)> <Delay = 0.42>
ST_2 : Operation 263 [1/1] (0.00ns)   --->   "%br_ln1359 = br void %if.end57.i_ifconv" [/home/training/AUPBoard/aup_hdmi_pass_thru_2023p1_working/aup_hdmi_pass_thru_2023p1/HDMI_Pass_Thru_ExDes/v_hdmi_rx_ss_0_ex/v_hdmi_rx_ss_0_ex.runs/exdes_v_tpg_0_synth_1/prj/sol/.autopilot/db/v_tpg.cpp:1359->/home/training/AUPBoard/aup_hdmi_pass_thru_2023p1_working/aup_hdmi_pass_thru_2023p1/HDMI_Pass_Thru_ExDes/v_hdmi_rx_ss_0_ex/v_hdmi_rx_ss_0_ex.runs/exdes_v_tpg_0_synth_1/prj/sol/.autopilot/db/v_tpg.cpp:620]   --->   Operation 263 'br' 'br_ln1359' <Predicate = (icmp_ln520 & bckgndId_load_read == 11 & empty_65)> <Delay = 0.00>
ST_2 : Operation 264 [1/1] (0.00ns)   --->   "%br_ln1355 = br i1 %empty_65, void %if.else36.1.i137, void %if.then32.1.i" [/home/training/AUPBoard/aup_hdmi_pass_thru_2023p1_working/aup_hdmi_pass_thru_2023p1/HDMI_Pass_Thru_ExDes/v_hdmi_rx_ss_0_ex/v_hdmi_rx_ss_0_ex.runs/exdes_v_tpg_0_synth_1/prj/sol/.autopilot/db/v_tpg.cpp:1355->/home/training/AUPBoard/aup_hdmi_pass_thru_2023p1_working/aup_hdmi_pass_thru_2023p1/HDMI_Pass_Thru_ExDes/v_hdmi_rx_ss_0_ex/v_hdmi_rx_ss_0_ex.runs/exdes_v_tpg_0_synth_1/prj/sol/.autopilot/db/v_tpg.cpp:620]   --->   Operation 264 'br' 'br_ln1355' <Predicate = (icmp_ln520 & bckgndId_load_read == 11)> <Delay = 0.00>
ST_2 : Operation 265 [1/1] (0.00ns)   --->   "%tpgPatternTartanColorBars_unsigned_short_unsigned_short_unsigned_short_unsign_6 = load i10 %tpgPatternTartanColorBars_unsigned_short_unsigned_short_unsigned_short_unsign" [/home/training/AUPBoard/aup_hdmi_pass_thru_2023p1_working/aup_hdmi_pass_thru_2023p1/HDMI_Pass_Thru_ExDes/v_hdmi_rx_ss_0_ex/v_hdmi_rx_ss_0_ex.runs/exdes_v_tpg_0_synth_1/prj/sol/.autopilot/db/v_tpg.cpp:1360->/home/training/AUPBoard/aup_hdmi_pass_thru_2023p1_working/aup_hdmi_pass_thru_2023p1/HDMI_Pass_Thru_ExDes/v_hdmi_rx_ss_0_ex/v_hdmi_rx_ss_0_ex.runs/exdes_v_tpg_0_synth_1/prj/sol/.autopilot/db/v_tpg.cpp:620]   --->   Operation 265 'load' 'tpgPatternTartanColorBars_unsigned_short_unsigned_short_unsigned_short_unsign_6' <Predicate = (icmp_ln520 & bckgndId_load_read == 11 & !empty_65)> <Delay = 0.00>
ST_2 : Operation 266 [1/1] (0.78ns)   --->   "%icmp_ln1360_1 = icmp_ult  i10 %tpgPatternTartanColorBars_unsigned_short_unsigned_short_unsigned_short_unsign_6, i10 %barWidthMinSamples" [/home/training/AUPBoard/aup_hdmi_pass_thru_2023p1_working/aup_hdmi_pass_thru_2023p1/HDMI_Pass_Thru_ExDes/v_hdmi_rx_ss_0_ex/v_hdmi_rx_ss_0_ex.runs/exdes_v_tpg_0_synth_1/prj/sol/.autopilot/db/v_tpg.cpp:1360->/home/training/AUPBoard/aup_hdmi_pass_thru_2023p1_working/aup_hdmi_pass_thru_2023p1/HDMI_Pass_Thru_ExDes/v_hdmi_rx_ss_0_ex/v_hdmi_rx_ss_0_ex.runs/exdes_v_tpg_0_synth_1/prj/sol/.autopilot/db/v_tpg.cpp:620]   --->   Operation 266 'icmp' 'icmp_ln1360_1' <Predicate = (icmp_ln520 & bckgndId_load_read == 11 & !empty_65)> <Delay = 0.78> <CoreInst = "Cmp">   --->   Core 9 'Cmp' <Latency = 0> <II = 1> <Delay = 0.78> <FuncUnit> <Opcode : 'icmp'> <InPorts = 2> <OutPorts = 1>
ST_2 : Operation 267 [1/1] (0.00ns)   --->   "%br_ln1360 = br i1 %icmp_ln1360_1, void %if.else44.1.i, void %if.then40.1.i" [/home/training/AUPBoard/aup_hdmi_pass_thru_2023p1_working/aup_hdmi_pass_thru_2023p1/HDMI_Pass_Thru_ExDes/v_hdmi_rx_ss_0_ex/v_hdmi_rx_ss_0_ex.runs/exdes_v_tpg_0_synth_1/prj/sol/.autopilot/db/v_tpg.cpp:1360->/home/training/AUPBoard/aup_hdmi_pass_thru_2023p1_working/aup_hdmi_pass_thru_2023p1/HDMI_Pass_Thru_ExDes/v_hdmi_rx_ss_0_ex/v_hdmi_rx_ss_0_ex.runs/exdes_v_tpg_0_synth_1/prj/sol/.autopilot/db/v_tpg.cpp:620]   --->   Operation 267 'br' 'br_ln1360' <Predicate = (icmp_ln520 & bckgndId_load_read == 11 & !empty_65)> <Delay = 0.00>
ST_2 : Operation 268 [1/1] (0.00ns)   --->   "%tpgPatternTartanColorBars_unsigned_short_unsigned_short_unsigned_short_unsign_5 = load i8 %tpgPatternTartanColorBars_unsigned_short_unsigned_short_unsigned_short_unsign_9_out" [/home/training/AUPBoard/aup_hdmi_pass_thru_2023p1_working/aup_hdmi_pass_thru_2023p1/HDMI_Pass_Thru_ExDes/v_hdmi_rx_ss_0_ex/v_hdmi_rx_ss_0_ex.runs/exdes_v_tpg_0_synth_1/prj/sol/.autopilot/db/v_tpg.cpp:520]   --->   Operation 268 'load' 'tpgPatternTartanColorBars_unsigned_short_unsigned_short_unsigned_short_unsign_5' <Predicate = (icmp_ln520 & bckgndId_load_read == 11 & !empty_65 & !icmp_ln1360_1)> <Delay = 0.00>
ST_2 : Operation 269 [1/1] (0.78ns)   --->   "%sub_ln1366_1 = sub i10 %tpgPatternTartanColorBars_unsigned_short_unsigned_short_unsigned_short_unsign_6, i10 %barWidthMinSamples" [/home/training/AUPBoard/aup_hdmi_pass_thru_2023p1_working/aup_hdmi_pass_thru_2023p1/HDMI_Pass_Thru_ExDes/v_hdmi_rx_ss_0_ex/v_hdmi_rx_ss_0_ex.runs/exdes_v_tpg_0_synth_1/prj/sol/.autopilot/db/v_tpg.cpp:1366->/home/training/AUPBoard/aup_hdmi_pass_thru_2023p1_working/aup_hdmi_pass_thru_2023p1/HDMI_Pass_Thru_ExDes/v_hdmi_rx_ss_0_ex/v_hdmi_rx_ss_0_ex.runs/exdes_v_tpg_0_synth_1/prj/sol/.autopilot/db/v_tpg.cpp:620]   --->   Operation 269 'sub' 'sub_ln1366_1' <Predicate = (icmp_ln520 & bckgndId_load_read == 11 & !empty_65 & !icmp_ln1360_1)> <Delay = 0.78> <CoreInst = "Adder">   --->   Core 1 'Adder' <Latency = 0> <II = 1> <Delay = 0.78> <FuncUnit> <Opcode : 'add' 'sub'> <InPorts = 2> <OutPorts = 1>
ST_2 : Operation 270 [1/1] (0.47ns)   --->   "%store_ln1366 = store i10 %sub_ln1366_1, i10 %tpgPatternTartanColorBars_unsigned_short_unsigned_short_unsigned_short_unsign" [/home/training/AUPBoard/aup_hdmi_pass_thru_2023p1_working/aup_hdmi_pass_thru_2023p1/HDMI_Pass_Thru_ExDes/v_hdmi_rx_ss_0_ex/v_hdmi_rx_ss_0_ex.runs/exdes_v_tpg_0_synth_1/prj/sol/.autopilot/db/v_tpg.cpp:1366->/home/training/AUPBoard/aup_hdmi_pass_thru_2023p1_working/aup_hdmi_pass_thru_2023p1/HDMI_Pass_Thru_ExDes/v_hdmi_rx_ss_0_ex/v_hdmi_rx_ss_0_ex.runs/exdes_v_tpg_0_synth_1/prj/sol/.autopilot/db/v_tpg.cpp:620]   --->   Operation 270 'store' 'store_ln1366' <Predicate = (icmp_ln520 & bckgndId_load_read == 11 & !empty_65 & !icmp_ln1360_1)> <Delay = 0.47>
ST_2 : Operation 271 [1/1] (0.00ns)   --->   "%trunc_ln520_5 = trunc i8 %tpgPatternTartanColorBars_unsigned_short_unsigned_short_unsigned_short_unsign_5" [/home/training/AUPBoard/aup_hdmi_pass_thru_2023p1_working/aup_hdmi_pass_thru_2023p1/HDMI_Pass_Thru_ExDes/v_hdmi_rx_ss_0_ex/v_hdmi_rx_ss_0_ex.runs/exdes_v_tpg_0_synth_1/prj/sol/.autopilot/db/v_tpg.cpp:520]   --->   Operation 271 'trunc' 'trunc_ln520_5' <Predicate = (icmp_ln520 & bckgndId_load_read == 11 & !empty_65 & !icmp_ln1360_1)> <Delay = 0.00>
ST_2 : Operation 272 [1/1] (0.67ns)   --->   "%add_ln1367_1 = add i3 %trunc_ln520_5, i3 1" [/home/training/AUPBoard/aup_hdmi_pass_thru_2023p1_working/aup_hdmi_pass_thru_2023p1/HDMI_Pass_Thru_ExDes/v_hdmi_rx_ss_0_ex/v_hdmi_rx_ss_0_ex.runs/exdes_v_tpg_0_synth_1/prj/sol/.autopilot/db/v_tpg.cpp:1367->/home/training/AUPBoard/aup_hdmi_pass_thru_2023p1_working/aup_hdmi_pass_thru_2023p1/HDMI_Pass_Thru_ExDes/v_hdmi_rx_ss_0_ex/v_hdmi_rx_ss_0_ex.runs/exdes_v_tpg_0_synth_1/prj/sol/.autopilot/db/v_tpg.cpp:620]   --->   Operation 272 'add' 'add_ln1367_1' <Predicate = (icmp_ln520 & bckgndId_load_read == 11 & !empty_65 & !icmp_ln1360_1)> <Delay = 0.67> <CoreInst = "Adder">   --->   Core 1 'Adder' <Latency = 0> <II = 1> <Delay = 0.67> <FuncUnit> <Opcode : 'add' 'sub'> <InPorts = 2> <OutPorts = 1>
ST_2 : Operation 273 [1/1] (0.00ns)   --->   "%zext_ln1367_1 = zext i3 %add_ln1367_1" [/home/training/AUPBoard/aup_hdmi_pass_thru_2023p1_working/aup_hdmi_pass_thru_2023p1/HDMI_Pass_Thru_ExDes/v_hdmi_rx_ss_0_ex/v_hdmi_rx_ss_0_ex.runs/exdes_v_tpg_0_synth_1/prj/sol/.autopilot/db/v_tpg.cpp:1367->/home/training/AUPBoard/aup_hdmi_pass_thru_2023p1_working/aup_hdmi_pass_thru_2023p1/HDMI_Pass_Thru_ExDes/v_hdmi_rx_ss_0_ex/v_hdmi_rx_ss_0_ex.runs/exdes_v_tpg_0_synth_1/prj/sol/.autopilot/db/v_tpg.cpp:620]   --->   Operation 273 'zext' 'zext_ln1367_1' <Predicate = (icmp_ln520 & bckgndId_load_read == 11 & !empty_65 & !icmp_ln1360_1)> <Delay = 0.00>
ST_2 : Operation 274 [1/1] (0.42ns)   --->   "%store_ln1367 = store i3 %add_ln1367_1, i3 %tpgPatternTartanColorBars_unsigned_short_unsigned_short_unsigned_short_unsign_2" [/home/training/AUPBoard/aup_hdmi_pass_thru_2023p1_working/aup_hdmi_pass_thru_2023p1/HDMI_Pass_Thru_ExDes/v_hdmi_rx_ss_0_ex/v_hdmi_rx_ss_0_ex.runs/exdes_v_tpg_0_synth_1/prj/sol/.autopilot/db/v_tpg.cpp:1367->/home/training/AUPBoard/aup_hdmi_pass_thru_2023p1_working/aup_hdmi_pass_thru_2023p1/HDMI_Pass_Thru_ExDes/v_hdmi_rx_ss_0_ex/v_hdmi_rx_ss_0_ex.runs/exdes_v_tpg_0_synth_1/prj/sol/.autopilot/db/v_tpg.cpp:620]   --->   Operation 274 'store' 'store_ln1367' <Predicate = (icmp_ln520 & bckgndId_load_read == 11 & !empty_65 & !icmp_ln1360_1)> <Delay = 0.42>
ST_2 : Operation 275 [1/1] (0.42ns)   --->   "%store_ln1367 = store i8 %zext_ln1367_1, i8 %tpgPatternTartanColorBars_unsigned_short_unsigned_short_unsigned_short_unsign_9_out" [/home/training/AUPBoard/aup_hdmi_pass_thru_2023p1_working/aup_hdmi_pass_thru_2023p1/HDMI_Pass_Thru_ExDes/v_hdmi_rx_ss_0_ex/v_hdmi_rx_ss_0_ex.runs/exdes_v_tpg_0_synth_1/prj/sol/.autopilot/db/v_tpg.cpp:1367->/home/training/AUPBoard/aup_hdmi_pass_thru_2023p1_working/aup_hdmi_pass_thru_2023p1/HDMI_Pass_Thru_ExDes/v_hdmi_rx_ss_0_ex/v_hdmi_rx_ss_0_ex.runs/exdes_v_tpg_0_synth_1/prj/sol/.autopilot/db/v_tpg.cpp:620]   --->   Operation 275 'store' 'store_ln1367' <Predicate = (icmp_ln520 & bckgndId_load_read == 11 & !empty_65 & !icmp_ln1360_1)> <Delay = 0.42>
ST_2 : Operation 276 [1/1] (0.00ns)   --->   "%br_ln0 = br void %if.end57.1.i"   --->   Operation 276 'br' 'br_ln0' <Predicate = (icmp_ln520 & bckgndId_load_read == 11 & !empty_65 & !icmp_ln1360_1)> <Delay = 0.00>
ST_2 : Operation 277 [1/1] (0.78ns)   --->   "%add_ln1362_1 = add i10 %tpgPatternTartanColorBars_unsigned_short_unsigned_short_unsigned_short_unsign_6, i10 2" [/home/training/AUPBoard/aup_hdmi_pass_thru_2023p1_working/aup_hdmi_pass_thru_2023p1/HDMI_Pass_Thru_ExDes/v_hdmi_rx_ss_0_ex/v_hdmi_rx_ss_0_ex.runs/exdes_v_tpg_0_synth_1/prj/sol/.autopilot/db/v_tpg.cpp:1362->/home/training/AUPBoard/aup_hdmi_pass_thru_2023p1_working/aup_hdmi_pass_thru_2023p1/HDMI_Pass_Thru_ExDes/v_hdmi_rx_ss_0_ex/v_hdmi_rx_ss_0_ex.runs/exdes_v_tpg_0_synth_1/prj/sol/.autopilot/db/v_tpg.cpp:620]   --->   Operation 277 'add' 'add_ln1362_1' <Predicate = (icmp_ln520 & bckgndId_load_read == 11 & !empty_65 & icmp_ln1360_1)> <Delay = 0.78> <CoreInst = "Adder">   --->   Core 1 'Adder' <Latency = 0> <II = 1> <Delay = 0.78> <FuncUnit> <Opcode : 'add' 'sub'> <InPorts = 2> <OutPorts = 1>
ST_2 : Operation 278 [1/1] (0.47ns)   --->   "%store_ln1362 = store i10 %add_ln1362_1, i10 %tpgPatternTartanColorBars_unsigned_short_unsigned_short_unsigned_short_unsign" [/home/training/AUPBoard/aup_hdmi_pass_thru_2023p1_working/aup_hdmi_pass_thru_2023p1/HDMI_Pass_Thru_ExDes/v_hdmi_rx_ss_0_ex/v_hdmi_rx_ss_0_ex.runs/exdes_v_tpg_0_synth_1/prj/sol/.autopilot/db/v_tpg.cpp:1362->/home/training/AUPBoard/aup_hdmi_pass_thru_2023p1_working/aup_hdmi_pass_thru_2023p1/HDMI_Pass_Thru_ExDes/v_hdmi_rx_ss_0_ex/v_hdmi_rx_ss_0_ex.runs/exdes_v_tpg_0_synth_1/prj/sol/.autopilot/db/v_tpg.cpp:620]   --->   Operation 278 'store' 'store_ln1362' <Predicate = (icmp_ln520 & bckgndId_load_read == 11 & !empty_65 & icmp_ln1360_1)> <Delay = 0.47>
ST_2 : Operation 279 [1/1] (0.00ns)   --->   "%br_ln1363 = br void %if.end57.1.i" [/home/training/AUPBoard/aup_hdmi_pass_thru_2023p1_working/aup_hdmi_pass_thru_2023p1/HDMI_Pass_Thru_ExDes/v_hdmi_rx_ss_0_ex/v_hdmi_rx_ss_0_ex.runs/exdes_v_tpg_0_synth_1/prj/sol/.autopilot/db/v_tpg.cpp:1363->/home/training/AUPBoard/aup_hdmi_pass_thru_2023p1_working/aup_hdmi_pass_thru_2023p1/HDMI_Pass_Thru_ExDes/v_hdmi_rx_ss_0_ex/v_hdmi_rx_ss_0_ex.runs/exdes_v_tpg_0_synth_1/prj/sol/.autopilot/db/v_tpg.cpp:620]   --->   Operation 279 'br' 'br_ln1363' <Predicate = (icmp_ln520 & bckgndId_load_read == 11 & !empty_65 & icmp_ln1360_1)> <Delay = 0.00>
ST_2 : Operation 280 [1/1] (0.42ns)   --->   "%store_ln1359 = store i8 0, i8 %tpgPatternTartanColorBars_unsigned_short_unsigned_short_unsigned_short_unsign_9_out" [/home/training/AUPBoard/aup_hdmi_pass_thru_2023p1_working/aup_hdmi_pass_thru_2023p1/HDMI_Pass_Thru_ExDes/v_hdmi_rx_ss_0_ex/v_hdmi_rx_ss_0_ex.runs/exdes_v_tpg_0_synth_1/prj/sol/.autopilot/db/v_tpg.cpp:1359->/home/training/AUPBoard/aup_hdmi_pass_thru_2023p1_working/aup_hdmi_pass_thru_2023p1/HDMI_Pass_Thru_ExDes/v_hdmi_rx_ss_0_ex/v_hdmi_rx_ss_0_ex.runs/exdes_v_tpg_0_synth_1/prj/sol/.autopilot/db/v_tpg.cpp:620]   --->   Operation 280 'store' 'store_ln1359' <Predicate = (icmp_ln520 & bckgndId_load_read == 11 & empty_65)> <Delay = 0.42>
ST_2 : Operation 281 [1/1] (0.00ns)   --->   "%br_ln1359 = br void %if.end57.1.i" [/home/training/AUPBoard/aup_hdmi_pass_thru_2023p1_working/aup_hdmi_pass_thru_2023p1/HDMI_Pass_Thru_ExDes/v_hdmi_rx_ss_0_ex/v_hdmi_rx_ss_0_ex.runs/exdes_v_tpg_0_synth_1/prj/sol/.autopilot/db/v_tpg.cpp:1359->/home/training/AUPBoard/aup_hdmi_pass_thru_2023p1_working/aup_hdmi_pass_thru_2023p1/HDMI_Pass_Thru_ExDes/v_hdmi_rx_ss_0_ex/v_hdmi_rx_ss_0_ex.runs/exdes_v_tpg_0_synth_1/prj/sol/.autopilot/db/v_tpg.cpp:620]   --->   Operation 281 'br' 'br_ln1359' <Predicate = (icmp_ln520 & bckgndId_load_read == 11 & empty_65)> <Delay = 0.00>
ST_2 : Operation 282 [1/1] (0.83ns)   --->   "%add_ln1196 = add i14 %trunc_ln1_read, i14 7" [/home/training/AUPBoard/aup_hdmi_pass_thru_2023p1_working/aup_hdmi_pass_thru_2023p1/HDMI_Pass_Thru_ExDes/v_hdmi_rx_ss_0_ex/v_hdmi_rx_ss_0_ex.runs/exdes_v_tpg_0_synth_1/prj/sol/.autopilot/db/v_tpg.cpp:1196->/home/training/AUPBoard/aup_hdmi_pass_thru_2023p1_working/aup_hdmi_pass_thru_2023p1/HDMI_Pass_Thru_ExDes/v_hdmi_rx_ss_0_ex/v_hdmi_rx_ss_0_ex.runs/exdes_v_tpg_0_synth_1/prj/sol/.autopilot/db/v_tpg.cpp:604]   --->   Operation 282 'add' 'add_ln1196' <Predicate = (icmp_ln520 & bckgndId_load_read == 9)> <Delay = 0.83> <CoreInst = "Adder">   --->   Core 1 'Adder' <Latency = 0> <II = 1> <Delay = 0.83> <FuncUnit> <Opcode : 'add' 'sub'> <InPorts = 2> <OutPorts = 1>
ST_2 : Operation 283 [1/1] (0.00ns)   --->   "%barWidth = partselect i11 @_ssdm_op_PartSelect.i11.i14.i32.i32, i14 %add_ln1196, i32 3, i32 13" [/home/training/AUPBoard/aup_hdmi_pass_thru_2023p1_working/aup_hdmi_pass_thru_2023p1/HDMI_Pass_Thru_ExDes/v_hdmi_rx_ss_0_ex/v_hdmi_rx_ss_0_ex.runs/exdes_v_tpg_0_synth_1/prj/sol/.autopilot/db/v_tpg.cpp:1196->/home/training/AUPBoard/aup_hdmi_pass_thru_2023p1_working/aup_hdmi_pass_thru_2023p1/HDMI_Pass_Thru_ExDes/v_hdmi_rx_ss_0_ex/v_hdmi_rx_ss_0_ex.runs/exdes_v_tpg_0_synth_1/prj/sol/.autopilot/db/v_tpg.cpp:604]   --->   Operation 283 'partselect' 'barWidth' <Predicate = (icmp_ln520 & bckgndId_load_read == 9)> <Delay = 0.00>
ST_2 : Operation 284 [1/1] (0.00ns)   --->   "%barWidth_cast = zext i11 %barWidth" [/home/training/AUPBoard/aup_hdmi_pass_thru_2023p1_working/aup_hdmi_pass_thru_2023p1/HDMI_Pass_Thru_ExDes/v_hdmi_rx_ss_0_ex/v_hdmi_rx_ss_0_ex.runs/exdes_v_tpg_0_synth_1/prj/sol/.autopilot/db/v_tpg.cpp:1196->/home/training/AUPBoard/aup_hdmi_pass_thru_2023p1_working/aup_hdmi_pass_thru_2023p1/HDMI_Pass_Thru_ExDes/v_hdmi_rx_ss_0_ex/v_hdmi_rx_ss_0_ex.runs/exdes_v_tpg_0_synth_1/prj/sol/.autopilot/db/v_tpg.cpp:604]   --->   Operation 284 'zext' 'barWidth_cast' <Predicate = (icmp_ln520 & bckgndId_load_read == 9)> <Delay = 0.00>
ST_2 : Operation 285 [1/1] (0.00ns)   --->   "%br_ln1200 = br i1 %empty_65, void %if.else.i171, void %if.then.i169" [/home/training/AUPBoard/aup_hdmi_pass_thru_2023p1_working/aup_hdmi_pass_thru_2023p1/HDMI_Pass_Thru_ExDes/v_hdmi_rx_ss_0_ex/v_hdmi_rx_ss_0_ex.runs/exdes_v_tpg_0_synth_1/prj/sol/.autopilot/db/v_tpg.cpp:1200->/home/training/AUPBoard/aup_hdmi_pass_thru_2023p1_working/aup_hdmi_pass_thru_2023p1/HDMI_Pass_Thru_ExDes/v_hdmi_rx_ss_0_ex/v_hdmi_rx_ss_0_ex.runs/exdes_v_tpg_0_synth_1/prj/sol/.autopilot/db/v_tpg.cpp:604]   --->   Operation 285 'br' 'br_ln1200' <Predicate = (icmp_ln520 & bckgndId_load_read == 9)> <Delay = 0.00>
ST_2 : Operation 286 [1/1] (0.00ns)   --->   "%tpgPatternColorBars_unsigned_short_unsigned_short_unsigned_char_int_xBar_load = load i11 %tpgPatternColorBars_unsigned_short_unsigned_short_unsigned_char_int_xBar" [/home/training/AUPBoard/aup_hdmi_pass_thru_2023p1_working/aup_hdmi_pass_thru_2023p1/HDMI_Pass_Thru_ExDes/v_hdmi_rx_ss_0_ex/v_hdmi_rx_ss_0_ex.runs/exdes_v_tpg_0_synth_1/prj/sol/.autopilot/db/v_tpg.cpp:1205->/home/training/AUPBoard/aup_hdmi_pass_thru_2023p1_working/aup_hdmi_pass_thru_2023p1/HDMI_Pass_Thru_ExDes/v_hdmi_rx_ss_0_ex/v_hdmi_rx_ss_0_ex.runs/exdes_v_tpg_0_synth_1/prj/sol/.autopilot/db/v_tpg.cpp:604]   --->   Operation 286 'load' 'tpgPatternColorBars_unsigned_short_unsigned_short_unsigned_char_int_xBar_load' <Predicate = (icmp_ln520 & bckgndId_load_read == 9 & !empty_65)> <Delay = 0.00>
ST_2 : Operation 287 [1/1] (0.00ns)   --->   "%zext_ln1205 = zext i11 %tpgPatternColorBars_unsigned_short_unsigned_short_unsigned_char_int_xBar_load" [/home/training/AUPBoard/aup_hdmi_pass_thru_2023p1_working/aup_hdmi_pass_thru_2023p1/HDMI_Pass_Thru_ExDes/v_hdmi_rx_ss_0_ex/v_hdmi_rx_ss_0_ex.runs/exdes_v_tpg_0_synth_1/prj/sol/.autopilot/db/v_tpg.cpp:1205->/home/training/AUPBoard/aup_hdmi_pass_thru_2023p1_working/aup_hdmi_pass_thru_2023p1/HDMI_Pass_Thru_ExDes/v_hdmi_rx_ss_0_ex/v_hdmi_rx_ss_0_ex.runs/exdes_v_tpg_0_synth_1/prj/sol/.autopilot/db/v_tpg.cpp:604]   --->   Operation 287 'zext' 'zext_ln1205' <Predicate = (icmp_ln520 & bckgndId_load_read == 9 & !empty_65)> <Delay = 0.00>
ST_2 : Operation 288 [1/1] (0.79ns)   --->   "%add_ln1205 = add i12 %zext_ln1205, i12 2" [/home/training/AUPBoard/aup_hdmi_pass_thru_2023p1_working/aup_hdmi_pass_thru_2023p1/HDMI_Pass_Thru_ExDes/v_hdmi_rx_ss_0_ex/v_hdmi_rx_ss_0_ex.runs/exdes_v_tpg_0_synth_1/prj/sol/.autopilot/db/v_tpg.cpp:1205->/home/training/AUPBoard/aup_hdmi_pass_thru_2023p1_working/aup_hdmi_pass_thru_2023p1/HDMI_Pass_Thru_ExDes/v_hdmi_rx_ss_0_ex/v_hdmi_rx_ss_0_ex.runs/exdes_v_tpg_0_synth_1/prj/sol/.autopilot/db/v_tpg.cpp:604]   --->   Operation 288 'add' 'add_ln1205' <Predicate = (icmp_ln520 & bckgndId_load_read == 9 & !empty_65)> <Delay = 0.79> <CoreInst = "Adder">   --->   Core 1 'Adder' <Latency = 0> <II = 1> <Delay = 0.79> <FuncUnit> <Opcode : 'add' 'sub'> <InPorts = 2> <OutPorts = 1>
ST_2 : Operation 289 [1/1] (0.80ns)   --->   "%icmp_ln1205 = icmp_ult  i12 %add_ln1205, i12 %barWidth_cast" [/home/training/AUPBoard/aup_hdmi_pass_thru_2023p1_working/aup_hdmi_pass_thru_2023p1/HDMI_Pass_Thru_ExDes/v_hdmi_rx_ss_0_ex/v_hdmi_rx_ss_0_ex.runs/exdes_v_tpg_0_synth_1/prj/sol/.autopilot/db/v_tpg.cpp:1205->/home/training/AUPBoard/aup_hdmi_pass_thru_2023p1_working/aup_hdmi_pass_thru_2023p1/HDMI_Pass_Thru_ExDes/v_hdmi_rx_ss_0_ex/v_hdmi_rx_ss_0_ex.runs/exdes_v_tpg_0_synth_1/prj/sol/.autopilot/db/v_tpg.cpp:604]   --->   Operation 289 'icmp' 'icmp_ln1205' <Predicate = (icmp_ln520 & bckgndId_load_read == 9 & !empty_65)> <Delay = 0.80> <CoreInst = "Cmp">   --->   Core 9 'Cmp' <Latency = 0> <II = 1> <Delay = 0.80> <FuncUnit> <Opcode : 'icmp'> <InPorts = 2> <OutPorts = 1>
ST_2 : Operation 290 [1/1] (0.79ns)   --->   "%add_ln1207 = add i11 %tpgPatternColorBars_unsigned_short_unsigned_short_unsigned_char_int_xBar_load, i11 2" [/home/training/AUPBoard/aup_hdmi_pass_thru_2023p1_working/aup_hdmi_pass_thru_2023p1/HDMI_Pass_Thru_ExDes/v_hdmi_rx_ss_0_ex/v_hdmi_rx_ss_0_ex.runs/exdes_v_tpg_0_synth_1/prj/sol/.autopilot/db/v_tpg.cpp:1207->/home/training/AUPBoard/aup_hdmi_pass_thru_2023p1_working/aup_hdmi_pass_thru_2023p1/HDMI_Pass_Thru_ExDes/v_hdmi_rx_ss_0_ex/v_hdmi_rx_ss_0_ex.runs/exdes_v_tpg_0_synth_1/prj/sol/.autopilot/db/v_tpg.cpp:604]   --->   Operation 290 'add' 'add_ln1207' <Predicate = (icmp_ln520 & bckgndId_load_read == 9 & !empty_65)> <Delay = 0.79> <CoreInst = "Adder">   --->   Core 1 'Adder' <Latency = 0> <II = 1> <Delay = 0.79> <FuncUnit> <Opcode : 'add' 'sub'> <InPorts = 2> <OutPorts = 1>
ST_2 : Operation 291 [1/1] (0.00ns)   --->   "%br_ln1205 = br i1 %icmp_ln1205, void %if.else17.i, void %if.then10.i" [/home/training/AUPBoard/aup_hdmi_pass_thru_2023p1_working/aup_hdmi_pass_thru_2023p1/HDMI_Pass_Thru_ExDes/v_hdmi_rx_ss_0_ex/v_hdmi_rx_ss_0_ex.runs/exdes_v_tpg_0_synth_1/prj/sol/.autopilot/db/v_tpg.cpp:1205->/home/training/AUPBoard/aup_hdmi_pass_thru_2023p1_working/aup_hdmi_pass_thru_2023p1/HDMI_Pass_Thru_ExDes/v_hdmi_rx_ss_0_ex/v_hdmi_rx_ss_0_ex.runs/exdes_v_tpg_0_synth_1/prj/sol/.autopilot/db/v_tpg.cpp:604]   --->   Operation 291 'br' 'br_ln1205' <Predicate = (icmp_ln520 & bckgndId_load_read == 9 & !empty_65)> <Delay = 0.00>
ST_2 : Operation 292 [1/1] (0.79ns)   --->   "%sub_ln1211 = sub i11 %add_ln1207, i11 %barWidth" [/home/training/AUPBoard/aup_hdmi_pass_thru_2023p1_working/aup_hdmi_pass_thru_2023p1/HDMI_Pass_Thru_ExDes/v_hdmi_rx_ss_0_ex/v_hdmi_rx_ss_0_ex.runs/exdes_v_tpg_0_synth_1/prj/sol/.autopilot/db/v_tpg.cpp:1211->/home/training/AUPBoard/aup_hdmi_pass_thru_2023p1_working/aup_hdmi_pass_thru_2023p1/HDMI_Pass_Thru_ExDes/v_hdmi_rx_ss_0_ex/v_hdmi_rx_ss_0_ex.runs/exdes_v_tpg_0_synth_1/prj/sol/.autopilot/db/v_tpg.cpp:604]   --->   Operation 292 'sub' 'sub_ln1211' <Predicate = (icmp_ln520 & bckgndId_load_read == 9 & !empty_65 & !icmp_ln1205)> <Delay = 0.79> <CoreInst = "Adder">   --->   Core 1 'Adder' <Latency = 0> <II = 1> <Delay = 0.79> <FuncUnit> <Opcode : 'add' 'sub'> <InPorts = 2> <OutPorts = 1>
ST_2 : Operation 293 [1/1] (0.47ns)   --->   "%store_ln1211 = store i11 %sub_ln1211, i11 %tpgPatternColorBars_unsigned_short_unsigned_short_unsigned_char_int_xBar" [/home/training/AUPBoard/aup_hdmi_pass_thru_2023p1_working/aup_hdmi_pass_thru_2023p1/HDMI_Pass_Thru_ExDes/v_hdmi_rx_ss_0_ex/v_hdmi_rx_ss_0_ex.runs/exdes_v_tpg_0_synth_1/prj/sol/.autopilot/db/v_tpg.cpp:1211->/home/training/AUPBoard/aup_hdmi_pass_thru_2023p1_working/aup_hdmi_pass_thru_2023p1/HDMI_Pass_Thru_ExDes/v_hdmi_rx_ss_0_ex/v_hdmi_rx_ss_0_ex.runs/exdes_v_tpg_0_synth_1/prj/sol/.autopilot/db/v_tpg.cpp:604]   --->   Operation 293 'store' 'store_ln1211' <Predicate = (icmp_ln520 & bckgndId_load_read == 9 & !empty_65 & !icmp_ln1205)> <Delay = 0.47>
ST_2 : Operation 294 [1/1] (0.47ns)   --->   "%store_ln1207 = store i11 %add_ln1207, i11 %tpgPatternColorBars_unsigned_short_unsigned_short_unsigned_char_int_xBar" [/home/training/AUPBoard/aup_hdmi_pass_thru_2023p1_working/aup_hdmi_pass_thru_2023p1/HDMI_Pass_Thru_ExDes/v_hdmi_rx_ss_0_ex/v_hdmi_rx_ss_0_ex.runs/exdes_v_tpg_0_synth_1/prj/sol/.autopilot/db/v_tpg.cpp:1207->/home/training/AUPBoard/aup_hdmi_pass_thru_2023p1_working/aup_hdmi_pass_thru_2023p1/HDMI_Pass_Thru_ExDes/v_hdmi_rx_ss_0_ex/v_hdmi_rx_ss_0_ex.runs/exdes_v_tpg_0_synth_1/prj/sol/.autopilot/db/v_tpg.cpp:604]   --->   Operation 294 'store' 'store_ln1207' <Predicate = (icmp_ln520 & bckgndId_load_read == 9 & !empty_65 & icmp_ln1205)> <Delay = 0.47>
ST_2 : Operation 295 [1/1] (0.00ns)   --->   "%br_ln1208 = br void %if.end32.i_ifconv" [/home/training/AUPBoard/aup_hdmi_pass_thru_2023p1_working/aup_hdmi_pass_thru_2023p1/HDMI_Pass_Thru_ExDes/v_hdmi_rx_ss_0_ex/v_hdmi_rx_ss_0_ex.runs/exdes_v_tpg_0_synth_1/prj/sol/.autopilot/db/v_tpg.cpp:1208->/home/training/AUPBoard/aup_hdmi_pass_thru_2023p1_working/aup_hdmi_pass_thru_2023p1/HDMI_Pass_Thru_ExDes/v_hdmi_rx_ss_0_ex/v_hdmi_rx_ss_0_ex.runs/exdes_v_tpg_0_synth_1/prj/sol/.autopilot/db/v_tpg.cpp:604]   --->   Operation 295 'br' 'br_ln1208' <Predicate = (icmp_ln520 & bckgndId_load_read == 9 & !empty_65 & icmp_ln1205)> <Delay = 0.00>
ST_2 : Operation 296 [1/1] (0.00ns)   --->   "%br_ln1200 = br i1 %empty_65, void %if.else.1.i, void %if.then.1.i" [/home/training/AUPBoard/aup_hdmi_pass_thru_2023p1_working/aup_hdmi_pass_thru_2023p1/HDMI_Pass_Thru_ExDes/v_hdmi_rx_ss_0_ex/v_hdmi_rx_ss_0_ex.runs/exdes_v_tpg_0_synth_1/prj/sol/.autopilot/db/v_tpg.cpp:1200->/home/training/AUPBoard/aup_hdmi_pass_thru_2023p1_working/aup_hdmi_pass_thru_2023p1/HDMI_Pass_Thru_ExDes/v_hdmi_rx_ss_0_ex/v_hdmi_rx_ss_0_ex.runs/exdes_v_tpg_0_synth_1/prj/sol/.autopilot/db/v_tpg.cpp:604]   --->   Operation 296 'br' 'br_ln1200' <Predicate = (icmp_ln520 & bckgndId_load_read == 9)> <Delay = 0.00>
ST_2 : Operation 297 [1/1] (0.00ns)   --->   "%tpgPatternColorBars_unsigned_short_unsigned_short_unsigned_char_int_xBar_6_lo = load i11 %tpgPatternColorBars_unsigned_short_unsigned_short_unsigned_char_int_xBar_6" [/home/training/AUPBoard/aup_hdmi_pass_thru_2023p1_working/aup_hdmi_pass_thru_2023p1/HDMI_Pass_Thru_ExDes/v_hdmi_rx_ss_0_ex/v_hdmi_rx_ss_0_ex.runs/exdes_v_tpg_0_synth_1/prj/sol/.autopilot/db/v_tpg.cpp:1205->/home/training/AUPBoard/aup_hdmi_pass_thru_2023p1_working/aup_hdmi_pass_thru_2023p1/HDMI_Pass_Thru_ExDes/v_hdmi_rx_ss_0_ex/v_hdmi_rx_ss_0_ex.runs/exdes_v_tpg_0_synth_1/prj/sol/.autopilot/db/v_tpg.cpp:604]   --->   Operation 297 'load' 'tpgPatternColorBars_unsigned_short_unsigned_short_unsigned_char_int_xBar_6_lo' <Predicate = (icmp_ln520 & bckgndId_load_read == 9 & !empty_65)> <Delay = 0.00>
ST_2 : Operation 298 [1/1] (0.00ns)   --->   "%zext_ln1205_1 = zext i11 %tpgPatternColorBars_unsigned_short_unsigned_short_unsigned_char_int_xBar_6_lo" [/home/training/AUPBoard/aup_hdmi_pass_thru_2023p1_working/aup_hdmi_pass_thru_2023p1/HDMI_Pass_Thru_ExDes/v_hdmi_rx_ss_0_ex/v_hdmi_rx_ss_0_ex.runs/exdes_v_tpg_0_synth_1/prj/sol/.autopilot/db/v_tpg.cpp:1205->/home/training/AUPBoard/aup_hdmi_pass_thru_2023p1_working/aup_hdmi_pass_thru_2023p1/HDMI_Pass_Thru_ExDes/v_hdmi_rx_ss_0_ex/v_hdmi_rx_ss_0_ex.runs/exdes_v_tpg_0_synth_1/prj/sol/.autopilot/db/v_tpg.cpp:604]   --->   Operation 298 'zext' 'zext_ln1205_1' <Predicate = (icmp_ln520 & bckgndId_load_read == 9 & !empty_65)> <Delay = 0.00>
ST_2 : Operation 299 [1/1] (0.79ns)   --->   "%add_ln1205_1 = add i12 %zext_ln1205_1, i12 2" [/home/training/AUPBoard/aup_hdmi_pass_thru_2023p1_working/aup_hdmi_pass_thru_2023p1/HDMI_Pass_Thru_ExDes/v_hdmi_rx_ss_0_ex/v_hdmi_rx_ss_0_ex.runs/exdes_v_tpg_0_synth_1/prj/sol/.autopilot/db/v_tpg.cpp:1205->/home/training/AUPBoard/aup_hdmi_pass_thru_2023p1_working/aup_hdmi_pass_thru_2023p1/HDMI_Pass_Thru_ExDes/v_hdmi_rx_ss_0_ex/v_hdmi_rx_ss_0_ex.runs/exdes_v_tpg_0_synth_1/prj/sol/.autopilot/db/v_tpg.cpp:604]   --->   Operation 299 'add' 'add_ln1205_1' <Predicate = (icmp_ln520 & bckgndId_load_read == 9 & !empty_65)> <Delay = 0.79> <CoreInst = "Adder">   --->   Core 1 'Adder' <Latency = 0> <II = 1> <Delay = 0.79> <FuncUnit> <Opcode : 'add' 'sub'> <InPorts = 2> <OutPorts = 1>
ST_2 : Operation 300 [1/1] (0.80ns)   --->   "%icmp_ln1205_1 = icmp_ult  i12 %add_ln1205_1, i12 %barWidth_cast" [/home/training/AUPBoard/aup_hdmi_pass_thru_2023p1_working/aup_hdmi_pass_thru_2023p1/HDMI_Pass_Thru_ExDes/v_hdmi_rx_ss_0_ex/v_hdmi_rx_ss_0_ex.runs/exdes_v_tpg_0_synth_1/prj/sol/.autopilot/db/v_tpg.cpp:1205->/home/training/AUPBoard/aup_hdmi_pass_thru_2023p1_working/aup_hdmi_pass_thru_2023p1/HDMI_Pass_Thru_ExDes/v_hdmi_rx_ss_0_ex/v_hdmi_rx_ss_0_ex.runs/exdes_v_tpg_0_synth_1/prj/sol/.autopilot/db/v_tpg.cpp:604]   --->   Operation 300 'icmp' 'icmp_ln1205_1' <Predicate = (icmp_ln520 & bckgndId_load_read == 9 & !empty_65)> <Delay = 0.80> <CoreInst = "Cmp">   --->   Core 9 'Cmp' <Latency = 0> <II = 1> <Delay = 0.80> <FuncUnit> <Opcode : 'icmp'> <InPorts = 2> <OutPorts = 1>
ST_2 : Operation 301 [1/1] (0.79ns)   --->   "%add_ln1207_1 = add i11 %tpgPatternColorBars_unsigned_short_unsigned_short_unsigned_char_int_xBar_6_lo, i11 2" [/home/training/AUPBoard/aup_hdmi_pass_thru_2023p1_working/aup_hdmi_pass_thru_2023p1/HDMI_Pass_Thru_ExDes/v_hdmi_rx_ss_0_ex/v_hdmi_rx_ss_0_ex.runs/exdes_v_tpg_0_synth_1/prj/sol/.autopilot/db/v_tpg.cpp:1207->/home/training/AUPBoard/aup_hdmi_pass_thru_2023p1_working/aup_hdmi_pass_thru_2023p1/HDMI_Pass_Thru_ExDes/v_hdmi_rx_ss_0_ex/v_hdmi_rx_ss_0_ex.runs/exdes_v_tpg_0_synth_1/prj/sol/.autopilot/db/v_tpg.cpp:604]   --->   Operation 301 'add' 'add_ln1207_1' <Predicate = (icmp_ln520 & bckgndId_load_read == 9 & !empty_65)> <Delay = 0.79> <CoreInst = "Adder">   --->   Core 1 'Adder' <Latency = 0> <II = 1> <Delay = 0.79> <FuncUnit> <Opcode : 'add' 'sub'> <InPorts = 2> <OutPorts = 1>
ST_2 : Operation 302 [1/1] (0.00ns)   --->   "%br_ln1205 = br i1 %icmp_ln1205_1, void %if.else17.1.i, void %if.then10.1.i" [/home/training/AUPBoard/aup_hdmi_pass_thru_2023p1_working/aup_hdmi_pass_thru_2023p1/HDMI_Pass_Thru_ExDes/v_hdmi_rx_ss_0_ex/v_hdmi_rx_ss_0_ex.runs/exdes_v_tpg_0_synth_1/prj/sol/.autopilot/db/v_tpg.cpp:1205->/home/training/AUPBoard/aup_hdmi_pass_thru_2023p1_working/aup_hdmi_pass_thru_2023p1/HDMI_Pass_Thru_ExDes/v_hdmi_rx_ss_0_ex/v_hdmi_rx_ss_0_ex.runs/exdes_v_tpg_0_synth_1/prj/sol/.autopilot/db/v_tpg.cpp:604]   --->   Operation 302 'br' 'br_ln1205' <Predicate = (icmp_ln520 & bckgndId_load_read == 9 & !empty_65)> <Delay = 0.00>
ST_2 : Operation 303 [1/1] (0.79ns)   --->   "%sub_ln1211_1 = sub i11 %add_ln1207_1, i11 %barWidth" [/home/training/AUPBoard/aup_hdmi_pass_thru_2023p1_working/aup_hdmi_pass_thru_2023p1/HDMI_Pass_Thru_ExDes/v_hdmi_rx_ss_0_ex/v_hdmi_rx_ss_0_ex.runs/exdes_v_tpg_0_synth_1/prj/sol/.autopilot/db/v_tpg.cpp:1211->/home/training/AUPBoard/aup_hdmi_pass_thru_2023p1_working/aup_hdmi_pass_thru_2023p1/HDMI_Pass_Thru_ExDes/v_hdmi_rx_ss_0_ex/v_hdmi_rx_ss_0_ex.runs/exdes_v_tpg_0_synth_1/prj/sol/.autopilot/db/v_tpg.cpp:604]   --->   Operation 303 'sub' 'sub_ln1211_1' <Predicate = (icmp_ln520 & bckgndId_load_read == 9 & !empty_65 & !icmp_ln1205_1)> <Delay = 0.79> <CoreInst = "Adder">   --->   Core 1 'Adder' <Latency = 0> <II = 1> <Delay = 0.79> <FuncUnit> <Opcode : 'add' 'sub'> <InPorts = 2> <OutPorts = 1>
ST_2 : Operation 304 [1/1] (0.47ns)   --->   "%store_ln1211 = store i11 %sub_ln1211_1, i11 %tpgPatternColorBars_unsigned_short_unsigned_short_unsigned_char_int_xBar_6" [/home/training/AUPBoard/aup_hdmi_pass_thru_2023p1_working/aup_hdmi_pass_thru_2023p1/HDMI_Pass_Thru_ExDes/v_hdmi_rx_ss_0_ex/v_hdmi_rx_ss_0_ex.runs/exdes_v_tpg_0_synth_1/prj/sol/.autopilot/db/v_tpg.cpp:1211->/home/training/AUPBoard/aup_hdmi_pass_thru_2023p1_working/aup_hdmi_pass_thru_2023p1/HDMI_Pass_Thru_ExDes/v_hdmi_rx_ss_0_ex/v_hdmi_rx_ss_0_ex.runs/exdes_v_tpg_0_synth_1/prj/sol/.autopilot/db/v_tpg.cpp:604]   --->   Operation 304 'store' 'store_ln1211' <Predicate = (icmp_ln520 & bckgndId_load_read == 9 & !empty_65 & !icmp_ln1205_1)> <Delay = 0.47>
ST_2 : Operation 305 [1/1] (0.47ns)   --->   "%store_ln1207 = store i11 %add_ln1207_1, i11 %tpgPatternColorBars_unsigned_short_unsigned_short_unsigned_char_int_xBar_6" [/home/training/AUPBoard/aup_hdmi_pass_thru_2023p1_working/aup_hdmi_pass_thru_2023p1/HDMI_Pass_Thru_ExDes/v_hdmi_rx_ss_0_ex/v_hdmi_rx_ss_0_ex.runs/exdes_v_tpg_0_synth_1/prj/sol/.autopilot/db/v_tpg.cpp:1207->/home/training/AUPBoard/aup_hdmi_pass_thru_2023p1_working/aup_hdmi_pass_thru_2023p1/HDMI_Pass_Thru_ExDes/v_hdmi_rx_ss_0_ex/v_hdmi_rx_ss_0_ex.runs/exdes_v_tpg_0_synth_1/prj/sol/.autopilot/db/v_tpg.cpp:604]   --->   Operation 305 'store' 'store_ln1207' <Predicate = (icmp_ln520 & bckgndId_load_read == 9 & !empty_65 & icmp_ln1205_1)> <Delay = 0.47>
ST_2 : Operation 306 [1/1] (0.00ns)   --->   "%br_ln1208 = br void %if.end32.1.i" [/home/training/AUPBoard/aup_hdmi_pass_thru_2023p1_working/aup_hdmi_pass_thru_2023p1/HDMI_Pass_Thru_ExDes/v_hdmi_rx_ss_0_ex/v_hdmi_rx_ss_0_ex.runs/exdes_v_tpg_0_synth_1/prj/sol/.autopilot/db/v_tpg.cpp:1208->/home/training/AUPBoard/aup_hdmi_pass_thru_2023p1_working/aup_hdmi_pass_thru_2023p1/HDMI_Pass_Thru_ExDes/v_hdmi_rx_ss_0_ex/v_hdmi_rx_ss_0_ex.runs/exdes_v_tpg_0_synth_1/prj/sol/.autopilot/db/v_tpg.cpp:604]   --->   Operation 306 'br' 'br_ln1208' <Predicate = (icmp_ln520 & bckgndId_load_read == 9 & !empty_65 & icmp_ln1205_1)> <Delay = 0.00>

State 3 <SV = 2> <Delay = 1.09>
ST_3 : Operation 307 [1/1] (0.00ns)   --->   "%vBarSel_1_loc_1_out_load_1 = load i8 %vBarSel_1_loc_1_out" [/home/training/AUPBoard/aup_hdmi_pass_thru_2023p1_working/aup_hdmi_pass_thru_2023p1/HDMI_Pass_Thru_ExDes/v_hdmi_rx_ss_0_ex/v_hdmi_rx_ss_0_ex.runs/exdes_v_tpg_0_synth_1/prj/sol/.autopilot/db/v_tpg.cpp:1551->/home/training/AUPBoard/aup_hdmi_pass_thru_2023p1_working/aup_hdmi_pass_thru_2023p1/HDMI_Pass_Thru_ExDes/v_hdmi_rx_ss_0_ex/v_hdmi_rx_ss_0_ex.runs/exdes_v_tpg_0_synth_1/prj/sol/.autopilot/db/v_tpg.cpp:652]   --->   Operation 307 'load' 'vBarSel_1_loc_1_out_load_1' <Predicate = (icmp_ln520 & bckgndId_load_read == 15)> <Delay = 0.00>
ST_3 : Operation 308 [1/1] (0.00ns)   --->   "%trunc_ln1551 = trunc i8 %vBarSel_1_loc_1_out_load_1" [/home/training/AUPBoard/aup_hdmi_pass_thru_2023p1_working/aup_hdmi_pass_thru_2023p1/HDMI_Pass_Thru_ExDes/v_hdmi_rx_ss_0_ex/v_hdmi_rx_ss_0_ex.runs/exdes_v_tpg_0_synth_1/prj/sol/.autopilot/db/v_tpg.cpp:1551->/home/training/AUPBoard/aup_hdmi_pass_thru_2023p1_working/aup_hdmi_pass_thru_2023p1/HDMI_Pass_Thru_ExDes/v_hdmi_rx_ss_0_ex/v_hdmi_rx_ss_0_ex.runs/exdes_v_tpg_0_synth_1/prj/sol/.autopilot/db/v_tpg.cpp:652]   --->   Operation 308 'trunc' 'trunc_ln1551' <Predicate = (icmp_ln520 & bckgndId_load_read == 15)> <Delay = 0.00>
ST_3 : Operation 309 [1/1] (0.00ns)   --->   "%shl_ln1 = bitconcatenate i5 @_ssdm_op_BitConcatenate.i5.i1.i4, i1 %trunc_ln1551, i4 0" [/home/training/AUPBoard/aup_hdmi_pass_thru_2023p1_working/aup_hdmi_pass_thru_2023p1/HDMI_Pass_Thru_ExDes/v_hdmi_rx_ss_0_ex/v_hdmi_rx_ss_0_ex.runs/exdes_v_tpg_0_synth_1/prj/sol/.autopilot/db/v_tpg.cpp:1551->/home/training/AUPBoard/aup_hdmi_pass_thru_2023p1_working/aup_hdmi_pass_thru_2023p1/HDMI_Pass_Thru_ExDes/v_hdmi_rx_ss_0_ex/v_hdmi_rx_ss_0_ex.runs/exdes_v_tpg_0_synth_1/prj/sol/.autopilot/db/v_tpg.cpp:652]   --->   Operation 309 'bitconcatenate' 'shl_ln1' <Predicate = (icmp_ln520 & bckgndId_load_read == 15)> <Delay = 0.00>
ST_3 : Operation 310 [1/1] (0.00ns)   --->   "%tpgPatternCheckerBoard_unsigned_short_unsigned_short_unsigned_short_unsigned_7 = load i8 %tpgPatternCheckerBoard_unsigned_short_unsigned_short_unsigned_short_unsigned_8_out" [/home/training/AUPBoard/aup_hdmi_pass_thru_2023p1_working/aup_hdmi_pass_thru_2023p1/HDMI_Pass_Thru_ExDes/v_hdmi_rx_ss_0_ex/v_hdmi_rx_ss_0_ex.runs/exdes_v_tpg_0_synth_1/prj/sol/.autopilot/db/v_tpg.cpp:1551->/home/training/AUPBoard/aup_hdmi_pass_thru_2023p1_working/aup_hdmi_pass_thru_2023p1/HDMI_Pass_Thru_ExDes/v_hdmi_rx_ss_0_ex/v_hdmi_rx_ss_0_ex.runs/exdes_v_tpg_0_synth_1/prj/sol/.autopilot/db/v_tpg.cpp:652]   --->   Operation 310 'load' 'tpgPatternCheckerBoard_unsigned_short_unsigned_short_unsigned_short_unsigned_7' <Predicate = (icmp_ln520 & bckgndId_load_read == 15)> <Delay = 0.00>
ST_3 : Operation 311 [1/1] (0.00ns)   --->   "%trunc_ln1551_1 = trunc i8 %tpgPatternCheckerBoard_unsigned_short_unsigned_short_unsigned_short_unsigned_7" [/home/training/AUPBoard/aup_hdmi_pass_thru_2023p1_working/aup_hdmi_pass_thru_2023p1/HDMI_Pass_Thru_ExDes/v_hdmi_rx_ss_0_ex/v_hdmi_rx_ss_0_ex.runs/exdes_v_tpg_0_synth_1/prj/sol/.autopilot/db/v_tpg.cpp:1551->/home/training/AUPBoard/aup_hdmi_pass_thru_2023p1_working/aup_hdmi_pass_thru_2023p1/HDMI_Pass_Thru_ExDes/v_hdmi_rx_ss_0_ex/v_hdmi_rx_ss_0_ex.runs/exdes_v_tpg_0_synth_1/prj/sol/.autopilot/db/v_tpg.cpp:652]   --->   Operation 311 'trunc' 'trunc_ln1551_1' <Predicate = (icmp_ln520 & bckgndId_load_read == 15)> <Delay = 0.00>
ST_3 : Operation 312 [1/1] (0.28ns)   --->   "%tBarSel = or i5 %trunc_ln1551_1, i5 %shl_ln1" [/home/training/AUPBoard/aup_hdmi_pass_thru_2023p1_working/aup_hdmi_pass_thru_2023p1/HDMI_Pass_Thru_ExDes/v_hdmi_rx_ss_0_ex/v_hdmi_rx_ss_0_ex.runs/exdes_v_tpg_0_synth_1/prj/sol/.autopilot/db/v_tpg.cpp:1551->/home/training/AUPBoard/aup_hdmi_pass_thru_2023p1_working/aup_hdmi_pass_thru_2023p1/HDMI_Pass_Thru_ExDes/v_hdmi_rx_ss_0_ex/v_hdmi_rx_ss_0_ex.runs/exdes_v_tpg_0_synth_1/prj/sol/.autopilot/db/v_tpg.cpp:652]   --->   Operation 312 'or' 'tBarSel' <Predicate = (icmp_ln520 & bckgndId_load_read == 15)> <Delay = 0.28> <CoreInst = "LogicGate">   --->   Core 74 'LogicGate' <Latency = 0> <II = 1> <Delay = 0.28> <FuncUnit> <Opcode : 'and' 'or' 'xor'> <InPorts = 2> <OutPorts = 1>
ST_3 : Operation 313 [1/1] (0.00ns)   --->   "%zext_ln1555 = zext i5 %tBarSel" [/home/training/AUPBoard/aup_hdmi_pass_thru_2023p1_working/aup_hdmi_pass_thru_2023p1/HDMI_Pass_Thru_ExDes/v_hdmi_rx_ss_0_ex/v_hdmi_rx_ss_0_ex.runs/exdes_v_tpg_0_synth_1/prj/sol/.autopilot/db/v_tpg.cpp:1555->/home/training/AUPBoard/aup_hdmi_pass_thru_2023p1_working/aup_hdmi_pass_thru_2023p1/HDMI_Pass_Thru_ExDes/v_hdmi_rx_ss_0_ex/v_hdmi_rx_ss_0_ex.runs/exdes_v_tpg_0_synth_1/prj/sol/.autopilot/db/v_tpg.cpp:652]   --->   Operation 313 'zext' 'zext_ln1555' <Predicate = (icmp_ln520 & bckgndId_load_read == 15)> <Delay = 0.00>
ST_3 : Operation 314 [1/1] (0.00ns)   --->   "%tpgCheckerBoardArray_addr = getelementptr i2 %tpgCheckerBoardArray, i64 0, i64 %zext_ln1555" [/home/training/AUPBoard/aup_hdmi_pass_thru_2023p1_working/aup_hdmi_pass_thru_2023p1/HDMI_Pass_Thru_ExDes/v_hdmi_rx_ss_0_ex/v_hdmi_rx_ss_0_ex.runs/exdes_v_tpg_0_synth_1/prj/sol/.autopilot/db/v_tpg.cpp:1555->/home/training/AUPBoard/aup_hdmi_pass_thru_2023p1_working/aup_hdmi_pass_thru_2023p1/HDMI_Pass_Thru_ExDes/v_hdmi_rx_ss_0_ex/v_hdmi_rx_ss_0_ex.runs/exdes_v_tpg_0_synth_1/prj/sol/.autopilot/db/v_tpg.cpp:652]   --->   Operation 314 'getelementptr' 'tpgCheckerBoardArray_addr' <Predicate = (icmp_ln520 & bckgndId_load_read == 15)> <Delay = 0.00>
ST_3 : Operation 315 [2/2] (0.67ns)   --->   "%tpgCheckerBoardArray_load = load i5 %tpgCheckerBoardArray_addr" [/home/training/AUPBoard/aup_hdmi_pass_thru_2023p1_working/aup_hdmi_pass_thru_2023p1/HDMI_Pass_Thru_ExDes/v_hdmi_rx_ss_0_ex/v_hdmi_rx_ss_0_ex.runs/exdes_v_tpg_0_synth_1/prj/sol/.autopilot/db/v_tpg.cpp:1555->/home/training/AUPBoard/aup_hdmi_pass_thru_2023p1_working/aup_hdmi_pass_thru_2023p1/HDMI_Pass_Thru_ExDes/v_hdmi_rx_ss_0_ex/v_hdmi_rx_ss_0_ex.runs/exdes_v_tpg_0_synth_1/prj/sol/.autopilot/db/v_tpg.cpp:652]   --->   Operation 315 'load' 'tpgCheckerBoardArray_load' <Predicate = (icmp_ln520 & bckgndId_load_read == 15)> <Delay = 0.67> <CoreInst = "ROM">   --->   Core 101 'ROM' <Latency = 1> <II = 1> <Delay = 0.67> <Storage> <Opcode : 'load'> <Ports = 0> <Width = 2> <Depth = 32> <ROM>
ST_3 : Operation 316 [1/1] (0.00ns)   --->   "%tpgPatternCheckerBoard_unsigned_short_unsigned_short_unsigned_short_unsigned_4 = load i8 %tpgPatternCheckerBoard_unsigned_short_unsigned_short_unsigned_short_unsigned_9_out" [/home/training/AUPBoard/aup_hdmi_pass_thru_2023p1_working/aup_hdmi_pass_thru_2023p1/HDMI_Pass_Thru_ExDes/v_hdmi_rx_ss_0_ex/v_hdmi_rx_ss_0_ex.runs/exdes_v_tpg_0_synth_1/prj/sol/.autopilot/db/v_tpg.cpp:1551->/home/training/AUPBoard/aup_hdmi_pass_thru_2023p1_working/aup_hdmi_pass_thru_2023p1/HDMI_Pass_Thru_ExDes/v_hdmi_rx_ss_0_ex/v_hdmi_rx_ss_0_ex.runs/exdes_v_tpg_0_synth_1/prj/sol/.autopilot/db/v_tpg.cpp:652]   --->   Operation 316 'load' 'tpgPatternCheckerBoard_unsigned_short_unsigned_short_unsigned_short_unsigned_4' <Predicate = (icmp_ln520 & bckgndId_load_read == 15)> <Delay = 0.00>
ST_3 : Operation 317 [1/1] (0.00ns)   --->   "%trunc_ln1551_2 = trunc i8 %tpgPatternCheckerBoard_unsigned_short_unsigned_short_unsigned_short_unsigned_4" [/home/training/AUPBoard/aup_hdmi_pass_thru_2023p1_working/aup_hdmi_pass_thru_2023p1/HDMI_Pass_Thru_ExDes/v_hdmi_rx_ss_0_ex/v_hdmi_rx_ss_0_ex.runs/exdes_v_tpg_0_synth_1/prj/sol/.autopilot/db/v_tpg.cpp:1551->/home/training/AUPBoard/aup_hdmi_pass_thru_2023p1_working/aup_hdmi_pass_thru_2023p1/HDMI_Pass_Thru_ExDes/v_hdmi_rx_ss_0_ex/v_hdmi_rx_ss_0_ex.runs/exdes_v_tpg_0_synth_1/prj/sol/.autopilot/db/v_tpg.cpp:652]   --->   Operation 317 'trunc' 'trunc_ln1551_2' <Predicate = (icmp_ln520 & bckgndId_load_read == 15)> <Delay = 0.00>
ST_3 : Operation 318 [1/1] (0.28ns)   --->   "%tBarSel_1 = or i5 %trunc_ln1551_2, i5 %shl_ln1" [/home/training/AUPBoard/aup_hdmi_pass_thru_2023p1_working/aup_hdmi_pass_thru_2023p1/HDMI_Pass_Thru_ExDes/v_hdmi_rx_ss_0_ex/v_hdmi_rx_ss_0_ex.runs/exdes_v_tpg_0_synth_1/prj/sol/.autopilot/db/v_tpg.cpp:1551->/home/training/AUPBoard/aup_hdmi_pass_thru_2023p1_working/aup_hdmi_pass_thru_2023p1/HDMI_Pass_Thru_ExDes/v_hdmi_rx_ss_0_ex/v_hdmi_rx_ss_0_ex.runs/exdes_v_tpg_0_synth_1/prj/sol/.autopilot/db/v_tpg.cpp:652]   --->   Operation 318 'or' 'tBarSel_1' <Predicate = (icmp_ln520 & bckgndId_load_read == 15)> <Delay = 0.28> <CoreInst = "LogicGate">   --->   Core 74 'LogicGate' <Latency = 0> <II = 1> <Delay = 0.28> <FuncUnit> <Opcode : 'and' 'or' 'xor'> <InPorts = 2> <OutPorts = 1>
ST_3 : Operation 319 [1/1] (0.00ns)   --->   "%zext_ln1556 = zext i5 %tBarSel_1" [/home/training/AUPBoard/aup_hdmi_pass_thru_2023p1_working/aup_hdmi_pass_thru_2023p1/HDMI_Pass_Thru_ExDes/v_hdmi_rx_ss_0_ex/v_hdmi_rx_ss_0_ex.runs/exdes_v_tpg_0_synth_1/prj/sol/.autopilot/db/v_tpg.cpp:1556->/home/training/AUPBoard/aup_hdmi_pass_thru_2023p1_working/aup_hdmi_pass_thru_2023p1/HDMI_Pass_Thru_ExDes/v_hdmi_rx_ss_0_ex/v_hdmi_rx_ss_0_ex.runs/exdes_v_tpg_0_synth_1/prj/sol/.autopilot/db/v_tpg.cpp:652]   --->   Operation 319 'zext' 'zext_ln1556' <Predicate = (icmp_ln520 & bckgndId_load_read == 15)> <Delay = 0.00>
ST_3 : Operation 320 [1/1] (0.00ns)   --->   "%tpgCheckerBoardArray_addr_1 = getelementptr i2 %tpgCheckerBoardArray, i64 0, i64 %zext_ln1556" [/home/training/AUPBoard/aup_hdmi_pass_thru_2023p1_working/aup_hdmi_pass_thru_2023p1/HDMI_Pass_Thru_ExDes/v_hdmi_rx_ss_0_ex/v_hdmi_rx_ss_0_ex.runs/exdes_v_tpg_0_synth_1/prj/sol/.autopilot/db/v_tpg.cpp:1556->/home/training/AUPBoard/aup_hdmi_pass_thru_2023p1_working/aup_hdmi_pass_thru_2023p1/HDMI_Pass_Thru_ExDes/v_hdmi_rx_ss_0_ex/v_hdmi_rx_ss_0_ex.runs/exdes_v_tpg_0_synth_1/prj/sol/.autopilot/db/v_tpg.cpp:652]   --->   Operation 320 'getelementptr' 'tpgCheckerBoardArray_addr_1' <Predicate = (icmp_ln520 & bckgndId_load_read == 15)> <Delay = 0.00>
ST_3 : Operation 321 [2/2] (0.67ns)   --->   "%tpgCheckerBoardArray_load_1 = load i5 %tpgCheckerBoardArray_addr_1" [/home/training/AUPBoard/aup_hdmi_pass_thru_2023p1_working/aup_hdmi_pass_thru_2023p1/HDMI_Pass_Thru_ExDes/v_hdmi_rx_ss_0_ex/v_hdmi_rx_ss_0_ex.runs/exdes_v_tpg_0_synth_1/prj/sol/.autopilot/db/v_tpg.cpp:1556->/home/training/AUPBoard/aup_hdmi_pass_thru_2023p1_working/aup_hdmi_pass_thru_2023p1/HDMI_Pass_Thru_ExDes/v_hdmi_rx_ss_0_ex/v_hdmi_rx_ss_0_ex.runs/exdes_v_tpg_0_synth_1/prj/sol/.autopilot/db/v_tpg.cpp:652]   --->   Operation 321 'load' 'tpgCheckerBoardArray_load_1' <Predicate = (icmp_ln520 & bckgndId_load_read == 15)> <Delay = 0.67> <CoreInst = "ROM">   --->   Core 101 'ROM' <Latency = 1> <II = 1> <Delay = 0.67> <Storage> <Opcode : 'load'> <Ports = 0> <Width = 2> <Depth = 32> <ROM>
ST_3 : Operation 322 [1/1] (0.00ns)   --->   "%br_ln1554 = br i1 %tmp_18, void %cond.false82.1.i_ifconv, void %cond.true113.1.i" [/home/training/AUPBoard/aup_hdmi_pass_thru_2023p1_working/aup_hdmi_pass_thru_2023p1/HDMI_Pass_Thru_ExDes/v_hdmi_rx_ss_0_ex/v_hdmi_rx_ss_0_ex.runs/exdes_v_tpg_0_synth_1/prj/sol/.autopilot/db/v_tpg.cpp:1554->/home/training/AUPBoard/aup_hdmi_pass_thru_2023p1_working/aup_hdmi_pass_thru_2023p1/HDMI_Pass_Thru_ExDes/v_hdmi_rx_ss_0_ex/v_hdmi_rx_ss_0_ex.runs/exdes_v_tpg_0_synth_1/prj/sol/.autopilot/db/v_tpg.cpp:652]   --->   Operation 322 'br' 'br_ln1554' <Predicate = (icmp_ln520 & bckgndId_load_read == 15)> <Delay = 0.00>
ST_3 : Operation 323 [1/1] (0.42ns)   --->   "%store_ln1417 = store i1 0, i1 %vHatch" [/home/training/AUPBoard/aup_hdmi_pass_thru_2023p1_working/aup_hdmi_pass_thru_2023p1/HDMI_Pass_Thru_ExDes/v_hdmi_rx_ss_0_ex/v_hdmi_rx_ss_0_ex.runs/exdes_v_tpg_0_synth_1/prj/sol/.autopilot/db/v_tpg.cpp:1417->/home/training/AUPBoard/aup_hdmi_pass_thru_2023p1_working/aup_hdmi_pass_thru_2023p1/HDMI_Pass_Thru_ExDes/v_hdmi_rx_ss_0_ex/v_hdmi_rx_ss_0_ex.runs/exdes_v_tpg_0_synth_1/prj/sol/.autopilot/db/v_tpg.cpp:628]   --->   Operation 323 'store' 'store_ln1417' <Predicate = (icmp_ln520 & bckgndId_load_read == 12 & empty_65 & !icmp_ln1404 & !and_ln1404 & !and_ln1409)> <Delay = 0.42>
ST_3 : Operation 324 [1/1] (0.00ns)   --->   "%br_ln1418 = br void %if.end.i79" [/home/training/AUPBoard/aup_hdmi_pass_thru_2023p1_working/aup_hdmi_pass_thru_2023p1/HDMI_Pass_Thru_ExDes/v_hdmi_rx_ss_0_ex/v_hdmi_rx_ss_0_ex.runs/exdes_v_tpg_0_synth_1/prj/sol/.autopilot/db/v_tpg.cpp:1418->/home/training/AUPBoard/aup_hdmi_pass_thru_2023p1_working/aup_hdmi_pass_thru_2023p1/HDMI_Pass_Thru_ExDes/v_hdmi_rx_ss_0_ex/v_hdmi_rx_ss_0_ex.runs/exdes_v_tpg_0_synth_1/prj/sol/.autopilot/db/v_tpg.cpp:628]   --->   Operation 324 'br' 'br_ln1418' <Predicate = (icmp_ln520 & bckgndId_load_read == 12 & empty_65 & !icmp_ln1404 & !and_ln1404 & !and_ln1409)> <Delay = 0.00>
ST_3 : Operation 325 [1/1] (0.42ns)   --->   "%store_ln1412 = store i1 1, i1 %vHatch" [/home/training/AUPBoard/aup_hdmi_pass_thru_2023p1_working/aup_hdmi_pass_thru_2023p1/HDMI_Pass_Thru_ExDes/v_hdmi_rx_ss_0_ex/v_hdmi_rx_ss_0_ex.runs/exdes_v_tpg_0_synth_1/prj/sol/.autopilot/db/v_tpg.cpp:1412->/home/training/AUPBoard/aup_hdmi_pass_thru_2023p1_working/aup_hdmi_pass_thru_2023p1/HDMI_Pass_Thru_ExDes/v_hdmi_rx_ss_0_ex/v_hdmi_rx_ss_0_ex.runs/exdes_v_tpg_0_synth_1/prj/sol/.autopilot/db/v_tpg.cpp:628]   --->   Operation 325 'store' 'store_ln1412' <Predicate = (icmp_ln520 & bckgndId_load_read == 12 & !icmp_ln1404 & !and_ln1404 & and_ln1409) | (icmp_ln520 & bckgndId_load_read == 12 & !empty_65 & icmp_ln1404 & and_ln1409)> <Delay = 0.42>
ST_3 : Operation 326 [1/1] (0.00ns)   --->   "%br_ln1413 = br void %if.end28.i" [/home/training/AUPBoard/aup_hdmi_pass_thru_2023p1_working/aup_hdmi_pass_thru_2023p1/HDMI_Pass_Thru_ExDes/v_hdmi_rx_ss_0_ex/v_hdmi_rx_ss_0_ex.runs/exdes_v_tpg_0_synth_1/prj/sol/.autopilot/db/v_tpg.cpp:1413->/home/training/AUPBoard/aup_hdmi_pass_thru_2023p1_working/aup_hdmi_pass_thru_2023p1/HDMI_Pass_Thru_ExDes/v_hdmi_rx_ss_0_ex/v_hdmi_rx_ss_0_ex.runs/exdes_v_tpg_0_synth_1/prj/sol/.autopilot/db/v_tpg.cpp:628]   --->   Operation 326 'br' 'br_ln1413' <Predicate = (icmp_ln520 & bckgndId_load_read == 12 & !icmp_ln1404 & !and_ln1404 & and_ln1409) | (icmp_ln520 & bckgndId_load_read == 12 & !empty_65 & icmp_ln1404 & and_ln1409)> <Delay = 0.00>
ST_3 : Operation 327 [1/1] (0.42ns)   --->   "%store_ln1407 = store i1 1, i1 %vHatch" [/home/training/AUPBoard/aup_hdmi_pass_thru_2023p1_working/aup_hdmi_pass_thru_2023p1/HDMI_Pass_Thru_ExDes/v_hdmi_rx_ss_0_ex/v_hdmi_rx_ss_0_ex.runs/exdes_v_tpg_0_synth_1/prj/sol/.autopilot/db/v_tpg.cpp:1407->/home/training/AUPBoard/aup_hdmi_pass_thru_2023p1_working/aup_hdmi_pass_thru_2023p1/HDMI_Pass_Thru_ExDes/v_hdmi_rx_ss_0_ex/v_hdmi_rx_ss_0_ex.runs/exdes_v_tpg_0_synth_1/prj/sol/.autopilot/db/v_tpg.cpp:628]   --->   Operation 327 'store' 'store_ln1407' <Predicate = (icmp_ln520 & bckgndId_load_read == 12 & !icmp_ln1404 & and_ln1404) | (icmp_ln520 & bckgndId_load_read == 12 & empty_65 & icmp_ln1404)> <Delay = 0.42>
ST_3 : Operation 328 [1/1] (0.00ns)   --->   "%br_ln1408 = br void %VITIS_LOOP_1420_1.i" [/home/training/AUPBoard/aup_hdmi_pass_thru_2023p1_working/aup_hdmi_pass_thru_2023p1/HDMI_Pass_Thru_ExDes/v_hdmi_rx_ss_0_ex/v_hdmi_rx_ss_0_ex.runs/exdes_v_tpg_0_synth_1/prj/sol/.autopilot/db/v_tpg.cpp:1408->/home/training/AUPBoard/aup_hdmi_pass_thru_2023p1_working/aup_hdmi_pass_thru_2023p1/HDMI_Pass_Thru_ExDes/v_hdmi_rx_ss_0_ex/v_hdmi_rx_ss_0_ex.runs/exdes_v_tpg_0_synth_1/prj/sol/.autopilot/db/v_tpg.cpp:628]   --->   Operation 328 'br' 'br_ln1408' <Predicate = (icmp_ln520 & bckgndId_load_read == 12 & !icmp_ln1404 & and_ln1404) | (icmp_ln520 & bckgndId_load_read == 12 & empty_65 & icmp_ln1404)> <Delay = 0.00>
ST_3 : Operation 329 [1/1] (0.00ns)   --->   "%hHatch_3_i_ph = phi i1 0, void %if.else62.i, i1 1, void %if.then58.i, i1 0, void %if.then50.i, i1 1, void %if.then42.i"   --->   Operation 329 'phi' 'hHatch_3_i_ph' <Predicate = (icmp_ln520 & bckgndId_load_read == 12 & !empty_65)> <Delay = 0.00>
ST_3 : Operation 330 [1/1] (0.42ns)   --->   "%br_ln0 = br void %if.end69.1.i"   --->   Operation 330 'br' 'br_ln0' <Predicate = (icmp_ln520 & bckgndId_load_read == 12 & !empty_65 & !icmp_ln1428_1 & !icmp_ln1433_1 & !icmp_ln1438_1)> <Delay = 0.42>
ST_3 : Operation 331 [1/1] (0.42ns)   --->   "%br_ln1442 = br void %if.end69.1.i" [/home/training/AUPBoard/aup_hdmi_pass_thru_2023p1_working/aup_hdmi_pass_thru_2023p1/HDMI_Pass_Thru_ExDes/v_hdmi_rx_ss_0_ex/v_hdmi_rx_ss_0_ex.runs/exdes_v_tpg_0_synth_1/prj/sol/.autopilot/db/v_tpg.cpp:1442->/home/training/AUPBoard/aup_hdmi_pass_thru_2023p1_working/aup_hdmi_pass_thru_2023p1/HDMI_Pass_Thru_ExDes/v_hdmi_rx_ss_0_ex/v_hdmi_rx_ss_0_ex.runs/exdes_v_tpg_0_synth_1/prj/sol/.autopilot/db/v_tpg.cpp:628]   --->   Operation 331 'br' 'br_ln1442' <Predicate = (icmp_ln520 & bckgndId_load_read == 12 & !empty_65 & !icmp_ln1428_1 & !icmp_ln1433_1 & icmp_ln1438_1)> <Delay = 0.42>
ST_3 : Operation 332 [1/1] (0.42ns)   --->   "%br_ln1437 = br void %if.end69.1.i" [/home/training/AUPBoard/aup_hdmi_pass_thru_2023p1_working/aup_hdmi_pass_thru_2023p1/HDMI_Pass_Thru_ExDes/v_hdmi_rx_ss_0_ex/v_hdmi_rx_ss_0_ex.runs/exdes_v_tpg_0_synth_1/prj/sol/.autopilot/db/v_tpg.cpp:1437->/home/training/AUPBoard/aup_hdmi_pass_thru_2023p1_working/aup_hdmi_pass_thru_2023p1/HDMI_Pass_Thru_ExDes/v_hdmi_rx_ss_0_ex/v_hdmi_rx_ss_0_ex.runs/exdes_v_tpg_0_synth_1/prj/sol/.autopilot/db/v_tpg.cpp:628]   --->   Operation 332 'br' 'br_ln1437' <Predicate = (icmp_ln520 & bckgndId_load_read == 12 & !empty_65 & !icmp_ln1428_1 & icmp_ln1433_1)> <Delay = 0.42>
ST_3 : Operation 333 [1/1] (0.42ns)   --->   "%br_ln1432 = br void %if.end69.1.i" [/home/training/AUPBoard/aup_hdmi_pass_thru_2023p1_working/aup_hdmi_pass_thru_2023p1/HDMI_Pass_Thru_ExDes/v_hdmi_rx_ss_0_ex/v_hdmi_rx_ss_0_ex.runs/exdes_v_tpg_0_synth_1/prj/sol/.autopilot/db/v_tpg.cpp:1432->/home/training/AUPBoard/aup_hdmi_pass_thru_2023p1_working/aup_hdmi_pass_thru_2023p1/HDMI_Pass_Thru_ExDes/v_hdmi_rx_ss_0_ex/v_hdmi_rx_ss_0_ex.runs/exdes_v_tpg_0_synth_1/prj/sol/.autopilot/db/v_tpg.cpp:628]   --->   Operation 333 'br' 'br_ln1432' <Predicate = (icmp_ln520 & bckgndId_load_read == 12 & !empty_65 & icmp_ln1428_1)> <Delay = 0.42>
ST_3 : Operation 334 [1/1] (0.00ns)   --->   "%vBarSel_loc_1_out_load_1 = load i8 %vBarSel_loc_1_out" [/home/training/AUPBoard/aup_hdmi_pass_thru_2023p1_working/aup_hdmi_pass_thru_2023p1/HDMI_Pass_Thru_ExDes/v_hdmi_rx_ss_0_ex/v_hdmi_rx_ss_0_ex.runs/exdes_v_tpg_0_synth_1/prj/sol/.autopilot/db/v_tpg.cpp:1370->/home/training/AUPBoard/aup_hdmi_pass_thru_2023p1_working/aup_hdmi_pass_thru_2023p1/HDMI_Pass_Thru_ExDes/v_hdmi_rx_ss_0_ex/v_hdmi_rx_ss_0_ex.runs/exdes_v_tpg_0_synth_1/prj/sol/.autopilot/db/v_tpg.cpp:620]   --->   Operation 334 'load' 'vBarSel_loc_1_out_load_1' <Predicate = (icmp_ln520 & bckgndId_load_read == 11)> <Delay = 0.00>
ST_3 : Operation 335 [1/1] (0.00ns)   --->   "%trunc_ln1370 = trunc i8 %vBarSel_loc_1_out_load_1" [/home/training/AUPBoard/aup_hdmi_pass_thru_2023p1_working/aup_hdmi_pass_thru_2023p1/HDMI_Pass_Thru_ExDes/v_hdmi_rx_ss_0_ex/v_hdmi_rx_ss_0_ex.runs/exdes_v_tpg_0_synth_1/prj/sol/.autopilot/db/v_tpg.cpp:1370->/home/training/AUPBoard/aup_hdmi_pass_thru_2023p1_working/aup_hdmi_pass_thru_2023p1/HDMI_Pass_Thru_ExDes/v_hdmi_rx_ss_0_ex/v_hdmi_rx_ss_0_ex.runs/exdes_v_tpg_0_synth_1/prj/sol/.autopilot/db/v_tpg.cpp:620]   --->   Operation 335 'trunc' 'trunc_ln1370' <Predicate = (icmp_ln520 & bckgndId_load_read == 11)> <Delay = 0.00>
ST_3 : Operation 336 [1/1] (0.00ns)   --->   "%shl_ln = bitconcatenate i6 @_ssdm_op_BitConcatenate.i6.i3.i3, i3 %trunc_ln1370, i3 0" [/home/training/AUPBoard/aup_hdmi_pass_thru_2023p1_working/aup_hdmi_pass_thru_2023p1/HDMI_Pass_Thru_ExDes/v_hdmi_rx_ss_0_ex/v_hdmi_rx_ss_0_ex.runs/exdes_v_tpg_0_synth_1/prj/sol/.autopilot/db/v_tpg.cpp:1370->/home/training/AUPBoard/aup_hdmi_pass_thru_2023p1_working/aup_hdmi_pass_thru_2023p1/HDMI_Pass_Thru_ExDes/v_hdmi_rx_ss_0_ex/v_hdmi_rx_ss_0_ex.runs/exdes_v_tpg_0_synth_1/prj/sol/.autopilot/db/v_tpg.cpp:620]   --->   Operation 336 'bitconcatenate' 'shl_ln' <Predicate = (icmp_ln520 & bckgndId_load_read == 11)> <Delay = 0.00>
ST_3 : Operation 337 [1/1] (0.00ns)   --->   "%tpgPatternTartanColorBars_unsigned_short_unsigned_short_unsigned_short_unsign_7 = load i8 %tpgPatternTartanColorBars_unsigned_short_unsigned_short_unsigned_short_unsign_8_out" [/home/training/AUPBoard/aup_hdmi_pass_thru_2023p1_working/aup_hdmi_pass_thru_2023p1/HDMI_Pass_Thru_ExDes/v_hdmi_rx_ss_0_ex/v_hdmi_rx_ss_0_ex.runs/exdes_v_tpg_0_synth_1/prj/sol/.autopilot/db/v_tpg.cpp:1370->/home/training/AUPBoard/aup_hdmi_pass_thru_2023p1_working/aup_hdmi_pass_thru_2023p1/HDMI_Pass_Thru_ExDes/v_hdmi_rx_ss_0_ex/v_hdmi_rx_ss_0_ex.runs/exdes_v_tpg_0_synth_1/prj/sol/.autopilot/db/v_tpg.cpp:620]   --->   Operation 337 'load' 'tpgPatternTartanColorBars_unsigned_short_unsigned_short_unsigned_short_unsign_7' <Predicate = (icmp_ln520 & bckgndId_load_read == 11)> <Delay = 0.00>
ST_3 : Operation 338 [1/1] (0.00ns)   --->   "%trunc_ln1370_1 = trunc i8 %tpgPatternTartanColorBars_unsigned_short_unsigned_short_unsigned_short_unsign_7" [/home/training/AUPBoard/aup_hdmi_pass_thru_2023p1_working/aup_hdmi_pass_thru_2023p1/HDMI_Pass_Thru_ExDes/v_hdmi_rx_ss_0_ex/v_hdmi_rx_ss_0_ex.runs/exdes_v_tpg_0_synth_1/prj/sol/.autopilot/db/v_tpg.cpp:1370->/home/training/AUPBoard/aup_hdmi_pass_thru_2023p1_working/aup_hdmi_pass_thru_2023p1/HDMI_Pass_Thru_ExDes/v_hdmi_rx_ss_0_ex/v_hdmi_rx_ss_0_ex.runs/exdes_v_tpg_0_synth_1/prj/sol/.autopilot/db/v_tpg.cpp:620]   --->   Operation 338 'trunc' 'trunc_ln1370_1' <Predicate = (icmp_ln520 & bckgndId_load_read == 11)> <Delay = 0.00>
ST_3 : Operation 339 [1/1] (0.35ns)   --->   "%or_ln1370 = or i6 %shl_ln, i6 %trunc_ln1370_1" [/home/training/AUPBoard/aup_hdmi_pass_thru_2023p1_working/aup_hdmi_pass_thru_2023p1/HDMI_Pass_Thru_ExDes/v_hdmi_rx_ss_0_ex/v_hdmi_rx_ss_0_ex.runs/exdes_v_tpg_0_synth_1/prj/sol/.autopilot/db/v_tpg.cpp:1370->/home/training/AUPBoard/aup_hdmi_pass_thru_2023p1_working/aup_hdmi_pass_thru_2023p1/HDMI_Pass_Thru_ExDes/v_hdmi_rx_ss_0_ex/v_hdmi_rx_ss_0_ex.runs/exdes_v_tpg_0_synth_1/prj/sol/.autopilot/db/v_tpg.cpp:620]   --->   Operation 339 'or' 'or_ln1370' <Predicate = (icmp_ln520 & bckgndId_load_read == 11)> <Delay = 0.35> <CoreInst = "LogicGate">   --->   Core 74 'LogicGate' <Latency = 0> <II = 1> <Delay = 0.35> <FuncUnit> <Opcode : 'and' 'or' 'xor'> <InPorts = 2> <OutPorts = 1>
ST_3 : Operation 340 [1/1] (0.00ns)   --->   "%zext_ln1374 = zext i6 %or_ln1370" [/home/training/AUPBoard/aup_hdmi_pass_thru_2023p1_working/aup_hdmi_pass_thru_2023p1/HDMI_Pass_Thru_ExDes/v_hdmi_rx_ss_0_ex/v_hdmi_rx_ss_0_ex.runs/exdes_v_tpg_0_synth_1/prj/sol/.autopilot/db/v_tpg.cpp:1374->/home/training/AUPBoard/aup_hdmi_pass_thru_2023p1_working/aup_hdmi_pass_thru_2023p1/HDMI_Pass_Thru_ExDes/v_hdmi_rx_ss_0_ex/v_hdmi_rx_ss_0_ex.runs/exdes_v_tpg_0_synth_1/prj/sol/.autopilot/db/v_tpg.cpp:620]   --->   Operation 340 'zext' 'zext_ln1374' <Predicate = (icmp_ln520 & bckgndId_load_read == 11)> <Delay = 0.00>
ST_3 : Operation 341 [1/1] (0.00ns)   --->   "%tpgTartanBarArray_addr = getelementptr i3 %tpgTartanBarArray, i64 0, i64 %zext_ln1374" [/home/training/AUPBoard/aup_hdmi_pass_thru_2023p1_working/aup_hdmi_pass_thru_2023p1/HDMI_Pass_Thru_ExDes/v_hdmi_rx_ss_0_ex/v_hdmi_rx_ss_0_ex.runs/exdes_v_tpg_0_synth_1/prj/sol/.autopilot/db/v_tpg.cpp:1374->/home/training/AUPBoard/aup_hdmi_pass_thru_2023p1_working/aup_hdmi_pass_thru_2023p1/HDMI_Pass_Thru_ExDes/v_hdmi_rx_ss_0_ex/v_hdmi_rx_ss_0_ex.runs/exdes_v_tpg_0_synth_1/prj/sol/.autopilot/db/v_tpg.cpp:620]   --->   Operation 341 'getelementptr' 'tpgTartanBarArray_addr' <Predicate = (icmp_ln520 & bckgndId_load_read == 11)> <Delay = 0.00>
ST_3 : Operation 342 [2/2] (0.67ns)   --->   "%tpgTartanBarArray_load = load i6 %tpgTartanBarArray_addr" [/home/training/AUPBoard/aup_hdmi_pass_thru_2023p1_working/aup_hdmi_pass_thru_2023p1/HDMI_Pass_Thru_ExDes/v_hdmi_rx_ss_0_ex/v_hdmi_rx_ss_0_ex.runs/exdes_v_tpg_0_synth_1/prj/sol/.autopilot/db/v_tpg.cpp:1374->/home/training/AUPBoard/aup_hdmi_pass_thru_2023p1_working/aup_hdmi_pass_thru_2023p1/HDMI_Pass_Thru_ExDes/v_hdmi_rx_ss_0_ex/v_hdmi_rx_ss_0_ex.runs/exdes_v_tpg_0_synth_1/prj/sol/.autopilot/db/v_tpg.cpp:620]   --->   Operation 342 'load' 'tpgTartanBarArray_load' <Predicate = (icmp_ln520 & bckgndId_load_read == 11)> <Delay = 0.67> <CoreInst = "ROM">   --->   Core 101 'ROM' <Latency = 1> <II = 1> <Delay = 0.67> <Storage> <Opcode : 'load'> <Ports = 0> <Width = 3> <Depth = 64> <ROM>
ST_3 : Operation 343 [1/1] (0.00ns)   --->   "%tpgPatternTartanColorBars_unsigned_short_unsigned_short_unsigned_short_unsign_4 = load i8 %tpgPatternTartanColorBars_unsigned_short_unsigned_short_unsigned_short_unsign_9_out" [/home/training/AUPBoard/aup_hdmi_pass_thru_2023p1_working/aup_hdmi_pass_thru_2023p1/HDMI_Pass_Thru_ExDes/v_hdmi_rx_ss_0_ex/v_hdmi_rx_ss_0_ex.runs/exdes_v_tpg_0_synth_1/prj/sol/.autopilot/db/v_tpg.cpp:1370->/home/training/AUPBoard/aup_hdmi_pass_thru_2023p1_working/aup_hdmi_pass_thru_2023p1/HDMI_Pass_Thru_ExDes/v_hdmi_rx_ss_0_ex/v_hdmi_rx_ss_0_ex.runs/exdes_v_tpg_0_synth_1/prj/sol/.autopilot/db/v_tpg.cpp:620]   --->   Operation 343 'load' 'tpgPatternTartanColorBars_unsigned_short_unsigned_short_unsigned_short_unsign_4' <Predicate = (icmp_ln520 & bckgndId_load_read == 11)> <Delay = 0.00>
ST_3 : Operation 344 [1/1] (0.00ns)   --->   "%trunc_ln1370_2 = trunc i8 %tpgPatternTartanColorBars_unsigned_short_unsigned_short_unsigned_short_unsign_4" [/home/training/AUPBoard/aup_hdmi_pass_thru_2023p1_working/aup_hdmi_pass_thru_2023p1/HDMI_Pass_Thru_ExDes/v_hdmi_rx_ss_0_ex/v_hdmi_rx_ss_0_ex.runs/exdes_v_tpg_0_synth_1/prj/sol/.autopilot/db/v_tpg.cpp:1370->/home/training/AUPBoard/aup_hdmi_pass_thru_2023p1_working/aup_hdmi_pass_thru_2023p1/HDMI_Pass_Thru_ExDes/v_hdmi_rx_ss_0_ex/v_hdmi_rx_ss_0_ex.runs/exdes_v_tpg_0_synth_1/prj/sol/.autopilot/db/v_tpg.cpp:620]   --->   Operation 344 'trunc' 'trunc_ln1370_2' <Predicate = (icmp_ln520 & bckgndId_load_read == 11)> <Delay = 0.00>
ST_3 : Operation 345 [1/1] (0.35ns)   --->   "%or_ln1370_1 = or i6 %shl_ln, i6 %trunc_ln1370_2" [/home/training/AUPBoard/aup_hdmi_pass_thru_2023p1_working/aup_hdmi_pass_thru_2023p1/HDMI_Pass_Thru_ExDes/v_hdmi_rx_ss_0_ex/v_hdmi_rx_ss_0_ex.runs/exdes_v_tpg_0_synth_1/prj/sol/.autopilot/db/v_tpg.cpp:1370->/home/training/AUPBoard/aup_hdmi_pass_thru_2023p1_working/aup_hdmi_pass_thru_2023p1/HDMI_Pass_Thru_ExDes/v_hdmi_rx_ss_0_ex/v_hdmi_rx_ss_0_ex.runs/exdes_v_tpg_0_synth_1/prj/sol/.autopilot/db/v_tpg.cpp:620]   --->   Operation 345 'or' 'or_ln1370_1' <Predicate = (icmp_ln520 & bckgndId_load_read == 11)> <Delay = 0.35> <CoreInst = "LogicGate">   --->   Core 74 'LogicGate' <Latency = 0> <II = 1> <Delay = 0.35> <FuncUnit> <Opcode : 'and' 'or' 'xor'> <InPorts = 2> <OutPorts = 1>
ST_3 : Operation 346 [1/1] (0.00ns)   --->   "%zext_ln1375 = zext i6 %or_ln1370_1" [/home/training/AUPBoard/aup_hdmi_pass_thru_2023p1_working/aup_hdmi_pass_thru_2023p1/HDMI_Pass_Thru_ExDes/v_hdmi_rx_ss_0_ex/v_hdmi_rx_ss_0_ex.runs/exdes_v_tpg_0_synth_1/prj/sol/.autopilot/db/v_tpg.cpp:1375->/home/training/AUPBoard/aup_hdmi_pass_thru_2023p1_working/aup_hdmi_pass_thru_2023p1/HDMI_Pass_Thru_ExDes/v_hdmi_rx_ss_0_ex/v_hdmi_rx_ss_0_ex.runs/exdes_v_tpg_0_synth_1/prj/sol/.autopilot/db/v_tpg.cpp:620]   --->   Operation 346 'zext' 'zext_ln1375' <Predicate = (icmp_ln520 & bckgndId_load_read == 11)> <Delay = 0.00>
ST_3 : Operation 347 [1/1] (0.00ns)   --->   "%tpgTartanBarArray_addr_1 = getelementptr i3 %tpgTartanBarArray, i64 0, i64 %zext_ln1375" [/home/training/AUPBoard/aup_hdmi_pass_thru_2023p1_working/aup_hdmi_pass_thru_2023p1/HDMI_Pass_Thru_ExDes/v_hdmi_rx_ss_0_ex/v_hdmi_rx_ss_0_ex.runs/exdes_v_tpg_0_synth_1/prj/sol/.autopilot/db/v_tpg.cpp:1375->/home/training/AUPBoard/aup_hdmi_pass_thru_2023p1_working/aup_hdmi_pass_thru_2023p1/HDMI_Pass_Thru_ExDes/v_hdmi_rx_ss_0_ex/v_hdmi_rx_ss_0_ex.runs/exdes_v_tpg_0_synth_1/prj/sol/.autopilot/db/v_tpg.cpp:620]   --->   Operation 347 'getelementptr' 'tpgTartanBarArray_addr_1' <Predicate = (icmp_ln520 & bckgndId_load_read == 11)> <Delay = 0.00>
ST_3 : Operation 348 [2/2] (0.67ns)   --->   "%tpgTartanBarArray_load_1 = load i6 %tpgTartanBarArray_addr_1" [/home/training/AUPBoard/aup_hdmi_pass_thru_2023p1_working/aup_hdmi_pass_thru_2023p1/HDMI_Pass_Thru_ExDes/v_hdmi_rx_ss_0_ex/v_hdmi_rx_ss_0_ex.runs/exdes_v_tpg_0_synth_1/prj/sol/.autopilot/db/v_tpg.cpp:1375->/home/training/AUPBoard/aup_hdmi_pass_thru_2023p1_working/aup_hdmi_pass_thru_2023p1/HDMI_Pass_Thru_ExDes/v_hdmi_rx_ss_0_ex/v_hdmi_rx_ss_0_ex.runs/exdes_v_tpg_0_synth_1/prj/sol/.autopilot/db/v_tpg.cpp:620]   --->   Operation 348 'load' 'tpgTartanBarArray_load_1' <Predicate = (icmp_ln520 & bckgndId_load_read == 11)> <Delay = 0.67> <CoreInst = "ROM">   --->   Core 101 'ROM' <Latency = 1> <II = 1> <Delay = 0.67> <Storage> <Opcode : 'load'> <Ports = 0> <Width = 3> <Depth = 64> <ROM>
ST_3 : Operation 349 [1/1] (0.00ns)   --->   "%br_ln1373 = br i1 %tmp_18, void %cond.false86.1.i_ifconv, void %cond.true116.1.i" [/home/training/AUPBoard/aup_hdmi_pass_thru_2023p1_working/aup_hdmi_pass_thru_2023p1/HDMI_Pass_Thru_ExDes/v_hdmi_rx_ss_0_ex/v_hdmi_rx_ss_0_ex.runs/exdes_v_tpg_0_synth_1/prj/sol/.autopilot/db/v_tpg.cpp:1373->/home/training/AUPBoard/aup_hdmi_pass_thru_2023p1_working/aup_hdmi_pass_thru_2023p1/HDMI_Pass_Thru_ExDes/v_hdmi_rx_ss_0_ex/v_hdmi_rx_ss_0_ex.runs/exdes_v_tpg_0_synth_1/prj/sol/.autopilot/db/v_tpg.cpp:620]   --->   Operation 349 'br' 'br_ln1373' <Predicate = (icmp_ln520 & bckgndId_load_read == 11)> <Delay = 0.00>
ST_3 : Operation 350 [1/1] (0.00ns)   --->   "%s_1 = load i32 %s" [/home/training/AUPBoard/aup_hdmi_pass_thru_2023p1_working/aup_hdmi_pass_thru_2023p1/HDMI_Pass_Thru_ExDes/v_hdmi_rx_ss_0_ex/v_hdmi_rx_ss_0_ex.runs/exdes_v_tpg_0_synth_1/prj/sol/.autopilot/db/v_tpg.cpp:604]   --->   Operation 350 'load' 's_1' <Predicate = (icmp_ln520 & bckgndId_load_read == 9)> <Delay = 0.00>
ST_3 : Operation 351 [1/1] (0.00ns)   --->   "%empty_66 = trunc i32 %s_1" [/home/training/AUPBoard/aup_hdmi_pass_thru_2023p1_working/aup_hdmi_pass_thru_2023p1/HDMI_Pass_Thru_ExDes/v_hdmi_rx_ss_0_ex/v_hdmi_rx_ss_0_ex.runs/exdes_v_tpg_0_synth_1/prj/sol/.autopilot/db/v_tpg.cpp:604]   --->   Operation 351 'trunc' 'empty_66' <Predicate = (icmp_ln520 & bckgndId_load_read == 9)> <Delay = 0.00>
ST_3 : Operation 352 [1/1] (0.00ns)   --->   "%tpgPatternColorBars_unsigned_short_unsigned_short_unsigned_char_int_hBarSel_l_1 = load i8 %tpgPatternColorBars_unsigned_short_unsigned_short_unsigned_char_int_hBarSel_l_2_out" [/home/training/AUPBoard/aup_hdmi_pass_thru_2023p1_working/aup_hdmi_pass_thru_2023p1/HDMI_Pass_Thru_ExDes/v_hdmi_rx_ss_0_ex/v_hdmi_rx_ss_0_ex.runs/exdes_v_tpg_0_synth_1/prj/sol/.autopilot/db/v_tpg.cpp:520]   --->   Operation 352 'load' 'tpgPatternColorBars_unsigned_short_unsigned_short_unsigned_char_int_hBarSel_l_1' <Predicate = (icmp_ln520 & bckgndId_load_read == 9 & !empty_65 & !icmp_ln1205)> <Delay = 0.00>
ST_3 : Operation 353 [1/1] (0.00ns)   --->   "%trunc_ln520 = trunc i8 %tpgPatternColorBars_unsigned_short_unsigned_short_unsigned_char_int_hBarSel_l_1" [/home/training/AUPBoard/aup_hdmi_pass_thru_2023p1_working/aup_hdmi_pass_thru_2023p1/HDMI_Pass_Thru_ExDes/v_hdmi_rx_ss_0_ex/v_hdmi_rx_ss_0_ex.runs/exdes_v_tpg_0_synth_1/prj/sol/.autopilot/db/v_tpg.cpp:520]   --->   Operation 353 'trunc' 'trunc_ln520' <Predicate = (icmp_ln520 & bckgndId_load_read == 9 & !empty_65 & !icmp_ln1205)> <Delay = 0.00>
ST_3 : Operation 354 [1/1] (0.67ns)   --->   "%add_ln1212 = add i3 %trunc_ln520, i3 1" [/home/training/AUPBoard/aup_hdmi_pass_thru_2023p1_working/aup_hdmi_pass_thru_2023p1/HDMI_Pass_Thru_ExDes/v_hdmi_rx_ss_0_ex/v_hdmi_rx_ss_0_ex.runs/exdes_v_tpg_0_synth_1/prj/sol/.autopilot/db/v_tpg.cpp:1212->/home/training/AUPBoard/aup_hdmi_pass_thru_2023p1_working/aup_hdmi_pass_thru_2023p1/HDMI_Pass_Thru_ExDes/v_hdmi_rx_ss_0_ex/v_hdmi_rx_ss_0_ex.runs/exdes_v_tpg_0_synth_1/prj/sol/.autopilot/db/v_tpg.cpp:604]   --->   Operation 354 'add' 'add_ln1212' <Predicate = (icmp_ln520 & bckgndId_load_read == 9 & !empty_65 & !icmp_ln1205)> <Delay = 0.67> <CoreInst = "Adder">   --->   Core 1 'Adder' <Latency = 0> <II = 1> <Delay = 0.67> <FuncUnit> <Opcode : 'add' 'sub'> <InPorts = 2> <OutPorts = 1>
ST_3 : Operation 355 [1/1] (0.00ns)   --->   "%zext_ln1212_1 = zext i3 %add_ln1212" [/home/training/AUPBoard/aup_hdmi_pass_thru_2023p1_working/aup_hdmi_pass_thru_2023p1/HDMI_Pass_Thru_ExDes/v_hdmi_rx_ss_0_ex/v_hdmi_rx_ss_0_ex.runs/exdes_v_tpg_0_synth_1/prj/sol/.autopilot/db/v_tpg.cpp:1212->/home/training/AUPBoard/aup_hdmi_pass_thru_2023p1_working/aup_hdmi_pass_thru_2023p1/HDMI_Pass_Thru_ExDes/v_hdmi_rx_ss_0_ex/v_hdmi_rx_ss_0_ex.runs/exdes_v_tpg_0_synth_1/prj/sol/.autopilot/db/v_tpg.cpp:604]   --->   Operation 355 'zext' 'zext_ln1212_1' <Predicate = (icmp_ln520 & bckgndId_load_read == 9 & !empty_65 & !icmp_ln1205)> <Delay = 0.00>
ST_3 : Operation 356 [1/1] (0.42ns)   --->   "%store_ln1212 = store i8 %zext_ln1212_1, i8 %tpgPatternColorBars_unsigned_short_unsigned_short_unsigned_char_int_hBarSel" [/home/training/AUPBoard/aup_hdmi_pass_thru_2023p1_working/aup_hdmi_pass_thru_2023p1/HDMI_Pass_Thru_ExDes/v_hdmi_rx_ss_0_ex/v_hdmi_rx_ss_0_ex.runs/exdes_v_tpg_0_synth_1/prj/sol/.autopilot/db/v_tpg.cpp:1212->/home/training/AUPBoard/aup_hdmi_pass_thru_2023p1_working/aup_hdmi_pass_thru_2023p1/HDMI_Pass_Thru_ExDes/v_hdmi_rx_ss_0_ex/v_hdmi_rx_ss_0_ex.runs/exdes_v_tpg_0_synth_1/prj/sol/.autopilot/db/v_tpg.cpp:604]   --->   Operation 356 'store' 'store_ln1212' <Predicate = (icmp_ln520 & bckgndId_load_read == 9 & !empty_65 & !icmp_ln1205)> <Delay = 0.42>
ST_3 : Operation 357 [1/1] (0.42ns)   --->   "%store_ln1212 = store i8 %zext_ln1212_1, i8 %tpgPatternColorBars_unsigned_short_unsigned_short_unsigned_char_int_hBarSel_l_2_out" [/home/training/AUPBoard/aup_hdmi_pass_thru_2023p1_working/aup_hdmi_pass_thru_2023p1/HDMI_Pass_Thru_ExDes/v_hdmi_rx_ss_0_ex/v_hdmi_rx_ss_0_ex.runs/exdes_v_tpg_0_synth_1/prj/sol/.autopilot/db/v_tpg.cpp:1212->/home/training/AUPBoard/aup_hdmi_pass_thru_2023p1_working/aup_hdmi_pass_thru_2023p1/HDMI_Pass_Thru_ExDes/v_hdmi_rx_ss_0_ex/v_hdmi_rx_ss_0_ex.runs/exdes_v_tpg_0_synth_1/prj/sol/.autopilot/db/v_tpg.cpp:604]   --->   Operation 357 'store' 'store_ln1212' <Predicate = (icmp_ln520 & bckgndId_load_read == 9 & !empty_65 & !icmp_ln1205)> <Delay = 0.42>
ST_3 : Operation 358 [1/1] (0.00ns)   --->   "%br_ln0 = br void %if.end32.i_ifconv"   --->   Operation 358 'br' 'br_ln0' <Predicate = (icmp_ln520 & bckgndId_load_read == 9 & !empty_65 & !icmp_ln1205)> <Delay = 0.00>
ST_3 : Operation 359 [1/1] (0.42ns)   --->   "%store_ln1202 = store i8 %empty_66, i8 %tpgPatternColorBars_unsigned_short_unsigned_short_unsigned_char_int_hBarSel" [/home/training/AUPBoard/aup_hdmi_pass_thru_2023p1_working/aup_hdmi_pass_thru_2023p1/HDMI_Pass_Thru_ExDes/v_hdmi_rx_ss_0_ex/v_hdmi_rx_ss_0_ex.runs/exdes_v_tpg_0_synth_1/prj/sol/.autopilot/db/v_tpg.cpp:1202->/home/training/AUPBoard/aup_hdmi_pass_thru_2023p1_working/aup_hdmi_pass_thru_2023p1/HDMI_Pass_Thru_ExDes/v_hdmi_rx_ss_0_ex/v_hdmi_rx_ss_0_ex.runs/exdes_v_tpg_0_synth_1/prj/sol/.autopilot/db/v_tpg.cpp:604]   --->   Operation 359 'store' 'store_ln1202' <Predicate = (icmp_ln520 & bckgndId_load_read == 9 & empty_65)> <Delay = 0.42>
ST_3 : Operation 360 [1/1] (0.42ns)   --->   "%store_ln1204 = store i8 %empty_66, i8 %tpgPatternColorBars_unsigned_short_unsigned_short_unsigned_char_int_hBarSel_l_2_out" [/home/training/AUPBoard/aup_hdmi_pass_thru_2023p1_working/aup_hdmi_pass_thru_2023p1/HDMI_Pass_Thru_ExDes/v_hdmi_rx_ss_0_ex/v_hdmi_rx_ss_0_ex.runs/exdes_v_tpg_0_synth_1/prj/sol/.autopilot/db/v_tpg.cpp:1204->/home/training/AUPBoard/aup_hdmi_pass_thru_2023p1_working/aup_hdmi_pass_thru_2023p1/HDMI_Pass_Thru_ExDes/v_hdmi_rx_ss_0_ex/v_hdmi_rx_ss_0_ex.runs/exdes_v_tpg_0_synth_1/prj/sol/.autopilot/db/v_tpg.cpp:604]   --->   Operation 360 'store' 'store_ln1204' <Predicate = (icmp_ln520 & bckgndId_load_read == 9 & empty_65)> <Delay = 0.42>
ST_3 : Operation 361 [1/1] (0.00ns)   --->   "%br_ln1204 = br void %if.end32.i_ifconv" [/home/training/AUPBoard/aup_hdmi_pass_thru_2023p1_working/aup_hdmi_pass_thru_2023p1/HDMI_Pass_Thru_ExDes/v_hdmi_rx_ss_0_ex/v_hdmi_rx_ss_0_ex.runs/exdes_v_tpg_0_synth_1/prj/sol/.autopilot/db/v_tpg.cpp:1204->/home/training/AUPBoard/aup_hdmi_pass_thru_2023p1_working/aup_hdmi_pass_thru_2023p1/HDMI_Pass_Thru_ExDes/v_hdmi_rx_ss_0_ex/v_hdmi_rx_ss_0_ex.runs/exdes_v_tpg_0_synth_1/prj/sol/.autopilot/db/v_tpg.cpp:604]   --->   Operation 361 'br' 'br_ln1204' <Predicate = (icmp_ln520 & bckgndId_load_read == 9 & empty_65)> <Delay = 0.00>
ST_3 : Operation 362 [1/1] (0.00ns)   --->   "%tpgPatternColorBars_unsigned_short_unsigned_short_unsigned_char_int_hBarSel_7_2 = load i8 %tpgPatternColorBars_unsigned_short_unsigned_short_unsigned_char_int_hBarSel_7_3_out" [/home/training/AUPBoard/aup_hdmi_pass_thru_2023p1_working/aup_hdmi_pass_thru_2023p1/HDMI_Pass_Thru_ExDes/v_hdmi_rx_ss_0_ex/v_hdmi_rx_ss_0_ex.runs/exdes_v_tpg_0_synth_1/prj/sol/.autopilot/db/v_tpg.cpp:520]   --->   Operation 362 'load' 'tpgPatternColorBars_unsigned_short_unsigned_short_unsigned_char_int_hBarSel_7_2' <Predicate = (icmp_ln520 & bckgndId_load_read == 9 & !empty_65 & !icmp_ln1205_1)> <Delay = 0.00>
ST_3 : Operation 363 [1/1] (0.00ns)   --->   "%trunc_ln520_2 = trunc i8 %tpgPatternColorBars_unsigned_short_unsigned_short_unsigned_char_int_hBarSel_7_2" [/home/training/AUPBoard/aup_hdmi_pass_thru_2023p1_working/aup_hdmi_pass_thru_2023p1/HDMI_Pass_Thru_ExDes/v_hdmi_rx_ss_0_ex/v_hdmi_rx_ss_0_ex.runs/exdes_v_tpg_0_synth_1/prj/sol/.autopilot/db/v_tpg.cpp:520]   --->   Operation 363 'trunc' 'trunc_ln520_2' <Predicate = (icmp_ln520 & bckgndId_load_read == 9 & !empty_65 & !icmp_ln1205_1)> <Delay = 0.00>
ST_3 : Operation 364 [1/1] (0.67ns)   --->   "%add_ln1212_1 = add i3 %trunc_ln520_2, i3 1" [/home/training/AUPBoard/aup_hdmi_pass_thru_2023p1_working/aup_hdmi_pass_thru_2023p1/HDMI_Pass_Thru_ExDes/v_hdmi_rx_ss_0_ex/v_hdmi_rx_ss_0_ex.runs/exdes_v_tpg_0_synth_1/prj/sol/.autopilot/db/v_tpg.cpp:1212->/home/training/AUPBoard/aup_hdmi_pass_thru_2023p1_working/aup_hdmi_pass_thru_2023p1/HDMI_Pass_Thru_ExDes/v_hdmi_rx_ss_0_ex/v_hdmi_rx_ss_0_ex.runs/exdes_v_tpg_0_synth_1/prj/sol/.autopilot/db/v_tpg.cpp:604]   --->   Operation 364 'add' 'add_ln1212_1' <Predicate = (icmp_ln520 & bckgndId_load_read == 9 & !empty_65 & !icmp_ln1205_1)> <Delay = 0.67> <CoreInst = "Adder">   --->   Core 1 'Adder' <Latency = 0> <II = 1> <Delay = 0.67> <FuncUnit> <Opcode : 'add' 'sub'> <InPorts = 2> <OutPorts = 1>
ST_3 : Operation 365 [1/1] (0.00ns)   --->   "%zext_ln1212_2 = zext i3 %add_ln1212_1" [/home/training/AUPBoard/aup_hdmi_pass_thru_2023p1_working/aup_hdmi_pass_thru_2023p1/HDMI_Pass_Thru_ExDes/v_hdmi_rx_ss_0_ex/v_hdmi_rx_ss_0_ex.runs/exdes_v_tpg_0_synth_1/prj/sol/.autopilot/db/v_tpg.cpp:1212->/home/training/AUPBoard/aup_hdmi_pass_thru_2023p1_working/aup_hdmi_pass_thru_2023p1/HDMI_Pass_Thru_ExDes/v_hdmi_rx_ss_0_ex/v_hdmi_rx_ss_0_ex.runs/exdes_v_tpg_0_synth_1/prj/sol/.autopilot/db/v_tpg.cpp:604]   --->   Operation 365 'zext' 'zext_ln1212_2' <Predicate = (icmp_ln520 & bckgndId_load_read == 9 & !empty_65 & !icmp_ln1205_1)> <Delay = 0.00>
ST_3 : Operation 366 [1/1] (0.42ns)   --->   "%store_ln1212 = store i8 %zext_ln1212_2, i8 %tpgPatternColorBars_unsigned_short_unsigned_short_unsigned_char_int_hBarSel_7" [/home/training/AUPBoard/aup_hdmi_pass_thru_2023p1_working/aup_hdmi_pass_thru_2023p1/HDMI_Pass_Thru_ExDes/v_hdmi_rx_ss_0_ex/v_hdmi_rx_ss_0_ex.runs/exdes_v_tpg_0_synth_1/prj/sol/.autopilot/db/v_tpg.cpp:1212->/home/training/AUPBoard/aup_hdmi_pass_thru_2023p1_working/aup_hdmi_pass_thru_2023p1/HDMI_Pass_Thru_ExDes/v_hdmi_rx_ss_0_ex/v_hdmi_rx_ss_0_ex.runs/exdes_v_tpg_0_synth_1/prj/sol/.autopilot/db/v_tpg.cpp:604]   --->   Operation 366 'store' 'store_ln1212' <Predicate = (icmp_ln520 & bckgndId_load_read == 9 & !empty_65 & !icmp_ln1205_1)> <Delay = 0.42>
ST_3 : Operation 367 [1/1] (0.42ns)   --->   "%store_ln1212 = store i8 %zext_ln1212_2, i8 %tpgPatternColorBars_unsigned_short_unsigned_short_unsigned_char_int_hBarSel_7_3_out" [/home/training/AUPBoard/aup_hdmi_pass_thru_2023p1_working/aup_hdmi_pass_thru_2023p1/HDMI_Pass_Thru_ExDes/v_hdmi_rx_ss_0_ex/v_hdmi_rx_ss_0_ex.runs/exdes_v_tpg_0_synth_1/prj/sol/.autopilot/db/v_tpg.cpp:1212->/home/training/AUPBoard/aup_hdmi_pass_thru_2023p1_working/aup_hdmi_pass_thru_2023p1/HDMI_Pass_Thru_ExDes/v_hdmi_rx_ss_0_ex/v_hdmi_rx_ss_0_ex.runs/exdes_v_tpg_0_synth_1/prj/sol/.autopilot/db/v_tpg.cpp:604]   --->   Operation 367 'store' 'store_ln1212' <Predicate = (icmp_ln520 & bckgndId_load_read == 9 & !empty_65 & !icmp_ln1205_1)> <Delay = 0.42>
ST_3 : Operation 368 [1/1] (0.00ns)   --->   "%br_ln0 = br void %if.end32.1.i"   --->   Operation 368 'br' 'br_ln0' <Predicate = (icmp_ln520 & bckgndId_load_read == 9 & !empty_65 & !icmp_ln1205_1)> <Delay = 0.00>
ST_3 : Operation 369 [1/1] (0.42ns)   --->   "%store_ln1202 = store i8 %empty_66, i8 %tpgPatternColorBars_unsigned_short_unsigned_short_unsigned_char_int_hBarSel_7" [/home/training/AUPBoard/aup_hdmi_pass_thru_2023p1_working/aup_hdmi_pass_thru_2023p1/HDMI_Pass_Thru_ExDes/v_hdmi_rx_ss_0_ex/v_hdmi_rx_ss_0_ex.runs/exdes_v_tpg_0_synth_1/prj/sol/.autopilot/db/v_tpg.cpp:1202->/home/training/AUPBoard/aup_hdmi_pass_thru_2023p1_working/aup_hdmi_pass_thru_2023p1/HDMI_Pass_Thru_ExDes/v_hdmi_rx_ss_0_ex/v_hdmi_rx_ss_0_ex.runs/exdes_v_tpg_0_synth_1/prj/sol/.autopilot/db/v_tpg.cpp:604]   --->   Operation 369 'store' 'store_ln1202' <Predicate = (icmp_ln520 & bckgndId_load_read == 9 & empty_65)> <Delay = 0.42>
ST_3 : Operation 370 [1/1] (0.42ns)   --->   "%store_ln1204 = store i8 %empty_66, i8 %tpgPatternColorBars_unsigned_short_unsigned_short_unsigned_char_int_hBarSel_7_3_out" [/home/training/AUPBoard/aup_hdmi_pass_thru_2023p1_working/aup_hdmi_pass_thru_2023p1/HDMI_Pass_Thru_ExDes/v_hdmi_rx_ss_0_ex/v_hdmi_rx_ss_0_ex.runs/exdes_v_tpg_0_synth_1/prj/sol/.autopilot/db/v_tpg.cpp:1204->/home/training/AUPBoard/aup_hdmi_pass_thru_2023p1_working/aup_hdmi_pass_thru_2023p1/HDMI_Pass_Thru_ExDes/v_hdmi_rx_ss_0_ex/v_hdmi_rx_ss_0_ex.runs/exdes_v_tpg_0_synth_1/prj/sol/.autopilot/db/v_tpg.cpp:604]   --->   Operation 370 'store' 'store_ln1204' <Predicate = (icmp_ln520 & bckgndId_load_read == 9 & empty_65)> <Delay = 0.42>
ST_3 : Operation 371 [1/1] (0.00ns)   --->   "%br_ln1204 = br void %if.end32.1.i" [/home/training/AUPBoard/aup_hdmi_pass_thru_2023p1_working/aup_hdmi_pass_thru_2023p1/HDMI_Pass_Thru_ExDes/v_hdmi_rx_ss_0_ex/v_hdmi_rx_ss_0_ex.runs/exdes_v_tpg_0_synth_1/prj/sol/.autopilot/db/v_tpg.cpp:1204->/home/training/AUPBoard/aup_hdmi_pass_thru_2023p1_working/aup_hdmi_pass_thru_2023p1/HDMI_Pass_Thru_ExDes/v_hdmi_rx_ss_0_ex/v_hdmi_rx_ss_0_ex.runs/exdes_v_tpg_0_synth_1/prj/sol/.autopilot/db/v_tpg.cpp:604]   --->   Operation 371 'br' 'br_ln1204' <Predicate = (icmp_ln520 & bckgndId_load_read == 9 & empty_65)> <Delay = 0.00>

State 4 <SV = 3> <Delay = 1.35>
ST_4 : Operation 372 [1/1] (1.21ns)   --->   "%srcYUV_read = read i48 @_ssdm_op_Read.ap_fifo.volatile.i48P0A, i48 %srcYUV" [/home/training/AUPBoard/aup_hdmi_pass_thru_2023p1_working/aup_hdmi_pass_thru_2023p1/HDMI_Pass_Thru_ExDes/v_hdmi_rx_ss_0_ex/v_hdmi_rx_ss_0_ex.runs/exdes_v_tpg_0_synth_1/prj/sol/.autopilot/db/v_tpg.cpp:526]   --->   Operation 372 'read' 'srcYUV_read' <Predicate = (icmp_ln520 & cmp8_read)> <Delay = 1.21> <CoreInst = "FIFO_SRL">   --->   Core 81 'FIFO_SRL' <Latency = 0> <II = 1> <Delay = 2.04> <Storage> <Opcode : 'read' 'write' 'nbread' 'nbwrite'> <Ports = 0> <Width = 48> <Depth = 16> <FIFO>
ST_4 : Operation 373 [1/1] (0.00ns)   --->   "%trunc_ln526 = trunc i48 %srcYUV_read" [/home/training/AUPBoard/aup_hdmi_pass_thru_2023p1_working/aup_hdmi_pass_thru_2023p1/HDMI_Pass_Thru_ExDes/v_hdmi_rx_ss_0_ex/v_hdmi_rx_ss_0_ex.runs/exdes_v_tpg_0_synth_1/prj/sol/.autopilot/db/v_tpg.cpp:526]   --->   Operation 373 'trunc' 'trunc_ln526' <Predicate = (icmp_ln520 & cmp8_read)> <Delay = 0.00>
ST_4 : Operation 374 [1/1] (0.00ns)   --->   "%trunc_ln526_4 = partselect i8 @_ssdm_op_PartSelect.i8.i48.i32.i32, i48 %srcYUV_read, i32 32, i32 39" [/home/training/AUPBoard/aup_hdmi_pass_thru_2023p1_working/aup_hdmi_pass_thru_2023p1/HDMI_Pass_Thru_ExDes/v_hdmi_rx_ss_0_ex/v_hdmi_rx_ss_0_ex.runs/exdes_v_tpg_0_synth_1/prj/sol/.autopilot/db/v_tpg.cpp:526]   --->   Operation 374 'partselect' 'trunc_ln526_4' <Predicate = (icmp_ln520 & cmp8_read)> <Delay = 0.00>
ST_4 : Operation 375 [1/1] (0.00ns)   --->   "%trunc_ln526_5 = partselect i8 @_ssdm_op_PartSelect.i8.i48.i32.i32, i48 %srcYUV_read, i32 40, i32 47" [/home/training/AUPBoard/aup_hdmi_pass_thru_2023p1_working/aup_hdmi_pass_thru_2023p1/HDMI_Pass_Thru_ExDes/v_hdmi_rx_ss_0_ex/v_hdmi_rx_ss_0_ex.runs/exdes_v_tpg_0_synth_1/prj/sol/.autopilot/db/v_tpg.cpp:526]   --->   Operation 375 'partselect' 'trunc_ln526_5' <Predicate = (icmp_ln520 & cmp8_read)> <Delay = 0.00>
ST_4 : Operation 376 [1/1] (0.00ns)   --->   "%tmp = partselect i8 @_ssdm_op_PartSelect.i8.i48.i32.i32, i48 %srcYUV_read, i32 8, i32 15" [/home/training/AUPBoard/aup_hdmi_pass_thru_2023p1_working/aup_hdmi_pass_thru_2023p1/HDMI_Pass_Thru_ExDes/v_hdmi_rx_ss_0_ex/v_hdmi_rx_ss_0_ex.runs/exdes_v_tpg_0_synth_1/prj/sol/.autopilot/db/v_tpg.cpp:526]   --->   Operation 376 'partselect' 'tmp' <Predicate = (icmp_ln520 & cmp8_read)> <Delay = 0.00>
ST_4 : Operation 377 [1/1] (0.00ns)   --->   "%tmp_1 = partselect i8 @_ssdm_op_PartSelect.i8.i48.i32.i32, i48 %srcYUV_read, i32 16, i32 23" [/home/training/AUPBoard/aup_hdmi_pass_thru_2023p1_working/aup_hdmi_pass_thru_2023p1/HDMI_Pass_Thru_ExDes/v_hdmi_rx_ss_0_ex/v_hdmi_rx_ss_0_ex.runs/exdes_v_tpg_0_synth_1/prj/sol/.autopilot/db/v_tpg.cpp:526]   --->   Operation 377 'partselect' 'tmp_1' <Predicate = (icmp_ln520 & cmp8_read)> <Delay = 0.00>
ST_4 : Operation 378 [1/1] (0.00ns)   --->   "%tmp_2 = partselect i8 @_ssdm_op_PartSelect.i8.i48.i32.i32, i48 %srcYUV_read, i32 24, i32 31" [/home/training/AUPBoard/aup_hdmi_pass_thru_2023p1_working/aup_hdmi_pass_thru_2023p1/HDMI_Pass_Thru_ExDes/v_hdmi_rx_ss_0_ex/v_hdmi_rx_ss_0_ex.runs/exdes_v_tpg_0_synth_1/prj/sol/.autopilot/db/v_tpg.cpp:526]   --->   Operation 378 'partselect' 'tmp_2' <Predicate = (icmp_ln520 & cmp8_read)> <Delay = 0.00>
ST_4 : Operation 379 [1/1] (0.00ns)   --->   "%store_ln526 = store i8 %trunc_ln526_5, i8 %p_0_5_0_0_0253383_out" [/home/training/AUPBoard/aup_hdmi_pass_thru_2023p1_working/aup_hdmi_pass_thru_2023p1/HDMI_Pass_Thru_ExDes/v_hdmi_rx_ss_0_ex/v_hdmi_rx_ss_0_ex.runs/exdes_v_tpg_0_synth_1/prj/sol/.autopilot/db/v_tpg.cpp:526]   --->   Operation 379 'store' 'store_ln526' <Predicate = (icmp_ln520 & cmp8_read)> <Delay = 0.00>
ST_4 : Operation 380 [1/1] (0.00ns)   --->   "%store_ln526 = store i8 %trunc_ln526_4, i8 %p_0_4_0_0_0251381_out" [/home/training/AUPBoard/aup_hdmi_pass_thru_2023p1_working/aup_hdmi_pass_thru_2023p1/HDMI_Pass_Thru_ExDes/v_hdmi_rx_ss_0_ex/v_hdmi_rx_ss_0_ex.runs/exdes_v_tpg_0_synth_1/prj/sol/.autopilot/db/v_tpg.cpp:526]   --->   Operation 380 'store' 'store_ln526' <Predicate = (icmp_ln520 & cmp8_read)> <Delay = 0.00>
ST_4 : Operation 381 [1/1] (0.00ns)   --->   "%store_ln526 = store i8 %tmp_2, i8 %p_0_3_0_0_0249379_out" [/home/training/AUPBoard/aup_hdmi_pass_thru_2023p1_working/aup_hdmi_pass_thru_2023p1/HDMI_Pass_Thru_ExDes/v_hdmi_rx_ss_0_ex/v_hdmi_rx_ss_0_ex.runs/exdes_v_tpg_0_synth_1/prj/sol/.autopilot/db/v_tpg.cpp:526]   --->   Operation 381 'store' 'store_ln526' <Predicate = (icmp_ln520 & cmp8_read)> <Delay = 0.00>
ST_4 : Operation 382 [1/1] (0.00ns)   --->   "%store_ln526 = store i8 %tmp_1, i8 %p_0_2_0_0_0247377_out" [/home/training/AUPBoard/aup_hdmi_pass_thru_2023p1_working/aup_hdmi_pass_thru_2023p1/HDMI_Pass_Thru_ExDes/v_hdmi_rx_ss_0_ex/v_hdmi_rx_ss_0_ex.runs/exdes_v_tpg_0_synth_1/prj/sol/.autopilot/db/v_tpg.cpp:526]   --->   Operation 382 'store' 'store_ln526' <Predicate = (icmp_ln520 & cmp8_read)> <Delay = 0.00>
ST_4 : Operation 383 [1/1] (0.00ns)   --->   "%store_ln526 = store i8 %tmp, i8 %p_0_1_0_0_0245375_out" [/home/training/AUPBoard/aup_hdmi_pass_thru_2023p1_working/aup_hdmi_pass_thru_2023p1/HDMI_Pass_Thru_ExDes/v_hdmi_rx_ss_0_ex/v_hdmi_rx_ss_0_ex.runs/exdes_v_tpg_0_synth_1/prj/sol/.autopilot/db/v_tpg.cpp:526]   --->   Operation 383 'store' 'store_ln526' <Predicate = (icmp_ln520 & cmp8_read)> <Delay = 0.00>
ST_4 : Operation 384 [1/1] (0.00ns)   --->   "%store_ln526 = store i8 %trunc_ln526, i8 %p_0_0_0_0_0243373_out" [/home/training/AUPBoard/aup_hdmi_pass_thru_2023p1_working/aup_hdmi_pass_thru_2023p1/HDMI_Pass_Thru_ExDes/v_hdmi_rx_ss_0_ex/v_hdmi_rx_ss_0_ex.runs/exdes_v_tpg_0_synth_1/prj/sol/.autopilot/db/v_tpg.cpp:526]   --->   Operation 384 'store' 'store_ln526' <Predicate = (icmp_ln520 & cmp8_read)> <Delay = 0.00>
ST_4 : Operation 385 [1/1] (0.00ns)   --->   "%br_ln526 = br void %if.end" [/home/training/AUPBoard/aup_hdmi_pass_thru_2023p1_working/aup_hdmi_pass_thru_2023p1/HDMI_Pass_Thru_ExDes/v_hdmi_rx_ss_0_ex/v_hdmi_rx_ss_0_ex.runs/exdes_v_tpg_0_synth_1/prj/sol/.autopilot/db/v_tpg.cpp:526]   --->   Operation 385 'br' 'br_ln526' <Predicate = (icmp_ln520 & cmp8_read)> <Delay = 0.00>
ST_4 : Operation 386 [1/1] (0.35ns)   --->   "%select_ln1162_13 = select i1 %tmp_14, i64 1, i64 2" [/home/training/AUPBoard/aup_hdmi_pass_thru_2023p1_working/aup_hdmi_pass_thru_2023p1/HDMI_Pass_Thru_ExDes/v_hdmi_rx_ss_0_ex/v_hdmi_rx_ss_0_ex.runs/exdes_v_tpg_0_synth_1/prj/sol/.autopilot/db/v_tpg.cpp:1162->/home/training/AUPBoard/aup_hdmi_pass_thru_2023p1_working/aup_hdmi_pass_thru_2023p1/HDMI_Pass_Thru_ExDes/v_hdmi_rx_ss_0_ex/v_hdmi_rx_ss_0_ex.runs/exdes_v_tpg_0_synth_1/prj/sol/.autopilot/db/v_tpg.cpp:678]   --->   Operation 386 'select' 'select_ln1162_13' <Predicate = (icmp_ln520 & bckgndId_load_read == 19 & !tmp_18)> <Delay = 0.35> <CoreInst = "Sel">   --->   Core 73 'Sel' <Latency = 0> <II = 1> <Delay = 0.35> <FuncUnit> <Opcode : 'select'> <InPorts = 3> <OutPorts = 1>
ST_4 : Operation 387 [1/1] (0.00ns)   --->   "%blkYuv_addr_13 = getelementptr i8 %blkYuv, i64 0, i64 %select_ln1162_13" [/home/training/AUPBoard/aup_hdmi_pass_thru_2023p1_working/aup_hdmi_pass_thru_2023p1/HDMI_Pass_Thru_ExDes/v_hdmi_rx_ss_0_ex/v_hdmi_rx_ss_0_ex.runs/exdes_v_tpg_0_synth_1/prj/sol/.autopilot/db/v_tpg.cpp:1162->/home/training/AUPBoard/aup_hdmi_pass_thru_2023p1_working/aup_hdmi_pass_thru_2023p1/HDMI_Pass_Thru_ExDes/v_hdmi_rx_ss_0_ex/v_hdmi_rx_ss_0_ex.runs/exdes_v_tpg_0_synth_1/prj/sol/.autopilot/db/v_tpg.cpp:678]   --->   Operation 387 'getelementptr' 'blkYuv_addr_13' <Predicate = (icmp_ln520 & bckgndId_load_read == 19 & !tmp_18)> <Delay = 0.00>
ST_4 : Operation 388 [2/2] (0.67ns)   --->   "%blkYuv_load_13 = load i2 %blkYuv_addr_13" [/home/training/AUPBoard/aup_hdmi_pass_thru_2023p1_working/aup_hdmi_pass_thru_2023p1/HDMI_Pass_Thru_ExDes/v_hdmi_rx_ss_0_ex/v_hdmi_rx_ss_0_ex.runs/exdes_v_tpg_0_synth_1/prj/sol/.autopilot/db/v_tpg.cpp:1161->/home/training/AUPBoard/aup_hdmi_pass_thru_2023p1_working/aup_hdmi_pass_thru_2023p1/HDMI_Pass_Thru_ExDes/v_hdmi_rx_ss_0_ex/v_hdmi_rx_ss_0_ex.runs/exdes_v_tpg_0_synth_1/prj/sol/.autopilot/db/v_tpg.cpp:678]   --->   Operation 388 'load' 'blkYuv_load_13' <Predicate = (icmp_ln520 & bckgndId_load_read == 19 & !tmp_18)> <Delay = 0.67> <CoreInst = "ROM">   --->   Core 101 'ROM' <Latency = 1> <II = 1> <Delay = 0.67> <Storage> <Opcode : 'load'> <Ports = 0> <Width = 8> <Depth = 3> <ROM>
ST_4 : Operation 389 [1/1] (0.35ns)   --->   "%select_ln1162_12 = select i1 %tmp_14, i64 1, i64 2" [/home/training/AUPBoard/aup_hdmi_pass_thru_2023p1_working/aup_hdmi_pass_thru_2023p1/HDMI_Pass_Thru_ExDes/v_hdmi_rx_ss_0_ex/v_hdmi_rx_ss_0_ex.runs/exdes_v_tpg_0_synth_1/prj/sol/.autopilot/db/v_tpg.cpp:1162->/home/training/AUPBoard/aup_hdmi_pass_thru_2023p1_working/aup_hdmi_pass_thru_2023p1/HDMI_Pass_Thru_ExDes/v_hdmi_rx_ss_0_ex/v_hdmi_rx_ss_0_ex.runs/exdes_v_tpg_0_synth_1/prj/sol/.autopilot/db/v_tpg.cpp:671]   --->   Operation 389 'select' 'select_ln1162_12' <Predicate = (icmp_ln520 & bckgndId_load_read == 18 & !tmp_18)> <Delay = 0.35> <CoreInst = "Sel">   --->   Core 73 'Sel' <Latency = 0> <II = 1> <Delay = 0.35> <FuncUnit> <Opcode : 'select'> <InPorts = 3> <OutPorts = 1>
ST_4 : Operation 390 [1/1] (0.00ns)   --->   "%blkYuv_addr_12 = getelementptr i8 %blkYuv, i64 0, i64 %select_ln1162_12" [/home/training/AUPBoard/aup_hdmi_pass_thru_2023p1_working/aup_hdmi_pass_thru_2023p1/HDMI_Pass_Thru_ExDes/v_hdmi_rx_ss_0_ex/v_hdmi_rx_ss_0_ex.runs/exdes_v_tpg_0_synth_1/prj/sol/.autopilot/db/v_tpg.cpp:1162->/home/training/AUPBoard/aup_hdmi_pass_thru_2023p1_working/aup_hdmi_pass_thru_2023p1/HDMI_Pass_Thru_ExDes/v_hdmi_rx_ss_0_ex/v_hdmi_rx_ss_0_ex.runs/exdes_v_tpg_0_synth_1/prj/sol/.autopilot/db/v_tpg.cpp:671]   --->   Operation 390 'getelementptr' 'blkYuv_addr_12' <Predicate = (icmp_ln520 & bckgndId_load_read == 18 & !tmp_18)> <Delay = 0.00>
ST_4 : Operation 391 [2/2] (0.67ns)   --->   "%blkYuv_load_12 = load i2 %blkYuv_addr_12" [/home/training/AUPBoard/aup_hdmi_pass_thru_2023p1_working/aup_hdmi_pass_thru_2023p1/HDMI_Pass_Thru_ExDes/v_hdmi_rx_ss_0_ex/v_hdmi_rx_ss_0_ex.runs/exdes_v_tpg_0_synth_1/prj/sol/.autopilot/db/v_tpg.cpp:1161->/home/training/AUPBoard/aup_hdmi_pass_thru_2023p1_working/aup_hdmi_pass_thru_2023p1/HDMI_Pass_Thru_ExDes/v_hdmi_rx_ss_0_ex/v_hdmi_rx_ss_0_ex.runs/exdes_v_tpg_0_synth_1/prj/sol/.autopilot/db/v_tpg.cpp:671]   --->   Operation 391 'load' 'blkYuv_load_12' <Predicate = (icmp_ln520 & bckgndId_load_read == 18 & !tmp_18)> <Delay = 0.67> <CoreInst = "ROM">   --->   Core 101 'ROM' <Latency = 1> <II = 1> <Delay = 0.67> <Storage> <Opcode : 'load'> <Ports = 0> <Width = 8> <Depth = 3> <ROM>
ST_4 : Operation 392 [1/1] (0.35ns)   --->   "%select_ln1162_11 = select i1 %tmp_14, i64 1, i64 2" [/home/training/AUPBoard/aup_hdmi_pass_thru_2023p1_working/aup_hdmi_pass_thru_2023p1/HDMI_Pass_Thru_ExDes/v_hdmi_rx_ss_0_ex/v_hdmi_rx_ss_0_ex.runs/exdes_v_tpg_0_synth_1/prj/sol/.autopilot/db/v_tpg.cpp:1162->/home/training/AUPBoard/aup_hdmi_pass_thru_2023p1_working/aup_hdmi_pass_thru_2023p1/HDMI_Pass_Thru_ExDes/v_hdmi_rx_ss_0_ex/v_hdmi_rx_ss_0_ex.runs/exdes_v_tpg_0_synth_1/prj/sol/.autopilot/db/v_tpg.cpp:664]   --->   Operation 392 'select' 'select_ln1162_11' <Predicate = (icmp_ln520 & bckgndId_load_read == 17 & !tmp_18)> <Delay = 0.35> <CoreInst = "Sel">   --->   Core 73 'Sel' <Latency = 0> <II = 1> <Delay = 0.35> <FuncUnit> <Opcode : 'select'> <InPorts = 3> <OutPorts = 1>
ST_4 : Operation 393 [1/1] (0.00ns)   --->   "%blkYuv_addr_11 = getelementptr i8 %blkYuv, i64 0, i64 %select_ln1162_11" [/home/training/AUPBoard/aup_hdmi_pass_thru_2023p1_working/aup_hdmi_pass_thru_2023p1/HDMI_Pass_Thru_ExDes/v_hdmi_rx_ss_0_ex/v_hdmi_rx_ss_0_ex.runs/exdes_v_tpg_0_synth_1/prj/sol/.autopilot/db/v_tpg.cpp:1162->/home/training/AUPBoard/aup_hdmi_pass_thru_2023p1_working/aup_hdmi_pass_thru_2023p1/HDMI_Pass_Thru_ExDes/v_hdmi_rx_ss_0_ex/v_hdmi_rx_ss_0_ex.runs/exdes_v_tpg_0_synth_1/prj/sol/.autopilot/db/v_tpg.cpp:664]   --->   Operation 393 'getelementptr' 'blkYuv_addr_11' <Predicate = (icmp_ln520 & bckgndId_load_read == 17 & !tmp_18)> <Delay = 0.00>
ST_4 : Operation 394 [2/2] (0.67ns)   --->   "%blkYuv_load_11 = load i2 %blkYuv_addr_11" [/home/training/AUPBoard/aup_hdmi_pass_thru_2023p1_working/aup_hdmi_pass_thru_2023p1/HDMI_Pass_Thru_ExDes/v_hdmi_rx_ss_0_ex/v_hdmi_rx_ss_0_ex.runs/exdes_v_tpg_0_synth_1/prj/sol/.autopilot/db/v_tpg.cpp:1161->/home/training/AUPBoard/aup_hdmi_pass_thru_2023p1_working/aup_hdmi_pass_thru_2023p1/HDMI_Pass_Thru_ExDes/v_hdmi_rx_ss_0_ex/v_hdmi_rx_ss_0_ex.runs/exdes_v_tpg_0_synth_1/prj/sol/.autopilot/db/v_tpg.cpp:664]   --->   Operation 394 'load' 'blkYuv_load_11' <Predicate = (icmp_ln520 & bckgndId_load_read == 17 & !tmp_18)> <Delay = 0.67> <CoreInst = "ROM">   --->   Core 101 'ROM' <Latency = 1> <II = 1> <Delay = 0.67> <Storage> <Opcode : 'load'> <Ports = 0> <Width = 8> <Depth = 3> <ROM>
ST_4 : Operation 395 [1/2] (0.67ns)   --->   "%tpgCheckerBoardArray_load = load i5 %tpgCheckerBoardArray_addr" [/home/training/AUPBoard/aup_hdmi_pass_thru_2023p1_working/aup_hdmi_pass_thru_2023p1/HDMI_Pass_Thru_ExDes/v_hdmi_rx_ss_0_ex/v_hdmi_rx_ss_0_ex.runs/exdes_v_tpg_0_synth_1/prj/sol/.autopilot/db/v_tpg.cpp:1555->/home/training/AUPBoard/aup_hdmi_pass_thru_2023p1_working/aup_hdmi_pass_thru_2023p1/HDMI_Pass_Thru_ExDes/v_hdmi_rx_ss_0_ex/v_hdmi_rx_ss_0_ex.runs/exdes_v_tpg_0_synth_1/prj/sol/.autopilot/db/v_tpg.cpp:652]   --->   Operation 395 'load' 'tpgCheckerBoardArray_load' <Predicate = (icmp_ln520 & bckgndId_load_read == 15)> <Delay = 0.67> <CoreInst = "ROM">   --->   Core 101 'ROM' <Latency = 1> <II = 1> <Delay = 0.67> <Storage> <Opcode : 'load'> <Ports = 0> <Width = 2> <Depth = 32> <ROM>
ST_4 : Operation 396 [1/1] (0.00ns)   --->   "%sext_ln1555 = sext i2 %tpgCheckerBoardArray_load" [/home/training/AUPBoard/aup_hdmi_pass_thru_2023p1_working/aup_hdmi_pass_thru_2023p1/HDMI_Pass_Thru_ExDes/v_hdmi_rx_ss_0_ex/v_hdmi_rx_ss_0_ex.runs/exdes_v_tpg_0_synth_1/prj/sol/.autopilot/db/v_tpg.cpp:1555->/home/training/AUPBoard/aup_hdmi_pass_thru_2023p1_working/aup_hdmi_pass_thru_2023p1/HDMI_Pass_Thru_ExDes/v_hdmi_rx_ss_0_ex/v_hdmi_rx_ss_0_ex.runs/exdes_v_tpg_0_synth_1/prj/sol/.autopilot/db/v_tpg.cpp:652]   --->   Operation 396 'sext' 'sext_ln1555' <Predicate = (icmp_ln520 & bckgndId_load_read == 15)> <Delay = 0.00>
ST_4 : Operation 397 [1/1] (0.00ns)   --->   "%zext_ln1555_1 = zext i3 %sext_ln1555" [/home/training/AUPBoard/aup_hdmi_pass_thru_2023p1_working/aup_hdmi_pass_thru_2023p1/HDMI_Pass_Thru_ExDes/v_hdmi_rx_ss_0_ex/v_hdmi_rx_ss_0_ex.runs/exdes_v_tpg_0_synth_1/prj/sol/.autopilot/db/v_tpg.cpp:1555->/home/training/AUPBoard/aup_hdmi_pass_thru_2023p1_working/aup_hdmi_pass_thru_2023p1/HDMI_Pass_Thru_ExDes/v_hdmi_rx_ss_0_ex/v_hdmi_rx_ss_0_ex.runs/exdes_v_tpg_0_synth_1/prj/sol/.autopilot/db/v_tpg.cpp:652]   --->   Operation 397 'zext' 'zext_ln1555_1' <Predicate = (icmp_ln520 & bckgndId_load_read == 15)> <Delay = 0.00>
ST_4 : Operation 398 [1/1] (0.00ns)   --->   "%tpgBarSelRgb_r_addr_2 = getelementptr i2 %tpgBarSelRgb_r, i64 0, i64 %zext_ln1555_1" [/home/training/AUPBoard/aup_hdmi_pass_thru_2023p1_working/aup_hdmi_pass_thru_2023p1/HDMI_Pass_Thru_ExDes/v_hdmi_rx_ss_0_ex/v_hdmi_rx_ss_0_ex.runs/exdes_v_tpg_0_synth_1/prj/sol/.autopilot/db/v_tpg.cpp:1555->/home/training/AUPBoard/aup_hdmi_pass_thru_2023p1_working/aup_hdmi_pass_thru_2023p1/HDMI_Pass_Thru_ExDes/v_hdmi_rx_ss_0_ex/v_hdmi_rx_ss_0_ex.runs/exdes_v_tpg_0_synth_1/prj/sol/.autopilot/db/v_tpg.cpp:652]   --->   Operation 398 'getelementptr' 'tpgBarSelRgb_r_addr_2' <Predicate = (icmp_ln520 & bckgndId_load_read == 15 & tmp_18)> <Delay = 0.00>
ST_4 : Operation 399 [2/2] (0.67ns)   --->   "%tpgBarSelRgb_r_load_2 = load i3 %tpgBarSelRgb_r_addr_2" [/home/training/AUPBoard/aup_hdmi_pass_thru_2023p1_working/aup_hdmi_pass_thru_2023p1/HDMI_Pass_Thru_ExDes/v_hdmi_rx_ss_0_ex/v_hdmi_rx_ss_0_ex.runs/exdes_v_tpg_0_synth_1/prj/sol/.autopilot/db/v_tpg.cpp:1555->/home/training/AUPBoard/aup_hdmi_pass_thru_2023p1_working/aup_hdmi_pass_thru_2023p1/HDMI_Pass_Thru_ExDes/v_hdmi_rx_ss_0_ex/v_hdmi_rx_ss_0_ex.runs/exdes_v_tpg_0_synth_1/prj/sol/.autopilot/db/v_tpg.cpp:652]   --->   Operation 399 'load' 'tpgBarSelRgb_r_load_2' <Predicate = (icmp_ln520 & bckgndId_load_read == 15 & tmp_18)> <Delay = 0.67> <CoreInst = "ROM">   --->   Core 101 'ROM' <Latency = 1> <II = 1> <Delay = 0.67> <Storage> <Opcode : 'load'> <Ports = 0> <Width = 2> <Depth = 8> <ROM>
ST_4 : Operation 400 [1/1] (0.00ns)   --->   "%tpgBarSelRgb_g_addr_2 = getelementptr i2 %tpgBarSelRgb_g, i64 0, i64 %zext_ln1555_1" [/home/training/AUPBoard/aup_hdmi_pass_thru_2023p1_working/aup_hdmi_pass_thru_2023p1/HDMI_Pass_Thru_ExDes/v_hdmi_rx_ss_0_ex/v_hdmi_rx_ss_0_ex.runs/exdes_v_tpg_0_synth_1/prj/sol/.autopilot/db/v_tpg.cpp:1559->/home/training/AUPBoard/aup_hdmi_pass_thru_2023p1_working/aup_hdmi_pass_thru_2023p1/HDMI_Pass_Thru_ExDes/v_hdmi_rx_ss_0_ex/v_hdmi_rx_ss_0_ex.runs/exdes_v_tpg_0_synth_1/prj/sol/.autopilot/db/v_tpg.cpp:652]   --->   Operation 400 'getelementptr' 'tpgBarSelRgb_g_addr_2' <Predicate = (icmp_ln520 & bckgndId_load_read == 15 & tmp_18)> <Delay = 0.00>
ST_4 : Operation 401 [2/2] (0.67ns)   --->   "%tpgBarSelRgb_g_load_2 = load i3 %tpgBarSelRgb_g_addr_2" [/home/training/AUPBoard/aup_hdmi_pass_thru_2023p1_working/aup_hdmi_pass_thru_2023p1/HDMI_Pass_Thru_ExDes/v_hdmi_rx_ss_0_ex/v_hdmi_rx_ss_0_ex.runs/exdes_v_tpg_0_synth_1/prj/sol/.autopilot/db/v_tpg.cpp:1559->/home/training/AUPBoard/aup_hdmi_pass_thru_2023p1_working/aup_hdmi_pass_thru_2023p1/HDMI_Pass_Thru_ExDes/v_hdmi_rx_ss_0_ex/v_hdmi_rx_ss_0_ex.runs/exdes_v_tpg_0_synth_1/prj/sol/.autopilot/db/v_tpg.cpp:652]   --->   Operation 401 'load' 'tpgBarSelRgb_g_load_2' <Predicate = (icmp_ln520 & bckgndId_load_read == 15 & tmp_18)> <Delay = 0.67> <CoreInst = "ROM">   --->   Core 101 'ROM' <Latency = 1> <II = 1> <Delay = 0.67> <Storage> <Opcode : 'load'> <Ports = 0> <Width = 2> <Depth = 8> <ROM>
ST_4 : Operation 402 [1/1] (0.00ns)   --->   "%tpgBarSelRgb_b_addr_2 = getelementptr i2 %tpgBarSelRgb_b, i64 0, i64 %zext_ln1555_1" [/home/training/AUPBoard/aup_hdmi_pass_thru_2023p1_working/aup_hdmi_pass_thru_2023p1/HDMI_Pass_Thru_ExDes/v_hdmi_rx_ss_0_ex/v_hdmi_rx_ss_0_ex.runs/exdes_v_tpg_0_synth_1/prj/sol/.autopilot/db/v_tpg.cpp:1566->/home/training/AUPBoard/aup_hdmi_pass_thru_2023p1_working/aup_hdmi_pass_thru_2023p1/HDMI_Pass_Thru_ExDes/v_hdmi_rx_ss_0_ex/v_hdmi_rx_ss_0_ex.runs/exdes_v_tpg_0_synth_1/prj/sol/.autopilot/db/v_tpg.cpp:652]   --->   Operation 402 'getelementptr' 'tpgBarSelRgb_b_addr_2' <Predicate = (icmp_ln520 & bckgndId_load_read == 15 & tmp_18)> <Delay = 0.00>
ST_4 : Operation 403 [2/2] (0.67ns)   --->   "%tpgBarSelRgb_b_load_2 = load i3 %tpgBarSelRgb_b_addr_2" [/home/training/AUPBoard/aup_hdmi_pass_thru_2023p1_working/aup_hdmi_pass_thru_2023p1/HDMI_Pass_Thru_ExDes/v_hdmi_rx_ss_0_ex/v_hdmi_rx_ss_0_ex.runs/exdes_v_tpg_0_synth_1/prj/sol/.autopilot/db/v_tpg.cpp:1566->/home/training/AUPBoard/aup_hdmi_pass_thru_2023p1_working/aup_hdmi_pass_thru_2023p1/HDMI_Pass_Thru_ExDes/v_hdmi_rx_ss_0_ex/v_hdmi_rx_ss_0_ex.runs/exdes_v_tpg_0_synth_1/prj/sol/.autopilot/db/v_tpg.cpp:652]   --->   Operation 403 'load' 'tpgBarSelRgb_b_load_2' <Predicate = (icmp_ln520 & bckgndId_load_read == 15 & tmp_18)> <Delay = 0.67> <CoreInst = "ROM">   --->   Core 101 'ROM' <Latency = 1> <II = 1> <Delay = 0.67> <Storage> <Opcode : 'load'> <Ports = 0> <Width = 2> <Depth = 8> <ROM>
ST_4 : Operation 404 [1/1] (0.00ns)   --->   "%tpgBarSelYuv_y_addr_2 = getelementptr i8 %tpgBarSelYuv_y, i64 0, i64 %zext_ln1555_1" [/home/training/AUPBoard/aup_hdmi_pass_thru_2023p1_working/aup_hdmi_pass_thru_2023p1/HDMI_Pass_Thru_ExDes/v_hdmi_rx_ss_0_ex/v_hdmi_rx_ss_0_ex.runs/exdes_v_tpg_0_synth_1/prj/sol/.autopilot/db/v_tpg.cpp:1556->/home/training/AUPBoard/aup_hdmi_pass_thru_2023p1_working/aup_hdmi_pass_thru_2023p1/HDMI_Pass_Thru_ExDes/v_hdmi_rx_ss_0_ex/v_hdmi_rx_ss_0_ex.runs/exdes_v_tpg_0_synth_1/prj/sol/.autopilot/db/v_tpg.cpp:652]   --->   Operation 404 'getelementptr' 'tpgBarSelYuv_y_addr_2' <Predicate = (icmp_ln520 & bckgndId_load_read == 15 & !tmp_18)> <Delay = 0.00>
ST_4 : Operation 405 [2/2] (0.67ns)   --->   "%tpgBarSelYuv_y_load_2 = load i3 %tpgBarSelYuv_y_addr_2" [/home/training/AUPBoard/aup_hdmi_pass_thru_2023p1_working/aup_hdmi_pass_thru_2023p1/HDMI_Pass_Thru_ExDes/v_hdmi_rx_ss_0_ex/v_hdmi_rx_ss_0_ex.runs/exdes_v_tpg_0_synth_1/prj/sol/.autopilot/db/v_tpg.cpp:1556->/home/training/AUPBoard/aup_hdmi_pass_thru_2023p1_working/aup_hdmi_pass_thru_2023p1/HDMI_Pass_Thru_ExDes/v_hdmi_rx_ss_0_ex/v_hdmi_rx_ss_0_ex.runs/exdes_v_tpg_0_synth_1/prj/sol/.autopilot/db/v_tpg.cpp:652]   --->   Operation 405 'load' 'tpgBarSelYuv_y_load_2' <Predicate = (icmp_ln520 & bckgndId_load_read == 15 & !tmp_18)> <Delay = 0.67> <CoreInst = "ROM">   --->   Core 101 'ROM' <Latency = 1> <II = 1> <Delay = 0.67> <Storage> <Opcode : 'load'> <Ports = 0> <Width = 8> <Depth = 8> <ROM>
ST_4 : Operation 406 [1/1] (0.00ns)   --->   "%tpgBarSelYuv_u_addr_2 = getelementptr i8 %tpgBarSelYuv_u, i64 0, i64 %zext_ln1555_1" [/home/training/AUPBoard/aup_hdmi_pass_thru_2023p1_working/aup_hdmi_pass_thru_2023p1/HDMI_Pass_Thru_ExDes/v_hdmi_rx_ss_0_ex/v_hdmi_rx_ss_0_ex.runs/exdes_v_tpg_0_synth_1/prj/sol/.autopilot/db/v_tpg.cpp:1561->/home/training/AUPBoard/aup_hdmi_pass_thru_2023p1_working/aup_hdmi_pass_thru_2023p1/HDMI_Pass_Thru_ExDes/v_hdmi_rx_ss_0_ex/v_hdmi_rx_ss_0_ex.runs/exdes_v_tpg_0_synth_1/prj/sol/.autopilot/db/v_tpg.cpp:652]   --->   Operation 406 'getelementptr' 'tpgBarSelYuv_u_addr_2' <Predicate = (icmp_ln520 & bckgndId_load_read == 15 & !tmp_18)> <Delay = 0.00>
ST_4 : Operation 407 [2/2] (0.67ns)   --->   "%tpgBarSelYuv_u_load_2 = load i3 %tpgBarSelYuv_u_addr_2" [/home/training/AUPBoard/aup_hdmi_pass_thru_2023p1_working/aup_hdmi_pass_thru_2023p1/HDMI_Pass_Thru_ExDes/v_hdmi_rx_ss_0_ex/v_hdmi_rx_ss_0_ex.runs/exdes_v_tpg_0_synth_1/prj/sol/.autopilot/db/v_tpg.cpp:1561->/home/training/AUPBoard/aup_hdmi_pass_thru_2023p1_working/aup_hdmi_pass_thru_2023p1/HDMI_Pass_Thru_ExDes/v_hdmi_rx_ss_0_ex/v_hdmi_rx_ss_0_ex.runs/exdes_v_tpg_0_synth_1/prj/sol/.autopilot/db/v_tpg.cpp:652]   --->   Operation 407 'load' 'tpgBarSelYuv_u_load_2' <Predicate = (icmp_ln520 & bckgndId_load_read == 15 & !tmp_18)> <Delay = 0.67> <CoreInst = "ROM">   --->   Core 101 'ROM' <Latency = 1> <II = 1> <Delay = 0.67> <Storage> <Opcode : 'load'> <Ports = 0> <Width = 8> <Depth = 8> <ROM>
ST_4 : Operation 408 [1/1] (0.00ns)   --->   "%tpgBarSelYuv_v_addr_2 = getelementptr i8 %tpgBarSelYuv_v, i64 0, i64 %zext_ln1555_1" [/home/training/AUPBoard/aup_hdmi_pass_thru_2023p1_working/aup_hdmi_pass_thru_2023p1/HDMI_Pass_Thru_ExDes/v_hdmi_rx_ss_0_ex/v_hdmi_rx_ss_0_ex.runs/exdes_v_tpg_0_synth_1/prj/sol/.autopilot/db/v_tpg.cpp:1567->/home/training/AUPBoard/aup_hdmi_pass_thru_2023p1_working/aup_hdmi_pass_thru_2023p1/HDMI_Pass_Thru_ExDes/v_hdmi_rx_ss_0_ex/v_hdmi_rx_ss_0_ex.runs/exdes_v_tpg_0_synth_1/prj/sol/.autopilot/db/v_tpg.cpp:652]   --->   Operation 408 'getelementptr' 'tpgBarSelYuv_v_addr_2' <Predicate = (icmp_ln520 & bckgndId_load_read == 15 & !tmp_18)> <Delay = 0.00>
ST_4 : Operation 409 [2/2] (0.67ns)   --->   "%tpgBarSelYuv_v_load_2 = load i3 %tpgBarSelYuv_v_addr_2" [/home/training/AUPBoard/aup_hdmi_pass_thru_2023p1_working/aup_hdmi_pass_thru_2023p1/HDMI_Pass_Thru_ExDes/v_hdmi_rx_ss_0_ex/v_hdmi_rx_ss_0_ex.runs/exdes_v_tpg_0_synth_1/prj/sol/.autopilot/db/v_tpg.cpp:1567->/home/training/AUPBoard/aup_hdmi_pass_thru_2023p1_working/aup_hdmi_pass_thru_2023p1/HDMI_Pass_Thru_ExDes/v_hdmi_rx_ss_0_ex/v_hdmi_rx_ss_0_ex.runs/exdes_v_tpg_0_synth_1/prj/sol/.autopilot/db/v_tpg.cpp:652]   --->   Operation 409 'load' 'tpgBarSelYuv_v_load_2' <Predicate = (icmp_ln520 & bckgndId_load_read == 15 & !tmp_18)> <Delay = 0.67> <CoreInst = "ROM">   --->   Core 101 'ROM' <Latency = 1> <II = 1> <Delay = 0.67> <Storage> <Opcode : 'load'> <Ports = 0> <Width = 8> <Depth = 8> <ROM>
ST_4 : Operation 410 [1/2] (0.67ns)   --->   "%tpgCheckerBoardArray_load_1 = load i5 %tpgCheckerBoardArray_addr_1" [/home/training/AUPBoard/aup_hdmi_pass_thru_2023p1_working/aup_hdmi_pass_thru_2023p1/HDMI_Pass_Thru_ExDes/v_hdmi_rx_ss_0_ex/v_hdmi_rx_ss_0_ex.runs/exdes_v_tpg_0_synth_1/prj/sol/.autopilot/db/v_tpg.cpp:1556->/home/training/AUPBoard/aup_hdmi_pass_thru_2023p1_working/aup_hdmi_pass_thru_2023p1/HDMI_Pass_Thru_ExDes/v_hdmi_rx_ss_0_ex/v_hdmi_rx_ss_0_ex.runs/exdes_v_tpg_0_synth_1/prj/sol/.autopilot/db/v_tpg.cpp:652]   --->   Operation 410 'load' 'tpgCheckerBoardArray_load_1' <Predicate = (icmp_ln520 & bckgndId_load_read == 15)> <Delay = 0.67> <CoreInst = "ROM">   --->   Core 101 'ROM' <Latency = 1> <II = 1> <Delay = 0.67> <Storage> <Opcode : 'load'> <Ports = 0> <Width = 2> <Depth = 32> <ROM>
ST_4 : Operation 411 [1/1] (0.00ns)   --->   "%sext_ln1556 = sext i2 %tpgCheckerBoardArray_load_1" [/home/training/AUPBoard/aup_hdmi_pass_thru_2023p1_working/aup_hdmi_pass_thru_2023p1/HDMI_Pass_Thru_ExDes/v_hdmi_rx_ss_0_ex/v_hdmi_rx_ss_0_ex.runs/exdes_v_tpg_0_synth_1/prj/sol/.autopilot/db/v_tpg.cpp:1556->/home/training/AUPBoard/aup_hdmi_pass_thru_2023p1_working/aup_hdmi_pass_thru_2023p1/HDMI_Pass_Thru_ExDes/v_hdmi_rx_ss_0_ex/v_hdmi_rx_ss_0_ex.runs/exdes_v_tpg_0_synth_1/prj/sol/.autopilot/db/v_tpg.cpp:652]   --->   Operation 411 'sext' 'sext_ln1556' <Predicate = (icmp_ln520 & bckgndId_load_read == 15)> <Delay = 0.00>
ST_4 : Operation 412 [1/1] (0.00ns)   --->   "%zext_ln1556_1 = zext i3 %sext_ln1556" [/home/training/AUPBoard/aup_hdmi_pass_thru_2023p1_working/aup_hdmi_pass_thru_2023p1/HDMI_Pass_Thru_ExDes/v_hdmi_rx_ss_0_ex/v_hdmi_rx_ss_0_ex.runs/exdes_v_tpg_0_synth_1/prj/sol/.autopilot/db/v_tpg.cpp:1556->/home/training/AUPBoard/aup_hdmi_pass_thru_2023p1_working/aup_hdmi_pass_thru_2023p1/HDMI_Pass_Thru_ExDes/v_hdmi_rx_ss_0_ex/v_hdmi_rx_ss_0_ex.runs/exdes_v_tpg_0_synth_1/prj/sol/.autopilot/db/v_tpg.cpp:652]   --->   Operation 412 'zext' 'zext_ln1556_1' <Predicate = (icmp_ln520 & bckgndId_load_read == 15)> <Delay = 0.00>
ST_4 : Operation 413 [1/1] (0.00ns)   --->   "%tpgBarSelYuv_y_addr_5 = getelementptr i8 %tpgBarSelYuv_y, i64 0, i64 %zext_ln1556_1" [/home/training/AUPBoard/aup_hdmi_pass_thru_2023p1_working/aup_hdmi_pass_thru_2023p1/HDMI_Pass_Thru_ExDes/v_hdmi_rx_ss_0_ex/v_hdmi_rx_ss_0_ex.runs/exdes_v_tpg_0_synth_1/prj/sol/.autopilot/db/v_tpg.cpp:1556->/home/training/AUPBoard/aup_hdmi_pass_thru_2023p1_working/aup_hdmi_pass_thru_2023p1/HDMI_Pass_Thru_ExDes/v_hdmi_rx_ss_0_ex/v_hdmi_rx_ss_0_ex.runs/exdes_v_tpg_0_synth_1/prj/sol/.autopilot/db/v_tpg.cpp:652]   --->   Operation 413 'getelementptr' 'tpgBarSelYuv_y_addr_5' <Predicate = (icmp_ln520 & bckgndId_load_read == 15 & !tmp_18)> <Delay = 0.00>
ST_4 : Operation 414 [2/2] (0.67ns)   --->   "%tpgBarSelYuv_y_load_5 = load i3 %tpgBarSelYuv_y_addr_5" [/home/training/AUPBoard/aup_hdmi_pass_thru_2023p1_working/aup_hdmi_pass_thru_2023p1/HDMI_Pass_Thru_ExDes/v_hdmi_rx_ss_0_ex/v_hdmi_rx_ss_0_ex.runs/exdes_v_tpg_0_synth_1/prj/sol/.autopilot/db/v_tpg.cpp:1556->/home/training/AUPBoard/aup_hdmi_pass_thru_2023p1_working/aup_hdmi_pass_thru_2023p1/HDMI_Pass_Thru_ExDes/v_hdmi_rx_ss_0_ex/v_hdmi_rx_ss_0_ex.runs/exdes_v_tpg_0_synth_1/prj/sol/.autopilot/db/v_tpg.cpp:652]   --->   Operation 414 'load' 'tpgBarSelYuv_y_load_5' <Predicate = (icmp_ln520 & bckgndId_load_read == 15 & !tmp_18)> <Delay = 0.67> <CoreInst = "ROM">   --->   Core 101 'ROM' <Latency = 1> <II = 1> <Delay = 0.67> <Storage> <Opcode : 'load'> <Ports = 0> <Width = 8> <Depth = 8> <ROM>
ST_4 : Operation 415 [1/1] (0.00ns)   --->   "%tpgBarSelYuv_u_addr_5 = getelementptr i8 %tpgBarSelYuv_u, i64 0, i64 %zext_ln1556_1" [/home/training/AUPBoard/aup_hdmi_pass_thru_2023p1_working/aup_hdmi_pass_thru_2023p1/HDMI_Pass_Thru_ExDes/v_hdmi_rx_ss_0_ex/v_hdmi_rx_ss_0_ex.runs/exdes_v_tpg_0_synth_1/prj/sol/.autopilot/db/v_tpg.cpp:1561->/home/training/AUPBoard/aup_hdmi_pass_thru_2023p1_working/aup_hdmi_pass_thru_2023p1/HDMI_Pass_Thru_ExDes/v_hdmi_rx_ss_0_ex/v_hdmi_rx_ss_0_ex.runs/exdes_v_tpg_0_synth_1/prj/sol/.autopilot/db/v_tpg.cpp:652]   --->   Operation 415 'getelementptr' 'tpgBarSelYuv_u_addr_5' <Predicate = (icmp_ln520 & bckgndId_load_read == 15 & !tmp_18 & tmp_14)> <Delay = 0.00>
ST_4 : Operation 416 [2/2] (0.67ns)   --->   "%tpgBarSelYuv_u_load_5 = load i3 %tpgBarSelYuv_u_addr_5" [/home/training/AUPBoard/aup_hdmi_pass_thru_2023p1_working/aup_hdmi_pass_thru_2023p1/HDMI_Pass_Thru_ExDes/v_hdmi_rx_ss_0_ex/v_hdmi_rx_ss_0_ex.runs/exdes_v_tpg_0_synth_1/prj/sol/.autopilot/db/v_tpg.cpp:1561->/home/training/AUPBoard/aup_hdmi_pass_thru_2023p1_working/aup_hdmi_pass_thru_2023p1/HDMI_Pass_Thru_ExDes/v_hdmi_rx_ss_0_ex/v_hdmi_rx_ss_0_ex.runs/exdes_v_tpg_0_synth_1/prj/sol/.autopilot/db/v_tpg.cpp:652]   --->   Operation 416 'load' 'tpgBarSelYuv_u_load_5' <Predicate = (icmp_ln520 & bckgndId_load_read == 15 & !tmp_18 & tmp_14)> <Delay = 0.67> <CoreInst = "ROM">   --->   Core 101 'ROM' <Latency = 1> <II = 1> <Delay = 0.67> <Storage> <Opcode : 'load'> <Ports = 0> <Width = 8> <Depth = 8> <ROM>
ST_4 : Operation 417 [1/1] (0.00ns)   --->   "%tpgBarSelYuv_v_addr_5 = getelementptr i8 %tpgBarSelYuv_v, i64 0, i64 %zext_ln1556_1" [/home/training/AUPBoard/aup_hdmi_pass_thru_2023p1_working/aup_hdmi_pass_thru_2023p1/HDMI_Pass_Thru_ExDes/v_hdmi_rx_ss_0_ex/v_hdmi_rx_ss_0_ex.runs/exdes_v_tpg_0_synth_1/prj/sol/.autopilot/db/v_tpg.cpp:1562->/home/training/AUPBoard/aup_hdmi_pass_thru_2023p1_working/aup_hdmi_pass_thru_2023p1/HDMI_Pass_Thru_ExDes/v_hdmi_rx_ss_0_ex/v_hdmi_rx_ss_0_ex.runs/exdes_v_tpg_0_synth_1/prj/sol/.autopilot/db/v_tpg.cpp:652]   --->   Operation 417 'getelementptr' 'tpgBarSelYuv_v_addr_5' <Predicate = (icmp_ln520 & bckgndId_load_read == 15 & !tmp_18)> <Delay = 0.00>
ST_4 : Operation 418 [2/2] (0.67ns)   --->   "%tpgBarSelYuv_v_load_5 = load i3 %tpgBarSelYuv_v_addr_5" [/home/training/AUPBoard/aup_hdmi_pass_thru_2023p1_working/aup_hdmi_pass_thru_2023p1/HDMI_Pass_Thru_ExDes/v_hdmi_rx_ss_0_ex/v_hdmi_rx_ss_0_ex.runs/exdes_v_tpg_0_synth_1/prj/sol/.autopilot/db/v_tpg.cpp:1562->/home/training/AUPBoard/aup_hdmi_pass_thru_2023p1_working/aup_hdmi_pass_thru_2023p1/HDMI_Pass_Thru_ExDes/v_hdmi_rx_ss_0_ex/v_hdmi_rx_ss_0_ex.runs/exdes_v_tpg_0_synth_1/prj/sol/.autopilot/db/v_tpg.cpp:652]   --->   Operation 418 'load' 'tpgBarSelYuv_v_load_5' <Predicate = (icmp_ln520 & bckgndId_load_read == 15 & !tmp_18)> <Delay = 0.67> <CoreInst = "ROM">   --->   Core 101 'ROM' <Latency = 1> <II = 1> <Delay = 0.67> <Storage> <Opcode : 'load'> <Ports = 0> <Width = 8> <Depth = 8> <ROM>
ST_4 : Operation 419 [1/1] (0.00ns)   --->   "%tpgBarSelRgb_r_addr_5 = getelementptr i2 %tpgBarSelRgb_r, i64 0, i64 %zext_ln1556_1" [/home/training/AUPBoard/aup_hdmi_pass_thru_2023p1_working/aup_hdmi_pass_thru_2023p1/HDMI_Pass_Thru_ExDes/v_hdmi_rx_ss_0_ex/v_hdmi_rx_ss_0_ex.runs/exdes_v_tpg_0_synth_1/prj/sol/.autopilot/db/v_tpg.cpp:1555->/home/training/AUPBoard/aup_hdmi_pass_thru_2023p1_working/aup_hdmi_pass_thru_2023p1/HDMI_Pass_Thru_ExDes/v_hdmi_rx_ss_0_ex/v_hdmi_rx_ss_0_ex.runs/exdes_v_tpg_0_synth_1/prj/sol/.autopilot/db/v_tpg.cpp:652]   --->   Operation 419 'getelementptr' 'tpgBarSelRgb_r_addr_5' <Predicate = (icmp_ln520 & bckgndId_load_read == 15 & tmp_18)> <Delay = 0.00>
ST_4 : Operation 420 [2/2] (0.67ns)   --->   "%tpgBarSelRgb_r_load_5 = load i3 %tpgBarSelRgb_r_addr_5" [/home/training/AUPBoard/aup_hdmi_pass_thru_2023p1_working/aup_hdmi_pass_thru_2023p1/HDMI_Pass_Thru_ExDes/v_hdmi_rx_ss_0_ex/v_hdmi_rx_ss_0_ex.runs/exdes_v_tpg_0_synth_1/prj/sol/.autopilot/db/v_tpg.cpp:1555->/home/training/AUPBoard/aup_hdmi_pass_thru_2023p1_working/aup_hdmi_pass_thru_2023p1/HDMI_Pass_Thru_ExDes/v_hdmi_rx_ss_0_ex/v_hdmi_rx_ss_0_ex.runs/exdes_v_tpg_0_synth_1/prj/sol/.autopilot/db/v_tpg.cpp:652]   --->   Operation 420 'load' 'tpgBarSelRgb_r_load_5' <Predicate = (icmp_ln520 & bckgndId_load_read == 15 & tmp_18)> <Delay = 0.67> <CoreInst = "ROM">   --->   Core 101 'ROM' <Latency = 1> <II = 1> <Delay = 0.67> <Storage> <Opcode : 'load'> <Ports = 0> <Width = 2> <Depth = 8> <ROM>
ST_4 : Operation 421 [1/1] (0.00ns)   --->   "%tpgBarSelRgb_g_addr_5 = getelementptr i2 %tpgBarSelRgb_g, i64 0, i64 %zext_ln1556_1" [/home/training/AUPBoard/aup_hdmi_pass_thru_2023p1_working/aup_hdmi_pass_thru_2023p1/HDMI_Pass_Thru_ExDes/v_hdmi_rx_ss_0_ex/v_hdmi_rx_ss_0_ex.runs/exdes_v_tpg_0_synth_1/prj/sol/.autopilot/db/v_tpg.cpp:1559->/home/training/AUPBoard/aup_hdmi_pass_thru_2023p1_working/aup_hdmi_pass_thru_2023p1/HDMI_Pass_Thru_ExDes/v_hdmi_rx_ss_0_ex/v_hdmi_rx_ss_0_ex.runs/exdes_v_tpg_0_synth_1/prj/sol/.autopilot/db/v_tpg.cpp:652]   --->   Operation 421 'getelementptr' 'tpgBarSelRgb_g_addr_5' <Predicate = (icmp_ln520 & bckgndId_load_read == 15 & tmp_18)> <Delay = 0.00>
ST_4 : Operation 422 [2/2] (0.67ns)   --->   "%tpgBarSelRgb_g_load_5 = load i3 %tpgBarSelRgb_g_addr_5" [/home/training/AUPBoard/aup_hdmi_pass_thru_2023p1_working/aup_hdmi_pass_thru_2023p1/HDMI_Pass_Thru_ExDes/v_hdmi_rx_ss_0_ex/v_hdmi_rx_ss_0_ex.runs/exdes_v_tpg_0_synth_1/prj/sol/.autopilot/db/v_tpg.cpp:1559->/home/training/AUPBoard/aup_hdmi_pass_thru_2023p1_working/aup_hdmi_pass_thru_2023p1/HDMI_Pass_Thru_ExDes/v_hdmi_rx_ss_0_ex/v_hdmi_rx_ss_0_ex.runs/exdes_v_tpg_0_synth_1/prj/sol/.autopilot/db/v_tpg.cpp:652]   --->   Operation 422 'load' 'tpgBarSelRgb_g_load_5' <Predicate = (icmp_ln520 & bckgndId_load_read == 15 & tmp_18)> <Delay = 0.67> <CoreInst = "ROM">   --->   Core 101 'ROM' <Latency = 1> <II = 1> <Delay = 0.67> <Storage> <Opcode : 'load'> <Ports = 0> <Width = 2> <Depth = 8> <ROM>
ST_4 : Operation 423 [1/1] (0.00ns)   --->   "%tpgBarSelRgb_b_addr_5 = getelementptr i2 %tpgBarSelRgb_b, i64 0, i64 %zext_ln1556_1" [/home/training/AUPBoard/aup_hdmi_pass_thru_2023p1_working/aup_hdmi_pass_thru_2023p1/HDMI_Pass_Thru_ExDes/v_hdmi_rx_ss_0_ex/v_hdmi_rx_ss_0_ex.runs/exdes_v_tpg_0_synth_1/prj/sol/.autopilot/db/v_tpg.cpp:1566->/home/training/AUPBoard/aup_hdmi_pass_thru_2023p1_working/aup_hdmi_pass_thru_2023p1/HDMI_Pass_Thru_ExDes/v_hdmi_rx_ss_0_ex/v_hdmi_rx_ss_0_ex.runs/exdes_v_tpg_0_synth_1/prj/sol/.autopilot/db/v_tpg.cpp:652]   --->   Operation 423 'getelementptr' 'tpgBarSelRgb_b_addr_5' <Predicate = (icmp_ln520 & bckgndId_load_read == 15 & tmp_18)> <Delay = 0.00>
ST_4 : Operation 424 [2/2] (0.67ns)   --->   "%tpgBarSelRgb_b_load_5 = load i3 %tpgBarSelRgb_b_addr_5" [/home/training/AUPBoard/aup_hdmi_pass_thru_2023p1_working/aup_hdmi_pass_thru_2023p1/HDMI_Pass_Thru_ExDes/v_hdmi_rx_ss_0_ex/v_hdmi_rx_ss_0_ex.runs/exdes_v_tpg_0_synth_1/prj/sol/.autopilot/db/v_tpg.cpp:1566->/home/training/AUPBoard/aup_hdmi_pass_thru_2023p1_working/aup_hdmi_pass_thru_2023p1/HDMI_Pass_Thru_ExDes/v_hdmi_rx_ss_0_ex/v_hdmi_rx_ss_0_ex.runs/exdes_v_tpg_0_synth_1/prj/sol/.autopilot/db/v_tpg.cpp:652]   --->   Operation 424 'load' 'tpgBarSelRgb_b_load_5' <Predicate = (icmp_ln520 & bckgndId_load_read == 15 & tmp_18)> <Delay = 0.67> <CoreInst = "ROM">   --->   Core 101 'ROM' <Latency = 1> <II = 1> <Delay = 0.67> <Storage> <Opcode : 'load'> <Ports = 0> <Width = 2> <Depth = 8> <ROM>
ST_4 : Operation 425 [1/1] (0.35ns)   --->   "%select_ln1162_10 = select i1 %tmp_14, i64 1, i64 2" [/home/training/AUPBoard/aup_hdmi_pass_thru_2023p1_working/aup_hdmi_pass_thru_2023p1/HDMI_Pass_Thru_ExDes/v_hdmi_rx_ss_0_ex/v_hdmi_rx_ss_0_ex.runs/exdes_v_tpg_0_synth_1/prj/sol/.autopilot/db/v_tpg.cpp:1162->/home/training/AUPBoard/aup_hdmi_pass_thru_2023p1_working/aup_hdmi_pass_thru_2023p1/HDMI_Pass_Thru_ExDes/v_hdmi_rx_ss_0_ex/v_hdmi_rx_ss_0_ex.runs/exdes_v_tpg_0_synth_1/prj/sol/.autopilot/db/v_tpg.cpp:646]   --->   Operation 425 'select' 'select_ln1162_10' <Predicate = (icmp_ln520 & bckgndId_load_read == 14 & !tmp_18)> <Delay = 0.35> <CoreInst = "Sel">   --->   Core 73 'Sel' <Latency = 0> <II = 1> <Delay = 0.35> <FuncUnit> <Opcode : 'select'> <InPorts = 3> <OutPorts = 1>
ST_4 : Operation 426 [1/1] (0.00ns)   --->   "%blkYuv_addr_10 = getelementptr i8 %blkYuv, i64 0, i64 %select_ln1162_10" [/home/training/AUPBoard/aup_hdmi_pass_thru_2023p1_working/aup_hdmi_pass_thru_2023p1/HDMI_Pass_Thru_ExDes/v_hdmi_rx_ss_0_ex/v_hdmi_rx_ss_0_ex.runs/exdes_v_tpg_0_synth_1/prj/sol/.autopilot/db/v_tpg.cpp:1162->/home/training/AUPBoard/aup_hdmi_pass_thru_2023p1_working/aup_hdmi_pass_thru_2023p1/HDMI_Pass_Thru_ExDes/v_hdmi_rx_ss_0_ex/v_hdmi_rx_ss_0_ex.runs/exdes_v_tpg_0_synth_1/prj/sol/.autopilot/db/v_tpg.cpp:646]   --->   Operation 426 'getelementptr' 'blkYuv_addr_10' <Predicate = (icmp_ln520 & bckgndId_load_read == 14 & !tmp_18)> <Delay = 0.00>
ST_4 : Operation 427 [2/2] (0.67ns)   --->   "%blkYuv_load_10 = load i2 %blkYuv_addr_10" [/home/training/AUPBoard/aup_hdmi_pass_thru_2023p1_working/aup_hdmi_pass_thru_2023p1/HDMI_Pass_Thru_ExDes/v_hdmi_rx_ss_0_ex/v_hdmi_rx_ss_0_ex.runs/exdes_v_tpg_0_synth_1/prj/sol/.autopilot/db/v_tpg.cpp:1161->/home/training/AUPBoard/aup_hdmi_pass_thru_2023p1_working/aup_hdmi_pass_thru_2023p1/HDMI_Pass_Thru_ExDes/v_hdmi_rx_ss_0_ex/v_hdmi_rx_ss_0_ex.runs/exdes_v_tpg_0_synth_1/prj/sol/.autopilot/db/v_tpg.cpp:646]   --->   Operation 427 'load' 'blkYuv_load_10' <Predicate = (icmp_ln520 & bckgndId_load_read == 14 & !tmp_18)> <Delay = 0.67> <CoreInst = "ROM">   --->   Core 101 'ROM' <Latency = 1> <II = 1> <Delay = 0.67> <Storage> <Opcode : 'load'> <Ports = 0> <Width = 8> <Depth = 3> <ROM>
ST_4 : Operation 428 [1/1] (0.35ns)   --->   "%select_ln1162_9 = select i1 %tmp_14, i64 1, i64 2" [/home/training/AUPBoard/aup_hdmi_pass_thru_2023p1_working/aup_hdmi_pass_thru_2023p1/HDMI_Pass_Thru_ExDes/v_hdmi_rx_ss_0_ex/v_hdmi_rx_ss_0_ex.runs/exdes_v_tpg_0_synth_1/prj/sol/.autopilot/db/v_tpg.cpp:1162->/home/training/AUPBoard/aup_hdmi_pass_thru_2023p1_working/aup_hdmi_pass_thru_2023p1/HDMI_Pass_Thru_ExDes/v_hdmi_rx_ss_0_ex/v_hdmi_rx_ss_0_ex.runs/exdes_v_tpg_0_synth_1/prj/sol/.autopilot/db/v_tpg.cpp:638]   --->   Operation 428 'select' 'select_ln1162_9' <Predicate = (icmp_ln520 & bckgndId_load_read == 13 & !tmp_18)> <Delay = 0.35> <CoreInst = "Sel">   --->   Core 73 'Sel' <Latency = 0> <II = 1> <Delay = 0.35> <FuncUnit> <Opcode : 'select'> <InPorts = 3> <OutPorts = 1>
ST_4 : Operation 429 [1/1] (0.00ns)   --->   "%blkYuv_addr_9 = getelementptr i8 %blkYuv, i64 0, i64 %select_ln1162_9" [/home/training/AUPBoard/aup_hdmi_pass_thru_2023p1_working/aup_hdmi_pass_thru_2023p1/HDMI_Pass_Thru_ExDes/v_hdmi_rx_ss_0_ex/v_hdmi_rx_ss_0_ex.runs/exdes_v_tpg_0_synth_1/prj/sol/.autopilot/db/v_tpg.cpp:1162->/home/training/AUPBoard/aup_hdmi_pass_thru_2023p1_working/aup_hdmi_pass_thru_2023p1/HDMI_Pass_Thru_ExDes/v_hdmi_rx_ss_0_ex/v_hdmi_rx_ss_0_ex.runs/exdes_v_tpg_0_synth_1/prj/sol/.autopilot/db/v_tpg.cpp:638]   --->   Operation 429 'getelementptr' 'blkYuv_addr_9' <Predicate = (icmp_ln520 & bckgndId_load_read == 13 & !tmp_18)> <Delay = 0.00>
ST_4 : Operation 430 [2/2] (0.67ns)   --->   "%blkYuv_load_9 = load i2 %blkYuv_addr_9" [/home/training/AUPBoard/aup_hdmi_pass_thru_2023p1_working/aup_hdmi_pass_thru_2023p1/HDMI_Pass_Thru_ExDes/v_hdmi_rx_ss_0_ex/v_hdmi_rx_ss_0_ex.runs/exdes_v_tpg_0_synth_1/prj/sol/.autopilot/db/v_tpg.cpp:1161->/home/training/AUPBoard/aup_hdmi_pass_thru_2023p1_working/aup_hdmi_pass_thru_2023p1/HDMI_Pass_Thru_ExDes/v_hdmi_rx_ss_0_ex/v_hdmi_rx_ss_0_ex.runs/exdes_v_tpg_0_synth_1/prj/sol/.autopilot/db/v_tpg.cpp:638]   --->   Operation 430 'load' 'blkYuv_load_9' <Predicate = (icmp_ln520 & bckgndId_load_read == 13 & !tmp_18)> <Delay = 0.67> <CoreInst = "ROM">   --->   Core 101 'ROM' <Latency = 1> <II = 1> <Delay = 0.67> <Storage> <Opcode : 'load'> <Ports = 0> <Width = 8> <Depth = 3> <ROM>
ST_4 : Operation 431 [1/1] (0.00ns)   --->   "%vHatch_load = load i1 %vHatch"   --->   Operation 431 'load' 'vHatch_load' <Predicate = (icmp_ln520 & bckgndId_load_read == 12)> <Delay = 0.00>
ST_4 : Operation 432 [1/1] (0.00ns)   --->   "%hHatch_3_i302 = phi i1 1, void %if.then33.1.i, i1 %hHatch_3_i_ph, void %if.then42.1.i, i1 %hHatch_3_i_ph, void %if.then50.1.i, i1 %hHatch_3_i_ph, void %if.then58.1.i, i1 %hHatch_3_i_ph, void %if.else62.1.i"   --->   Operation 432 'phi' 'hHatch_3_i302' <Predicate = (icmp_ln520 & bckgndId_load_read == 12)> <Delay = 0.00>
ST_4 : Operation 433 [1/1] (0.00ns) (grouped into LUT with out node or_ln1449)   --->   "%hHatch = phi i1 0, void %if.then33.1.i, i1 1, void %if.then42.1.i, i1 0, void %if.then50.1.i, i1 1, void %if.then58.1.i, i1 0, void %if.else62.1.i"   --->   Operation 433 'phi' 'hHatch' <Predicate = (icmp_ln520 & bckgndId_load_read == 12)> <Delay = 0.00>
ST_4 : Operation 434 [1/1] (0.28ns)   --->   "%outpix_74 = or i1 %vHatch_load, i1 %hHatch_3_i302" [/home/training/AUPBoard/aup_hdmi_pass_thru_2023p1_working/aup_hdmi_pass_thru_2023p1/HDMI_Pass_Thru_ExDes/v_hdmi_rx_ss_0_ex/v_hdmi_rx_ss_0_ex.runs/exdes_v_tpg_0_synth_1/prj/sol/.autopilot/db/v_tpg.cpp:1449->/home/training/AUPBoard/aup_hdmi_pass_thru_2023p1_working/aup_hdmi_pass_thru_2023p1/HDMI_Pass_Thru_ExDes/v_hdmi_rx_ss_0_ex/v_hdmi_rx_ss_0_ex.runs/exdes_v_tpg_0_synth_1/prj/sol/.autopilot/db/v_tpg.cpp:628]   --->   Operation 434 'or' 'outpix_74' <Predicate = (icmp_ln520 & bckgndId_load_read == 12)> <Delay = 0.28> <CoreInst = "LogicGate">   --->   Core 74 'LogicGate' <Latency = 0> <II = 1> <Delay = 0.28> <FuncUnit> <Opcode : 'and' 'or' 'xor'> <InPorts = 2> <OutPorts = 1>
ST_4 : Operation 435 [1/1] (0.28ns) (out node of the LUT)   --->   "%or_ln1449 = or i1 %vHatch_load, i1 %hHatch" [/home/training/AUPBoard/aup_hdmi_pass_thru_2023p1_working/aup_hdmi_pass_thru_2023p1/HDMI_Pass_Thru_ExDes/v_hdmi_rx_ss_0_ex/v_hdmi_rx_ss_0_ex.runs/exdes_v_tpg_0_synth_1/prj/sol/.autopilot/db/v_tpg.cpp:1449->/home/training/AUPBoard/aup_hdmi_pass_thru_2023p1_working/aup_hdmi_pass_thru_2023p1/HDMI_Pass_Thru_ExDes/v_hdmi_rx_ss_0_ex/v_hdmi_rx_ss_0_ex.runs/exdes_v_tpg_0_synth_1/prj/sol/.autopilot/db/v_tpg.cpp:628]   --->   Operation 435 'or' 'or_ln1449' <Predicate = (icmp_ln520 & bckgndId_load_read == 12)> <Delay = 0.28> <CoreInst = "LogicGate">   --->   Core 74 'LogicGate' <Latency = 0> <II = 1> <Delay = 0.28> <FuncUnit> <Opcode : 'and' 'or' 'xor'> <InPorts = 2> <OutPorts = 1>
ST_4 : Operation 436 [1/1] (0.00ns)   --->   "%br_ln1449 = br i1 %or_ln1449, void %if.else107.1.i, void %if.then71.1.i" [/home/training/AUPBoard/aup_hdmi_pass_thru_2023p1_working/aup_hdmi_pass_thru_2023p1/HDMI_Pass_Thru_ExDes/v_hdmi_rx_ss_0_ex/v_hdmi_rx_ss_0_ex.runs/exdes_v_tpg_0_synth_1/prj/sol/.autopilot/db/v_tpg.cpp:1449->/home/training/AUPBoard/aup_hdmi_pass_thru_2023p1_working/aup_hdmi_pass_thru_2023p1/HDMI_Pass_Thru_ExDes/v_hdmi_rx_ss_0_ex/v_hdmi_rx_ss_0_ex.runs/exdes_v_tpg_0_synth_1/prj/sol/.autopilot/db/v_tpg.cpp:628]   --->   Operation 436 'br' 'br_ln1449' <Predicate = (icmp_ln520 & bckgndId_load_read == 12)> <Delay = 0.00>
ST_4 : Operation 437 [1/1] (0.35ns)   --->   "%select_ln1474 = select i1 %tmp_14, i64 1, i64 2" [/home/training/AUPBoard/aup_hdmi_pass_thru_2023p1_working/aup_hdmi_pass_thru_2023p1/HDMI_Pass_Thru_ExDes/v_hdmi_rx_ss_0_ex/v_hdmi_rx_ss_0_ex.runs/exdes_v_tpg_0_synth_1/prj/sol/.autopilot/db/v_tpg.cpp:1474->/home/training/AUPBoard/aup_hdmi_pass_thru_2023p1_working/aup_hdmi_pass_thru_2023p1/HDMI_Pass_Thru_ExDes/v_hdmi_rx_ss_0_ex/v_hdmi_rx_ss_0_ex.runs/exdes_v_tpg_0_synth_1/prj/sol/.autopilot/db/v_tpg.cpp:628]   --->   Operation 437 'select' 'select_ln1474' <Predicate = (icmp_ln520 & bckgndId_load_read == 12 & !tmp_18 & !or_ln1449)> <Delay = 0.35> <CoreInst = "Sel">   --->   Core 73 'Sel' <Latency = 0> <II = 1> <Delay = 0.35> <FuncUnit> <Opcode : 'select'> <InPorts = 3> <OutPorts = 1>
ST_4 : Operation 438 [1/1] (0.00ns)   --->   "%blkYuv_1_addr = getelementptr i8 %blkYuv_1, i64 0, i64 %select_ln1474" [/home/training/AUPBoard/aup_hdmi_pass_thru_2023p1_working/aup_hdmi_pass_thru_2023p1/HDMI_Pass_Thru_ExDes/v_hdmi_rx_ss_0_ex/v_hdmi_rx_ss_0_ex.runs/exdes_v_tpg_0_synth_1/prj/sol/.autopilot/db/v_tpg.cpp:1474->/home/training/AUPBoard/aup_hdmi_pass_thru_2023p1_working/aup_hdmi_pass_thru_2023p1/HDMI_Pass_Thru_ExDes/v_hdmi_rx_ss_0_ex/v_hdmi_rx_ss_0_ex.runs/exdes_v_tpg_0_synth_1/prj/sol/.autopilot/db/v_tpg.cpp:628]   --->   Operation 438 'getelementptr' 'blkYuv_1_addr' <Predicate = (icmp_ln520 & bckgndId_load_read == 12 & !tmp_18 & !or_ln1449)> <Delay = 0.00>
ST_4 : Operation 439 [2/2] (0.67ns)   --->   "%blkYuv_1_load = load i2 %blkYuv_1_addr" [/home/training/AUPBoard/aup_hdmi_pass_thru_2023p1_working/aup_hdmi_pass_thru_2023p1/HDMI_Pass_Thru_ExDes/v_hdmi_rx_ss_0_ex/v_hdmi_rx_ss_0_ex.runs/exdes_v_tpg_0_synth_1/prj/sol/.autopilot/db/v_tpg.cpp:1473->/home/training/AUPBoard/aup_hdmi_pass_thru_2023p1_working/aup_hdmi_pass_thru_2023p1/HDMI_Pass_Thru_ExDes/v_hdmi_rx_ss_0_ex/v_hdmi_rx_ss_0_ex.runs/exdes_v_tpg_0_synth_1/prj/sol/.autopilot/db/v_tpg.cpp:628]   --->   Operation 439 'load' 'blkYuv_1_load' <Predicate = (icmp_ln520 & bckgndId_load_read == 12 & !tmp_18 & !or_ln1449)> <Delay = 0.67> <CoreInst = "ROM">   --->   Core 101 'ROM' <Latency = 1> <II = 1> <Delay = 0.67> <Storage> <Opcode : 'load'> <Ports = 0> <Width = 8> <Depth = 3> <ROM>
ST_4 : Operation 440 [1/1] (0.35ns)   --->   "%select_ln1459 = select i1 %tmp_14, i64 1, i64 2" [/home/training/AUPBoard/aup_hdmi_pass_thru_2023p1_working/aup_hdmi_pass_thru_2023p1/HDMI_Pass_Thru_ExDes/v_hdmi_rx_ss_0_ex/v_hdmi_rx_ss_0_ex.runs/exdes_v_tpg_0_synth_1/prj/sol/.autopilot/db/v_tpg.cpp:1459->/home/training/AUPBoard/aup_hdmi_pass_thru_2023p1_working/aup_hdmi_pass_thru_2023p1/HDMI_Pass_Thru_ExDes/v_hdmi_rx_ss_0_ex/v_hdmi_rx_ss_0_ex.runs/exdes_v_tpg_0_synth_1/prj/sol/.autopilot/db/v_tpg.cpp:628]   --->   Operation 440 'select' 'select_ln1459' <Predicate = (icmp_ln520 & bckgndId_load_read == 12 & !tmp_18 & or_ln1449)> <Delay = 0.35> <CoreInst = "Sel">   --->   Core 73 'Sel' <Latency = 0> <II = 1> <Delay = 0.35> <FuncUnit> <Opcode : 'select'> <InPorts = 3> <OutPorts = 1>
ST_4 : Operation 441 [1/1] (0.00ns)   --->   "%whiYuv_addr = getelementptr i8 %whiYuv, i64 0, i64 %select_ln1459" [/home/training/AUPBoard/aup_hdmi_pass_thru_2023p1_working/aup_hdmi_pass_thru_2023p1/HDMI_Pass_Thru_ExDes/v_hdmi_rx_ss_0_ex/v_hdmi_rx_ss_0_ex.runs/exdes_v_tpg_0_synth_1/prj/sol/.autopilot/db/v_tpg.cpp:1459->/home/training/AUPBoard/aup_hdmi_pass_thru_2023p1_working/aup_hdmi_pass_thru_2023p1/HDMI_Pass_Thru_ExDes/v_hdmi_rx_ss_0_ex/v_hdmi_rx_ss_0_ex.runs/exdes_v_tpg_0_synth_1/prj/sol/.autopilot/db/v_tpg.cpp:628]   --->   Operation 441 'getelementptr' 'whiYuv_addr' <Predicate = (icmp_ln520 & bckgndId_load_read == 12 & !tmp_18 & or_ln1449)> <Delay = 0.00>
ST_4 : Operation 442 [2/2] (0.67ns)   --->   "%whiYuv_load = load i2 %whiYuv_addr" [/home/training/AUPBoard/aup_hdmi_pass_thru_2023p1_working/aup_hdmi_pass_thru_2023p1/HDMI_Pass_Thru_ExDes/v_hdmi_rx_ss_0_ex/v_hdmi_rx_ss_0_ex.runs/exdes_v_tpg_0_synth_1/prj/sol/.autopilot/db/v_tpg.cpp:1458->/home/training/AUPBoard/aup_hdmi_pass_thru_2023p1_working/aup_hdmi_pass_thru_2023p1/HDMI_Pass_Thru_ExDes/v_hdmi_rx_ss_0_ex/v_hdmi_rx_ss_0_ex.runs/exdes_v_tpg_0_synth_1/prj/sol/.autopilot/db/v_tpg.cpp:628]   --->   Operation 442 'load' 'whiYuv_load' <Predicate = (icmp_ln520 & bckgndId_load_read == 12 & !tmp_18 & or_ln1449)> <Delay = 0.67> <CoreInst = "ROM">   --->   Core 101 'ROM' <Latency = 1> <II = 1> <Delay = 0.67> <Storage> <Opcode : 'load'> <Ports = 0> <Width = 8> <Depth = 3> <ROM>
ST_4 : Operation 443 [1/2] (0.67ns)   --->   "%tpgTartanBarArray_load = load i6 %tpgTartanBarArray_addr" [/home/training/AUPBoard/aup_hdmi_pass_thru_2023p1_working/aup_hdmi_pass_thru_2023p1/HDMI_Pass_Thru_ExDes/v_hdmi_rx_ss_0_ex/v_hdmi_rx_ss_0_ex.runs/exdes_v_tpg_0_synth_1/prj/sol/.autopilot/db/v_tpg.cpp:1374->/home/training/AUPBoard/aup_hdmi_pass_thru_2023p1_working/aup_hdmi_pass_thru_2023p1/HDMI_Pass_Thru_ExDes/v_hdmi_rx_ss_0_ex/v_hdmi_rx_ss_0_ex.runs/exdes_v_tpg_0_synth_1/prj/sol/.autopilot/db/v_tpg.cpp:620]   --->   Operation 443 'load' 'tpgTartanBarArray_load' <Predicate = (icmp_ln520 & bckgndId_load_read == 11)> <Delay = 0.67> <CoreInst = "ROM">   --->   Core 101 'ROM' <Latency = 1> <II = 1> <Delay = 0.67> <Storage> <Opcode : 'load'> <Ports = 0> <Width = 3> <Depth = 64> <ROM>
ST_4 : Operation 444 [1/1] (0.00ns)   --->   "%zext_ln1374_1 = zext i3 %tpgTartanBarArray_load" [/home/training/AUPBoard/aup_hdmi_pass_thru_2023p1_working/aup_hdmi_pass_thru_2023p1/HDMI_Pass_Thru_ExDes/v_hdmi_rx_ss_0_ex/v_hdmi_rx_ss_0_ex.runs/exdes_v_tpg_0_synth_1/prj/sol/.autopilot/db/v_tpg.cpp:1374->/home/training/AUPBoard/aup_hdmi_pass_thru_2023p1_working/aup_hdmi_pass_thru_2023p1/HDMI_Pass_Thru_ExDes/v_hdmi_rx_ss_0_ex/v_hdmi_rx_ss_0_ex.runs/exdes_v_tpg_0_synth_1/prj/sol/.autopilot/db/v_tpg.cpp:620]   --->   Operation 444 'zext' 'zext_ln1374_1' <Predicate = (icmp_ln520 & bckgndId_load_read == 11)> <Delay = 0.00>
ST_4 : Operation 445 [1/1] (0.00ns)   --->   "%tpgBarSelRgb_r_addr_1 = getelementptr i2 %tpgBarSelRgb_r, i64 0, i64 %zext_ln1374_1" [/home/training/AUPBoard/aup_hdmi_pass_thru_2023p1_working/aup_hdmi_pass_thru_2023p1/HDMI_Pass_Thru_ExDes/v_hdmi_rx_ss_0_ex/v_hdmi_rx_ss_0_ex.runs/exdes_v_tpg_0_synth_1/prj/sol/.autopilot/db/v_tpg.cpp:1374->/home/training/AUPBoard/aup_hdmi_pass_thru_2023p1_working/aup_hdmi_pass_thru_2023p1/HDMI_Pass_Thru_ExDes/v_hdmi_rx_ss_0_ex/v_hdmi_rx_ss_0_ex.runs/exdes_v_tpg_0_synth_1/prj/sol/.autopilot/db/v_tpg.cpp:620]   --->   Operation 445 'getelementptr' 'tpgBarSelRgb_r_addr_1' <Predicate = (icmp_ln520 & bckgndId_load_read == 11 & tmp_18)> <Delay = 0.00>
ST_4 : Operation 446 [2/2] (0.67ns)   --->   "%tpgBarSelRgb_r_load_1 = load i3 %tpgBarSelRgb_r_addr_1" [/home/training/AUPBoard/aup_hdmi_pass_thru_2023p1_working/aup_hdmi_pass_thru_2023p1/HDMI_Pass_Thru_ExDes/v_hdmi_rx_ss_0_ex/v_hdmi_rx_ss_0_ex.runs/exdes_v_tpg_0_synth_1/prj/sol/.autopilot/db/v_tpg.cpp:1374->/home/training/AUPBoard/aup_hdmi_pass_thru_2023p1_working/aup_hdmi_pass_thru_2023p1/HDMI_Pass_Thru_ExDes/v_hdmi_rx_ss_0_ex/v_hdmi_rx_ss_0_ex.runs/exdes_v_tpg_0_synth_1/prj/sol/.autopilot/db/v_tpg.cpp:620]   --->   Operation 446 'load' 'tpgBarSelRgb_r_load_1' <Predicate = (icmp_ln520 & bckgndId_load_read == 11 & tmp_18)> <Delay = 0.67> <CoreInst = "ROM">   --->   Core 101 'ROM' <Latency = 1> <II = 1> <Delay = 0.67> <Storage> <Opcode : 'load'> <Ports = 0> <Width = 2> <Depth = 8> <ROM>
ST_4 : Operation 447 [1/1] (0.00ns)   --->   "%tpgBarSelRgb_g_addr_1 = getelementptr i2 %tpgBarSelRgb_g, i64 0, i64 %zext_ln1374_1" [/home/training/AUPBoard/aup_hdmi_pass_thru_2023p1_working/aup_hdmi_pass_thru_2023p1/HDMI_Pass_Thru_ExDes/v_hdmi_rx_ss_0_ex/v_hdmi_rx_ss_0_ex.runs/exdes_v_tpg_0_synth_1/prj/sol/.autopilot/db/v_tpg.cpp:1378->/home/training/AUPBoard/aup_hdmi_pass_thru_2023p1_working/aup_hdmi_pass_thru_2023p1/HDMI_Pass_Thru_ExDes/v_hdmi_rx_ss_0_ex/v_hdmi_rx_ss_0_ex.runs/exdes_v_tpg_0_synth_1/prj/sol/.autopilot/db/v_tpg.cpp:620]   --->   Operation 447 'getelementptr' 'tpgBarSelRgb_g_addr_1' <Predicate = (icmp_ln520 & bckgndId_load_read == 11 & tmp_18)> <Delay = 0.00>
ST_4 : Operation 448 [2/2] (0.67ns)   --->   "%tpgBarSelRgb_g_load_1 = load i3 %tpgBarSelRgb_g_addr_1" [/home/training/AUPBoard/aup_hdmi_pass_thru_2023p1_working/aup_hdmi_pass_thru_2023p1/HDMI_Pass_Thru_ExDes/v_hdmi_rx_ss_0_ex/v_hdmi_rx_ss_0_ex.runs/exdes_v_tpg_0_synth_1/prj/sol/.autopilot/db/v_tpg.cpp:1378->/home/training/AUPBoard/aup_hdmi_pass_thru_2023p1_working/aup_hdmi_pass_thru_2023p1/HDMI_Pass_Thru_ExDes/v_hdmi_rx_ss_0_ex/v_hdmi_rx_ss_0_ex.runs/exdes_v_tpg_0_synth_1/prj/sol/.autopilot/db/v_tpg.cpp:620]   --->   Operation 448 'load' 'tpgBarSelRgb_g_load_1' <Predicate = (icmp_ln520 & bckgndId_load_read == 11 & tmp_18)> <Delay = 0.67> <CoreInst = "ROM">   --->   Core 101 'ROM' <Latency = 1> <II = 1> <Delay = 0.67> <Storage> <Opcode : 'load'> <Ports = 0> <Width = 2> <Depth = 8> <ROM>
ST_4 : Operation 449 [1/1] (0.00ns)   --->   "%tpgBarSelRgb_b_addr_1 = getelementptr i2 %tpgBarSelRgb_b, i64 0, i64 %zext_ln1374_1" [/home/training/AUPBoard/aup_hdmi_pass_thru_2023p1_working/aup_hdmi_pass_thru_2023p1/HDMI_Pass_Thru_ExDes/v_hdmi_rx_ss_0_ex/v_hdmi_rx_ss_0_ex.runs/exdes_v_tpg_0_synth_1/prj/sol/.autopilot/db/v_tpg.cpp:1385->/home/training/AUPBoard/aup_hdmi_pass_thru_2023p1_working/aup_hdmi_pass_thru_2023p1/HDMI_Pass_Thru_ExDes/v_hdmi_rx_ss_0_ex/v_hdmi_rx_ss_0_ex.runs/exdes_v_tpg_0_synth_1/prj/sol/.autopilot/db/v_tpg.cpp:620]   --->   Operation 449 'getelementptr' 'tpgBarSelRgb_b_addr_1' <Predicate = (icmp_ln520 & bckgndId_load_read == 11 & tmp_18)> <Delay = 0.00>
ST_4 : Operation 450 [2/2] (0.67ns)   --->   "%tpgBarSelRgb_b_load_1 = load i3 %tpgBarSelRgb_b_addr_1" [/home/training/AUPBoard/aup_hdmi_pass_thru_2023p1_working/aup_hdmi_pass_thru_2023p1/HDMI_Pass_Thru_ExDes/v_hdmi_rx_ss_0_ex/v_hdmi_rx_ss_0_ex.runs/exdes_v_tpg_0_synth_1/prj/sol/.autopilot/db/v_tpg.cpp:1385->/home/training/AUPBoard/aup_hdmi_pass_thru_2023p1_working/aup_hdmi_pass_thru_2023p1/HDMI_Pass_Thru_ExDes/v_hdmi_rx_ss_0_ex/v_hdmi_rx_ss_0_ex.runs/exdes_v_tpg_0_synth_1/prj/sol/.autopilot/db/v_tpg.cpp:620]   --->   Operation 450 'load' 'tpgBarSelRgb_b_load_1' <Predicate = (icmp_ln520 & bckgndId_load_read == 11 & tmp_18)> <Delay = 0.67> <CoreInst = "ROM">   --->   Core 101 'ROM' <Latency = 1> <II = 1> <Delay = 0.67> <Storage> <Opcode : 'load'> <Ports = 0> <Width = 2> <Depth = 8> <ROM>
ST_4 : Operation 451 [1/1] (0.00ns)   --->   "%tpgBarSelYuv_y_addr_1 = getelementptr i8 %tpgBarSelYuv_y, i64 0, i64 %zext_ln1374_1" [/home/training/AUPBoard/aup_hdmi_pass_thru_2023p1_working/aup_hdmi_pass_thru_2023p1/HDMI_Pass_Thru_ExDes/v_hdmi_rx_ss_0_ex/v_hdmi_rx_ss_0_ex.runs/exdes_v_tpg_0_synth_1/prj/sol/.autopilot/db/v_tpg.cpp:1375->/home/training/AUPBoard/aup_hdmi_pass_thru_2023p1_working/aup_hdmi_pass_thru_2023p1/HDMI_Pass_Thru_ExDes/v_hdmi_rx_ss_0_ex/v_hdmi_rx_ss_0_ex.runs/exdes_v_tpg_0_synth_1/prj/sol/.autopilot/db/v_tpg.cpp:620]   --->   Operation 451 'getelementptr' 'tpgBarSelYuv_y_addr_1' <Predicate = (icmp_ln520 & bckgndId_load_read == 11 & !tmp_18)> <Delay = 0.00>
ST_4 : Operation 452 [2/2] (0.67ns)   --->   "%tpgBarSelYuv_y_load_1 = load i3 %tpgBarSelYuv_y_addr_1" [/home/training/AUPBoard/aup_hdmi_pass_thru_2023p1_working/aup_hdmi_pass_thru_2023p1/HDMI_Pass_Thru_ExDes/v_hdmi_rx_ss_0_ex/v_hdmi_rx_ss_0_ex.runs/exdes_v_tpg_0_synth_1/prj/sol/.autopilot/db/v_tpg.cpp:1375->/home/training/AUPBoard/aup_hdmi_pass_thru_2023p1_working/aup_hdmi_pass_thru_2023p1/HDMI_Pass_Thru_ExDes/v_hdmi_rx_ss_0_ex/v_hdmi_rx_ss_0_ex.runs/exdes_v_tpg_0_synth_1/prj/sol/.autopilot/db/v_tpg.cpp:620]   --->   Operation 452 'load' 'tpgBarSelYuv_y_load_1' <Predicate = (icmp_ln520 & bckgndId_load_read == 11 & !tmp_18)> <Delay = 0.67> <CoreInst = "ROM">   --->   Core 101 'ROM' <Latency = 1> <II = 1> <Delay = 0.67> <Storage> <Opcode : 'load'> <Ports = 0> <Width = 8> <Depth = 8> <ROM>
ST_4 : Operation 453 [1/1] (0.00ns)   --->   "%tpgBarSelYuv_u_addr_1 = getelementptr i8 %tpgBarSelYuv_u, i64 0, i64 %zext_ln1374_1" [/home/training/AUPBoard/aup_hdmi_pass_thru_2023p1_working/aup_hdmi_pass_thru_2023p1/HDMI_Pass_Thru_ExDes/v_hdmi_rx_ss_0_ex/v_hdmi_rx_ss_0_ex.runs/exdes_v_tpg_0_synth_1/prj/sol/.autopilot/db/v_tpg.cpp:1380->/home/training/AUPBoard/aup_hdmi_pass_thru_2023p1_working/aup_hdmi_pass_thru_2023p1/HDMI_Pass_Thru_ExDes/v_hdmi_rx_ss_0_ex/v_hdmi_rx_ss_0_ex.runs/exdes_v_tpg_0_synth_1/prj/sol/.autopilot/db/v_tpg.cpp:620]   --->   Operation 453 'getelementptr' 'tpgBarSelYuv_u_addr_1' <Predicate = (icmp_ln520 & bckgndId_load_read == 11 & !tmp_18)> <Delay = 0.00>
ST_4 : Operation 454 [2/2] (0.67ns)   --->   "%tpgBarSelYuv_u_load_1 = load i3 %tpgBarSelYuv_u_addr_1" [/home/training/AUPBoard/aup_hdmi_pass_thru_2023p1_working/aup_hdmi_pass_thru_2023p1/HDMI_Pass_Thru_ExDes/v_hdmi_rx_ss_0_ex/v_hdmi_rx_ss_0_ex.runs/exdes_v_tpg_0_synth_1/prj/sol/.autopilot/db/v_tpg.cpp:1380->/home/training/AUPBoard/aup_hdmi_pass_thru_2023p1_working/aup_hdmi_pass_thru_2023p1/HDMI_Pass_Thru_ExDes/v_hdmi_rx_ss_0_ex/v_hdmi_rx_ss_0_ex.runs/exdes_v_tpg_0_synth_1/prj/sol/.autopilot/db/v_tpg.cpp:620]   --->   Operation 454 'load' 'tpgBarSelYuv_u_load_1' <Predicate = (icmp_ln520 & bckgndId_load_read == 11 & !tmp_18)> <Delay = 0.67> <CoreInst = "ROM">   --->   Core 101 'ROM' <Latency = 1> <II = 1> <Delay = 0.67> <Storage> <Opcode : 'load'> <Ports = 0> <Width = 8> <Depth = 8> <ROM>
ST_4 : Operation 455 [1/1] (0.00ns)   --->   "%tpgBarSelYuv_v_addr_1 = getelementptr i8 %tpgBarSelYuv_v, i64 0, i64 %zext_ln1374_1" [/home/training/AUPBoard/aup_hdmi_pass_thru_2023p1_working/aup_hdmi_pass_thru_2023p1/HDMI_Pass_Thru_ExDes/v_hdmi_rx_ss_0_ex/v_hdmi_rx_ss_0_ex.runs/exdes_v_tpg_0_synth_1/prj/sol/.autopilot/db/v_tpg.cpp:1386->/home/training/AUPBoard/aup_hdmi_pass_thru_2023p1_working/aup_hdmi_pass_thru_2023p1/HDMI_Pass_Thru_ExDes/v_hdmi_rx_ss_0_ex/v_hdmi_rx_ss_0_ex.runs/exdes_v_tpg_0_synth_1/prj/sol/.autopilot/db/v_tpg.cpp:620]   --->   Operation 455 'getelementptr' 'tpgBarSelYuv_v_addr_1' <Predicate = (icmp_ln520 & bckgndId_load_read == 11 & !tmp_18)> <Delay = 0.00>
ST_4 : Operation 456 [2/2] (0.67ns)   --->   "%tpgBarSelYuv_v_load_1 = load i3 %tpgBarSelYuv_v_addr_1" [/home/training/AUPBoard/aup_hdmi_pass_thru_2023p1_working/aup_hdmi_pass_thru_2023p1/HDMI_Pass_Thru_ExDes/v_hdmi_rx_ss_0_ex/v_hdmi_rx_ss_0_ex.runs/exdes_v_tpg_0_synth_1/prj/sol/.autopilot/db/v_tpg.cpp:1386->/home/training/AUPBoard/aup_hdmi_pass_thru_2023p1_working/aup_hdmi_pass_thru_2023p1/HDMI_Pass_Thru_ExDes/v_hdmi_rx_ss_0_ex/v_hdmi_rx_ss_0_ex.runs/exdes_v_tpg_0_synth_1/prj/sol/.autopilot/db/v_tpg.cpp:620]   --->   Operation 456 'load' 'tpgBarSelYuv_v_load_1' <Predicate = (icmp_ln520 & bckgndId_load_read == 11 & !tmp_18)> <Delay = 0.67> <CoreInst = "ROM">   --->   Core 101 'ROM' <Latency = 1> <II = 1> <Delay = 0.67> <Storage> <Opcode : 'load'> <Ports = 0> <Width = 8> <Depth = 8> <ROM>
ST_4 : Operation 457 [1/2] (0.67ns)   --->   "%tpgTartanBarArray_load_1 = load i6 %tpgTartanBarArray_addr_1" [/home/training/AUPBoard/aup_hdmi_pass_thru_2023p1_working/aup_hdmi_pass_thru_2023p1/HDMI_Pass_Thru_ExDes/v_hdmi_rx_ss_0_ex/v_hdmi_rx_ss_0_ex.runs/exdes_v_tpg_0_synth_1/prj/sol/.autopilot/db/v_tpg.cpp:1375->/home/training/AUPBoard/aup_hdmi_pass_thru_2023p1_working/aup_hdmi_pass_thru_2023p1/HDMI_Pass_Thru_ExDes/v_hdmi_rx_ss_0_ex/v_hdmi_rx_ss_0_ex.runs/exdes_v_tpg_0_synth_1/prj/sol/.autopilot/db/v_tpg.cpp:620]   --->   Operation 457 'load' 'tpgTartanBarArray_load_1' <Predicate = (icmp_ln520 & bckgndId_load_read == 11)> <Delay = 0.67> <CoreInst = "ROM">   --->   Core 101 'ROM' <Latency = 1> <II = 1> <Delay = 0.67> <Storage> <Opcode : 'load'> <Ports = 0> <Width = 3> <Depth = 64> <ROM>
ST_4 : Operation 458 [1/1] (0.00ns)   --->   "%zext_ln1375_1 = zext i3 %tpgTartanBarArray_load_1" [/home/training/AUPBoard/aup_hdmi_pass_thru_2023p1_working/aup_hdmi_pass_thru_2023p1/HDMI_Pass_Thru_ExDes/v_hdmi_rx_ss_0_ex/v_hdmi_rx_ss_0_ex.runs/exdes_v_tpg_0_synth_1/prj/sol/.autopilot/db/v_tpg.cpp:1375->/home/training/AUPBoard/aup_hdmi_pass_thru_2023p1_working/aup_hdmi_pass_thru_2023p1/HDMI_Pass_Thru_ExDes/v_hdmi_rx_ss_0_ex/v_hdmi_rx_ss_0_ex.runs/exdes_v_tpg_0_synth_1/prj/sol/.autopilot/db/v_tpg.cpp:620]   --->   Operation 458 'zext' 'zext_ln1375_1' <Predicate = (icmp_ln520 & bckgndId_load_read == 11)> <Delay = 0.00>
ST_4 : Operation 459 [1/1] (0.00ns)   --->   "%tpgBarSelYuv_y_addr_4 = getelementptr i8 %tpgBarSelYuv_y, i64 0, i64 %zext_ln1375_1" [/home/training/AUPBoard/aup_hdmi_pass_thru_2023p1_working/aup_hdmi_pass_thru_2023p1/HDMI_Pass_Thru_ExDes/v_hdmi_rx_ss_0_ex/v_hdmi_rx_ss_0_ex.runs/exdes_v_tpg_0_synth_1/prj/sol/.autopilot/db/v_tpg.cpp:1375->/home/training/AUPBoard/aup_hdmi_pass_thru_2023p1_working/aup_hdmi_pass_thru_2023p1/HDMI_Pass_Thru_ExDes/v_hdmi_rx_ss_0_ex/v_hdmi_rx_ss_0_ex.runs/exdes_v_tpg_0_synth_1/prj/sol/.autopilot/db/v_tpg.cpp:620]   --->   Operation 459 'getelementptr' 'tpgBarSelYuv_y_addr_4' <Predicate = (icmp_ln520 & bckgndId_load_read == 11 & !tmp_18)> <Delay = 0.00>
ST_4 : Operation 460 [2/2] (0.67ns)   --->   "%tpgBarSelYuv_y_load_4 = load i3 %tpgBarSelYuv_y_addr_4" [/home/training/AUPBoard/aup_hdmi_pass_thru_2023p1_working/aup_hdmi_pass_thru_2023p1/HDMI_Pass_Thru_ExDes/v_hdmi_rx_ss_0_ex/v_hdmi_rx_ss_0_ex.runs/exdes_v_tpg_0_synth_1/prj/sol/.autopilot/db/v_tpg.cpp:1375->/home/training/AUPBoard/aup_hdmi_pass_thru_2023p1_working/aup_hdmi_pass_thru_2023p1/HDMI_Pass_Thru_ExDes/v_hdmi_rx_ss_0_ex/v_hdmi_rx_ss_0_ex.runs/exdes_v_tpg_0_synth_1/prj/sol/.autopilot/db/v_tpg.cpp:620]   --->   Operation 460 'load' 'tpgBarSelYuv_y_load_4' <Predicate = (icmp_ln520 & bckgndId_load_read == 11 & !tmp_18)> <Delay = 0.67> <CoreInst = "ROM">   --->   Core 101 'ROM' <Latency = 1> <II = 1> <Delay = 0.67> <Storage> <Opcode : 'load'> <Ports = 0> <Width = 8> <Depth = 8> <ROM>
ST_4 : Operation 461 [1/1] (0.00ns)   --->   "%tpgBarSelYuv_u_addr_4 = getelementptr i8 %tpgBarSelYuv_u, i64 0, i64 %zext_ln1375_1" [/home/training/AUPBoard/aup_hdmi_pass_thru_2023p1_working/aup_hdmi_pass_thru_2023p1/HDMI_Pass_Thru_ExDes/v_hdmi_rx_ss_0_ex/v_hdmi_rx_ss_0_ex.runs/exdes_v_tpg_0_synth_1/prj/sol/.autopilot/db/v_tpg.cpp:1380->/home/training/AUPBoard/aup_hdmi_pass_thru_2023p1_working/aup_hdmi_pass_thru_2023p1/HDMI_Pass_Thru_ExDes/v_hdmi_rx_ss_0_ex/v_hdmi_rx_ss_0_ex.runs/exdes_v_tpg_0_synth_1/prj/sol/.autopilot/db/v_tpg.cpp:620]   --->   Operation 461 'getelementptr' 'tpgBarSelYuv_u_addr_4' <Predicate = (icmp_ln520 & bckgndId_load_read == 11 & !tmp_18 & tmp_14)> <Delay = 0.00>
ST_4 : Operation 462 [2/2] (0.67ns)   --->   "%tpgBarSelYuv_u_load_4 = load i3 %tpgBarSelYuv_u_addr_4" [/home/training/AUPBoard/aup_hdmi_pass_thru_2023p1_working/aup_hdmi_pass_thru_2023p1/HDMI_Pass_Thru_ExDes/v_hdmi_rx_ss_0_ex/v_hdmi_rx_ss_0_ex.runs/exdes_v_tpg_0_synth_1/prj/sol/.autopilot/db/v_tpg.cpp:1380->/home/training/AUPBoard/aup_hdmi_pass_thru_2023p1_working/aup_hdmi_pass_thru_2023p1/HDMI_Pass_Thru_ExDes/v_hdmi_rx_ss_0_ex/v_hdmi_rx_ss_0_ex.runs/exdes_v_tpg_0_synth_1/prj/sol/.autopilot/db/v_tpg.cpp:620]   --->   Operation 462 'load' 'tpgBarSelYuv_u_load_4' <Predicate = (icmp_ln520 & bckgndId_load_read == 11 & !tmp_18 & tmp_14)> <Delay = 0.67> <CoreInst = "ROM">   --->   Core 101 'ROM' <Latency = 1> <II = 1> <Delay = 0.67> <Storage> <Opcode : 'load'> <Ports = 0> <Width = 8> <Depth = 8> <ROM>
ST_4 : Operation 463 [1/1] (0.00ns)   --->   "%tpgBarSelYuv_v_addr_4 = getelementptr i8 %tpgBarSelYuv_v, i64 0, i64 %zext_ln1375_1" [/home/training/AUPBoard/aup_hdmi_pass_thru_2023p1_working/aup_hdmi_pass_thru_2023p1/HDMI_Pass_Thru_ExDes/v_hdmi_rx_ss_0_ex/v_hdmi_rx_ss_0_ex.runs/exdes_v_tpg_0_synth_1/prj/sol/.autopilot/db/v_tpg.cpp:1381->/home/training/AUPBoard/aup_hdmi_pass_thru_2023p1_working/aup_hdmi_pass_thru_2023p1/HDMI_Pass_Thru_ExDes/v_hdmi_rx_ss_0_ex/v_hdmi_rx_ss_0_ex.runs/exdes_v_tpg_0_synth_1/prj/sol/.autopilot/db/v_tpg.cpp:620]   --->   Operation 463 'getelementptr' 'tpgBarSelYuv_v_addr_4' <Predicate = (icmp_ln520 & bckgndId_load_read == 11 & !tmp_18)> <Delay = 0.00>
ST_4 : Operation 464 [2/2] (0.67ns)   --->   "%tpgBarSelYuv_v_load_4 = load i3 %tpgBarSelYuv_v_addr_4" [/home/training/AUPBoard/aup_hdmi_pass_thru_2023p1_working/aup_hdmi_pass_thru_2023p1/HDMI_Pass_Thru_ExDes/v_hdmi_rx_ss_0_ex/v_hdmi_rx_ss_0_ex.runs/exdes_v_tpg_0_synth_1/prj/sol/.autopilot/db/v_tpg.cpp:1381->/home/training/AUPBoard/aup_hdmi_pass_thru_2023p1_working/aup_hdmi_pass_thru_2023p1/HDMI_Pass_Thru_ExDes/v_hdmi_rx_ss_0_ex/v_hdmi_rx_ss_0_ex.runs/exdes_v_tpg_0_synth_1/prj/sol/.autopilot/db/v_tpg.cpp:620]   --->   Operation 464 'load' 'tpgBarSelYuv_v_load_4' <Predicate = (icmp_ln520 & bckgndId_load_read == 11 & !tmp_18)> <Delay = 0.67> <CoreInst = "ROM">   --->   Core 101 'ROM' <Latency = 1> <II = 1> <Delay = 0.67> <Storage> <Opcode : 'load'> <Ports = 0> <Width = 8> <Depth = 8> <ROM>
ST_4 : Operation 465 [1/1] (0.00ns)   --->   "%tpgBarSelRgb_r_addr_4 = getelementptr i2 %tpgBarSelRgb_r, i64 0, i64 %zext_ln1375_1" [/home/training/AUPBoard/aup_hdmi_pass_thru_2023p1_working/aup_hdmi_pass_thru_2023p1/HDMI_Pass_Thru_ExDes/v_hdmi_rx_ss_0_ex/v_hdmi_rx_ss_0_ex.runs/exdes_v_tpg_0_synth_1/prj/sol/.autopilot/db/v_tpg.cpp:1374->/home/training/AUPBoard/aup_hdmi_pass_thru_2023p1_working/aup_hdmi_pass_thru_2023p1/HDMI_Pass_Thru_ExDes/v_hdmi_rx_ss_0_ex/v_hdmi_rx_ss_0_ex.runs/exdes_v_tpg_0_synth_1/prj/sol/.autopilot/db/v_tpg.cpp:620]   --->   Operation 465 'getelementptr' 'tpgBarSelRgb_r_addr_4' <Predicate = (icmp_ln520 & bckgndId_load_read == 11 & tmp_18)> <Delay = 0.00>
ST_4 : Operation 466 [2/2] (0.67ns)   --->   "%tpgBarSelRgb_r_load_4 = load i3 %tpgBarSelRgb_r_addr_4" [/home/training/AUPBoard/aup_hdmi_pass_thru_2023p1_working/aup_hdmi_pass_thru_2023p1/HDMI_Pass_Thru_ExDes/v_hdmi_rx_ss_0_ex/v_hdmi_rx_ss_0_ex.runs/exdes_v_tpg_0_synth_1/prj/sol/.autopilot/db/v_tpg.cpp:1374->/home/training/AUPBoard/aup_hdmi_pass_thru_2023p1_working/aup_hdmi_pass_thru_2023p1/HDMI_Pass_Thru_ExDes/v_hdmi_rx_ss_0_ex/v_hdmi_rx_ss_0_ex.runs/exdes_v_tpg_0_synth_1/prj/sol/.autopilot/db/v_tpg.cpp:620]   --->   Operation 466 'load' 'tpgBarSelRgb_r_load_4' <Predicate = (icmp_ln520 & bckgndId_load_read == 11 & tmp_18)> <Delay = 0.67> <CoreInst = "ROM">   --->   Core 101 'ROM' <Latency = 1> <II = 1> <Delay = 0.67> <Storage> <Opcode : 'load'> <Ports = 0> <Width = 2> <Depth = 8> <ROM>
ST_4 : Operation 467 [1/1] (0.00ns)   --->   "%tpgBarSelRgb_g_addr_4 = getelementptr i2 %tpgBarSelRgb_g, i64 0, i64 %zext_ln1375_1" [/home/training/AUPBoard/aup_hdmi_pass_thru_2023p1_working/aup_hdmi_pass_thru_2023p1/HDMI_Pass_Thru_ExDes/v_hdmi_rx_ss_0_ex/v_hdmi_rx_ss_0_ex.runs/exdes_v_tpg_0_synth_1/prj/sol/.autopilot/db/v_tpg.cpp:1378->/home/training/AUPBoard/aup_hdmi_pass_thru_2023p1_working/aup_hdmi_pass_thru_2023p1/HDMI_Pass_Thru_ExDes/v_hdmi_rx_ss_0_ex/v_hdmi_rx_ss_0_ex.runs/exdes_v_tpg_0_synth_1/prj/sol/.autopilot/db/v_tpg.cpp:620]   --->   Operation 467 'getelementptr' 'tpgBarSelRgb_g_addr_4' <Predicate = (icmp_ln520 & bckgndId_load_read == 11 & tmp_18)> <Delay = 0.00>
ST_4 : Operation 468 [2/2] (0.67ns)   --->   "%tpgBarSelRgb_g_load_4 = load i3 %tpgBarSelRgb_g_addr_4" [/home/training/AUPBoard/aup_hdmi_pass_thru_2023p1_working/aup_hdmi_pass_thru_2023p1/HDMI_Pass_Thru_ExDes/v_hdmi_rx_ss_0_ex/v_hdmi_rx_ss_0_ex.runs/exdes_v_tpg_0_synth_1/prj/sol/.autopilot/db/v_tpg.cpp:1378->/home/training/AUPBoard/aup_hdmi_pass_thru_2023p1_working/aup_hdmi_pass_thru_2023p1/HDMI_Pass_Thru_ExDes/v_hdmi_rx_ss_0_ex/v_hdmi_rx_ss_0_ex.runs/exdes_v_tpg_0_synth_1/prj/sol/.autopilot/db/v_tpg.cpp:620]   --->   Operation 468 'load' 'tpgBarSelRgb_g_load_4' <Predicate = (icmp_ln520 & bckgndId_load_read == 11 & tmp_18)> <Delay = 0.67> <CoreInst = "ROM">   --->   Core 101 'ROM' <Latency = 1> <II = 1> <Delay = 0.67> <Storage> <Opcode : 'load'> <Ports = 0> <Width = 2> <Depth = 8> <ROM>
ST_4 : Operation 469 [1/1] (0.00ns)   --->   "%tpgBarSelRgb_b_addr_4 = getelementptr i2 %tpgBarSelRgb_b, i64 0, i64 %zext_ln1375_1" [/home/training/AUPBoard/aup_hdmi_pass_thru_2023p1_working/aup_hdmi_pass_thru_2023p1/HDMI_Pass_Thru_ExDes/v_hdmi_rx_ss_0_ex/v_hdmi_rx_ss_0_ex.runs/exdes_v_tpg_0_synth_1/prj/sol/.autopilot/db/v_tpg.cpp:1385->/home/training/AUPBoard/aup_hdmi_pass_thru_2023p1_working/aup_hdmi_pass_thru_2023p1/HDMI_Pass_Thru_ExDes/v_hdmi_rx_ss_0_ex/v_hdmi_rx_ss_0_ex.runs/exdes_v_tpg_0_synth_1/prj/sol/.autopilot/db/v_tpg.cpp:620]   --->   Operation 469 'getelementptr' 'tpgBarSelRgb_b_addr_4' <Predicate = (icmp_ln520 & bckgndId_load_read == 11 & tmp_18)> <Delay = 0.00>
ST_4 : Operation 470 [2/2] (0.67ns)   --->   "%tpgBarSelRgb_b_load_4 = load i3 %tpgBarSelRgb_b_addr_4" [/home/training/AUPBoard/aup_hdmi_pass_thru_2023p1_working/aup_hdmi_pass_thru_2023p1/HDMI_Pass_Thru_ExDes/v_hdmi_rx_ss_0_ex/v_hdmi_rx_ss_0_ex.runs/exdes_v_tpg_0_synth_1/prj/sol/.autopilot/db/v_tpg.cpp:1385->/home/training/AUPBoard/aup_hdmi_pass_thru_2023p1_working/aup_hdmi_pass_thru_2023p1/HDMI_Pass_Thru_ExDes/v_hdmi_rx_ss_0_ex/v_hdmi_rx_ss_0_ex.runs/exdes_v_tpg_0_synth_1/prj/sol/.autopilot/db/v_tpg.cpp:620]   --->   Operation 470 'load' 'tpgBarSelRgb_b_load_4' <Predicate = (icmp_ln520 & bckgndId_load_read == 11 & tmp_18)> <Delay = 0.67> <CoreInst = "ROM">   --->   Core 101 'ROM' <Latency = 1> <II = 1> <Delay = 0.67> <Storage> <Opcode : 'load'> <Ports = 0> <Width = 2> <Depth = 8> <ROM>
ST_4 : Operation 471 [1/1] (0.35ns)   --->   "%select_ln1162_8 = select i1 %tmp_14, i64 1, i64 2" [/home/training/AUPBoard/aup_hdmi_pass_thru_2023p1_working/aup_hdmi_pass_thru_2023p1/HDMI_Pass_Thru_ExDes/v_hdmi_rx_ss_0_ex/v_hdmi_rx_ss_0_ex.runs/exdes_v_tpg_0_synth_1/prj/sol/.autopilot/db/v_tpg.cpp:1162->/home/training/AUPBoard/aup_hdmi_pass_thru_2023p1_working/aup_hdmi_pass_thru_2023p1/HDMI_Pass_Thru_ExDes/v_hdmi_rx_ss_0_ex/v_hdmi_rx_ss_0_ex.runs/exdes_v_tpg_0_synth_1/prj/sol/.autopilot/db/v_tpg.cpp:614]   --->   Operation 471 'select' 'select_ln1162_8' <Predicate = (icmp_ln520 & bckgndId_load_read == 10 & !tmp_18)> <Delay = 0.35> <CoreInst = "Sel">   --->   Core 73 'Sel' <Latency = 0> <II = 1> <Delay = 0.35> <FuncUnit> <Opcode : 'select'> <InPorts = 3> <OutPorts = 1>
ST_4 : Operation 472 [1/1] (0.00ns)   --->   "%blkYuv_addr_8 = getelementptr i8 %blkYuv, i64 0, i64 %select_ln1162_8" [/home/training/AUPBoard/aup_hdmi_pass_thru_2023p1_working/aup_hdmi_pass_thru_2023p1/HDMI_Pass_Thru_ExDes/v_hdmi_rx_ss_0_ex/v_hdmi_rx_ss_0_ex.runs/exdes_v_tpg_0_synth_1/prj/sol/.autopilot/db/v_tpg.cpp:1162->/home/training/AUPBoard/aup_hdmi_pass_thru_2023p1_working/aup_hdmi_pass_thru_2023p1/HDMI_Pass_Thru_ExDes/v_hdmi_rx_ss_0_ex/v_hdmi_rx_ss_0_ex.runs/exdes_v_tpg_0_synth_1/prj/sol/.autopilot/db/v_tpg.cpp:614]   --->   Operation 472 'getelementptr' 'blkYuv_addr_8' <Predicate = (icmp_ln520 & bckgndId_load_read == 10 & !tmp_18)> <Delay = 0.00>
ST_4 : Operation 473 [2/2] (0.67ns)   --->   "%blkYuv_load_8 = load i2 %blkYuv_addr_8" [/home/training/AUPBoard/aup_hdmi_pass_thru_2023p1_working/aup_hdmi_pass_thru_2023p1/HDMI_Pass_Thru_ExDes/v_hdmi_rx_ss_0_ex/v_hdmi_rx_ss_0_ex.runs/exdes_v_tpg_0_synth_1/prj/sol/.autopilot/db/v_tpg.cpp:1161->/home/training/AUPBoard/aup_hdmi_pass_thru_2023p1_working/aup_hdmi_pass_thru_2023p1/HDMI_Pass_Thru_ExDes/v_hdmi_rx_ss_0_ex/v_hdmi_rx_ss_0_ex.runs/exdes_v_tpg_0_synth_1/prj/sol/.autopilot/db/v_tpg.cpp:614]   --->   Operation 473 'load' 'blkYuv_load_8' <Predicate = (icmp_ln520 & bckgndId_load_read == 10 & !tmp_18)> <Delay = 0.67> <CoreInst = "ROM">   --->   Core 101 'ROM' <Latency = 1> <II = 1> <Delay = 0.67> <Storage> <Opcode : 'load'> <Ports = 0> <Width = 8> <Depth = 3> <ROM>
ST_4 : Operation 474 [1/1] (0.00ns)   --->   "%tpgPatternColorBars_unsigned_short_unsigned_short_unsigned_char_int_hBarSel_l = load i8 %tpgPatternColorBars_unsigned_short_unsigned_short_unsigned_char_int_hBarSel_l_2_out"   --->   Operation 474 'load' 'tpgPatternColorBars_unsigned_short_unsigned_short_unsigned_char_int_hBarSel_l' <Predicate = (icmp_ln520 & bckgndId_load_read == 9)> <Delay = 0.00>
ST_4 : Operation 475 [1/1] (0.00ns)   --->   "%zext_ln1215 = zext i8 %tpgPatternColorBars_unsigned_short_unsigned_short_unsigned_char_int_hBarSel_l" [/home/training/AUPBoard/aup_hdmi_pass_thru_2023p1_working/aup_hdmi_pass_thru_2023p1/HDMI_Pass_Thru_ExDes/v_hdmi_rx_ss_0_ex/v_hdmi_rx_ss_0_ex.runs/exdes_v_tpg_0_synth_1/prj/sol/.autopilot/db/v_tpg.cpp:1215->/home/training/AUPBoard/aup_hdmi_pass_thru_2023p1_working/aup_hdmi_pass_thru_2023p1/HDMI_Pass_Thru_ExDes/v_hdmi_rx_ss_0_ex/v_hdmi_rx_ss_0_ex.runs/exdes_v_tpg_0_synth_1/prj/sol/.autopilot/db/v_tpg.cpp:604]   --->   Operation 475 'zext' 'zext_ln1215' <Predicate = (icmp_ln520 & bckgndId_load_read == 9)> <Delay = 0.00>
ST_4 : Operation 476 [1/1] (0.00ns)   --->   "%tpgBarSelRgb_r_addr = getelementptr i2 %tpgBarSelRgb_r, i64 0, i64 %zext_ln1215" [/home/training/AUPBoard/aup_hdmi_pass_thru_2023p1_working/aup_hdmi_pass_thru_2023p1/HDMI_Pass_Thru_ExDes/v_hdmi_rx_ss_0_ex/v_hdmi_rx_ss_0_ex.runs/exdes_v_tpg_0_synth_1/prj/sol/.autopilot/db/v_tpg.cpp:1215->/home/training/AUPBoard/aup_hdmi_pass_thru_2023p1_working/aup_hdmi_pass_thru_2023p1/HDMI_Pass_Thru_ExDes/v_hdmi_rx_ss_0_ex/v_hdmi_rx_ss_0_ex.runs/exdes_v_tpg_0_synth_1/prj/sol/.autopilot/db/v_tpg.cpp:604]   --->   Operation 476 'getelementptr' 'tpgBarSelRgb_r_addr' <Predicate = (icmp_ln520 & bckgndId_load_read == 9 & tmp_18)> <Delay = 0.00>
ST_4 : Operation 477 [2/2] (0.67ns)   --->   "%tpgBarSelRgb_r_load = load i3 %tpgBarSelRgb_r_addr" [/home/training/AUPBoard/aup_hdmi_pass_thru_2023p1_working/aup_hdmi_pass_thru_2023p1/HDMI_Pass_Thru_ExDes/v_hdmi_rx_ss_0_ex/v_hdmi_rx_ss_0_ex.runs/exdes_v_tpg_0_synth_1/prj/sol/.autopilot/db/v_tpg.cpp:1215->/home/training/AUPBoard/aup_hdmi_pass_thru_2023p1_working/aup_hdmi_pass_thru_2023p1/HDMI_Pass_Thru_ExDes/v_hdmi_rx_ss_0_ex/v_hdmi_rx_ss_0_ex.runs/exdes_v_tpg_0_synth_1/prj/sol/.autopilot/db/v_tpg.cpp:604]   --->   Operation 477 'load' 'tpgBarSelRgb_r_load' <Predicate = (icmp_ln520 & bckgndId_load_read == 9 & tmp_18)> <Delay = 0.67> <CoreInst = "ROM">   --->   Core 101 'ROM' <Latency = 1> <II = 1> <Delay = 0.67> <Storage> <Opcode : 'load'> <Ports = 0> <Width = 2> <Depth = 8> <ROM>
ST_4 : Operation 478 [1/1] (0.00ns)   --->   "%tpgBarSelRgb_g_addr = getelementptr i2 %tpgBarSelRgb_g, i64 0, i64 %zext_ln1215" [/home/training/AUPBoard/aup_hdmi_pass_thru_2023p1_working/aup_hdmi_pass_thru_2023p1/HDMI_Pass_Thru_ExDes/v_hdmi_rx_ss_0_ex/v_hdmi_rx_ss_0_ex.runs/exdes_v_tpg_0_synth_1/prj/sol/.autopilot/db/v_tpg.cpp:1218->/home/training/AUPBoard/aup_hdmi_pass_thru_2023p1_working/aup_hdmi_pass_thru_2023p1/HDMI_Pass_Thru_ExDes/v_hdmi_rx_ss_0_ex/v_hdmi_rx_ss_0_ex.runs/exdes_v_tpg_0_synth_1/prj/sol/.autopilot/db/v_tpg.cpp:604]   --->   Operation 478 'getelementptr' 'tpgBarSelRgb_g_addr' <Predicate = (icmp_ln520 & bckgndId_load_read == 9 & tmp_18)> <Delay = 0.00>
ST_4 : Operation 479 [2/2] (0.67ns)   --->   "%tpgBarSelRgb_g_load = load i3 %tpgBarSelRgb_g_addr" [/home/training/AUPBoard/aup_hdmi_pass_thru_2023p1_working/aup_hdmi_pass_thru_2023p1/HDMI_Pass_Thru_ExDes/v_hdmi_rx_ss_0_ex/v_hdmi_rx_ss_0_ex.runs/exdes_v_tpg_0_synth_1/prj/sol/.autopilot/db/v_tpg.cpp:1218->/home/training/AUPBoard/aup_hdmi_pass_thru_2023p1_working/aup_hdmi_pass_thru_2023p1/HDMI_Pass_Thru_ExDes/v_hdmi_rx_ss_0_ex/v_hdmi_rx_ss_0_ex.runs/exdes_v_tpg_0_synth_1/prj/sol/.autopilot/db/v_tpg.cpp:604]   --->   Operation 479 'load' 'tpgBarSelRgb_g_load' <Predicate = (icmp_ln520 & bckgndId_load_read == 9 & tmp_18)> <Delay = 0.67> <CoreInst = "ROM">   --->   Core 101 'ROM' <Latency = 1> <II = 1> <Delay = 0.67> <Storage> <Opcode : 'load'> <Ports = 0> <Width = 2> <Depth = 8> <ROM>
ST_4 : Operation 480 [1/1] (0.00ns)   --->   "%tpgBarSelRgb_b_addr = getelementptr i2 %tpgBarSelRgb_b, i64 0, i64 %zext_ln1215" [/home/training/AUPBoard/aup_hdmi_pass_thru_2023p1_working/aup_hdmi_pass_thru_2023p1/HDMI_Pass_Thru_ExDes/v_hdmi_rx_ss_0_ex/v_hdmi_rx_ss_0_ex.runs/exdes_v_tpg_0_synth_1/prj/sol/.autopilot/db/v_tpg.cpp:1223->/home/training/AUPBoard/aup_hdmi_pass_thru_2023p1_working/aup_hdmi_pass_thru_2023p1/HDMI_Pass_Thru_ExDes/v_hdmi_rx_ss_0_ex/v_hdmi_rx_ss_0_ex.runs/exdes_v_tpg_0_synth_1/prj/sol/.autopilot/db/v_tpg.cpp:604]   --->   Operation 480 'getelementptr' 'tpgBarSelRgb_b_addr' <Predicate = (icmp_ln520 & bckgndId_load_read == 9 & tmp_18)> <Delay = 0.00>
ST_4 : Operation 481 [2/2] (0.67ns)   --->   "%tpgBarSelRgb_b_load = load i3 %tpgBarSelRgb_b_addr" [/home/training/AUPBoard/aup_hdmi_pass_thru_2023p1_working/aup_hdmi_pass_thru_2023p1/HDMI_Pass_Thru_ExDes/v_hdmi_rx_ss_0_ex/v_hdmi_rx_ss_0_ex.runs/exdes_v_tpg_0_synth_1/prj/sol/.autopilot/db/v_tpg.cpp:1223->/home/training/AUPBoard/aup_hdmi_pass_thru_2023p1_working/aup_hdmi_pass_thru_2023p1/HDMI_Pass_Thru_ExDes/v_hdmi_rx_ss_0_ex/v_hdmi_rx_ss_0_ex.runs/exdes_v_tpg_0_synth_1/prj/sol/.autopilot/db/v_tpg.cpp:604]   --->   Operation 481 'load' 'tpgBarSelRgb_b_load' <Predicate = (icmp_ln520 & bckgndId_load_read == 9 & tmp_18)> <Delay = 0.67> <CoreInst = "ROM">   --->   Core 101 'ROM' <Latency = 1> <II = 1> <Delay = 0.67> <Storage> <Opcode : 'load'> <Ports = 0> <Width = 2> <Depth = 8> <ROM>
ST_4 : Operation 482 [1/1] (0.00ns)   --->   "%tpgBarSelYuv_y_addr = getelementptr i8 %tpgBarSelYuv_y, i64 0, i64 %zext_ln1215" [/home/training/AUPBoard/aup_hdmi_pass_thru_2023p1_working/aup_hdmi_pass_thru_2023p1/HDMI_Pass_Thru_ExDes/v_hdmi_rx_ss_0_ex/v_hdmi_rx_ss_0_ex.runs/exdes_v_tpg_0_synth_1/prj/sol/.autopilot/db/v_tpg.cpp:1215->/home/training/AUPBoard/aup_hdmi_pass_thru_2023p1_working/aup_hdmi_pass_thru_2023p1/HDMI_Pass_Thru_ExDes/v_hdmi_rx_ss_0_ex/v_hdmi_rx_ss_0_ex.runs/exdes_v_tpg_0_synth_1/prj/sol/.autopilot/db/v_tpg.cpp:604]   --->   Operation 482 'getelementptr' 'tpgBarSelYuv_y_addr' <Predicate = (icmp_ln520 & bckgndId_load_read == 9 & !tmp_18)> <Delay = 0.00>
ST_4 : Operation 483 [2/2] (0.67ns)   --->   "%tpgBarSelYuv_y_load = load i3 %tpgBarSelYuv_y_addr" [/home/training/AUPBoard/aup_hdmi_pass_thru_2023p1_working/aup_hdmi_pass_thru_2023p1/HDMI_Pass_Thru_ExDes/v_hdmi_rx_ss_0_ex/v_hdmi_rx_ss_0_ex.runs/exdes_v_tpg_0_synth_1/prj/sol/.autopilot/db/v_tpg.cpp:1215->/home/training/AUPBoard/aup_hdmi_pass_thru_2023p1_working/aup_hdmi_pass_thru_2023p1/HDMI_Pass_Thru_ExDes/v_hdmi_rx_ss_0_ex/v_hdmi_rx_ss_0_ex.runs/exdes_v_tpg_0_synth_1/prj/sol/.autopilot/db/v_tpg.cpp:604]   --->   Operation 483 'load' 'tpgBarSelYuv_y_load' <Predicate = (icmp_ln520 & bckgndId_load_read == 9 & !tmp_18)> <Delay = 0.67> <CoreInst = "ROM">   --->   Core 101 'ROM' <Latency = 1> <II = 1> <Delay = 0.67> <Storage> <Opcode : 'load'> <Ports = 0> <Width = 8> <Depth = 8> <ROM>
ST_4 : Operation 484 [1/1] (0.00ns)   --->   "%tpgBarSelYuv_u_addr = getelementptr i8 %tpgBarSelYuv_u, i64 0, i64 %zext_ln1215" [/home/training/AUPBoard/aup_hdmi_pass_thru_2023p1_working/aup_hdmi_pass_thru_2023p1/HDMI_Pass_Thru_ExDes/v_hdmi_rx_ss_0_ex/v_hdmi_rx_ss_0_ex.runs/exdes_v_tpg_0_synth_1/prj/sol/.autopilot/db/v_tpg.cpp:1220->/home/training/AUPBoard/aup_hdmi_pass_thru_2023p1_working/aup_hdmi_pass_thru_2023p1/HDMI_Pass_Thru_ExDes/v_hdmi_rx_ss_0_ex/v_hdmi_rx_ss_0_ex.runs/exdes_v_tpg_0_synth_1/prj/sol/.autopilot/db/v_tpg.cpp:604]   --->   Operation 484 'getelementptr' 'tpgBarSelYuv_u_addr' <Predicate = (icmp_ln520 & bckgndId_load_read == 9 & !tmp_18)> <Delay = 0.00>
ST_4 : Operation 485 [2/2] (0.67ns)   --->   "%tpgBarSelYuv_u_load = load i3 %tpgBarSelYuv_u_addr" [/home/training/AUPBoard/aup_hdmi_pass_thru_2023p1_working/aup_hdmi_pass_thru_2023p1/HDMI_Pass_Thru_ExDes/v_hdmi_rx_ss_0_ex/v_hdmi_rx_ss_0_ex.runs/exdes_v_tpg_0_synth_1/prj/sol/.autopilot/db/v_tpg.cpp:1220->/home/training/AUPBoard/aup_hdmi_pass_thru_2023p1_working/aup_hdmi_pass_thru_2023p1/HDMI_Pass_Thru_ExDes/v_hdmi_rx_ss_0_ex/v_hdmi_rx_ss_0_ex.runs/exdes_v_tpg_0_synth_1/prj/sol/.autopilot/db/v_tpg.cpp:604]   --->   Operation 485 'load' 'tpgBarSelYuv_u_load' <Predicate = (icmp_ln520 & bckgndId_load_read == 9 & !tmp_18)> <Delay = 0.67> <CoreInst = "ROM">   --->   Core 101 'ROM' <Latency = 1> <II = 1> <Delay = 0.67> <Storage> <Opcode : 'load'> <Ports = 0> <Width = 8> <Depth = 8> <ROM>
ST_4 : Operation 486 [1/1] (0.00ns)   --->   "%tpgBarSelYuv_v_addr = getelementptr i8 %tpgBarSelYuv_v, i64 0, i64 %zext_ln1215" [/home/training/AUPBoard/aup_hdmi_pass_thru_2023p1_working/aup_hdmi_pass_thru_2023p1/HDMI_Pass_Thru_ExDes/v_hdmi_rx_ss_0_ex/v_hdmi_rx_ss_0_ex.runs/exdes_v_tpg_0_synth_1/prj/sol/.autopilot/db/v_tpg.cpp:1223->/home/training/AUPBoard/aup_hdmi_pass_thru_2023p1_working/aup_hdmi_pass_thru_2023p1/HDMI_Pass_Thru_ExDes/v_hdmi_rx_ss_0_ex/v_hdmi_rx_ss_0_ex.runs/exdes_v_tpg_0_synth_1/prj/sol/.autopilot/db/v_tpg.cpp:604]   --->   Operation 486 'getelementptr' 'tpgBarSelYuv_v_addr' <Predicate = (icmp_ln520 & bckgndId_load_read == 9 & !tmp_18)> <Delay = 0.00>
ST_4 : Operation 487 [2/2] (0.67ns)   --->   "%tpgBarSelYuv_v_load = load i3 %tpgBarSelYuv_v_addr" [/home/training/AUPBoard/aup_hdmi_pass_thru_2023p1_working/aup_hdmi_pass_thru_2023p1/HDMI_Pass_Thru_ExDes/v_hdmi_rx_ss_0_ex/v_hdmi_rx_ss_0_ex.runs/exdes_v_tpg_0_synth_1/prj/sol/.autopilot/db/v_tpg.cpp:1223->/home/training/AUPBoard/aup_hdmi_pass_thru_2023p1_working/aup_hdmi_pass_thru_2023p1/HDMI_Pass_Thru_ExDes/v_hdmi_rx_ss_0_ex/v_hdmi_rx_ss_0_ex.runs/exdes_v_tpg_0_synth_1/prj/sol/.autopilot/db/v_tpg.cpp:604]   --->   Operation 487 'load' 'tpgBarSelYuv_v_load' <Predicate = (icmp_ln520 & bckgndId_load_read == 9 & !tmp_18)> <Delay = 0.67> <CoreInst = "ROM">   --->   Core 101 'ROM' <Latency = 1> <II = 1> <Delay = 0.67> <Storage> <Opcode : 'load'> <Ports = 0> <Width = 8> <Depth = 8> <ROM>
ST_4 : Operation 488 [1/1] (0.00ns)   --->   "%tpgPatternColorBars_unsigned_short_unsigned_short_unsigned_char_int_hBarSel_7_1 = load i8 %tpgPatternColorBars_unsigned_short_unsigned_short_unsigned_char_int_hBarSel_7_3_out"   --->   Operation 488 'load' 'tpgPatternColorBars_unsigned_short_unsigned_short_unsigned_char_int_hBarSel_7_1' <Predicate = (icmp_ln520 & bckgndId_load_read == 9)> <Delay = 0.00>
ST_4 : Operation 489 [1/1] (0.00ns)   --->   "%zext_ln1215_1 = zext i8 %tpgPatternColorBars_unsigned_short_unsigned_short_unsigned_char_int_hBarSel_7_1" [/home/training/AUPBoard/aup_hdmi_pass_thru_2023p1_working/aup_hdmi_pass_thru_2023p1/HDMI_Pass_Thru_ExDes/v_hdmi_rx_ss_0_ex/v_hdmi_rx_ss_0_ex.runs/exdes_v_tpg_0_synth_1/prj/sol/.autopilot/db/v_tpg.cpp:1215->/home/training/AUPBoard/aup_hdmi_pass_thru_2023p1_working/aup_hdmi_pass_thru_2023p1/HDMI_Pass_Thru_ExDes/v_hdmi_rx_ss_0_ex/v_hdmi_rx_ss_0_ex.runs/exdes_v_tpg_0_synth_1/prj/sol/.autopilot/db/v_tpg.cpp:604]   --->   Operation 489 'zext' 'zext_ln1215_1' <Predicate = (icmp_ln520 & bckgndId_load_read == 9)> <Delay = 0.00>
ST_4 : Operation 490 [1/1] (0.00ns)   --->   "%br_ln1215 = br i1 %tmp_18, void %cond.false55.1.i_ifconv, void %cond.true84.1.i" [/home/training/AUPBoard/aup_hdmi_pass_thru_2023p1_working/aup_hdmi_pass_thru_2023p1/HDMI_Pass_Thru_ExDes/v_hdmi_rx_ss_0_ex/v_hdmi_rx_ss_0_ex.runs/exdes_v_tpg_0_synth_1/prj/sol/.autopilot/db/v_tpg.cpp:1215->/home/training/AUPBoard/aup_hdmi_pass_thru_2023p1_working/aup_hdmi_pass_thru_2023p1/HDMI_Pass_Thru_ExDes/v_hdmi_rx_ss_0_ex/v_hdmi_rx_ss_0_ex.runs/exdes_v_tpg_0_synth_1/prj/sol/.autopilot/db/v_tpg.cpp:604]   --->   Operation 490 'br' 'br_ln1215' <Predicate = (icmp_ln520 & bckgndId_load_read == 9)> <Delay = 0.00>
ST_4 : Operation 491 [1/1] (0.00ns)   --->   "%tpgBarSelYuv_y_addr_3 = getelementptr i8 %tpgBarSelYuv_y, i64 0, i64 %zext_ln1215_1" [/home/training/AUPBoard/aup_hdmi_pass_thru_2023p1_working/aup_hdmi_pass_thru_2023p1/HDMI_Pass_Thru_ExDes/v_hdmi_rx_ss_0_ex/v_hdmi_rx_ss_0_ex.runs/exdes_v_tpg_0_synth_1/prj/sol/.autopilot/db/v_tpg.cpp:1215->/home/training/AUPBoard/aup_hdmi_pass_thru_2023p1_working/aup_hdmi_pass_thru_2023p1/HDMI_Pass_Thru_ExDes/v_hdmi_rx_ss_0_ex/v_hdmi_rx_ss_0_ex.runs/exdes_v_tpg_0_synth_1/prj/sol/.autopilot/db/v_tpg.cpp:604]   --->   Operation 491 'getelementptr' 'tpgBarSelYuv_y_addr_3' <Predicate = (icmp_ln520 & bckgndId_load_read == 9 & !tmp_18)> <Delay = 0.00>
ST_4 : Operation 492 [2/2] (0.67ns)   --->   "%tpgBarSelYuv_y_load_3 = load i3 %tpgBarSelYuv_y_addr_3" [/home/training/AUPBoard/aup_hdmi_pass_thru_2023p1_working/aup_hdmi_pass_thru_2023p1/HDMI_Pass_Thru_ExDes/v_hdmi_rx_ss_0_ex/v_hdmi_rx_ss_0_ex.runs/exdes_v_tpg_0_synth_1/prj/sol/.autopilot/db/v_tpg.cpp:1215->/home/training/AUPBoard/aup_hdmi_pass_thru_2023p1_working/aup_hdmi_pass_thru_2023p1/HDMI_Pass_Thru_ExDes/v_hdmi_rx_ss_0_ex/v_hdmi_rx_ss_0_ex.runs/exdes_v_tpg_0_synth_1/prj/sol/.autopilot/db/v_tpg.cpp:604]   --->   Operation 492 'load' 'tpgBarSelYuv_y_load_3' <Predicate = (icmp_ln520 & bckgndId_load_read == 9 & !tmp_18)> <Delay = 0.67> <CoreInst = "ROM">   --->   Core 101 'ROM' <Latency = 1> <II = 1> <Delay = 0.67> <Storage> <Opcode : 'load'> <Ports = 0> <Width = 8> <Depth = 8> <ROM>
ST_4 : Operation 493 [1/1] (0.00ns)   --->   "%tpgBarSelYuv_u_addr_3 = getelementptr i8 %tpgBarSelYuv_u, i64 0, i64 %zext_ln1215_1" [/home/training/AUPBoard/aup_hdmi_pass_thru_2023p1_working/aup_hdmi_pass_thru_2023p1/HDMI_Pass_Thru_ExDes/v_hdmi_rx_ss_0_ex/v_hdmi_rx_ss_0_ex.runs/exdes_v_tpg_0_synth_1/prj/sol/.autopilot/db/v_tpg.cpp:1220->/home/training/AUPBoard/aup_hdmi_pass_thru_2023p1_working/aup_hdmi_pass_thru_2023p1/HDMI_Pass_Thru_ExDes/v_hdmi_rx_ss_0_ex/v_hdmi_rx_ss_0_ex.runs/exdes_v_tpg_0_synth_1/prj/sol/.autopilot/db/v_tpg.cpp:604]   --->   Operation 493 'getelementptr' 'tpgBarSelYuv_u_addr_3' <Predicate = (icmp_ln520 & bckgndId_load_read == 9 & !tmp_18 & tmp_14)> <Delay = 0.00>
ST_4 : Operation 494 [2/2] (0.67ns)   --->   "%tpgBarSelYuv_u_load_3 = load i3 %tpgBarSelYuv_u_addr_3" [/home/training/AUPBoard/aup_hdmi_pass_thru_2023p1_working/aup_hdmi_pass_thru_2023p1/HDMI_Pass_Thru_ExDes/v_hdmi_rx_ss_0_ex/v_hdmi_rx_ss_0_ex.runs/exdes_v_tpg_0_synth_1/prj/sol/.autopilot/db/v_tpg.cpp:1220->/home/training/AUPBoard/aup_hdmi_pass_thru_2023p1_working/aup_hdmi_pass_thru_2023p1/HDMI_Pass_Thru_ExDes/v_hdmi_rx_ss_0_ex/v_hdmi_rx_ss_0_ex.runs/exdes_v_tpg_0_synth_1/prj/sol/.autopilot/db/v_tpg.cpp:604]   --->   Operation 494 'load' 'tpgBarSelYuv_u_load_3' <Predicate = (icmp_ln520 & bckgndId_load_read == 9 & !tmp_18 & tmp_14)> <Delay = 0.67> <CoreInst = "ROM">   --->   Core 101 'ROM' <Latency = 1> <II = 1> <Delay = 0.67> <Storage> <Opcode : 'load'> <Ports = 0> <Width = 8> <Depth = 8> <ROM>
ST_4 : Operation 495 [1/1] (0.00ns)   --->   "%tpgBarSelYuv_v_addr_3 = getelementptr i8 %tpgBarSelYuv_v, i64 0, i64 %zext_ln1215_1" [/home/training/AUPBoard/aup_hdmi_pass_thru_2023p1_working/aup_hdmi_pass_thru_2023p1/HDMI_Pass_Thru_ExDes/v_hdmi_rx_ss_0_ex/v_hdmi_rx_ss_0_ex.runs/exdes_v_tpg_0_synth_1/prj/sol/.autopilot/db/v_tpg.cpp:1220->/home/training/AUPBoard/aup_hdmi_pass_thru_2023p1_working/aup_hdmi_pass_thru_2023p1/HDMI_Pass_Thru_ExDes/v_hdmi_rx_ss_0_ex/v_hdmi_rx_ss_0_ex.runs/exdes_v_tpg_0_synth_1/prj/sol/.autopilot/db/v_tpg.cpp:604]   --->   Operation 495 'getelementptr' 'tpgBarSelYuv_v_addr_3' <Predicate = (icmp_ln520 & bckgndId_load_read == 9 & !tmp_18)> <Delay = 0.00>
ST_4 : Operation 496 [2/2] (0.67ns)   --->   "%tpgBarSelYuv_v_load_3 = load i3 %tpgBarSelYuv_v_addr_3" [/home/training/AUPBoard/aup_hdmi_pass_thru_2023p1_working/aup_hdmi_pass_thru_2023p1/HDMI_Pass_Thru_ExDes/v_hdmi_rx_ss_0_ex/v_hdmi_rx_ss_0_ex.runs/exdes_v_tpg_0_synth_1/prj/sol/.autopilot/db/v_tpg.cpp:1220->/home/training/AUPBoard/aup_hdmi_pass_thru_2023p1_working/aup_hdmi_pass_thru_2023p1/HDMI_Pass_Thru_ExDes/v_hdmi_rx_ss_0_ex/v_hdmi_rx_ss_0_ex.runs/exdes_v_tpg_0_synth_1/prj/sol/.autopilot/db/v_tpg.cpp:604]   --->   Operation 496 'load' 'tpgBarSelYuv_v_load_3' <Predicate = (icmp_ln520 & bckgndId_load_read == 9 & !tmp_18)> <Delay = 0.67> <CoreInst = "ROM">   --->   Core 101 'ROM' <Latency = 1> <II = 1> <Delay = 0.67> <Storage> <Opcode : 'load'> <Ports = 0> <Width = 8> <Depth = 8> <ROM>
ST_4 : Operation 497 [1/1] (0.00ns)   --->   "%tpgBarSelRgb_r_addr_3 = getelementptr i2 %tpgBarSelRgb_r, i64 0, i64 %zext_ln1215_1" [/home/training/AUPBoard/aup_hdmi_pass_thru_2023p1_working/aup_hdmi_pass_thru_2023p1/HDMI_Pass_Thru_ExDes/v_hdmi_rx_ss_0_ex/v_hdmi_rx_ss_0_ex.runs/exdes_v_tpg_0_synth_1/prj/sol/.autopilot/db/v_tpg.cpp:1215->/home/training/AUPBoard/aup_hdmi_pass_thru_2023p1_working/aup_hdmi_pass_thru_2023p1/HDMI_Pass_Thru_ExDes/v_hdmi_rx_ss_0_ex/v_hdmi_rx_ss_0_ex.runs/exdes_v_tpg_0_synth_1/prj/sol/.autopilot/db/v_tpg.cpp:604]   --->   Operation 497 'getelementptr' 'tpgBarSelRgb_r_addr_3' <Predicate = (icmp_ln520 & bckgndId_load_read == 9 & tmp_18)> <Delay = 0.00>
ST_4 : Operation 498 [2/2] (0.67ns)   --->   "%tpgBarSelRgb_r_load_3 = load i3 %tpgBarSelRgb_r_addr_3" [/home/training/AUPBoard/aup_hdmi_pass_thru_2023p1_working/aup_hdmi_pass_thru_2023p1/HDMI_Pass_Thru_ExDes/v_hdmi_rx_ss_0_ex/v_hdmi_rx_ss_0_ex.runs/exdes_v_tpg_0_synth_1/prj/sol/.autopilot/db/v_tpg.cpp:1215->/home/training/AUPBoard/aup_hdmi_pass_thru_2023p1_working/aup_hdmi_pass_thru_2023p1/HDMI_Pass_Thru_ExDes/v_hdmi_rx_ss_0_ex/v_hdmi_rx_ss_0_ex.runs/exdes_v_tpg_0_synth_1/prj/sol/.autopilot/db/v_tpg.cpp:604]   --->   Operation 498 'load' 'tpgBarSelRgb_r_load_3' <Predicate = (icmp_ln520 & bckgndId_load_read == 9 & tmp_18)> <Delay = 0.67> <CoreInst = "ROM">   --->   Core 101 'ROM' <Latency = 1> <II = 1> <Delay = 0.67> <Storage> <Opcode : 'load'> <Ports = 0> <Width = 2> <Depth = 8> <ROM>
ST_4 : Operation 499 [1/1] (0.00ns)   --->   "%tpgBarSelRgb_g_addr_3 = getelementptr i2 %tpgBarSelRgb_g, i64 0, i64 %zext_ln1215_1" [/home/training/AUPBoard/aup_hdmi_pass_thru_2023p1_working/aup_hdmi_pass_thru_2023p1/HDMI_Pass_Thru_ExDes/v_hdmi_rx_ss_0_ex/v_hdmi_rx_ss_0_ex.runs/exdes_v_tpg_0_synth_1/prj/sol/.autopilot/db/v_tpg.cpp:1218->/home/training/AUPBoard/aup_hdmi_pass_thru_2023p1_working/aup_hdmi_pass_thru_2023p1/HDMI_Pass_Thru_ExDes/v_hdmi_rx_ss_0_ex/v_hdmi_rx_ss_0_ex.runs/exdes_v_tpg_0_synth_1/prj/sol/.autopilot/db/v_tpg.cpp:604]   --->   Operation 499 'getelementptr' 'tpgBarSelRgb_g_addr_3' <Predicate = (icmp_ln520 & bckgndId_load_read == 9 & tmp_18)> <Delay = 0.00>
ST_4 : Operation 500 [2/2] (0.67ns)   --->   "%tpgBarSelRgb_g_load_3 = load i3 %tpgBarSelRgb_g_addr_3" [/home/training/AUPBoard/aup_hdmi_pass_thru_2023p1_working/aup_hdmi_pass_thru_2023p1/HDMI_Pass_Thru_ExDes/v_hdmi_rx_ss_0_ex/v_hdmi_rx_ss_0_ex.runs/exdes_v_tpg_0_synth_1/prj/sol/.autopilot/db/v_tpg.cpp:1218->/home/training/AUPBoard/aup_hdmi_pass_thru_2023p1_working/aup_hdmi_pass_thru_2023p1/HDMI_Pass_Thru_ExDes/v_hdmi_rx_ss_0_ex/v_hdmi_rx_ss_0_ex.runs/exdes_v_tpg_0_synth_1/prj/sol/.autopilot/db/v_tpg.cpp:604]   --->   Operation 500 'load' 'tpgBarSelRgb_g_load_3' <Predicate = (icmp_ln520 & bckgndId_load_read == 9 & tmp_18)> <Delay = 0.67> <CoreInst = "ROM">   --->   Core 101 'ROM' <Latency = 1> <II = 1> <Delay = 0.67> <Storage> <Opcode : 'load'> <Ports = 0> <Width = 2> <Depth = 8> <ROM>
ST_4 : Operation 501 [1/1] (0.00ns)   --->   "%tpgBarSelRgb_b_addr_3 = getelementptr i2 %tpgBarSelRgb_b, i64 0, i64 %zext_ln1215_1" [/home/training/AUPBoard/aup_hdmi_pass_thru_2023p1_working/aup_hdmi_pass_thru_2023p1/HDMI_Pass_Thru_ExDes/v_hdmi_rx_ss_0_ex/v_hdmi_rx_ss_0_ex.runs/exdes_v_tpg_0_synth_1/prj/sol/.autopilot/db/v_tpg.cpp:1223->/home/training/AUPBoard/aup_hdmi_pass_thru_2023p1_working/aup_hdmi_pass_thru_2023p1/HDMI_Pass_Thru_ExDes/v_hdmi_rx_ss_0_ex/v_hdmi_rx_ss_0_ex.runs/exdes_v_tpg_0_synth_1/prj/sol/.autopilot/db/v_tpg.cpp:604]   --->   Operation 501 'getelementptr' 'tpgBarSelRgb_b_addr_3' <Predicate = (icmp_ln520 & bckgndId_load_read == 9 & tmp_18)> <Delay = 0.00>
ST_4 : Operation 502 [2/2] (0.67ns)   --->   "%tpgBarSelRgb_b_load_3 = load i3 %tpgBarSelRgb_b_addr_3" [/home/training/AUPBoard/aup_hdmi_pass_thru_2023p1_working/aup_hdmi_pass_thru_2023p1/HDMI_Pass_Thru_ExDes/v_hdmi_rx_ss_0_ex/v_hdmi_rx_ss_0_ex.runs/exdes_v_tpg_0_synth_1/prj/sol/.autopilot/db/v_tpg.cpp:1223->/home/training/AUPBoard/aup_hdmi_pass_thru_2023p1_working/aup_hdmi_pass_thru_2023p1/HDMI_Pass_Thru_ExDes/v_hdmi_rx_ss_0_ex/v_hdmi_rx_ss_0_ex.runs/exdes_v_tpg_0_synth_1/prj/sol/.autopilot/db/v_tpg.cpp:604]   --->   Operation 502 'load' 'tpgBarSelRgb_b_load_3' <Predicate = (icmp_ln520 & bckgndId_load_read == 9 & tmp_18)> <Delay = 0.67> <CoreInst = "ROM">   --->   Core 101 'ROM' <Latency = 1> <II = 1> <Delay = 0.67> <Storage> <Opcode : 'load'> <Ports = 0> <Width = 2> <Depth = 8> <ROM>
ST_4 : Operation 503 [1/1] (0.35ns)   --->   "%select_ln1162_7 = select i1 %tmp_14, i64 1, i64 2" [/home/training/AUPBoard/aup_hdmi_pass_thru_2023p1_working/aup_hdmi_pass_thru_2023p1/HDMI_Pass_Thru_ExDes/v_hdmi_rx_ss_0_ex/v_hdmi_rx_ss_0_ex.runs/exdes_v_tpg_0_synth_1/prj/sol/.autopilot/db/v_tpg.cpp:1162->/home/training/AUPBoard/aup_hdmi_pass_thru_2023p1_working/aup_hdmi_pass_thru_2023p1/HDMI_Pass_Thru_ExDes/v_hdmi_rx_ss_0_ex/v_hdmi_rx_ss_0_ex.runs/exdes_v_tpg_0_synth_1/prj/sol/.autopilot/db/v_tpg.cpp:598]   --->   Operation 503 'select' 'select_ln1162_7' <Predicate = (icmp_ln520 & bckgndId_load_read == 8 & !tmp_18)> <Delay = 0.35> <CoreInst = "Sel">   --->   Core 73 'Sel' <Latency = 0> <II = 1> <Delay = 0.35> <FuncUnit> <Opcode : 'select'> <InPorts = 3> <OutPorts = 1>
ST_4 : Operation 504 [1/1] (0.00ns)   --->   "%blkYuv_addr_7 = getelementptr i8 %blkYuv, i64 0, i64 %select_ln1162_7" [/home/training/AUPBoard/aup_hdmi_pass_thru_2023p1_working/aup_hdmi_pass_thru_2023p1/HDMI_Pass_Thru_ExDes/v_hdmi_rx_ss_0_ex/v_hdmi_rx_ss_0_ex.runs/exdes_v_tpg_0_synth_1/prj/sol/.autopilot/db/v_tpg.cpp:1162->/home/training/AUPBoard/aup_hdmi_pass_thru_2023p1_working/aup_hdmi_pass_thru_2023p1/HDMI_Pass_Thru_ExDes/v_hdmi_rx_ss_0_ex/v_hdmi_rx_ss_0_ex.runs/exdes_v_tpg_0_synth_1/prj/sol/.autopilot/db/v_tpg.cpp:598]   --->   Operation 504 'getelementptr' 'blkYuv_addr_7' <Predicate = (icmp_ln520 & bckgndId_load_read == 8 & !tmp_18)> <Delay = 0.00>
ST_4 : Operation 505 [2/2] (0.67ns)   --->   "%blkYuv_load_7 = load i2 %blkYuv_addr_7" [/home/training/AUPBoard/aup_hdmi_pass_thru_2023p1_working/aup_hdmi_pass_thru_2023p1/HDMI_Pass_Thru_ExDes/v_hdmi_rx_ss_0_ex/v_hdmi_rx_ss_0_ex.runs/exdes_v_tpg_0_synth_1/prj/sol/.autopilot/db/v_tpg.cpp:1161->/home/training/AUPBoard/aup_hdmi_pass_thru_2023p1_working/aup_hdmi_pass_thru_2023p1/HDMI_Pass_Thru_ExDes/v_hdmi_rx_ss_0_ex/v_hdmi_rx_ss_0_ex.runs/exdes_v_tpg_0_synth_1/prj/sol/.autopilot/db/v_tpg.cpp:598]   --->   Operation 505 'load' 'blkYuv_load_7' <Predicate = (icmp_ln520 & bckgndId_load_read == 8 & !tmp_18)> <Delay = 0.67> <CoreInst = "ROM">   --->   Core 101 'ROM' <Latency = 1> <II = 1> <Delay = 0.67> <Storage> <Opcode : 'load'> <Ports = 0> <Width = 8> <Depth = 3> <ROM>
ST_4 : Operation 506 [1/1] (0.35ns)   --->   "%select_ln1162_6 = select i1 %tmp_14, i64 1, i64 2" [/home/training/AUPBoard/aup_hdmi_pass_thru_2023p1_working/aup_hdmi_pass_thru_2023p1/HDMI_Pass_Thru_ExDes/v_hdmi_rx_ss_0_ex/v_hdmi_rx_ss_0_ex.runs/exdes_v_tpg_0_synth_1/prj/sol/.autopilot/db/v_tpg.cpp:1162->/home/training/AUPBoard/aup_hdmi_pass_thru_2023p1_working/aup_hdmi_pass_thru_2023p1/HDMI_Pass_Thru_ExDes/v_hdmi_rx_ss_0_ex/v_hdmi_rx_ss_0_ex.runs/exdes_v_tpg_0_synth_1/prj/sol/.autopilot/db/v_tpg.cpp:590]   --->   Operation 506 'select' 'select_ln1162_6' <Predicate = (icmp_ln520 & bckgndId_load_read == 7 & !tmp_18)> <Delay = 0.35> <CoreInst = "Sel">   --->   Core 73 'Sel' <Latency = 0> <II = 1> <Delay = 0.35> <FuncUnit> <Opcode : 'select'> <InPorts = 3> <OutPorts = 1>
ST_4 : Operation 507 [1/1] (0.00ns)   --->   "%blkYuv_addr_6 = getelementptr i8 %blkYuv, i64 0, i64 %select_ln1162_6" [/home/training/AUPBoard/aup_hdmi_pass_thru_2023p1_working/aup_hdmi_pass_thru_2023p1/HDMI_Pass_Thru_ExDes/v_hdmi_rx_ss_0_ex/v_hdmi_rx_ss_0_ex.runs/exdes_v_tpg_0_synth_1/prj/sol/.autopilot/db/v_tpg.cpp:1162->/home/training/AUPBoard/aup_hdmi_pass_thru_2023p1_working/aup_hdmi_pass_thru_2023p1/HDMI_Pass_Thru_ExDes/v_hdmi_rx_ss_0_ex/v_hdmi_rx_ss_0_ex.runs/exdes_v_tpg_0_synth_1/prj/sol/.autopilot/db/v_tpg.cpp:590]   --->   Operation 507 'getelementptr' 'blkYuv_addr_6' <Predicate = (icmp_ln520 & bckgndId_load_read == 7 & !tmp_18)> <Delay = 0.00>
ST_4 : Operation 508 [2/2] (0.67ns)   --->   "%blkYuv_load_6 = load i2 %blkYuv_addr_6" [/home/training/AUPBoard/aup_hdmi_pass_thru_2023p1_working/aup_hdmi_pass_thru_2023p1/HDMI_Pass_Thru_ExDes/v_hdmi_rx_ss_0_ex/v_hdmi_rx_ss_0_ex.runs/exdes_v_tpg_0_synth_1/prj/sol/.autopilot/db/v_tpg.cpp:1161->/home/training/AUPBoard/aup_hdmi_pass_thru_2023p1_working/aup_hdmi_pass_thru_2023p1/HDMI_Pass_Thru_ExDes/v_hdmi_rx_ss_0_ex/v_hdmi_rx_ss_0_ex.runs/exdes_v_tpg_0_synth_1/prj/sol/.autopilot/db/v_tpg.cpp:590]   --->   Operation 508 'load' 'blkYuv_load_6' <Predicate = (icmp_ln520 & bckgndId_load_read == 7 & !tmp_18)> <Delay = 0.67> <CoreInst = "ROM">   --->   Core 101 'ROM' <Latency = 1> <II = 1> <Delay = 0.67> <Storage> <Opcode : 'load'> <Ports = 0> <Width = 8> <Depth = 3> <ROM>
ST_4 : Operation 509 [1/1] (0.35ns)   --->   "%select_ln1162_5 = select i1 %tmp_14, i64 1, i64 2" [/home/training/AUPBoard/aup_hdmi_pass_thru_2023p1_working/aup_hdmi_pass_thru_2023p1/HDMI_Pass_Thru_ExDes/v_hdmi_rx_ss_0_ex/v_hdmi_rx_ss_0_ex.runs/exdes_v_tpg_0_synth_1/prj/sol/.autopilot/db/v_tpg.cpp:1162->/home/training/AUPBoard/aup_hdmi_pass_thru_2023p1_working/aup_hdmi_pass_thru_2023p1/HDMI_Pass_Thru_ExDes/v_hdmi_rx_ss_0_ex/v_hdmi_rx_ss_0_ex.runs/exdes_v_tpg_0_synth_1/prj/sol/.autopilot/db/v_tpg.cpp:582]   --->   Operation 509 'select' 'select_ln1162_5' <Predicate = (icmp_ln520 & bckgndId_load_read == 6 & !tmp_18)> <Delay = 0.35> <CoreInst = "Sel">   --->   Core 73 'Sel' <Latency = 0> <II = 1> <Delay = 0.35> <FuncUnit> <Opcode : 'select'> <InPorts = 3> <OutPorts = 1>
ST_4 : Operation 510 [1/1] (0.00ns)   --->   "%blkYuv_addr_5 = getelementptr i8 %blkYuv, i64 0, i64 %select_ln1162_5" [/home/training/AUPBoard/aup_hdmi_pass_thru_2023p1_working/aup_hdmi_pass_thru_2023p1/HDMI_Pass_Thru_ExDes/v_hdmi_rx_ss_0_ex/v_hdmi_rx_ss_0_ex.runs/exdes_v_tpg_0_synth_1/prj/sol/.autopilot/db/v_tpg.cpp:1162->/home/training/AUPBoard/aup_hdmi_pass_thru_2023p1_working/aup_hdmi_pass_thru_2023p1/HDMI_Pass_Thru_ExDes/v_hdmi_rx_ss_0_ex/v_hdmi_rx_ss_0_ex.runs/exdes_v_tpg_0_synth_1/prj/sol/.autopilot/db/v_tpg.cpp:582]   --->   Operation 510 'getelementptr' 'blkYuv_addr_5' <Predicate = (icmp_ln520 & bckgndId_load_read == 6 & !tmp_18)> <Delay = 0.00>
ST_4 : Operation 511 [2/2] (0.67ns)   --->   "%blkYuv_load_5 = load i2 %blkYuv_addr_5" [/home/training/AUPBoard/aup_hdmi_pass_thru_2023p1_working/aup_hdmi_pass_thru_2023p1/HDMI_Pass_Thru_ExDes/v_hdmi_rx_ss_0_ex/v_hdmi_rx_ss_0_ex.runs/exdes_v_tpg_0_synth_1/prj/sol/.autopilot/db/v_tpg.cpp:1161->/home/training/AUPBoard/aup_hdmi_pass_thru_2023p1_working/aup_hdmi_pass_thru_2023p1/HDMI_Pass_Thru_ExDes/v_hdmi_rx_ss_0_ex/v_hdmi_rx_ss_0_ex.runs/exdes_v_tpg_0_synth_1/prj/sol/.autopilot/db/v_tpg.cpp:582]   --->   Operation 511 'load' 'blkYuv_load_5' <Predicate = (icmp_ln520 & bckgndId_load_read == 6 & !tmp_18)> <Delay = 0.67> <CoreInst = "ROM">   --->   Core 101 'ROM' <Latency = 1> <II = 1> <Delay = 0.67> <Storage> <Opcode : 'load'> <Ports = 0> <Width = 8> <Depth = 3> <ROM>
ST_4 : Operation 512 [1/1] (0.35ns)   --->   "%select_ln1162_4 = select i1 %tmp_14, i64 1, i64 2" [/home/training/AUPBoard/aup_hdmi_pass_thru_2023p1_working/aup_hdmi_pass_thru_2023p1/HDMI_Pass_Thru_ExDes/v_hdmi_rx_ss_0_ex/v_hdmi_rx_ss_0_ex.runs/exdes_v_tpg_0_synth_1/prj/sol/.autopilot/db/v_tpg.cpp:1162->/home/training/AUPBoard/aup_hdmi_pass_thru_2023p1_working/aup_hdmi_pass_thru_2023p1/HDMI_Pass_Thru_ExDes/v_hdmi_rx_ss_0_ex/v_hdmi_rx_ss_0_ex.runs/exdes_v_tpg_0_synth_1/prj/sol/.autopilot/db/v_tpg.cpp:574]   --->   Operation 512 'select' 'select_ln1162_4' <Predicate = (icmp_ln520 & bckgndId_load_read == 5 & !tmp_18)> <Delay = 0.35> <CoreInst = "Sel">   --->   Core 73 'Sel' <Latency = 0> <II = 1> <Delay = 0.35> <FuncUnit> <Opcode : 'select'> <InPorts = 3> <OutPorts = 1>
ST_4 : Operation 513 [1/1] (0.00ns)   --->   "%blkYuv_addr_4 = getelementptr i8 %blkYuv, i64 0, i64 %select_ln1162_4" [/home/training/AUPBoard/aup_hdmi_pass_thru_2023p1_working/aup_hdmi_pass_thru_2023p1/HDMI_Pass_Thru_ExDes/v_hdmi_rx_ss_0_ex/v_hdmi_rx_ss_0_ex.runs/exdes_v_tpg_0_synth_1/prj/sol/.autopilot/db/v_tpg.cpp:1162->/home/training/AUPBoard/aup_hdmi_pass_thru_2023p1_working/aup_hdmi_pass_thru_2023p1/HDMI_Pass_Thru_ExDes/v_hdmi_rx_ss_0_ex/v_hdmi_rx_ss_0_ex.runs/exdes_v_tpg_0_synth_1/prj/sol/.autopilot/db/v_tpg.cpp:574]   --->   Operation 513 'getelementptr' 'blkYuv_addr_4' <Predicate = (icmp_ln520 & bckgndId_load_read == 5 & !tmp_18)> <Delay = 0.00>
ST_4 : Operation 514 [2/2] (0.67ns)   --->   "%blkYuv_load_4 = load i2 %blkYuv_addr_4" [/home/training/AUPBoard/aup_hdmi_pass_thru_2023p1_working/aup_hdmi_pass_thru_2023p1/HDMI_Pass_Thru_ExDes/v_hdmi_rx_ss_0_ex/v_hdmi_rx_ss_0_ex.runs/exdes_v_tpg_0_synth_1/prj/sol/.autopilot/db/v_tpg.cpp:1161->/home/training/AUPBoard/aup_hdmi_pass_thru_2023p1_working/aup_hdmi_pass_thru_2023p1/HDMI_Pass_Thru_ExDes/v_hdmi_rx_ss_0_ex/v_hdmi_rx_ss_0_ex.runs/exdes_v_tpg_0_synth_1/prj/sol/.autopilot/db/v_tpg.cpp:574]   --->   Operation 514 'load' 'blkYuv_load_4' <Predicate = (icmp_ln520 & bckgndId_load_read == 5 & !tmp_18)> <Delay = 0.67> <CoreInst = "ROM">   --->   Core 101 'ROM' <Latency = 1> <II = 1> <Delay = 0.67> <Storage> <Opcode : 'load'> <Ports = 0> <Width = 8> <Depth = 3> <ROM>
ST_4 : Operation 515 [1/1] (0.35ns)   --->   "%select_ln1162_3 = select i1 %tmp_14, i64 1, i64 2" [/home/training/AUPBoard/aup_hdmi_pass_thru_2023p1_working/aup_hdmi_pass_thru_2023p1/HDMI_Pass_Thru_ExDes/v_hdmi_rx_ss_0_ex/v_hdmi_rx_ss_0_ex.runs/exdes_v_tpg_0_synth_1/prj/sol/.autopilot/db/v_tpg.cpp:1162->/home/training/AUPBoard/aup_hdmi_pass_thru_2023p1_working/aup_hdmi_pass_thru_2023p1/HDMI_Pass_Thru_ExDes/v_hdmi_rx_ss_0_ex/v_hdmi_rx_ss_0_ex.runs/exdes_v_tpg_0_synth_1/prj/sol/.autopilot/db/v_tpg.cpp:566]   --->   Operation 515 'select' 'select_ln1162_3' <Predicate = (icmp_ln520 & bckgndId_load_read == 4 & !tmp_18)> <Delay = 0.35> <CoreInst = "Sel">   --->   Core 73 'Sel' <Latency = 0> <II = 1> <Delay = 0.35> <FuncUnit> <Opcode : 'select'> <InPorts = 3> <OutPorts = 1>
ST_4 : Operation 516 [1/1] (0.00ns)   --->   "%blkYuv_addr_3 = getelementptr i8 %blkYuv, i64 0, i64 %select_ln1162_3" [/home/training/AUPBoard/aup_hdmi_pass_thru_2023p1_working/aup_hdmi_pass_thru_2023p1/HDMI_Pass_Thru_ExDes/v_hdmi_rx_ss_0_ex/v_hdmi_rx_ss_0_ex.runs/exdes_v_tpg_0_synth_1/prj/sol/.autopilot/db/v_tpg.cpp:1162->/home/training/AUPBoard/aup_hdmi_pass_thru_2023p1_working/aup_hdmi_pass_thru_2023p1/HDMI_Pass_Thru_ExDes/v_hdmi_rx_ss_0_ex/v_hdmi_rx_ss_0_ex.runs/exdes_v_tpg_0_synth_1/prj/sol/.autopilot/db/v_tpg.cpp:566]   --->   Operation 516 'getelementptr' 'blkYuv_addr_3' <Predicate = (icmp_ln520 & bckgndId_load_read == 4 & !tmp_18)> <Delay = 0.00>
ST_4 : Operation 517 [2/2] (0.67ns)   --->   "%blkYuv_load_3 = load i2 %blkYuv_addr_3" [/home/training/AUPBoard/aup_hdmi_pass_thru_2023p1_working/aup_hdmi_pass_thru_2023p1/HDMI_Pass_Thru_ExDes/v_hdmi_rx_ss_0_ex/v_hdmi_rx_ss_0_ex.runs/exdes_v_tpg_0_synth_1/prj/sol/.autopilot/db/v_tpg.cpp:1161->/home/training/AUPBoard/aup_hdmi_pass_thru_2023p1_working/aup_hdmi_pass_thru_2023p1/HDMI_Pass_Thru_ExDes/v_hdmi_rx_ss_0_ex/v_hdmi_rx_ss_0_ex.runs/exdes_v_tpg_0_synth_1/prj/sol/.autopilot/db/v_tpg.cpp:566]   --->   Operation 517 'load' 'blkYuv_load_3' <Predicate = (icmp_ln520 & bckgndId_load_read == 4 & !tmp_18)> <Delay = 0.67> <CoreInst = "ROM">   --->   Core 101 'ROM' <Latency = 1> <II = 1> <Delay = 0.67> <Storage> <Opcode : 'load'> <Ports = 0> <Width = 8> <Depth = 3> <ROM>
ST_4 : Operation 518 [1/1] (0.35ns)   --->   "%select_ln1162_2 = select i1 %tmp_14, i64 1, i64 2" [/home/training/AUPBoard/aup_hdmi_pass_thru_2023p1_working/aup_hdmi_pass_thru_2023p1/HDMI_Pass_Thru_ExDes/v_hdmi_rx_ss_0_ex/v_hdmi_rx_ss_0_ex.runs/exdes_v_tpg_0_synth_1/prj/sol/.autopilot/db/v_tpg.cpp:1162->/home/training/AUPBoard/aup_hdmi_pass_thru_2023p1_working/aup_hdmi_pass_thru_2023p1/HDMI_Pass_Thru_ExDes/v_hdmi_rx_ss_0_ex/v_hdmi_rx_ss_0_ex.runs/exdes_v_tpg_0_synth_1/prj/sol/.autopilot/db/v_tpg.cpp:558]   --->   Operation 518 'select' 'select_ln1162_2' <Predicate = (icmp_ln520 & bckgndId_load_read == 3 & !tmp_18)> <Delay = 0.35> <CoreInst = "Sel">   --->   Core 73 'Sel' <Latency = 0> <II = 1> <Delay = 0.35> <FuncUnit> <Opcode : 'select'> <InPorts = 3> <OutPorts = 1>
ST_4 : Operation 519 [1/1] (0.00ns)   --->   "%blkYuv_addr_2 = getelementptr i8 %blkYuv, i64 0, i64 %select_ln1162_2" [/home/training/AUPBoard/aup_hdmi_pass_thru_2023p1_working/aup_hdmi_pass_thru_2023p1/HDMI_Pass_Thru_ExDes/v_hdmi_rx_ss_0_ex/v_hdmi_rx_ss_0_ex.runs/exdes_v_tpg_0_synth_1/prj/sol/.autopilot/db/v_tpg.cpp:1162->/home/training/AUPBoard/aup_hdmi_pass_thru_2023p1_working/aup_hdmi_pass_thru_2023p1/HDMI_Pass_Thru_ExDes/v_hdmi_rx_ss_0_ex/v_hdmi_rx_ss_0_ex.runs/exdes_v_tpg_0_synth_1/prj/sol/.autopilot/db/v_tpg.cpp:558]   --->   Operation 519 'getelementptr' 'blkYuv_addr_2' <Predicate = (icmp_ln520 & bckgndId_load_read == 3 & !tmp_18)> <Delay = 0.00>
ST_4 : Operation 520 [2/2] (0.67ns)   --->   "%blkYuv_load_2 = load i2 %blkYuv_addr_2" [/home/training/AUPBoard/aup_hdmi_pass_thru_2023p1_working/aup_hdmi_pass_thru_2023p1/HDMI_Pass_Thru_ExDes/v_hdmi_rx_ss_0_ex/v_hdmi_rx_ss_0_ex.runs/exdes_v_tpg_0_synth_1/prj/sol/.autopilot/db/v_tpg.cpp:1161->/home/training/AUPBoard/aup_hdmi_pass_thru_2023p1_working/aup_hdmi_pass_thru_2023p1/HDMI_Pass_Thru_ExDes/v_hdmi_rx_ss_0_ex/v_hdmi_rx_ss_0_ex.runs/exdes_v_tpg_0_synth_1/prj/sol/.autopilot/db/v_tpg.cpp:558]   --->   Operation 520 'load' 'blkYuv_load_2' <Predicate = (icmp_ln520 & bckgndId_load_read == 3 & !tmp_18)> <Delay = 0.67> <CoreInst = "ROM">   --->   Core 101 'ROM' <Latency = 1> <II = 1> <Delay = 0.67> <Storage> <Opcode : 'load'> <Ports = 0> <Width = 8> <Depth = 3> <ROM>
ST_4 : Operation 521 [1/1] (0.35ns)   --->   "%select_ln1162_1 = select i1 %tmp_14, i64 1, i64 2" [/home/training/AUPBoard/aup_hdmi_pass_thru_2023p1_working/aup_hdmi_pass_thru_2023p1/HDMI_Pass_Thru_ExDes/v_hdmi_rx_ss_0_ex/v_hdmi_rx_ss_0_ex.runs/exdes_v_tpg_0_synth_1/prj/sol/.autopilot/db/v_tpg.cpp:1162->/home/training/AUPBoard/aup_hdmi_pass_thru_2023p1_working/aup_hdmi_pass_thru_2023p1/HDMI_Pass_Thru_ExDes/v_hdmi_rx_ss_0_ex/v_hdmi_rx_ss_0_ex.runs/exdes_v_tpg_0_synth_1/prj/sol/.autopilot/db/v_tpg.cpp:550]   --->   Operation 521 'select' 'select_ln1162_1' <Predicate = (icmp_ln520 & bckgndId_load_read == 2 & !tmp_18)> <Delay = 0.35> <CoreInst = "Sel">   --->   Core 73 'Sel' <Latency = 0> <II = 1> <Delay = 0.35> <FuncUnit> <Opcode : 'select'> <InPorts = 3> <OutPorts = 1>
ST_4 : Operation 522 [1/1] (0.00ns)   --->   "%blkYuv_addr_1 = getelementptr i8 %blkYuv, i64 0, i64 %select_ln1162_1" [/home/training/AUPBoard/aup_hdmi_pass_thru_2023p1_working/aup_hdmi_pass_thru_2023p1/HDMI_Pass_Thru_ExDes/v_hdmi_rx_ss_0_ex/v_hdmi_rx_ss_0_ex.runs/exdes_v_tpg_0_synth_1/prj/sol/.autopilot/db/v_tpg.cpp:1162->/home/training/AUPBoard/aup_hdmi_pass_thru_2023p1_working/aup_hdmi_pass_thru_2023p1/HDMI_Pass_Thru_ExDes/v_hdmi_rx_ss_0_ex/v_hdmi_rx_ss_0_ex.runs/exdes_v_tpg_0_synth_1/prj/sol/.autopilot/db/v_tpg.cpp:550]   --->   Operation 522 'getelementptr' 'blkYuv_addr_1' <Predicate = (icmp_ln520 & bckgndId_load_read == 2 & !tmp_18)> <Delay = 0.00>
ST_4 : Operation 523 [2/2] (0.67ns)   --->   "%blkYuv_load_1 = load i2 %blkYuv_addr_1" [/home/training/AUPBoard/aup_hdmi_pass_thru_2023p1_working/aup_hdmi_pass_thru_2023p1/HDMI_Pass_Thru_ExDes/v_hdmi_rx_ss_0_ex/v_hdmi_rx_ss_0_ex.runs/exdes_v_tpg_0_synth_1/prj/sol/.autopilot/db/v_tpg.cpp:1161->/home/training/AUPBoard/aup_hdmi_pass_thru_2023p1_working/aup_hdmi_pass_thru_2023p1/HDMI_Pass_Thru_ExDes/v_hdmi_rx_ss_0_ex/v_hdmi_rx_ss_0_ex.runs/exdes_v_tpg_0_synth_1/prj/sol/.autopilot/db/v_tpg.cpp:550]   --->   Operation 523 'load' 'blkYuv_load_1' <Predicate = (icmp_ln520 & bckgndId_load_read == 2 & !tmp_18)> <Delay = 0.67> <CoreInst = "ROM">   --->   Core 101 'ROM' <Latency = 1> <II = 1> <Delay = 0.67> <Storage> <Opcode : 'load'> <Ports = 0> <Width = 8> <Depth = 3> <ROM>
ST_4 : Operation 524 [1/1] (0.35ns)   --->   "%select_ln1162 = select i1 %tmp_14, i64 1, i64 2" [/home/training/AUPBoard/aup_hdmi_pass_thru_2023p1_working/aup_hdmi_pass_thru_2023p1/HDMI_Pass_Thru_ExDes/v_hdmi_rx_ss_0_ex/v_hdmi_rx_ss_0_ex.runs/exdes_v_tpg_0_synth_1/prj/sol/.autopilot/db/v_tpg.cpp:1162->/home/training/AUPBoard/aup_hdmi_pass_thru_2023p1_working/aup_hdmi_pass_thru_2023p1/HDMI_Pass_Thru_ExDes/v_hdmi_rx_ss_0_ex/v_hdmi_rx_ss_0_ex.runs/exdes_v_tpg_0_synth_1/prj/sol/.autopilot/db/v_tpg.cpp:542]   --->   Operation 524 'select' 'select_ln1162' <Predicate = (icmp_ln520 & bckgndId_load_read == 1 & !tmp_18)> <Delay = 0.35> <CoreInst = "Sel">   --->   Core 73 'Sel' <Latency = 0> <II = 1> <Delay = 0.35> <FuncUnit> <Opcode : 'select'> <InPorts = 3> <OutPorts = 1>
ST_4 : Operation 525 [1/1] (0.00ns)   --->   "%blkYuv_addr = getelementptr i8 %blkYuv, i64 0, i64 %select_ln1162" [/home/training/AUPBoard/aup_hdmi_pass_thru_2023p1_working/aup_hdmi_pass_thru_2023p1/HDMI_Pass_Thru_ExDes/v_hdmi_rx_ss_0_ex/v_hdmi_rx_ss_0_ex.runs/exdes_v_tpg_0_synth_1/prj/sol/.autopilot/db/v_tpg.cpp:1162->/home/training/AUPBoard/aup_hdmi_pass_thru_2023p1_working/aup_hdmi_pass_thru_2023p1/HDMI_Pass_Thru_ExDes/v_hdmi_rx_ss_0_ex/v_hdmi_rx_ss_0_ex.runs/exdes_v_tpg_0_synth_1/prj/sol/.autopilot/db/v_tpg.cpp:542]   --->   Operation 525 'getelementptr' 'blkYuv_addr' <Predicate = (icmp_ln520 & bckgndId_load_read == 1 & !tmp_18)> <Delay = 0.00>
ST_4 : Operation 526 [2/2] (0.67ns)   --->   "%blkYuv_load = load i2 %blkYuv_addr" [/home/training/AUPBoard/aup_hdmi_pass_thru_2023p1_working/aup_hdmi_pass_thru_2023p1/HDMI_Pass_Thru_ExDes/v_hdmi_rx_ss_0_ex/v_hdmi_rx_ss_0_ex.runs/exdes_v_tpg_0_synth_1/prj/sol/.autopilot/db/v_tpg.cpp:1161->/home/training/AUPBoard/aup_hdmi_pass_thru_2023p1_working/aup_hdmi_pass_thru_2023p1/HDMI_Pass_Thru_ExDes/v_hdmi_rx_ss_0_ex/v_hdmi_rx_ss_0_ex.runs/exdes_v_tpg_0_synth_1/prj/sol/.autopilot/db/v_tpg.cpp:542]   --->   Operation 526 'load' 'blkYuv_load' <Predicate = (icmp_ln520 & bckgndId_load_read == 1 & !tmp_18)> <Delay = 0.67> <CoreInst = "ROM">   --->   Core 101 'ROM' <Latency = 1> <II = 1> <Delay = 0.67> <Storage> <Opcode : 'load'> <Ports = 0> <Width = 8> <Depth = 3> <ROM>

State 5 <SV = 4> <Delay = 1.06>
ST_5 : Operation 527 [1/1] (0.00ns)   --->   "%outpix_26 = load i8 %p_0_0_0_0_0243373_out"   --->   Operation 527 'load' 'outpix_26' <Predicate = (icmp_ln520)> <Delay = 0.00>
ST_5 : Operation 528 [1/1] (0.00ns)   --->   "%outpix_25 = load i8 %p_0_1_0_0_0245375_out"   --->   Operation 528 'load' 'outpix_25' <Predicate = (icmp_ln520)> <Delay = 0.00>
ST_5 : Operation 529 [1/1] (0.00ns)   --->   "%outpix_24 = load i8 %p_0_2_0_0_0247377_out"   --->   Operation 529 'load' 'outpix_24' <Predicate = (icmp_ln520)> <Delay = 0.00>
ST_5 : Operation 530 [1/1] (0.00ns)   --->   "%outpix_23 = load i8 %p_0_3_0_0_0249379_out"   --->   Operation 530 'load' 'outpix_23' <Predicate = (icmp_ln520)> <Delay = 0.00>
ST_5 : Operation 531 [1/1] (0.00ns)   --->   "%outpix_22 = load i8 %p_0_4_0_0_0251381_out"   --->   Operation 531 'load' 'outpix_22' <Predicate = (icmp_ln520)> <Delay = 0.00>
ST_5 : Operation 532 [1/1] (0.00ns)   --->   "%outpix_21 = load i8 %p_0_5_0_0_0253383_out"   --->   Operation 532 'load' 'outpix_21' <Predicate = (icmp_ln520)> <Delay = 0.00>
ST_5 : Operation 533 [1/1] (0.93ns)   --->   "%switch_ln528 = switch i8 %bckgndId_load_read, void %if.end.sw.epilog_crit_edge, i8 0, void %sw.epilog, i8 1, void %sw.bb10, i8 2, void %sw.bb11, i8 3, void %sw.bb13, i8 4, void %sw.bb15, i8 5, void %sw.bb17, i8 6, void %sw.bb19, i8 7, void %sw.bb21, i8 8, void %sw.bb23, i8 9, void %sw.bb25, i8 10, void %sw.bb27, i8 11, void %sw.bb29, i8 12, void %sw.bb31, i8 13, void %sw.bb33, i8 14, void %sw.bb35, i8 15, void %sw.bb37, i8 16, void %sw.bb39, i8 17, void %sw.bb41, i8 18, void %sw.bb43, i8 19, void %sw.bb45" [/home/training/AUPBoard/aup_hdmi_pass_thru_2023p1_working/aup_hdmi_pass_thru_2023p1/HDMI_Pass_Thru_ExDes/v_hdmi_rx_ss_0_ex/v_hdmi_rx_ss_0_ex.runs/exdes_v_tpg_0_synth_1/prj/sol/.autopilot/db/v_tpg.cpp:528]   --->   Operation 533 'switch' 'switch_ln528' <Predicate = (icmp_ln520)> <Delay = 0.93>
ST_5 : Operation 534 [1/1] (0.38ns)   --->   "%outpix_103 = select i1 %tmp_18, i8 0, i8 128"   --->   Operation 534 'select' 'outpix_103' <Predicate = (icmp_ln520 & bckgndId_load_read == 19)> <Delay = 0.38> <CoreInst = "Sel">   --->   Core 73 'Sel' <Latency = 0> <II = 1> <Delay = 0.38> <FuncUnit> <Opcode : 'select'> <InPorts = 3> <OutPorts = 1>
ST_5 : Operation 535 [1/1] (0.93ns)   --->   "%br_ln1161 = br i1 %tmp_18, void %cond.false.i, void %sw.epilog" [/home/training/AUPBoard/aup_hdmi_pass_thru_2023p1_working/aup_hdmi_pass_thru_2023p1/HDMI_Pass_Thru_ExDes/v_hdmi_rx_ss_0_ex/v_hdmi_rx_ss_0_ex.runs/exdes_v_tpg_0_synth_1/prj/sol/.autopilot/db/v_tpg.cpp:1161->/home/training/AUPBoard/aup_hdmi_pass_thru_2023p1_working/aup_hdmi_pass_thru_2023p1/HDMI_Pass_Thru_ExDes/v_hdmi_rx_ss_0_ex/v_hdmi_rx_ss_0_ex.runs/exdes_v_tpg_0_synth_1/prj/sol/.autopilot/db/v_tpg.cpp:678]   --->   Operation 535 'br' 'br_ln1161' <Predicate = (icmp_ln520 & bckgndId_load_read == 19)> <Delay = 0.93>
ST_5 : Operation 536 [1/2] (0.67ns)   --->   "%blkYuv_load_13 = load i2 %blkYuv_addr_13" [/home/training/AUPBoard/aup_hdmi_pass_thru_2023p1_working/aup_hdmi_pass_thru_2023p1/HDMI_Pass_Thru_ExDes/v_hdmi_rx_ss_0_ex/v_hdmi_rx_ss_0_ex.runs/exdes_v_tpg_0_synth_1/prj/sol/.autopilot/db/v_tpg.cpp:1161->/home/training/AUPBoard/aup_hdmi_pass_thru_2023p1_working/aup_hdmi_pass_thru_2023p1/HDMI_Pass_Thru_ExDes/v_hdmi_rx_ss_0_ex/v_hdmi_rx_ss_0_ex.runs/exdes_v_tpg_0_synth_1/prj/sol/.autopilot/db/v_tpg.cpp:678]   --->   Operation 536 'load' 'blkYuv_load_13' <Predicate = (icmp_ln520 & bckgndId_load_read == 19 & !tmp_18)> <Delay = 0.67> <CoreInst = "ROM">   --->   Core 101 'ROM' <Latency = 1> <II = 1> <Delay = 0.67> <Storage> <Opcode : 'load'> <Ports = 0> <Width = 8> <Depth = 3> <ROM>
ST_5 : Operation 537 [1/1] (0.93ns)   --->   "%br_ln1161 = br void %sw.epilog" [/home/training/AUPBoard/aup_hdmi_pass_thru_2023p1_working/aup_hdmi_pass_thru_2023p1/HDMI_Pass_Thru_ExDes/v_hdmi_rx_ss_0_ex/v_hdmi_rx_ss_0_ex.runs/exdes_v_tpg_0_synth_1/prj/sol/.autopilot/db/v_tpg.cpp:1161->/home/training/AUPBoard/aup_hdmi_pass_thru_2023p1_working/aup_hdmi_pass_thru_2023p1/HDMI_Pass_Thru_ExDes/v_hdmi_rx_ss_0_ex/v_hdmi_rx_ss_0_ex.runs/exdes_v_tpg_0_synth_1/prj/sol/.autopilot/db/v_tpg.cpp:678]   --->   Operation 537 'br' 'br_ln1161' <Predicate = (icmp_ln520 & bckgndId_load_read == 19 & !tmp_18)> <Delay = 0.93>
ST_5 : Operation 538 [1/1] (0.38ns)   --->   "%outpix_102 = select i1 %tmp_18, i8 0, i8 128"   --->   Operation 538 'select' 'outpix_102' <Predicate = (icmp_ln520 & bckgndId_load_read == 18)> <Delay = 0.38> <CoreInst = "Sel">   --->   Core 73 'Sel' <Latency = 0> <II = 1> <Delay = 0.38> <FuncUnit> <Opcode : 'select'> <InPorts = 3> <OutPorts = 1>
ST_5 : Operation 539 [1/1] (0.93ns)   --->   "%br_ln1161 = br i1 %tmp_18, void %cond.false.i18, void %sw.epilog" [/home/training/AUPBoard/aup_hdmi_pass_thru_2023p1_working/aup_hdmi_pass_thru_2023p1/HDMI_Pass_Thru_ExDes/v_hdmi_rx_ss_0_ex/v_hdmi_rx_ss_0_ex.runs/exdes_v_tpg_0_synth_1/prj/sol/.autopilot/db/v_tpg.cpp:1161->/home/training/AUPBoard/aup_hdmi_pass_thru_2023p1_working/aup_hdmi_pass_thru_2023p1/HDMI_Pass_Thru_ExDes/v_hdmi_rx_ss_0_ex/v_hdmi_rx_ss_0_ex.runs/exdes_v_tpg_0_synth_1/prj/sol/.autopilot/db/v_tpg.cpp:671]   --->   Operation 539 'br' 'br_ln1161' <Predicate = (icmp_ln520 & bckgndId_load_read == 18)> <Delay = 0.93>
ST_5 : Operation 540 [1/2] (0.67ns)   --->   "%blkYuv_load_12 = load i2 %blkYuv_addr_12" [/home/training/AUPBoard/aup_hdmi_pass_thru_2023p1_working/aup_hdmi_pass_thru_2023p1/HDMI_Pass_Thru_ExDes/v_hdmi_rx_ss_0_ex/v_hdmi_rx_ss_0_ex.runs/exdes_v_tpg_0_synth_1/prj/sol/.autopilot/db/v_tpg.cpp:1161->/home/training/AUPBoard/aup_hdmi_pass_thru_2023p1_working/aup_hdmi_pass_thru_2023p1/HDMI_Pass_Thru_ExDes/v_hdmi_rx_ss_0_ex/v_hdmi_rx_ss_0_ex.runs/exdes_v_tpg_0_synth_1/prj/sol/.autopilot/db/v_tpg.cpp:671]   --->   Operation 540 'load' 'blkYuv_load_12' <Predicate = (icmp_ln520 & bckgndId_load_read == 18 & !tmp_18)> <Delay = 0.67> <CoreInst = "ROM">   --->   Core 101 'ROM' <Latency = 1> <II = 1> <Delay = 0.67> <Storage> <Opcode : 'load'> <Ports = 0> <Width = 8> <Depth = 3> <ROM>
ST_5 : Operation 541 [1/1] (0.93ns)   --->   "%br_ln1161 = br void %sw.epilog" [/home/training/AUPBoard/aup_hdmi_pass_thru_2023p1_working/aup_hdmi_pass_thru_2023p1/HDMI_Pass_Thru_ExDes/v_hdmi_rx_ss_0_ex/v_hdmi_rx_ss_0_ex.runs/exdes_v_tpg_0_synth_1/prj/sol/.autopilot/db/v_tpg.cpp:1161->/home/training/AUPBoard/aup_hdmi_pass_thru_2023p1_working/aup_hdmi_pass_thru_2023p1/HDMI_Pass_Thru_ExDes/v_hdmi_rx_ss_0_ex/v_hdmi_rx_ss_0_ex.runs/exdes_v_tpg_0_synth_1/prj/sol/.autopilot/db/v_tpg.cpp:671]   --->   Operation 541 'br' 'br_ln1161' <Predicate = (icmp_ln520 & bckgndId_load_read == 18 & !tmp_18)> <Delay = 0.93>
ST_5 : Operation 542 [1/1] (0.38ns)   --->   "%outpix_101 = select i1 %tmp_18, i8 0, i8 128"   --->   Operation 542 'select' 'outpix_101' <Predicate = (icmp_ln520 & bckgndId_load_read == 17)> <Delay = 0.38> <CoreInst = "Sel">   --->   Core 73 'Sel' <Latency = 0> <II = 1> <Delay = 0.38> <FuncUnit> <Opcode : 'select'> <InPorts = 3> <OutPorts = 1>
ST_5 : Operation 543 [1/1] (0.93ns)   --->   "%br_ln1161 = br i1 %tmp_18, void %cond.false.i31, void %sw.epilog" [/home/training/AUPBoard/aup_hdmi_pass_thru_2023p1_working/aup_hdmi_pass_thru_2023p1/HDMI_Pass_Thru_ExDes/v_hdmi_rx_ss_0_ex/v_hdmi_rx_ss_0_ex.runs/exdes_v_tpg_0_synth_1/prj/sol/.autopilot/db/v_tpg.cpp:1161->/home/training/AUPBoard/aup_hdmi_pass_thru_2023p1_working/aup_hdmi_pass_thru_2023p1/HDMI_Pass_Thru_ExDes/v_hdmi_rx_ss_0_ex/v_hdmi_rx_ss_0_ex.runs/exdes_v_tpg_0_synth_1/prj/sol/.autopilot/db/v_tpg.cpp:664]   --->   Operation 543 'br' 'br_ln1161' <Predicate = (icmp_ln520 & bckgndId_load_read == 17)> <Delay = 0.93>
ST_5 : Operation 544 [1/2] (0.67ns)   --->   "%blkYuv_load_11 = load i2 %blkYuv_addr_11" [/home/training/AUPBoard/aup_hdmi_pass_thru_2023p1_working/aup_hdmi_pass_thru_2023p1/HDMI_Pass_Thru_ExDes/v_hdmi_rx_ss_0_ex/v_hdmi_rx_ss_0_ex.runs/exdes_v_tpg_0_synth_1/prj/sol/.autopilot/db/v_tpg.cpp:1161->/home/training/AUPBoard/aup_hdmi_pass_thru_2023p1_working/aup_hdmi_pass_thru_2023p1/HDMI_Pass_Thru_ExDes/v_hdmi_rx_ss_0_ex/v_hdmi_rx_ss_0_ex.runs/exdes_v_tpg_0_synth_1/prj/sol/.autopilot/db/v_tpg.cpp:664]   --->   Operation 544 'load' 'blkYuv_load_11' <Predicate = (icmp_ln520 & bckgndId_load_read == 17 & !tmp_18)> <Delay = 0.67> <CoreInst = "ROM">   --->   Core 101 'ROM' <Latency = 1> <II = 1> <Delay = 0.67> <Storage> <Opcode : 'load'> <Ports = 0> <Width = 8> <Depth = 3> <ROM>
ST_5 : Operation 545 [1/1] (0.93ns)   --->   "%br_ln1161 = br void %sw.epilog" [/home/training/AUPBoard/aup_hdmi_pass_thru_2023p1_working/aup_hdmi_pass_thru_2023p1/HDMI_Pass_Thru_ExDes/v_hdmi_rx_ss_0_ex/v_hdmi_rx_ss_0_ex.runs/exdes_v_tpg_0_synth_1/prj/sol/.autopilot/db/v_tpg.cpp:1161->/home/training/AUPBoard/aup_hdmi_pass_thru_2023p1_working/aup_hdmi_pass_thru_2023p1/HDMI_Pass_Thru_ExDes/v_hdmi_rx_ss_0_ex/v_hdmi_rx_ss_0_ex.runs/exdes_v_tpg_0_synth_1/prj/sol/.autopilot/db/v_tpg.cpp:664]   --->   Operation 545 'br' 'br_ln1161' <Predicate = (icmp_ln520 & bckgndId_load_read == 17 & !tmp_18)> <Delay = 0.93>
ST_5 : Operation 546 [1/1] (0.00ns)   --->   "%lfsr_r = load i28 %rSerie" [/home/training/AUPBoard/aup_hdmi_pass_thru_2023p1_working/aup_hdmi_pass_thru_2023p1/HDMI_Pass_Thru_ExDes/v_hdmi_rx_ss_0_ex/v_hdmi_rx_ss_0_ex.runs/exdes_v_tpg_0_synth_1/prj/sol/.autopilot/db/v_tpg.cpp:1791->/home/training/AUPBoard/aup_hdmi_pass_thru_2023p1_working/aup_hdmi_pass_thru_2023p1/HDMI_Pass_Thru_ExDes/v_hdmi_rx_ss_0_ex/v_hdmi_rx_ss_0_ex.runs/exdes_v_tpg_0_synth_1/prj/sol/.autopilot/db/v_tpg.cpp:658]   --->   Operation 546 'load' 'lfsr_r' <Predicate = (icmp_ln520 & bckgndId_load_read == 16)> <Delay = 0.00>
ST_5 : Operation 547 [1/1] (0.00ns)   --->   "%trunc_ln1793 = trunc i28 %lfsr_r" [/home/training/AUPBoard/aup_hdmi_pass_thru_2023p1_working/aup_hdmi_pass_thru_2023p1/HDMI_Pass_Thru_ExDes/v_hdmi_rx_ss_0_ex/v_hdmi_rx_ss_0_ex.runs/exdes_v_tpg_0_synth_1/prj/sol/.autopilot/db/v_tpg.cpp:1793->/home/training/AUPBoard/aup_hdmi_pass_thru_2023p1_working/aup_hdmi_pass_thru_2023p1/HDMI_Pass_Thru_ExDes/v_hdmi_rx_ss_0_ex/v_hdmi_rx_ss_0_ex.runs/exdes_v_tpg_0_synth_1/prj/sol/.autopilot/db/v_tpg.cpp:658]   --->   Operation 547 'trunc' 'trunc_ln1793' <Predicate = (icmp_ln520 & bckgndId_load_read == 16)> <Delay = 0.00>
ST_5 : Operation 548 [1/1] (0.00ns)   --->   "%tmp_19 = bitselect i1 @_ssdm_op_BitSelect.i1.i28.i32, i28 %lfsr_r, i32 3" [/home/training/AUPBoard/aup_hdmi_pass_thru_2023p1_working/aup_hdmi_pass_thru_2023p1/HDMI_Pass_Thru_ExDes/v_hdmi_rx_ss_0_ex/v_hdmi_rx_ss_0_ex.runs/exdes_v_tpg_0_synth_1/prj/sol/.autopilot/db/v_tpg.cpp:1793->/home/training/AUPBoard/aup_hdmi_pass_thru_2023p1_working/aup_hdmi_pass_thru_2023p1/HDMI_Pass_Thru_ExDes/v_hdmi_rx_ss_0_ex/v_hdmi_rx_ss_0_ex.runs/exdes_v_tpg_0_synth_1/prj/sol/.autopilot/db/v_tpg.cpp:658]   --->   Operation 548 'bitselect' 'tmp_19' <Predicate = (icmp_ln520 & bckgndId_load_read == 16)> <Delay = 0.00>
ST_5 : Operation 549 [1/1] (0.28ns)   --->   "%xor_ln1794 = xor i1 %tmp_19, i1 %trunc_ln1793" [/home/training/AUPBoard/aup_hdmi_pass_thru_2023p1_working/aup_hdmi_pass_thru_2023p1/HDMI_Pass_Thru_ExDes/v_hdmi_rx_ss_0_ex/v_hdmi_rx_ss_0_ex.runs/exdes_v_tpg_0_synth_1/prj/sol/.autopilot/db/v_tpg.cpp:1794->/home/training/AUPBoard/aup_hdmi_pass_thru_2023p1_working/aup_hdmi_pass_thru_2023p1/HDMI_Pass_Thru_ExDes/v_hdmi_rx_ss_0_ex/v_hdmi_rx_ss_0_ex.runs/exdes_v_tpg_0_synth_1/prj/sol/.autopilot/db/v_tpg.cpp:658]   --->   Operation 549 'xor' 'xor_ln1794' <Predicate = (icmp_ln520 & bckgndId_load_read == 16)> <Delay = 0.28> <CoreInst = "LogicGate">   --->   Core 74 'LogicGate' <Latency = 0> <II = 1> <Delay = 0.28> <FuncUnit> <Opcode : 'and' 'or' 'xor'> <InPorts = 2> <OutPorts = 1>
ST_5 : Operation 550 [1/1] (0.00ns)   --->   "%lfsr_g = load i28 %gSerie" [/home/training/AUPBoard/aup_hdmi_pass_thru_2023p1_working/aup_hdmi_pass_thru_2023p1/HDMI_Pass_Thru_ExDes/v_hdmi_rx_ss_0_ex/v_hdmi_rx_ss_0_ex.runs/exdes_v_tpg_0_synth_1/prj/sol/.autopilot/db/v_tpg.cpp:1798->/home/training/AUPBoard/aup_hdmi_pass_thru_2023p1_working/aup_hdmi_pass_thru_2023p1/HDMI_Pass_Thru_ExDes/v_hdmi_rx_ss_0_ex/v_hdmi_rx_ss_0_ex.runs/exdes_v_tpg_0_synth_1/prj/sol/.autopilot/db/v_tpg.cpp:658]   --->   Operation 550 'load' 'lfsr_g' <Predicate = (icmp_ln520 & bckgndId_load_read == 16)> <Delay = 0.00>
ST_5 : Operation 551 [1/1] (0.00ns)   --->   "%trunc_ln1800 = trunc i28 %lfsr_g" [/home/training/AUPBoard/aup_hdmi_pass_thru_2023p1_working/aup_hdmi_pass_thru_2023p1/HDMI_Pass_Thru_ExDes/v_hdmi_rx_ss_0_ex/v_hdmi_rx_ss_0_ex.runs/exdes_v_tpg_0_synth_1/prj/sol/.autopilot/db/v_tpg.cpp:1800->/home/training/AUPBoard/aup_hdmi_pass_thru_2023p1_working/aup_hdmi_pass_thru_2023p1/HDMI_Pass_Thru_ExDes/v_hdmi_rx_ss_0_ex/v_hdmi_rx_ss_0_ex.runs/exdes_v_tpg_0_synth_1/prj/sol/.autopilot/db/v_tpg.cpp:658]   --->   Operation 551 'trunc' 'trunc_ln1800' <Predicate = (icmp_ln520 & bckgndId_load_read == 16)> <Delay = 0.00>
ST_5 : Operation 552 [1/1] (0.00ns)   --->   "%tmp_20 = bitselect i1 @_ssdm_op_BitSelect.i1.i28.i32, i28 %lfsr_g, i32 3" [/home/training/AUPBoard/aup_hdmi_pass_thru_2023p1_working/aup_hdmi_pass_thru_2023p1/HDMI_Pass_Thru_ExDes/v_hdmi_rx_ss_0_ex/v_hdmi_rx_ss_0_ex.runs/exdes_v_tpg_0_synth_1/prj/sol/.autopilot/db/v_tpg.cpp:1800->/home/training/AUPBoard/aup_hdmi_pass_thru_2023p1_working/aup_hdmi_pass_thru_2023p1/HDMI_Pass_Thru_ExDes/v_hdmi_rx_ss_0_ex/v_hdmi_rx_ss_0_ex.runs/exdes_v_tpg_0_synth_1/prj/sol/.autopilot/db/v_tpg.cpp:658]   --->   Operation 552 'bitselect' 'tmp_20' <Predicate = (icmp_ln520 & bckgndId_load_read == 16)> <Delay = 0.00>
ST_5 : Operation 553 [1/1] (0.28ns)   --->   "%xor_ln1801 = xor i1 %tmp_20, i1 %trunc_ln1800" [/home/training/AUPBoard/aup_hdmi_pass_thru_2023p1_working/aup_hdmi_pass_thru_2023p1/HDMI_Pass_Thru_ExDes/v_hdmi_rx_ss_0_ex/v_hdmi_rx_ss_0_ex.runs/exdes_v_tpg_0_synth_1/prj/sol/.autopilot/db/v_tpg.cpp:1801->/home/training/AUPBoard/aup_hdmi_pass_thru_2023p1_working/aup_hdmi_pass_thru_2023p1/HDMI_Pass_Thru_ExDes/v_hdmi_rx_ss_0_ex/v_hdmi_rx_ss_0_ex.runs/exdes_v_tpg_0_synth_1/prj/sol/.autopilot/db/v_tpg.cpp:658]   --->   Operation 553 'xor' 'xor_ln1801' <Predicate = (icmp_ln520 & bckgndId_load_read == 16)> <Delay = 0.28> <CoreInst = "LogicGate">   --->   Core 74 'LogicGate' <Latency = 0> <II = 1> <Delay = 0.28> <FuncUnit> <Opcode : 'and' 'or' 'xor'> <InPorts = 2> <OutPorts = 1>
ST_5 : Operation 554 [1/1] (0.00ns)   --->   "%lfsr_b = load i28 %bSerie" [/home/training/AUPBoard/aup_hdmi_pass_thru_2023p1_working/aup_hdmi_pass_thru_2023p1/HDMI_Pass_Thru_ExDes/v_hdmi_rx_ss_0_ex/v_hdmi_rx_ss_0_ex.runs/exdes_v_tpg_0_synth_1/prj/sol/.autopilot/db/v_tpg.cpp:1805->/home/training/AUPBoard/aup_hdmi_pass_thru_2023p1_working/aup_hdmi_pass_thru_2023p1/HDMI_Pass_Thru_ExDes/v_hdmi_rx_ss_0_ex/v_hdmi_rx_ss_0_ex.runs/exdes_v_tpg_0_synth_1/prj/sol/.autopilot/db/v_tpg.cpp:658]   --->   Operation 554 'load' 'lfsr_b' <Predicate = (icmp_ln520 & bckgndId_load_read == 16)> <Delay = 0.00>
ST_5 : Operation 555 [1/1] (0.00ns)   --->   "%trunc_ln1807 = trunc i28 %lfsr_b" [/home/training/AUPBoard/aup_hdmi_pass_thru_2023p1_working/aup_hdmi_pass_thru_2023p1/HDMI_Pass_Thru_ExDes/v_hdmi_rx_ss_0_ex/v_hdmi_rx_ss_0_ex.runs/exdes_v_tpg_0_synth_1/prj/sol/.autopilot/db/v_tpg.cpp:1807->/home/training/AUPBoard/aup_hdmi_pass_thru_2023p1_working/aup_hdmi_pass_thru_2023p1/HDMI_Pass_Thru_ExDes/v_hdmi_rx_ss_0_ex/v_hdmi_rx_ss_0_ex.runs/exdes_v_tpg_0_synth_1/prj/sol/.autopilot/db/v_tpg.cpp:658]   --->   Operation 555 'trunc' 'trunc_ln1807' <Predicate = (icmp_ln520 & bckgndId_load_read == 16)> <Delay = 0.00>
ST_5 : Operation 556 [1/1] (0.00ns)   --->   "%tmp_21 = bitselect i1 @_ssdm_op_BitSelect.i1.i28.i32, i28 %lfsr_b, i32 3" [/home/training/AUPBoard/aup_hdmi_pass_thru_2023p1_working/aup_hdmi_pass_thru_2023p1/HDMI_Pass_Thru_ExDes/v_hdmi_rx_ss_0_ex/v_hdmi_rx_ss_0_ex.runs/exdes_v_tpg_0_synth_1/prj/sol/.autopilot/db/v_tpg.cpp:1807->/home/training/AUPBoard/aup_hdmi_pass_thru_2023p1_working/aup_hdmi_pass_thru_2023p1/HDMI_Pass_Thru_ExDes/v_hdmi_rx_ss_0_ex/v_hdmi_rx_ss_0_ex.runs/exdes_v_tpg_0_synth_1/prj/sol/.autopilot/db/v_tpg.cpp:658]   --->   Operation 556 'bitselect' 'tmp_21' <Predicate = (icmp_ln520 & bckgndId_load_read == 16)> <Delay = 0.00>
ST_5 : Operation 557 [1/1] (0.28ns)   --->   "%xor_ln1808 = xor i1 %tmp_21, i1 %trunc_ln1807" [/home/training/AUPBoard/aup_hdmi_pass_thru_2023p1_working/aup_hdmi_pass_thru_2023p1/HDMI_Pass_Thru_ExDes/v_hdmi_rx_ss_0_ex/v_hdmi_rx_ss_0_ex.runs/exdes_v_tpg_0_synth_1/prj/sol/.autopilot/db/v_tpg.cpp:1808->/home/training/AUPBoard/aup_hdmi_pass_thru_2023p1_working/aup_hdmi_pass_thru_2023p1/HDMI_Pass_Thru_ExDes/v_hdmi_rx_ss_0_ex/v_hdmi_rx_ss_0_ex.runs/exdes_v_tpg_0_synth_1/prj/sol/.autopilot/db/v_tpg.cpp:658]   --->   Operation 557 'xor' 'xor_ln1808' <Predicate = (icmp_ln520 & bckgndId_load_read == 16)> <Delay = 0.28> <CoreInst = "LogicGate">   --->   Core 74 'LogicGate' <Latency = 0> <II = 1> <Delay = 0.28> <FuncUnit> <Opcode : 'and' 'or' 'xor'> <InPorts = 2> <OutPorts = 1>
ST_5 : Operation 558 [1/1] (0.00ns)   --->   "%tmp_3 = partselect i7 @_ssdm_op_PartSelect.i7.i28.i32.i32, i28 %lfsr_r, i32 21, i32 27" [/home/training/AUPBoard/aup_hdmi_pass_thru_2023p1_working/aup_hdmi_pass_thru_2023p1/HDMI_Pass_Thru_ExDes/v_hdmi_rx_ss_0_ex/v_hdmi_rx_ss_0_ex.runs/exdes_v_tpg_0_synth_1/prj/sol/.autopilot/db/v_tpg.cpp:1815->/home/training/AUPBoard/aup_hdmi_pass_thru_2023p1_working/aup_hdmi_pass_thru_2023p1/HDMI_Pass_Thru_ExDes/v_hdmi_rx_ss_0_ex/v_hdmi_rx_ss_0_ex.runs/exdes_v_tpg_0_synth_1/prj/sol/.autopilot/db/v_tpg.cpp:658]   --->   Operation 558 'partselect' 'tmp_3' <Predicate = (icmp_ln520 & bckgndId_load_read == 16)> <Delay = 0.00>
ST_5 : Operation 559 [1/1] (0.00ns)   --->   "%outpix_40 = bitconcatenate i8 @_ssdm_op_BitConcatenate.i8.i1.i7, i1 %xor_ln1794, i7 %tmp_3" [/home/training/AUPBoard/aup_hdmi_pass_thru_2023p1_working/aup_hdmi_pass_thru_2023p1/HDMI_Pass_Thru_ExDes/v_hdmi_rx_ss_0_ex/v_hdmi_rx_ss_0_ex.runs/exdes_v_tpg_0_synth_1/prj/sol/.autopilot/db/v_tpg.cpp:1815->/home/training/AUPBoard/aup_hdmi_pass_thru_2023p1_working/aup_hdmi_pass_thru_2023p1/HDMI_Pass_Thru_ExDes/v_hdmi_rx_ss_0_ex/v_hdmi_rx_ss_0_ex.runs/exdes_v_tpg_0_synth_1/prj/sol/.autopilot/db/v_tpg.cpp:658]   --->   Operation 559 'bitconcatenate' 'outpix_40' <Predicate = (icmp_ln520 & bckgndId_load_read == 16)> <Delay = 0.00>
ST_5 : Operation 560 [1/1] (0.00ns)   --->   "%tmp_4 = partselect i7 @_ssdm_op_PartSelect.i7.i28.i32.i32, i28 %lfsr_g, i32 21, i32 27" [/home/training/AUPBoard/aup_hdmi_pass_thru_2023p1_working/aup_hdmi_pass_thru_2023p1/HDMI_Pass_Thru_ExDes/v_hdmi_rx_ss_0_ex/v_hdmi_rx_ss_0_ex.runs/exdes_v_tpg_0_synth_1/prj/sol/.autopilot/db/v_tpg.cpp:1817->/home/training/AUPBoard/aup_hdmi_pass_thru_2023p1_working/aup_hdmi_pass_thru_2023p1/HDMI_Pass_Thru_ExDes/v_hdmi_rx_ss_0_ex/v_hdmi_rx_ss_0_ex.runs/exdes_v_tpg_0_synth_1/prj/sol/.autopilot/db/v_tpg.cpp:658]   --->   Operation 560 'partselect' 'tmp_4' <Predicate = (icmp_ln520 & bckgndId_load_read == 16)> <Delay = 0.00>
ST_5 : Operation 561 [1/1] (0.00ns)   --->   "%outpix_18 = bitconcatenate i8 @_ssdm_op_BitConcatenate.i8.i1.i7, i1 %xor_ln1801, i7 %tmp_4" [/home/training/AUPBoard/aup_hdmi_pass_thru_2023p1_working/aup_hdmi_pass_thru_2023p1/HDMI_Pass_Thru_ExDes/v_hdmi_rx_ss_0_ex/v_hdmi_rx_ss_0_ex.runs/exdes_v_tpg_0_synth_1/prj/sol/.autopilot/db/v_tpg.cpp:1817->/home/training/AUPBoard/aup_hdmi_pass_thru_2023p1_working/aup_hdmi_pass_thru_2023p1/HDMI_Pass_Thru_ExDes/v_hdmi_rx_ss_0_ex/v_hdmi_rx_ss_0_ex.runs/exdes_v_tpg_0_synth_1/prj/sol/.autopilot/db/v_tpg.cpp:658]   --->   Operation 561 'bitconcatenate' 'outpix_18' <Predicate = (icmp_ln520 & bckgndId_load_read == 16)> <Delay = 0.00>
ST_5 : Operation 562 [1/1] (0.00ns)   --->   "%tmp_5 = partselect i7 @_ssdm_op_PartSelect.i7.i28.i32.i32, i28 %lfsr_b, i32 21, i32 27" [/home/training/AUPBoard/aup_hdmi_pass_thru_2023p1_working/aup_hdmi_pass_thru_2023p1/HDMI_Pass_Thru_ExDes/v_hdmi_rx_ss_0_ex/v_hdmi_rx_ss_0_ex.runs/exdes_v_tpg_0_synth_1/prj/sol/.autopilot/db/v_tpg.cpp:1819->/home/training/AUPBoard/aup_hdmi_pass_thru_2023p1_working/aup_hdmi_pass_thru_2023p1/HDMI_Pass_Thru_ExDes/v_hdmi_rx_ss_0_ex/v_hdmi_rx_ss_0_ex.runs/exdes_v_tpg_0_synth_1/prj/sol/.autopilot/db/v_tpg.cpp:658]   --->   Operation 562 'partselect' 'tmp_5' <Predicate = (icmp_ln520 & bckgndId_load_read == 16)> <Delay = 0.00>
ST_5 : Operation 563 [1/1] (0.00ns)   --->   "%outpix_19 = bitconcatenate i8 @_ssdm_op_BitConcatenate.i8.i1.i7, i1 %xor_ln1808, i7 %tmp_5" [/home/training/AUPBoard/aup_hdmi_pass_thru_2023p1_working/aup_hdmi_pass_thru_2023p1/HDMI_Pass_Thru_ExDes/v_hdmi_rx_ss_0_ex/v_hdmi_rx_ss_0_ex.runs/exdes_v_tpg_0_synth_1/prj/sol/.autopilot/db/v_tpg.cpp:1819->/home/training/AUPBoard/aup_hdmi_pass_thru_2023p1_working/aup_hdmi_pass_thru_2023p1/HDMI_Pass_Thru_ExDes/v_hdmi_rx_ss_0_ex/v_hdmi_rx_ss_0_ex.runs/exdes_v_tpg_0_synth_1/prj/sol/.autopilot/db/v_tpg.cpp:658]   --->   Operation 563 'bitconcatenate' 'outpix_19' <Predicate = (icmp_ln520 & bckgndId_load_read == 16)> <Delay = 0.00>
ST_5 : Operation 564 [1/1] (0.00ns)   --->   "%tmp_22 = bitselect i1 @_ssdm_op_BitSelect.i1.i28.i32, i28 %lfsr_r, i32 4" [/home/training/AUPBoard/aup_hdmi_pass_thru_2023p1_working/aup_hdmi_pass_thru_2023p1/HDMI_Pass_Thru_ExDes/v_hdmi_rx_ss_0_ex/v_hdmi_rx_ss_0_ex.runs/exdes_v_tpg_0_synth_1/prj/sol/.autopilot/db/v_tpg.cpp:1793->/home/training/AUPBoard/aup_hdmi_pass_thru_2023p1_working/aup_hdmi_pass_thru_2023p1/HDMI_Pass_Thru_ExDes/v_hdmi_rx_ss_0_ex/v_hdmi_rx_ss_0_ex.runs/exdes_v_tpg_0_synth_1/prj/sol/.autopilot/db/v_tpg.cpp:658]   --->   Operation 564 'bitselect' 'tmp_22' <Predicate = (icmp_ln520 & bckgndId_load_read == 16)> <Delay = 0.00>
ST_5 : Operation 565 [1/1] (0.00ns)   --->   "%tmp_23 = bitselect i1 @_ssdm_op_BitSelect.i1.i28.i32, i28 %lfsr_r, i32 1" [/home/training/AUPBoard/aup_hdmi_pass_thru_2023p1_working/aup_hdmi_pass_thru_2023p1/HDMI_Pass_Thru_ExDes/v_hdmi_rx_ss_0_ex/v_hdmi_rx_ss_0_ex.runs/exdes_v_tpg_0_synth_1/prj/sol/.autopilot/db/v_tpg.cpp:1793->/home/training/AUPBoard/aup_hdmi_pass_thru_2023p1_working/aup_hdmi_pass_thru_2023p1/HDMI_Pass_Thru_ExDes/v_hdmi_rx_ss_0_ex/v_hdmi_rx_ss_0_ex.runs/exdes_v_tpg_0_synth_1/prj/sol/.autopilot/db/v_tpg.cpp:658]   --->   Operation 565 'bitselect' 'tmp_23' <Predicate = (icmp_ln520 & bckgndId_load_read == 16)> <Delay = 0.00>
ST_5 : Operation 566 [1/1] (0.00ns)   --->   "%tmp_6 = partselect i26 @_ssdm_op_PartSelect.i26.i28.i32.i32, i28 %lfsr_r, i32 2, i32 27" [/home/training/AUPBoard/aup_hdmi_pass_thru_2023p1_working/aup_hdmi_pass_thru_2023p1/HDMI_Pass_Thru_ExDes/v_hdmi_rx_ss_0_ex/v_hdmi_rx_ss_0_ex.runs/exdes_v_tpg_0_synth_1/prj/sol/.autopilot/db/v_tpg.cpp:1794->/home/training/AUPBoard/aup_hdmi_pass_thru_2023p1_working/aup_hdmi_pass_thru_2023p1/HDMI_Pass_Thru_ExDes/v_hdmi_rx_ss_0_ex/v_hdmi_rx_ss_0_ex.runs/exdes_v_tpg_0_synth_1/prj/sol/.autopilot/db/v_tpg.cpp:658]   --->   Operation 566 'partselect' 'tmp_6' <Predicate = (icmp_ln520 & bckgndId_load_read == 16)> <Delay = 0.00>
ST_5 : Operation 567 [1/1] (0.28ns)   --->   "%xor_ln1794_1 = xor i1 %tmp_23, i1 %tmp_22" [/home/training/AUPBoard/aup_hdmi_pass_thru_2023p1_working/aup_hdmi_pass_thru_2023p1/HDMI_Pass_Thru_ExDes/v_hdmi_rx_ss_0_ex/v_hdmi_rx_ss_0_ex.runs/exdes_v_tpg_0_synth_1/prj/sol/.autopilot/db/v_tpg.cpp:1794->/home/training/AUPBoard/aup_hdmi_pass_thru_2023p1_working/aup_hdmi_pass_thru_2023p1/HDMI_Pass_Thru_ExDes/v_hdmi_rx_ss_0_ex/v_hdmi_rx_ss_0_ex.runs/exdes_v_tpg_0_synth_1/prj/sol/.autopilot/db/v_tpg.cpp:658]   --->   Operation 567 'xor' 'xor_ln1794_1' <Predicate = (icmp_ln520 & bckgndId_load_read == 16)> <Delay = 0.28> <CoreInst = "LogicGate">   --->   Core 74 'LogicGate' <Latency = 0> <II = 1> <Delay = 0.28> <FuncUnit> <Opcode : 'and' 'or' 'xor'> <InPorts = 2> <OutPorts = 1>
ST_5 : Operation 568 [1/1] (0.00ns)   --->   "%lfsr_r_1 = bitconcatenate i28 @_ssdm_op_BitConcatenate.i28.i1.i1.i26, i1 %xor_ln1794_1, i1 %xor_ln1794, i26 %tmp_6" [/home/training/AUPBoard/aup_hdmi_pass_thru_2023p1_working/aup_hdmi_pass_thru_2023p1/HDMI_Pass_Thru_ExDes/v_hdmi_rx_ss_0_ex/v_hdmi_rx_ss_0_ex.runs/exdes_v_tpg_0_synth_1/prj/sol/.autopilot/db/v_tpg.cpp:1794->/home/training/AUPBoard/aup_hdmi_pass_thru_2023p1_working/aup_hdmi_pass_thru_2023p1/HDMI_Pass_Thru_ExDes/v_hdmi_rx_ss_0_ex/v_hdmi_rx_ss_0_ex.runs/exdes_v_tpg_0_synth_1/prj/sol/.autopilot/db/v_tpg.cpp:658]   --->   Operation 568 'bitconcatenate' 'lfsr_r_1' <Predicate = (icmp_ln520 & bckgndId_load_read == 16)> <Delay = 0.00>
ST_5 : Operation 569 [1/1] (0.00ns)   --->   "%store_ln1795 = store i28 %lfsr_r_1, i28 %rSerie" [/home/training/AUPBoard/aup_hdmi_pass_thru_2023p1_working/aup_hdmi_pass_thru_2023p1/HDMI_Pass_Thru_ExDes/v_hdmi_rx_ss_0_ex/v_hdmi_rx_ss_0_ex.runs/exdes_v_tpg_0_synth_1/prj/sol/.autopilot/db/v_tpg.cpp:1795->/home/training/AUPBoard/aup_hdmi_pass_thru_2023p1_working/aup_hdmi_pass_thru_2023p1/HDMI_Pass_Thru_ExDes/v_hdmi_rx_ss_0_ex/v_hdmi_rx_ss_0_ex.runs/exdes_v_tpg_0_synth_1/prj/sol/.autopilot/db/v_tpg.cpp:658]   --->   Operation 569 'store' 'store_ln1795' <Predicate = (icmp_ln520 & bckgndId_load_read == 16)> <Delay = 0.00>
ST_5 : Operation 570 [1/1] (0.00ns)   --->   "%tmp_24 = bitselect i1 @_ssdm_op_BitSelect.i1.i28.i32, i28 %lfsr_g, i32 4" [/home/training/AUPBoard/aup_hdmi_pass_thru_2023p1_working/aup_hdmi_pass_thru_2023p1/HDMI_Pass_Thru_ExDes/v_hdmi_rx_ss_0_ex/v_hdmi_rx_ss_0_ex.runs/exdes_v_tpg_0_synth_1/prj/sol/.autopilot/db/v_tpg.cpp:1800->/home/training/AUPBoard/aup_hdmi_pass_thru_2023p1_working/aup_hdmi_pass_thru_2023p1/HDMI_Pass_Thru_ExDes/v_hdmi_rx_ss_0_ex/v_hdmi_rx_ss_0_ex.runs/exdes_v_tpg_0_synth_1/prj/sol/.autopilot/db/v_tpg.cpp:658]   --->   Operation 570 'bitselect' 'tmp_24' <Predicate = (icmp_ln520 & bckgndId_load_read == 16)> <Delay = 0.00>
ST_5 : Operation 571 [1/1] (0.00ns)   --->   "%tmp_25 = bitselect i1 @_ssdm_op_BitSelect.i1.i28.i32, i28 %lfsr_g, i32 1" [/home/training/AUPBoard/aup_hdmi_pass_thru_2023p1_working/aup_hdmi_pass_thru_2023p1/HDMI_Pass_Thru_ExDes/v_hdmi_rx_ss_0_ex/v_hdmi_rx_ss_0_ex.runs/exdes_v_tpg_0_synth_1/prj/sol/.autopilot/db/v_tpg.cpp:1800->/home/training/AUPBoard/aup_hdmi_pass_thru_2023p1_working/aup_hdmi_pass_thru_2023p1/HDMI_Pass_Thru_ExDes/v_hdmi_rx_ss_0_ex/v_hdmi_rx_ss_0_ex.runs/exdes_v_tpg_0_synth_1/prj/sol/.autopilot/db/v_tpg.cpp:658]   --->   Operation 571 'bitselect' 'tmp_25' <Predicate = (icmp_ln520 & bckgndId_load_read == 16)> <Delay = 0.00>
ST_5 : Operation 572 [1/1] (0.00ns)   --->   "%tmp_7 = partselect i26 @_ssdm_op_PartSelect.i26.i28.i32.i32, i28 %lfsr_g, i32 2, i32 27" [/home/training/AUPBoard/aup_hdmi_pass_thru_2023p1_working/aup_hdmi_pass_thru_2023p1/HDMI_Pass_Thru_ExDes/v_hdmi_rx_ss_0_ex/v_hdmi_rx_ss_0_ex.runs/exdes_v_tpg_0_synth_1/prj/sol/.autopilot/db/v_tpg.cpp:1801->/home/training/AUPBoard/aup_hdmi_pass_thru_2023p1_working/aup_hdmi_pass_thru_2023p1/HDMI_Pass_Thru_ExDes/v_hdmi_rx_ss_0_ex/v_hdmi_rx_ss_0_ex.runs/exdes_v_tpg_0_synth_1/prj/sol/.autopilot/db/v_tpg.cpp:658]   --->   Operation 572 'partselect' 'tmp_7' <Predicate = (icmp_ln520 & bckgndId_load_read == 16)> <Delay = 0.00>
ST_5 : Operation 573 [1/1] (0.28ns)   --->   "%xor_ln1801_1 = xor i1 %tmp_25, i1 %tmp_24" [/home/training/AUPBoard/aup_hdmi_pass_thru_2023p1_working/aup_hdmi_pass_thru_2023p1/HDMI_Pass_Thru_ExDes/v_hdmi_rx_ss_0_ex/v_hdmi_rx_ss_0_ex.runs/exdes_v_tpg_0_synth_1/prj/sol/.autopilot/db/v_tpg.cpp:1801->/home/training/AUPBoard/aup_hdmi_pass_thru_2023p1_working/aup_hdmi_pass_thru_2023p1/HDMI_Pass_Thru_ExDes/v_hdmi_rx_ss_0_ex/v_hdmi_rx_ss_0_ex.runs/exdes_v_tpg_0_synth_1/prj/sol/.autopilot/db/v_tpg.cpp:658]   --->   Operation 573 'xor' 'xor_ln1801_1' <Predicate = (icmp_ln520 & bckgndId_load_read == 16)> <Delay = 0.28> <CoreInst = "LogicGate">   --->   Core 74 'LogicGate' <Latency = 0> <II = 1> <Delay = 0.28> <FuncUnit> <Opcode : 'and' 'or' 'xor'> <InPorts = 2> <OutPorts = 1>
ST_5 : Operation 574 [1/1] (0.00ns)   --->   "%lfsr_g_1 = bitconcatenate i28 @_ssdm_op_BitConcatenate.i28.i1.i1.i26, i1 %xor_ln1801_1, i1 %xor_ln1801, i26 %tmp_7" [/home/training/AUPBoard/aup_hdmi_pass_thru_2023p1_working/aup_hdmi_pass_thru_2023p1/HDMI_Pass_Thru_ExDes/v_hdmi_rx_ss_0_ex/v_hdmi_rx_ss_0_ex.runs/exdes_v_tpg_0_synth_1/prj/sol/.autopilot/db/v_tpg.cpp:1801->/home/training/AUPBoard/aup_hdmi_pass_thru_2023p1_working/aup_hdmi_pass_thru_2023p1/HDMI_Pass_Thru_ExDes/v_hdmi_rx_ss_0_ex/v_hdmi_rx_ss_0_ex.runs/exdes_v_tpg_0_synth_1/prj/sol/.autopilot/db/v_tpg.cpp:658]   --->   Operation 574 'bitconcatenate' 'lfsr_g_1' <Predicate = (icmp_ln520 & bckgndId_load_read == 16)> <Delay = 0.00>
ST_5 : Operation 575 [1/1] (0.00ns)   --->   "%store_ln1802 = store i28 %lfsr_g_1, i28 %gSerie" [/home/training/AUPBoard/aup_hdmi_pass_thru_2023p1_working/aup_hdmi_pass_thru_2023p1/HDMI_Pass_Thru_ExDes/v_hdmi_rx_ss_0_ex/v_hdmi_rx_ss_0_ex.runs/exdes_v_tpg_0_synth_1/prj/sol/.autopilot/db/v_tpg.cpp:1802->/home/training/AUPBoard/aup_hdmi_pass_thru_2023p1_working/aup_hdmi_pass_thru_2023p1/HDMI_Pass_Thru_ExDes/v_hdmi_rx_ss_0_ex/v_hdmi_rx_ss_0_ex.runs/exdes_v_tpg_0_synth_1/prj/sol/.autopilot/db/v_tpg.cpp:658]   --->   Operation 575 'store' 'store_ln1802' <Predicate = (icmp_ln520 & bckgndId_load_read == 16)> <Delay = 0.00>
ST_5 : Operation 576 [1/1] (0.00ns)   --->   "%tmp_26 = bitselect i1 @_ssdm_op_BitSelect.i1.i28.i32, i28 %lfsr_b, i32 4" [/home/training/AUPBoard/aup_hdmi_pass_thru_2023p1_working/aup_hdmi_pass_thru_2023p1/HDMI_Pass_Thru_ExDes/v_hdmi_rx_ss_0_ex/v_hdmi_rx_ss_0_ex.runs/exdes_v_tpg_0_synth_1/prj/sol/.autopilot/db/v_tpg.cpp:1807->/home/training/AUPBoard/aup_hdmi_pass_thru_2023p1_working/aup_hdmi_pass_thru_2023p1/HDMI_Pass_Thru_ExDes/v_hdmi_rx_ss_0_ex/v_hdmi_rx_ss_0_ex.runs/exdes_v_tpg_0_synth_1/prj/sol/.autopilot/db/v_tpg.cpp:658]   --->   Operation 576 'bitselect' 'tmp_26' <Predicate = (icmp_ln520 & bckgndId_load_read == 16)> <Delay = 0.00>
ST_5 : Operation 577 [1/1] (0.00ns)   --->   "%tmp_27 = bitselect i1 @_ssdm_op_BitSelect.i1.i28.i32, i28 %lfsr_b, i32 1" [/home/training/AUPBoard/aup_hdmi_pass_thru_2023p1_working/aup_hdmi_pass_thru_2023p1/HDMI_Pass_Thru_ExDes/v_hdmi_rx_ss_0_ex/v_hdmi_rx_ss_0_ex.runs/exdes_v_tpg_0_synth_1/prj/sol/.autopilot/db/v_tpg.cpp:1807->/home/training/AUPBoard/aup_hdmi_pass_thru_2023p1_working/aup_hdmi_pass_thru_2023p1/HDMI_Pass_Thru_ExDes/v_hdmi_rx_ss_0_ex/v_hdmi_rx_ss_0_ex.runs/exdes_v_tpg_0_synth_1/prj/sol/.autopilot/db/v_tpg.cpp:658]   --->   Operation 577 'bitselect' 'tmp_27' <Predicate = (icmp_ln520 & bckgndId_load_read == 16)> <Delay = 0.00>
ST_5 : Operation 578 [1/1] (0.00ns)   --->   "%tmp_8 = partselect i26 @_ssdm_op_PartSelect.i26.i28.i32.i32, i28 %lfsr_b, i32 2, i32 27" [/home/training/AUPBoard/aup_hdmi_pass_thru_2023p1_working/aup_hdmi_pass_thru_2023p1/HDMI_Pass_Thru_ExDes/v_hdmi_rx_ss_0_ex/v_hdmi_rx_ss_0_ex.runs/exdes_v_tpg_0_synth_1/prj/sol/.autopilot/db/v_tpg.cpp:1808->/home/training/AUPBoard/aup_hdmi_pass_thru_2023p1_working/aup_hdmi_pass_thru_2023p1/HDMI_Pass_Thru_ExDes/v_hdmi_rx_ss_0_ex/v_hdmi_rx_ss_0_ex.runs/exdes_v_tpg_0_synth_1/prj/sol/.autopilot/db/v_tpg.cpp:658]   --->   Operation 578 'partselect' 'tmp_8' <Predicate = (icmp_ln520 & bckgndId_load_read == 16)> <Delay = 0.00>
ST_5 : Operation 579 [1/1] (0.28ns)   --->   "%xor_ln1808_1 = xor i1 %tmp_27, i1 %tmp_26" [/home/training/AUPBoard/aup_hdmi_pass_thru_2023p1_working/aup_hdmi_pass_thru_2023p1/HDMI_Pass_Thru_ExDes/v_hdmi_rx_ss_0_ex/v_hdmi_rx_ss_0_ex.runs/exdes_v_tpg_0_synth_1/prj/sol/.autopilot/db/v_tpg.cpp:1808->/home/training/AUPBoard/aup_hdmi_pass_thru_2023p1_working/aup_hdmi_pass_thru_2023p1/HDMI_Pass_Thru_ExDes/v_hdmi_rx_ss_0_ex/v_hdmi_rx_ss_0_ex.runs/exdes_v_tpg_0_synth_1/prj/sol/.autopilot/db/v_tpg.cpp:658]   --->   Operation 579 'xor' 'xor_ln1808_1' <Predicate = (icmp_ln520 & bckgndId_load_read == 16)> <Delay = 0.28> <CoreInst = "LogicGate">   --->   Core 74 'LogicGate' <Latency = 0> <II = 1> <Delay = 0.28> <FuncUnit> <Opcode : 'and' 'or' 'xor'> <InPorts = 2> <OutPorts = 1>
ST_5 : Operation 580 [1/1] (0.00ns)   --->   "%lfsr_b_1 = bitconcatenate i28 @_ssdm_op_BitConcatenate.i28.i1.i1.i26, i1 %xor_ln1808_1, i1 %xor_ln1808, i26 %tmp_8" [/home/training/AUPBoard/aup_hdmi_pass_thru_2023p1_working/aup_hdmi_pass_thru_2023p1/HDMI_Pass_Thru_ExDes/v_hdmi_rx_ss_0_ex/v_hdmi_rx_ss_0_ex.runs/exdes_v_tpg_0_synth_1/prj/sol/.autopilot/db/v_tpg.cpp:1808->/home/training/AUPBoard/aup_hdmi_pass_thru_2023p1_working/aup_hdmi_pass_thru_2023p1/HDMI_Pass_Thru_ExDes/v_hdmi_rx_ss_0_ex/v_hdmi_rx_ss_0_ex.runs/exdes_v_tpg_0_synth_1/prj/sol/.autopilot/db/v_tpg.cpp:658]   --->   Operation 580 'bitconcatenate' 'lfsr_b_1' <Predicate = (icmp_ln520 & bckgndId_load_read == 16)> <Delay = 0.00>
ST_5 : Operation 581 [1/1] (0.00ns)   --->   "%store_ln1809 = store i28 %lfsr_b_1, i28 %bSerie" [/home/training/AUPBoard/aup_hdmi_pass_thru_2023p1_working/aup_hdmi_pass_thru_2023p1/HDMI_Pass_Thru_ExDes/v_hdmi_rx_ss_0_ex/v_hdmi_rx_ss_0_ex.runs/exdes_v_tpg_0_synth_1/prj/sol/.autopilot/db/v_tpg.cpp:1809->/home/training/AUPBoard/aup_hdmi_pass_thru_2023p1_working/aup_hdmi_pass_thru_2023p1/HDMI_Pass_Thru_ExDes/v_hdmi_rx_ss_0_ex/v_hdmi_rx_ss_0_ex.runs/exdes_v_tpg_0_synth_1/prj/sol/.autopilot/db/v_tpg.cpp:658]   --->   Operation 581 'store' 'store_ln1809' <Predicate = (icmp_ln520 & bckgndId_load_read == 16)> <Delay = 0.00>
ST_5 : Operation 582 [1/1] (0.00ns)   --->   "%tmp_9 = partselect i6 @_ssdm_op_PartSelect.i6.i28.i32.i32, i28 %lfsr_r, i32 22, i32 27" [/home/training/AUPBoard/aup_hdmi_pass_thru_2023p1_working/aup_hdmi_pass_thru_2023p1/HDMI_Pass_Thru_ExDes/v_hdmi_rx_ss_0_ex/v_hdmi_rx_ss_0_ex.runs/exdes_v_tpg_0_synth_1/prj/sol/.autopilot/db/v_tpg.cpp:1815->/home/training/AUPBoard/aup_hdmi_pass_thru_2023p1_working/aup_hdmi_pass_thru_2023p1/HDMI_Pass_Thru_ExDes/v_hdmi_rx_ss_0_ex/v_hdmi_rx_ss_0_ex.runs/exdes_v_tpg_0_synth_1/prj/sol/.autopilot/db/v_tpg.cpp:658]   --->   Operation 582 'partselect' 'tmp_9' <Predicate = (icmp_ln520 & bckgndId_load_read == 16)> <Delay = 0.00>
ST_5 : Operation 583 [1/1] (0.00ns)   --->   "%outpix_20 = bitconcatenate i8 @_ssdm_op_BitConcatenate.i8.i1.i1.i6, i1 %xor_ln1794_1, i1 %xor_ln1794, i6 %tmp_9" [/home/training/AUPBoard/aup_hdmi_pass_thru_2023p1_working/aup_hdmi_pass_thru_2023p1/HDMI_Pass_Thru_ExDes/v_hdmi_rx_ss_0_ex/v_hdmi_rx_ss_0_ex.runs/exdes_v_tpg_0_synth_1/prj/sol/.autopilot/db/v_tpg.cpp:1815->/home/training/AUPBoard/aup_hdmi_pass_thru_2023p1_working/aup_hdmi_pass_thru_2023p1/HDMI_Pass_Thru_ExDes/v_hdmi_rx_ss_0_ex/v_hdmi_rx_ss_0_ex.runs/exdes_v_tpg_0_synth_1/prj/sol/.autopilot/db/v_tpg.cpp:658]   --->   Operation 583 'bitconcatenate' 'outpix_20' <Predicate = (icmp_ln520 & bckgndId_load_read == 16)> <Delay = 0.00>
ST_5 : Operation 584 [1/1] (0.00ns)   --->   "%tmp_s = partselect i6 @_ssdm_op_PartSelect.i6.i28.i32.i32, i28 %lfsr_g, i32 22, i32 27" [/home/training/AUPBoard/aup_hdmi_pass_thru_2023p1_working/aup_hdmi_pass_thru_2023p1/HDMI_Pass_Thru_ExDes/v_hdmi_rx_ss_0_ex/v_hdmi_rx_ss_0_ex.runs/exdes_v_tpg_0_synth_1/prj/sol/.autopilot/db/v_tpg.cpp:1817->/home/training/AUPBoard/aup_hdmi_pass_thru_2023p1_working/aup_hdmi_pass_thru_2023p1/HDMI_Pass_Thru_ExDes/v_hdmi_rx_ss_0_ex/v_hdmi_rx_ss_0_ex.runs/exdes_v_tpg_0_synth_1/prj/sol/.autopilot/db/v_tpg.cpp:658]   --->   Operation 584 'partselect' 'tmp_s' <Predicate = (icmp_ln520 & bckgndId_load_read == 16 & cmp35_i_read)> <Delay = 0.00>
ST_5 : Operation 585 [1/1] (0.00ns)   --->   "%tmp_10 = bitconcatenate i8 @_ssdm_op_BitConcatenate.i8.i1.i1.i6, i1 %xor_ln1801_1, i1 %xor_ln1801, i6 %tmp_s" [/home/training/AUPBoard/aup_hdmi_pass_thru_2023p1_working/aup_hdmi_pass_thru_2023p1/HDMI_Pass_Thru_ExDes/v_hdmi_rx_ss_0_ex/v_hdmi_rx_ss_0_ex.runs/exdes_v_tpg_0_synth_1/prj/sol/.autopilot/db/v_tpg.cpp:1817->/home/training/AUPBoard/aup_hdmi_pass_thru_2023p1_working/aup_hdmi_pass_thru_2023p1/HDMI_Pass_Thru_ExDes/v_hdmi_rx_ss_0_ex/v_hdmi_rx_ss_0_ex.runs/exdes_v_tpg_0_synth_1/prj/sol/.autopilot/db/v_tpg.cpp:658]   --->   Operation 585 'bitconcatenate' 'tmp_10' <Predicate = (icmp_ln520 & bckgndId_load_read == 16 & cmp35_i_read)> <Delay = 0.00>
ST_5 : Operation 586 [1/1] (0.00ns)   --->   "%tmp_11 = partselect i6 @_ssdm_op_PartSelect.i6.i28.i32.i32, i28 %lfsr_b, i32 22, i32 27" [/home/training/AUPBoard/aup_hdmi_pass_thru_2023p1_working/aup_hdmi_pass_thru_2023p1/HDMI_Pass_Thru_ExDes/v_hdmi_rx_ss_0_ex/v_hdmi_rx_ss_0_ex.runs/exdes_v_tpg_0_synth_1/prj/sol/.autopilot/db/v_tpg.cpp:1817->/home/training/AUPBoard/aup_hdmi_pass_thru_2023p1_working/aup_hdmi_pass_thru_2023p1/HDMI_Pass_Thru_ExDes/v_hdmi_rx_ss_0_ex/v_hdmi_rx_ss_0_ex.runs/exdes_v_tpg_0_synth_1/prj/sol/.autopilot/db/v_tpg.cpp:658]   --->   Operation 586 'partselect' 'tmp_11' <Predicate = (icmp_ln520 & bckgndId_load_read == 16)> <Delay = 0.00>
ST_5 : Operation 587 [1/1] (0.00ns)   --->   "%outpix_42 = bitconcatenate i8 @_ssdm_op_BitConcatenate.i8.i1.i1.i6, i1 %xor_ln1808_1, i1 %xor_ln1808, i6 %tmp_11" [/home/training/AUPBoard/aup_hdmi_pass_thru_2023p1_working/aup_hdmi_pass_thru_2023p1/HDMI_Pass_Thru_ExDes/v_hdmi_rx_ss_0_ex/v_hdmi_rx_ss_0_ex.runs/exdes_v_tpg_0_synth_1/prj/sol/.autopilot/db/v_tpg.cpp:1817->/home/training/AUPBoard/aup_hdmi_pass_thru_2023p1_working/aup_hdmi_pass_thru_2023p1/HDMI_Pass_Thru_ExDes/v_hdmi_rx_ss_0_ex/v_hdmi_rx_ss_0_ex.runs/exdes_v_tpg_0_synth_1/prj/sol/.autopilot/db/v_tpg.cpp:658]   --->   Operation 587 'bitconcatenate' 'outpix_42' <Predicate = (icmp_ln520 & bckgndId_load_read == 16)> <Delay = 0.00>
ST_5 : Operation 588 [1/1] (0.38ns)   --->   "%outpix_41 = select i1 %cmp35_i_read, i8 %tmp_10, i8 %outpix_42" [/home/training/AUPBoard/aup_hdmi_pass_thru_2023p1_working/aup_hdmi_pass_thru_2023p1/HDMI_Pass_Thru_ExDes/v_hdmi_rx_ss_0_ex/v_hdmi_rx_ss_0_ex.runs/exdes_v_tpg_0_synth_1/prj/sol/.autopilot/db/v_tpg.cpp:1817->/home/training/AUPBoard/aup_hdmi_pass_thru_2023p1_working/aup_hdmi_pass_thru_2023p1/HDMI_Pass_Thru_ExDes/v_hdmi_rx_ss_0_ex/v_hdmi_rx_ss_0_ex.runs/exdes_v_tpg_0_synth_1/prj/sol/.autopilot/db/v_tpg.cpp:658]   --->   Operation 588 'select' 'outpix_41' <Predicate = (icmp_ln520 & bckgndId_load_read == 16)> <Delay = 0.38> <CoreInst = "Sel">   --->   Core 73 'Sel' <Latency = 0> <II = 1> <Delay = 0.38> <FuncUnit> <Opcode : 'select'> <InPorts = 3> <OutPorts = 1>
ST_5 : Operation 589 [1/1] (0.93ns)   --->   "%br_ln659 = br void %sw.epilog" [/home/training/AUPBoard/aup_hdmi_pass_thru_2023p1_working/aup_hdmi_pass_thru_2023p1/HDMI_Pass_Thru_ExDes/v_hdmi_rx_ss_0_ex/v_hdmi_rx_ss_0_ex.runs/exdes_v_tpg_0_synth_1/prj/sol/.autopilot/db/v_tpg.cpp:659]   --->   Operation 589 'br' 'br_ln659' <Predicate = (icmp_ln520 & bckgndId_load_read == 16)> <Delay = 0.93>
ST_5 : Operation 590 [1/2] (0.67ns)   --->   "%tpgBarSelRgb_r_load_2 = load i3 %tpgBarSelRgb_r_addr_2" [/home/training/AUPBoard/aup_hdmi_pass_thru_2023p1_working/aup_hdmi_pass_thru_2023p1/HDMI_Pass_Thru_ExDes/v_hdmi_rx_ss_0_ex/v_hdmi_rx_ss_0_ex.runs/exdes_v_tpg_0_synth_1/prj/sol/.autopilot/db/v_tpg.cpp:1555->/home/training/AUPBoard/aup_hdmi_pass_thru_2023p1_working/aup_hdmi_pass_thru_2023p1/HDMI_Pass_Thru_ExDes/v_hdmi_rx_ss_0_ex/v_hdmi_rx_ss_0_ex.runs/exdes_v_tpg_0_synth_1/prj/sol/.autopilot/db/v_tpg.cpp:652]   --->   Operation 590 'load' 'tpgBarSelRgb_r_load_2' <Predicate = (icmp_ln520 & bckgndId_load_read == 15 & tmp_18)> <Delay = 0.67> <CoreInst = "ROM">   --->   Core 101 'ROM' <Latency = 1> <II = 1> <Delay = 0.67> <Storage> <Opcode : 'load'> <Ports = 0> <Width = 2> <Depth = 8> <ROM>
ST_5 : Operation 591 [1/1] (0.00ns)   --->   "%tpgBarSelRgb_r_load_2_cast = sext i2 %tpgBarSelRgb_r_load_2" [/home/training/AUPBoard/aup_hdmi_pass_thru_2023p1_working/aup_hdmi_pass_thru_2023p1/HDMI_Pass_Thru_ExDes/v_hdmi_rx_ss_0_ex/v_hdmi_rx_ss_0_ex.runs/exdes_v_tpg_0_synth_1/prj/sol/.autopilot/db/v_tpg.cpp:1555->/home/training/AUPBoard/aup_hdmi_pass_thru_2023p1_working/aup_hdmi_pass_thru_2023p1/HDMI_Pass_Thru_ExDes/v_hdmi_rx_ss_0_ex/v_hdmi_rx_ss_0_ex.runs/exdes_v_tpg_0_synth_1/prj/sol/.autopilot/db/v_tpg.cpp:652]   --->   Operation 591 'sext' 'tpgBarSelRgb_r_load_2_cast' <Predicate = (icmp_ln520 & bckgndId_load_read == 15 & tmp_18)> <Delay = 0.00>
ST_5 : Operation 592 [1/2] (0.67ns)   --->   "%tpgBarSelRgb_g_load_2 = load i3 %tpgBarSelRgb_g_addr_2" [/home/training/AUPBoard/aup_hdmi_pass_thru_2023p1_working/aup_hdmi_pass_thru_2023p1/HDMI_Pass_Thru_ExDes/v_hdmi_rx_ss_0_ex/v_hdmi_rx_ss_0_ex.runs/exdes_v_tpg_0_synth_1/prj/sol/.autopilot/db/v_tpg.cpp:1559->/home/training/AUPBoard/aup_hdmi_pass_thru_2023p1_working/aup_hdmi_pass_thru_2023p1/HDMI_Pass_Thru_ExDes/v_hdmi_rx_ss_0_ex/v_hdmi_rx_ss_0_ex.runs/exdes_v_tpg_0_synth_1/prj/sol/.autopilot/db/v_tpg.cpp:652]   --->   Operation 592 'load' 'tpgBarSelRgb_g_load_2' <Predicate = (icmp_ln520 & bckgndId_load_read == 15 & tmp_18)> <Delay = 0.67> <CoreInst = "ROM">   --->   Core 101 'ROM' <Latency = 1> <II = 1> <Delay = 0.67> <Storage> <Opcode : 'load'> <Ports = 0> <Width = 2> <Depth = 8> <ROM>
ST_5 : Operation 593 [1/1] (0.00ns)   --->   "%tpgBarSelRgb_g_load_2_cast = sext i2 %tpgBarSelRgb_g_load_2" [/home/training/AUPBoard/aup_hdmi_pass_thru_2023p1_working/aup_hdmi_pass_thru_2023p1/HDMI_Pass_Thru_ExDes/v_hdmi_rx_ss_0_ex/v_hdmi_rx_ss_0_ex.runs/exdes_v_tpg_0_synth_1/prj/sol/.autopilot/db/v_tpg.cpp:1559->/home/training/AUPBoard/aup_hdmi_pass_thru_2023p1_working/aup_hdmi_pass_thru_2023p1/HDMI_Pass_Thru_ExDes/v_hdmi_rx_ss_0_ex/v_hdmi_rx_ss_0_ex.runs/exdes_v_tpg_0_synth_1/prj/sol/.autopilot/db/v_tpg.cpp:652]   --->   Operation 593 'sext' 'tpgBarSelRgb_g_load_2_cast' <Predicate = (icmp_ln520 & bckgndId_load_read == 15 & tmp_18)> <Delay = 0.00>
ST_5 : Operation 594 [1/2] (0.67ns)   --->   "%tpgBarSelRgb_b_load_2 = load i3 %tpgBarSelRgb_b_addr_2" [/home/training/AUPBoard/aup_hdmi_pass_thru_2023p1_working/aup_hdmi_pass_thru_2023p1/HDMI_Pass_Thru_ExDes/v_hdmi_rx_ss_0_ex/v_hdmi_rx_ss_0_ex.runs/exdes_v_tpg_0_synth_1/prj/sol/.autopilot/db/v_tpg.cpp:1566->/home/training/AUPBoard/aup_hdmi_pass_thru_2023p1_working/aup_hdmi_pass_thru_2023p1/HDMI_Pass_Thru_ExDes/v_hdmi_rx_ss_0_ex/v_hdmi_rx_ss_0_ex.runs/exdes_v_tpg_0_synth_1/prj/sol/.autopilot/db/v_tpg.cpp:652]   --->   Operation 594 'load' 'tpgBarSelRgb_b_load_2' <Predicate = (icmp_ln520 & bckgndId_load_read == 15 & tmp_18)> <Delay = 0.67> <CoreInst = "ROM">   --->   Core 101 'ROM' <Latency = 1> <II = 1> <Delay = 0.67> <Storage> <Opcode : 'load'> <Ports = 0> <Width = 2> <Depth = 8> <ROM>
ST_5 : Operation 595 [1/1] (0.00ns)   --->   "%tpgBarSelRgb_b_load_2_cast = sext i2 %tpgBarSelRgb_b_load_2" [/home/training/AUPBoard/aup_hdmi_pass_thru_2023p1_working/aup_hdmi_pass_thru_2023p1/HDMI_Pass_Thru_ExDes/v_hdmi_rx_ss_0_ex/v_hdmi_rx_ss_0_ex.runs/exdes_v_tpg_0_synth_1/prj/sol/.autopilot/db/v_tpg.cpp:1566->/home/training/AUPBoard/aup_hdmi_pass_thru_2023p1_working/aup_hdmi_pass_thru_2023p1/HDMI_Pass_Thru_ExDes/v_hdmi_rx_ss_0_ex/v_hdmi_rx_ss_0_ex.runs/exdes_v_tpg_0_synth_1/prj/sol/.autopilot/db/v_tpg.cpp:652]   --->   Operation 595 'sext' 'tpgBarSelRgb_b_load_2_cast' <Predicate = (icmp_ln520 & bckgndId_load_read == 15 & tmp_18)> <Delay = 0.00>
ST_5 : Operation 596 [1/2] (0.67ns)   --->   "%tpgBarSelYuv_y_load_2 = load i3 %tpgBarSelYuv_y_addr_2" [/home/training/AUPBoard/aup_hdmi_pass_thru_2023p1_working/aup_hdmi_pass_thru_2023p1/HDMI_Pass_Thru_ExDes/v_hdmi_rx_ss_0_ex/v_hdmi_rx_ss_0_ex.runs/exdes_v_tpg_0_synth_1/prj/sol/.autopilot/db/v_tpg.cpp:1556->/home/training/AUPBoard/aup_hdmi_pass_thru_2023p1_working/aup_hdmi_pass_thru_2023p1/HDMI_Pass_Thru_ExDes/v_hdmi_rx_ss_0_ex/v_hdmi_rx_ss_0_ex.runs/exdes_v_tpg_0_synth_1/prj/sol/.autopilot/db/v_tpg.cpp:652]   --->   Operation 596 'load' 'tpgBarSelYuv_y_load_2' <Predicate = (icmp_ln520 & bckgndId_load_read == 15 & !tmp_18)> <Delay = 0.67> <CoreInst = "ROM">   --->   Core 101 'ROM' <Latency = 1> <II = 1> <Delay = 0.67> <Storage> <Opcode : 'load'> <Ports = 0> <Width = 8> <Depth = 8> <ROM>
ST_5 : Operation 597 [1/2] (0.67ns)   --->   "%tpgBarSelYuv_u_load_2 = load i3 %tpgBarSelYuv_u_addr_2" [/home/training/AUPBoard/aup_hdmi_pass_thru_2023p1_working/aup_hdmi_pass_thru_2023p1/HDMI_Pass_Thru_ExDes/v_hdmi_rx_ss_0_ex/v_hdmi_rx_ss_0_ex.runs/exdes_v_tpg_0_synth_1/prj/sol/.autopilot/db/v_tpg.cpp:1561->/home/training/AUPBoard/aup_hdmi_pass_thru_2023p1_working/aup_hdmi_pass_thru_2023p1/HDMI_Pass_Thru_ExDes/v_hdmi_rx_ss_0_ex/v_hdmi_rx_ss_0_ex.runs/exdes_v_tpg_0_synth_1/prj/sol/.autopilot/db/v_tpg.cpp:652]   --->   Operation 597 'load' 'tpgBarSelYuv_u_load_2' <Predicate = (icmp_ln520 & bckgndId_load_read == 15 & !tmp_18)> <Delay = 0.67> <CoreInst = "ROM">   --->   Core 101 'ROM' <Latency = 1> <II = 1> <Delay = 0.67> <Storage> <Opcode : 'load'> <Ports = 0> <Width = 8> <Depth = 8> <ROM>
ST_5 : Operation 598 [1/2] (0.67ns)   --->   "%tpgBarSelYuv_v_load_2 = load i3 %tpgBarSelYuv_v_addr_2" [/home/training/AUPBoard/aup_hdmi_pass_thru_2023p1_working/aup_hdmi_pass_thru_2023p1/HDMI_Pass_Thru_ExDes/v_hdmi_rx_ss_0_ex/v_hdmi_rx_ss_0_ex.runs/exdes_v_tpg_0_synth_1/prj/sol/.autopilot/db/v_tpg.cpp:1567->/home/training/AUPBoard/aup_hdmi_pass_thru_2023p1_working/aup_hdmi_pass_thru_2023p1/HDMI_Pass_Thru_ExDes/v_hdmi_rx_ss_0_ex/v_hdmi_rx_ss_0_ex.runs/exdes_v_tpg_0_synth_1/prj/sol/.autopilot/db/v_tpg.cpp:652]   --->   Operation 598 'load' 'tpgBarSelYuv_v_load_2' <Predicate = (icmp_ln520 & bckgndId_load_read == 15 & !tmp_18)> <Delay = 0.67> <CoreInst = "ROM">   --->   Core 101 'ROM' <Latency = 1> <II = 1> <Delay = 0.67> <Storage> <Opcode : 'load'> <Ports = 0> <Width = 8> <Depth = 8> <ROM>
ST_5 : Operation 599 [1/1] (0.38ns)   --->   "%outpix_99 = select i1 %tmp_18, i8 %tpgBarSelRgb_g_load_2_cast, i8 %tpgBarSelYuv_u_load_2" [/home/training/AUPBoard/aup_hdmi_pass_thru_2023p1_working/aup_hdmi_pass_thru_2023p1/HDMI_Pass_Thru_ExDes/v_hdmi_rx_ss_0_ex/v_hdmi_rx_ss_0_ex.runs/exdes_v_tpg_0_synth_1/prj/sol/.autopilot/db/v_tpg.cpp:1559->/home/training/AUPBoard/aup_hdmi_pass_thru_2023p1_working/aup_hdmi_pass_thru_2023p1/HDMI_Pass_Thru_ExDes/v_hdmi_rx_ss_0_ex/v_hdmi_rx_ss_0_ex.runs/exdes_v_tpg_0_synth_1/prj/sol/.autopilot/db/v_tpg.cpp:652]   --->   Operation 599 'select' 'outpix_99' <Predicate = (icmp_ln520 & bckgndId_load_read == 15)> <Delay = 0.38> <CoreInst = "Sel">   --->   Core 73 'Sel' <Latency = 0> <II = 1> <Delay = 0.38> <FuncUnit> <Opcode : 'select'> <InPorts = 3> <OutPorts = 1>
ST_5 : Operation 600 [1/1] (0.38ns)   --->   "%outpix_100 = select i1 %tmp_18, i8 %tpgBarSelRgb_r_load_2_cast, i8 %tpgBarSelYuv_y_load_2" [/home/training/AUPBoard/aup_hdmi_pass_thru_2023p1_working/aup_hdmi_pass_thru_2023p1/HDMI_Pass_Thru_ExDes/v_hdmi_rx_ss_0_ex/v_hdmi_rx_ss_0_ex.runs/exdes_v_tpg_0_synth_1/prj/sol/.autopilot/db/v_tpg.cpp:1555->/home/training/AUPBoard/aup_hdmi_pass_thru_2023p1_working/aup_hdmi_pass_thru_2023p1/HDMI_Pass_Thru_ExDes/v_hdmi_rx_ss_0_ex/v_hdmi_rx_ss_0_ex.runs/exdes_v_tpg_0_synth_1/prj/sol/.autopilot/db/v_tpg.cpp:652]   --->   Operation 600 'select' 'outpix_100' <Predicate = (icmp_ln520 & bckgndId_load_read == 15)> <Delay = 0.38> <CoreInst = "Sel">   --->   Core 73 'Sel' <Latency = 0> <II = 1> <Delay = 0.38> <FuncUnit> <Opcode : 'select'> <InPorts = 3> <OutPorts = 1>
ST_5 : Operation 601 [1/1] (0.38ns)   --->   "%outpix_98 = select i1 %tmp_18, i8 %tpgBarSelRgb_b_load_2_cast, i8 %tpgBarSelYuv_v_load_2" [/home/training/AUPBoard/aup_hdmi_pass_thru_2023p1_working/aup_hdmi_pass_thru_2023p1/HDMI_Pass_Thru_ExDes/v_hdmi_rx_ss_0_ex/v_hdmi_rx_ss_0_ex.runs/exdes_v_tpg_0_synth_1/prj/sol/.autopilot/db/v_tpg.cpp:1566->/home/training/AUPBoard/aup_hdmi_pass_thru_2023p1_working/aup_hdmi_pass_thru_2023p1/HDMI_Pass_Thru_ExDes/v_hdmi_rx_ss_0_ex/v_hdmi_rx_ss_0_ex.runs/exdes_v_tpg_0_synth_1/prj/sol/.autopilot/db/v_tpg.cpp:652]   --->   Operation 601 'select' 'outpix_98' <Predicate = (icmp_ln520 & bckgndId_load_read == 15)> <Delay = 0.38> <CoreInst = "Sel">   --->   Core 73 'Sel' <Latency = 0> <II = 1> <Delay = 0.38> <FuncUnit> <Opcode : 'select'> <InPorts = 3> <OutPorts = 1>
ST_5 : Operation 602 [1/2] (0.67ns)   --->   "%tpgBarSelYuv_y_load_5 = load i3 %tpgBarSelYuv_y_addr_5" [/home/training/AUPBoard/aup_hdmi_pass_thru_2023p1_working/aup_hdmi_pass_thru_2023p1/HDMI_Pass_Thru_ExDes/v_hdmi_rx_ss_0_ex/v_hdmi_rx_ss_0_ex.runs/exdes_v_tpg_0_synth_1/prj/sol/.autopilot/db/v_tpg.cpp:1556->/home/training/AUPBoard/aup_hdmi_pass_thru_2023p1_working/aup_hdmi_pass_thru_2023p1/HDMI_Pass_Thru_ExDes/v_hdmi_rx_ss_0_ex/v_hdmi_rx_ss_0_ex.runs/exdes_v_tpg_0_synth_1/prj/sol/.autopilot/db/v_tpg.cpp:652]   --->   Operation 602 'load' 'tpgBarSelYuv_y_load_5' <Predicate = (icmp_ln520 & bckgndId_load_read == 15 & !tmp_18)> <Delay = 0.67> <CoreInst = "ROM">   --->   Core 101 'ROM' <Latency = 1> <II = 1> <Delay = 0.67> <Storage> <Opcode : 'load'> <Ports = 0> <Width = 8> <Depth = 8> <ROM>
ST_5 : Operation 603 [1/2] (0.67ns)   --->   "%tpgBarSelYuv_u_load_5 = load i3 %tpgBarSelYuv_u_addr_5" [/home/training/AUPBoard/aup_hdmi_pass_thru_2023p1_working/aup_hdmi_pass_thru_2023p1/HDMI_Pass_Thru_ExDes/v_hdmi_rx_ss_0_ex/v_hdmi_rx_ss_0_ex.runs/exdes_v_tpg_0_synth_1/prj/sol/.autopilot/db/v_tpg.cpp:1561->/home/training/AUPBoard/aup_hdmi_pass_thru_2023p1_working/aup_hdmi_pass_thru_2023p1/HDMI_Pass_Thru_ExDes/v_hdmi_rx_ss_0_ex/v_hdmi_rx_ss_0_ex.runs/exdes_v_tpg_0_synth_1/prj/sol/.autopilot/db/v_tpg.cpp:652]   --->   Operation 603 'load' 'tpgBarSelYuv_u_load_5' <Predicate = (icmp_ln520 & bckgndId_load_read == 15 & !tmp_18 & tmp_14)> <Delay = 0.67> <CoreInst = "ROM">   --->   Core 101 'ROM' <Latency = 1> <II = 1> <Delay = 0.67> <Storage> <Opcode : 'load'> <Ports = 0> <Width = 8> <Depth = 8> <ROM>
ST_5 : Operation 604 [1/2] (0.67ns)   --->   "%tpgBarSelYuv_v_load_5 = load i3 %tpgBarSelYuv_v_addr_5" [/home/training/AUPBoard/aup_hdmi_pass_thru_2023p1_working/aup_hdmi_pass_thru_2023p1/HDMI_Pass_Thru_ExDes/v_hdmi_rx_ss_0_ex/v_hdmi_rx_ss_0_ex.runs/exdes_v_tpg_0_synth_1/prj/sol/.autopilot/db/v_tpg.cpp:1562->/home/training/AUPBoard/aup_hdmi_pass_thru_2023p1_working/aup_hdmi_pass_thru_2023p1/HDMI_Pass_Thru_ExDes/v_hdmi_rx_ss_0_ex/v_hdmi_rx_ss_0_ex.runs/exdes_v_tpg_0_synth_1/prj/sol/.autopilot/db/v_tpg.cpp:652]   --->   Operation 604 'load' 'tpgBarSelYuv_v_load_5' <Predicate = (icmp_ln520 & bckgndId_load_read == 15 & !tmp_18)> <Delay = 0.67> <CoreInst = "ROM">   --->   Core 101 'ROM' <Latency = 1> <II = 1> <Delay = 0.67> <Storage> <Opcode : 'load'> <Ports = 0> <Width = 8> <Depth = 8> <ROM>
ST_5 : Operation 605 [1/1] (0.38ns)   --->   "%cond104_1_ph_i = select i1 %tmp_14, i8 %tpgBarSelYuv_u_load_5, i8 %tpgBarSelYuv_v_load_5" [/home/training/AUPBoard/aup_hdmi_pass_thru_2023p1_working/aup_hdmi_pass_thru_2023p1/HDMI_Pass_Thru_ExDes/v_hdmi_rx_ss_0_ex/v_hdmi_rx_ss_0_ex.runs/exdes_v_tpg_0_synth_1/prj/sol/.autopilot/db/v_tpg.cpp:1561->/home/training/AUPBoard/aup_hdmi_pass_thru_2023p1_working/aup_hdmi_pass_thru_2023p1/HDMI_Pass_Thru_ExDes/v_hdmi_rx_ss_0_ex/v_hdmi_rx_ss_0_ex.runs/exdes_v_tpg_0_synth_1/prj/sol/.autopilot/db/v_tpg.cpp:652]   --->   Operation 605 'select' 'cond104_1_ph_i' <Predicate = (icmp_ln520 & bckgndId_load_read == 15 & !tmp_18)> <Delay = 0.38> <CoreInst = "Sel">   --->   Core 73 'Sel' <Latency = 0> <II = 1> <Delay = 0.38> <FuncUnit> <Opcode : 'select'> <InPorts = 3> <OutPorts = 1>
ST_5 : Operation 606 [1/1] (0.93ns)   --->   "%br_ln1565 = br void %sw.epilog" [/home/training/AUPBoard/aup_hdmi_pass_thru_2023p1_working/aup_hdmi_pass_thru_2023p1/HDMI_Pass_Thru_ExDes/v_hdmi_rx_ss_0_ex/v_hdmi_rx_ss_0_ex.runs/exdes_v_tpg_0_synth_1/prj/sol/.autopilot/db/v_tpg.cpp:1565->/home/training/AUPBoard/aup_hdmi_pass_thru_2023p1_working/aup_hdmi_pass_thru_2023p1/HDMI_Pass_Thru_ExDes/v_hdmi_rx_ss_0_ex/v_hdmi_rx_ss_0_ex.runs/exdes_v_tpg_0_synth_1/prj/sol/.autopilot/db/v_tpg.cpp:652]   --->   Operation 606 'br' 'br_ln1565' <Predicate = (icmp_ln520 & bckgndId_load_read == 15 & !tmp_18)> <Delay = 0.93>
ST_5 : Operation 607 [1/2] (0.67ns)   --->   "%tpgBarSelRgb_r_load_5 = load i3 %tpgBarSelRgb_r_addr_5" [/home/training/AUPBoard/aup_hdmi_pass_thru_2023p1_working/aup_hdmi_pass_thru_2023p1/HDMI_Pass_Thru_ExDes/v_hdmi_rx_ss_0_ex/v_hdmi_rx_ss_0_ex.runs/exdes_v_tpg_0_synth_1/prj/sol/.autopilot/db/v_tpg.cpp:1555->/home/training/AUPBoard/aup_hdmi_pass_thru_2023p1_working/aup_hdmi_pass_thru_2023p1/HDMI_Pass_Thru_ExDes/v_hdmi_rx_ss_0_ex/v_hdmi_rx_ss_0_ex.runs/exdes_v_tpg_0_synth_1/prj/sol/.autopilot/db/v_tpg.cpp:652]   --->   Operation 607 'load' 'tpgBarSelRgb_r_load_5' <Predicate = (icmp_ln520 & bckgndId_load_read == 15 & tmp_18)> <Delay = 0.67> <CoreInst = "ROM">   --->   Core 101 'ROM' <Latency = 1> <II = 1> <Delay = 0.67> <Storage> <Opcode : 'load'> <Ports = 0> <Width = 2> <Depth = 8> <ROM>
ST_5 : Operation 608 [1/1] (0.00ns)   --->   "%tpgBarSelRgb_r_load_5_cast = sext i2 %tpgBarSelRgb_r_load_5" [/home/training/AUPBoard/aup_hdmi_pass_thru_2023p1_working/aup_hdmi_pass_thru_2023p1/HDMI_Pass_Thru_ExDes/v_hdmi_rx_ss_0_ex/v_hdmi_rx_ss_0_ex.runs/exdes_v_tpg_0_synth_1/prj/sol/.autopilot/db/v_tpg.cpp:1555->/home/training/AUPBoard/aup_hdmi_pass_thru_2023p1_working/aup_hdmi_pass_thru_2023p1/HDMI_Pass_Thru_ExDes/v_hdmi_rx_ss_0_ex/v_hdmi_rx_ss_0_ex.runs/exdes_v_tpg_0_synth_1/prj/sol/.autopilot/db/v_tpg.cpp:652]   --->   Operation 608 'sext' 'tpgBarSelRgb_r_load_5_cast' <Predicate = (icmp_ln520 & bckgndId_load_read == 15 & tmp_18)> <Delay = 0.00>
ST_5 : Operation 609 [1/2] (0.67ns)   --->   "%tpgBarSelRgb_g_load_5 = load i3 %tpgBarSelRgb_g_addr_5" [/home/training/AUPBoard/aup_hdmi_pass_thru_2023p1_working/aup_hdmi_pass_thru_2023p1/HDMI_Pass_Thru_ExDes/v_hdmi_rx_ss_0_ex/v_hdmi_rx_ss_0_ex.runs/exdes_v_tpg_0_synth_1/prj/sol/.autopilot/db/v_tpg.cpp:1559->/home/training/AUPBoard/aup_hdmi_pass_thru_2023p1_working/aup_hdmi_pass_thru_2023p1/HDMI_Pass_Thru_ExDes/v_hdmi_rx_ss_0_ex/v_hdmi_rx_ss_0_ex.runs/exdes_v_tpg_0_synth_1/prj/sol/.autopilot/db/v_tpg.cpp:652]   --->   Operation 609 'load' 'tpgBarSelRgb_g_load_5' <Predicate = (icmp_ln520 & bckgndId_load_read == 15 & tmp_18)> <Delay = 0.67> <CoreInst = "ROM">   --->   Core 101 'ROM' <Latency = 1> <II = 1> <Delay = 0.67> <Storage> <Opcode : 'load'> <Ports = 0> <Width = 2> <Depth = 8> <ROM>
ST_5 : Operation 610 [1/1] (0.00ns)   --->   "%tpgBarSelRgb_g_load_5_cast = sext i2 %tpgBarSelRgb_g_load_5" [/home/training/AUPBoard/aup_hdmi_pass_thru_2023p1_working/aup_hdmi_pass_thru_2023p1/HDMI_Pass_Thru_ExDes/v_hdmi_rx_ss_0_ex/v_hdmi_rx_ss_0_ex.runs/exdes_v_tpg_0_synth_1/prj/sol/.autopilot/db/v_tpg.cpp:1559->/home/training/AUPBoard/aup_hdmi_pass_thru_2023p1_working/aup_hdmi_pass_thru_2023p1/HDMI_Pass_Thru_ExDes/v_hdmi_rx_ss_0_ex/v_hdmi_rx_ss_0_ex.runs/exdes_v_tpg_0_synth_1/prj/sol/.autopilot/db/v_tpg.cpp:652]   --->   Operation 610 'sext' 'tpgBarSelRgb_g_load_5_cast' <Predicate = (icmp_ln520 & bckgndId_load_read == 15 & tmp_18)> <Delay = 0.00>
ST_5 : Operation 611 [1/2] (0.67ns)   --->   "%tpgBarSelRgb_b_load_5 = load i3 %tpgBarSelRgb_b_addr_5" [/home/training/AUPBoard/aup_hdmi_pass_thru_2023p1_working/aup_hdmi_pass_thru_2023p1/HDMI_Pass_Thru_ExDes/v_hdmi_rx_ss_0_ex/v_hdmi_rx_ss_0_ex.runs/exdes_v_tpg_0_synth_1/prj/sol/.autopilot/db/v_tpg.cpp:1566->/home/training/AUPBoard/aup_hdmi_pass_thru_2023p1_working/aup_hdmi_pass_thru_2023p1/HDMI_Pass_Thru_ExDes/v_hdmi_rx_ss_0_ex/v_hdmi_rx_ss_0_ex.runs/exdes_v_tpg_0_synth_1/prj/sol/.autopilot/db/v_tpg.cpp:652]   --->   Operation 611 'load' 'tpgBarSelRgb_b_load_5' <Predicate = (icmp_ln520 & bckgndId_load_read == 15 & tmp_18)> <Delay = 0.67> <CoreInst = "ROM">   --->   Core 101 'ROM' <Latency = 1> <II = 1> <Delay = 0.67> <Storage> <Opcode : 'load'> <Ports = 0> <Width = 2> <Depth = 8> <ROM>
ST_5 : Operation 612 [1/1] (0.00ns)   --->   "%tpgBarSelRgb_b_load_5_cast = sext i2 %tpgBarSelRgb_b_load_5" [/home/training/AUPBoard/aup_hdmi_pass_thru_2023p1_working/aup_hdmi_pass_thru_2023p1/HDMI_Pass_Thru_ExDes/v_hdmi_rx_ss_0_ex/v_hdmi_rx_ss_0_ex.runs/exdes_v_tpg_0_synth_1/prj/sol/.autopilot/db/v_tpg.cpp:1566->/home/training/AUPBoard/aup_hdmi_pass_thru_2023p1_working/aup_hdmi_pass_thru_2023p1/HDMI_Pass_Thru_ExDes/v_hdmi_rx_ss_0_ex/v_hdmi_rx_ss_0_ex.runs/exdes_v_tpg_0_synth_1/prj/sol/.autopilot/db/v_tpg.cpp:652]   --->   Operation 612 'sext' 'tpgBarSelRgb_b_load_5_cast' <Predicate = (icmp_ln520 & bckgndId_load_read == 15 & tmp_18)> <Delay = 0.00>
ST_5 : Operation 613 [1/1] (0.93ns)   --->   "%br_ln1565 = br void %sw.epilog" [/home/training/AUPBoard/aup_hdmi_pass_thru_2023p1_working/aup_hdmi_pass_thru_2023p1/HDMI_Pass_Thru_ExDes/v_hdmi_rx_ss_0_ex/v_hdmi_rx_ss_0_ex.runs/exdes_v_tpg_0_synth_1/prj/sol/.autopilot/db/v_tpg.cpp:1565->/home/training/AUPBoard/aup_hdmi_pass_thru_2023p1_working/aup_hdmi_pass_thru_2023p1/HDMI_Pass_Thru_ExDes/v_hdmi_rx_ss_0_ex/v_hdmi_rx_ss_0_ex.runs/exdes_v_tpg_0_synth_1/prj/sol/.autopilot/db/v_tpg.cpp:652]   --->   Operation 613 'br' 'br_ln1565' <Predicate = (icmp_ln520 & bckgndId_load_read == 15 & tmp_18)> <Delay = 0.93>
ST_5 : Operation 614 [1/1] (0.38ns)   --->   "%outpix_97 = select i1 %tmp_18, i8 0, i8 128"   --->   Operation 614 'select' 'outpix_97' <Predicate = (icmp_ln520 & bckgndId_load_read == 14)> <Delay = 0.38> <CoreInst = "Sel">   --->   Core 73 'Sel' <Latency = 0> <II = 1> <Delay = 0.38> <FuncUnit> <Opcode : 'select'> <InPorts = 3> <OutPorts = 1>
ST_5 : Operation 615 [1/1] (0.93ns)   --->   "%br_ln1161 = br i1 %tmp_18, void %cond.false.i49, void %sw.epilog" [/home/training/AUPBoard/aup_hdmi_pass_thru_2023p1_working/aup_hdmi_pass_thru_2023p1/HDMI_Pass_Thru_ExDes/v_hdmi_rx_ss_0_ex/v_hdmi_rx_ss_0_ex.runs/exdes_v_tpg_0_synth_1/prj/sol/.autopilot/db/v_tpg.cpp:1161->/home/training/AUPBoard/aup_hdmi_pass_thru_2023p1_working/aup_hdmi_pass_thru_2023p1/HDMI_Pass_Thru_ExDes/v_hdmi_rx_ss_0_ex/v_hdmi_rx_ss_0_ex.runs/exdes_v_tpg_0_synth_1/prj/sol/.autopilot/db/v_tpg.cpp:646]   --->   Operation 615 'br' 'br_ln1161' <Predicate = (icmp_ln520 & bckgndId_load_read == 14)> <Delay = 0.93>
ST_5 : Operation 616 [1/2] (0.67ns)   --->   "%blkYuv_load_10 = load i2 %blkYuv_addr_10" [/home/training/AUPBoard/aup_hdmi_pass_thru_2023p1_working/aup_hdmi_pass_thru_2023p1/HDMI_Pass_Thru_ExDes/v_hdmi_rx_ss_0_ex/v_hdmi_rx_ss_0_ex.runs/exdes_v_tpg_0_synth_1/prj/sol/.autopilot/db/v_tpg.cpp:1161->/home/training/AUPBoard/aup_hdmi_pass_thru_2023p1_working/aup_hdmi_pass_thru_2023p1/HDMI_Pass_Thru_ExDes/v_hdmi_rx_ss_0_ex/v_hdmi_rx_ss_0_ex.runs/exdes_v_tpg_0_synth_1/prj/sol/.autopilot/db/v_tpg.cpp:646]   --->   Operation 616 'load' 'blkYuv_load_10' <Predicate = (icmp_ln520 & bckgndId_load_read == 14 & !tmp_18)> <Delay = 0.67> <CoreInst = "ROM">   --->   Core 101 'ROM' <Latency = 1> <II = 1> <Delay = 0.67> <Storage> <Opcode : 'load'> <Ports = 0> <Width = 8> <Depth = 3> <ROM>
ST_5 : Operation 617 [1/1] (0.93ns)   --->   "%br_ln1161 = br void %sw.epilog" [/home/training/AUPBoard/aup_hdmi_pass_thru_2023p1_working/aup_hdmi_pass_thru_2023p1/HDMI_Pass_Thru_ExDes/v_hdmi_rx_ss_0_ex/v_hdmi_rx_ss_0_ex.runs/exdes_v_tpg_0_synth_1/prj/sol/.autopilot/db/v_tpg.cpp:1161->/home/training/AUPBoard/aup_hdmi_pass_thru_2023p1_working/aup_hdmi_pass_thru_2023p1/HDMI_Pass_Thru_ExDes/v_hdmi_rx_ss_0_ex/v_hdmi_rx_ss_0_ex.runs/exdes_v_tpg_0_synth_1/prj/sol/.autopilot/db/v_tpg.cpp:646]   --->   Operation 617 'br' 'br_ln1161' <Predicate = (icmp_ln520 & bckgndId_load_read == 14 & !tmp_18)> <Delay = 0.93>
ST_5 : Operation 618 [1/1] (0.38ns)   --->   "%outpix_96 = select i1 %tmp_18, i8 0, i8 128"   --->   Operation 618 'select' 'outpix_96' <Predicate = (icmp_ln520 & bckgndId_load_read == 13)> <Delay = 0.38> <CoreInst = "Sel">   --->   Core 73 'Sel' <Latency = 0> <II = 1> <Delay = 0.38> <FuncUnit> <Opcode : 'select'> <InPorts = 3> <OutPorts = 1>
ST_5 : Operation 619 [1/1] (0.93ns)   --->   "%br_ln1161 = br i1 %tmp_18, void %cond.false.i62, void %sw.epilog" [/home/training/AUPBoard/aup_hdmi_pass_thru_2023p1_working/aup_hdmi_pass_thru_2023p1/HDMI_Pass_Thru_ExDes/v_hdmi_rx_ss_0_ex/v_hdmi_rx_ss_0_ex.runs/exdes_v_tpg_0_synth_1/prj/sol/.autopilot/db/v_tpg.cpp:1161->/home/training/AUPBoard/aup_hdmi_pass_thru_2023p1_working/aup_hdmi_pass_thru_2023p1/HDMI_Pass_Thru_ExDes/v_hdmi_rx_ss_0_ex/v_hdmi_rx_ss_0_ex.runs/exdes_v_tpg_0_synth_1/prj/sol/.autopilot/db/v_tpg.cpp:638]   --->   Operation 619 'br' 'br_ln1161' <Predicate = (icmp_ln520 & bckgndId_load_read == 13)> <Delay = 0.93>
ST_5 : Operation 620 [1/2] (0.67ns)   --->   "%blkYuv_load_9 = load i2 %blkYuv_addr_9" [/home/training/AUPBoard/aup_hdmi_pass_thru_2023p1_working/aup_hdmi_pass_thru_2023p1/HDMI_Pass_Thru_ExDes/v_hdmi_rx_ss_0_ex/v_hdmi_rx_ss_0_ex.runs/exdes_v_tpg_0_synth_1/prj/sol/.autopilot/db/v_tpg.cpp:1161->/home/training/AUPBoard/aup_hdmi_pass_thru_2023p1_working/aup_hdmi_pass_thru_2023p1/HDMI_Pass_Thru_ExDes/v_hdmi_rx_ss_0_ex/v_hdmi_rx_ss_0_ex.runs/exdes_v_tpg_0_synth_1/prj/sol/.autopilot/db/v_tpg.cpp:638]   --->   Operation 620 'load' 'blkYuv_load_9' <Predicate = (icmp_ln520 & bckgndId_load_read == 13 & !tmp_18)> <Delay = 0.67> <CoreInst = "ROM">   --->   Core 101 'ROM' <Latency = 1> <II = 1> <Delay = 0.67> <Storage> <Opcode : 'load'> <Ports = 0> <Width = 8> <Depth = 3> <ROM>
ST_5 : Operation 621 [1/1] (0.93ns)   --->   "%br_ln1161 = br void %sw.epilog" [/home/training/AUPBoard/aup_hdmi_pass_thru_2023p1_working/aup_hdmi_pass_thru_2023p1/HDMI_Pass_Thru_ExDes/v_hdmi_rx_ss_0_ex/v_hdmi_rx_ss_0_ex.runs/exdes_v_tpg_0_synth_1/prj/sol/.autopilot/db/v_tpg.cpp:1161->/home/training/AUPBoard/aup_hdmi_pass_thru_2023p1_working/aup_hdmi_pass_thru_2023p1/HDMI_Pass_Thru_ExDes/v_hdmi_rx_ss_0_ex/v_hdmi_rx_ss_0_ex.runs/exdes_v_tpg_0_synth_1/prj/sol/.autopilot/db/v_tpg.cpp:638]   --->   Operation 621 'br' 'br_ln1161' <Predicate = (icmp_ln520 & bckgndId_load_read == 13 & !tmp_18)> <Delay = 0.93>
ST_5 : Operation 622 [1/1] (0.38ns)   --->   "%pix_17 = select i1 %tmp_18, i8 255, i8 128"   --->   Operation 622 'select' 'pix_17' <Predicate = (icmp_ln520 & bckgndId_load_read == 12)> <Delay = 0.38> <CoreInst = "Sel">   --->   Core 73 'Sel' <Latency = 0> <II = 1> <Delay = 0.38> <FuncUnit> <Opcode : 'select'> <InPorts = 3> <OutPorts = 1>
ST_5 : Operation 623 [1/1] (0.38ns)   --->   "%pix_18 = select i1 %tmp_18, i8 0, i8 128"   --->   Operation 623 'select' 'pix_18' <Predicate = (icmp_ln520 & bckgndId_load_read == 12)> <Delay = 0.38> <CoreInst = "Sel">   --->   Core 73 'Sel' <Latency = 0> <II = 1> <Delay = 0.38> <FuncUnit> <Opcode : 'select'> <InPorts = 3> <OutPorts = 1>
ST_5 : Operation 624 [1/1] (0.38ns)   --->   "%outpix_73 = select i1 %outpix_74, i8 %pix_17, i8 %pix_18" [/home/training/AUPBoard/aup_hdmi_pass_thru_2023p1_working/aup_hdmi_pass_thru_2023p1/HDMI_Pass_Thru_ExDes/v_hdmi_rx_ss_0_ex/v_hdmi_rx_ss_0_ex.runs/exdes_v_tpg_0_synth_1/prj/sol/.autopilot/db/v_tpg.cpp:1449->/home/training/AUPBoard/aup_hdmi_pass_thru_2023p1_working/aup_hdmi_pass_thru_2023p1/HDMI_Pass_Thru_ExDes/v_hdmi_rx_ss_0_ex/v_hdmi_rx_ss_0_ex.runs/exdes_v_tpg_0_synth_1/prj/sol/.autopilot/db/v_tpg.cpp:628]   --->   Operation 624 'select' 'outpix_73' <Predicate = (icmp_ln520 & bckgndId_load_read == 12)> <Delay = 0.38> <CoreInst = "Sel">   --->   Core 73 'Sel' <Latency = 0> <II = 1> <Delay = 0.38> <FuncUnit> <Opcode : 'select'> <InPorts = 3> <OutPorts = 1>
ST_5 : Operation 625 [1/1] (0.33ns)   --->   "%select_ln507 = select i1 %outpix_74, i8 255, i8 0" [/home/training/AUPBoard/aup_hdmi_pass_thru_2023p1_working/aup_hdmi_pass_thru_2023p1/HDMI_Pass_Thru_ExDes/v_hdmi_rx_ss_0_ex/v_hdmi_rx_ss_0_ex.runs/exdes_v_tpg_0_synth_1/prj/sol/.autopilot/db/v_tpg.cpp:507]   --->   Operation 625 'select' 'select_ln507' <Predicate = (icmp_ln520 & bckgndId_load_read == 12)> <Delay = 0.33> <CoreInst = "Sel">   --->   Core 73 'Sel' <Latency = 0> <II = 1> <Delay = 0.33> <FuncUnit> <Opcode : 'select'> <InPorts = 3> <OutPorts = 1>
ST_5 : Operation 626 [1/1] (0.93ns)   --->   "%br_ln1473 = br i1 %tmp_18, void %cond.false121.1.i, void %sw.epilog" [/home/training/AUPBoard/aup_hdmi_pass_thru_2023p1_working/aup_hdmi_pass_thru_2023p1/HDMI_Pass_Thru_ExDes/v_hdmi_rx_ss_0_ex/v_hdmi_rx_ss_0_ex.runs/exdes_v_tpg_0_synth_1/prj/sol/.autopilot/db/v_tpg.cpp:1473->/home/training/AUPBoard/aup_hdmi_pass_thru_2023p1_working/aup_hdmi_pass_thru_2023p1/HDMI_Pass_Thru_ExDes/v_hdmi_rx_ss_0_ex/v_hdmi_rx_ss_0_ex.runs/exdes_v_tpg_0_synth_1/prj/sol/.autopilot/db/v_tpg.cpp:628]   --->   Operation 626 'br' 'br_ln1473' <Predicate = (icmp_ln520 & bckgndId_load_read == 12 & !or_ln1449)> <Delay = 0.93>
ST_5 : Operation 627 [1/2] (0.67ns)   --->   "%blkYuv_1_load = load i2 %blkYuv_1_addr" [/home/training/AUPBoard/aup_hdmi_pass_thru_2023p1_working/aup_hdmi_pass_thru_2023p1/HDMI_Pass_Thru_ExDes/v_hdmi_rx_ss_0_ex/v_hdmi_rx_ss_0_ex.runs/exdes_v_tpg_0_synth_1/prj/sol/.autopilot/db/v_tpg.cpp:1473->/home/training/AUPBoard/aup_hdmi_pass_thru_2023p1_working/aup_hdmi_pass_thru_2023p1/HDMI_Pass_Thru_ExDes/v_hdmi_rx_ss_0_ex/v_hdmi_rx_ss_0_ex.runs/exdes_v_tpg_0_synth_1/prj/sol/.autopilot/db/v_tpg.cpp:628]   --->   Operation 627 'load' 'blkYuv_1_load' <Predicate = (icmp_ln520 & bckgndId_load_read == 12 & !tmp_18 & !or_ln1449)> <Delay = 0.67> <CoreInst = "ROM">   --->   Core 101 'ROM' <Latency = 1> <II = 1> <Delay = 0.67> <Storage> <Opcode : 'load'> <Ports = 0> <Width = 8> <Depth = 3> <ROM>
ST_5 : Operation 628 [1/1] (0.93ns)   --->   "%br_ln1473 = br void %sw.epilog" [/home/training/AUPBoard/aup_hdmi_pass_thru_2023p1_working/aup_hdmi_pass_thru_2023p1/HDMI_Pass_Thru_ExDes/v_hdmi_rx_ss_0_ex/v_hdmi_rx_ss_0_ex.runs/exdes_v_tpg_0_synth_1/prj/sol/.autopilot/db/v_tpg.cpp:1473->/home/training/AUPBoard/aup_hdmi_pass_thru_2023p1_working/aup_hdmi_pass_thru_2023p1/HDMI_Pass_Thru_ExDes/v_hdmi_rx_ss_0_ex/v_hdmi_rx_ss_0_ex.runs/exdes_v_tpg_0_synth_1/prj/sol/.autopilot/db/v_tpg.cpp:628]   --->   Operation 628 'br' 'br_ln1473' <Predicate = (icmp_ln520 & bckgndId_load_read == 12 & !tmp_18 & !or_ln1449)> <Delay = 0.93>
ST_5 : Operation 629 [1/1] (0.93ns)   --->   "%br_ln1458 = br i1 %tmp_18, void %cond.false.1.i, void %sw.epilog" [/home/training/AUPBoard/aup_hdmi_pass_thru_2023p1_working/aup_hdmi_pass_thru_2023p1/HDMI_Pass_Thru_ExDes/v_hdmi_rx_ss_0_ex/v_hdmi_rx_ss_0_ex.runs/exdes_v_tpg_0_synth_1/prj/sol/.autopilot/db/v_tpg.cpp:1458->/home/training/AUPBoard/aup_hdmi_pass_thru_2023p1_working/aup_hdmi_pass_thru_2023p1/HDMI_Pass_Thru_ExDes/v_hdmi_rx_ss_0_ex/v_hdmi_rx_ss_0_ex.runs/exdes_v_tpg_0_synth_1/prj/sol/.autopilot/db/v_tpg.cpp:628]   --->   Operation 629 'br' 'br_ln1458' <Predicate = (icmp_ln520 & bckgndId_load_read == 12 & or_ln1449)> <Delay = 0.93>
ST_5 : Operation 630 [1/2] (0.67ns)   --->   "%whiYuv_load = load i2 %whiYuv_addr" [/home/training/AUPBoard/aup_hdmi_pass_thru_2023p1_working/aup_hdmi_pass_thru_2023p1/HDMI_Pass_Thru_ExDes/v_hdmi_rx_ss_0_ex/v_hdmi_rx_ss_0_ex.runs/exdes_v_tpg_0_synth_1/prj/sol/.autopilot/db/v_tpg.cpp:1458->/home/training/AUPBoard/aup_hdmi_pass_thru_2023p1_working/aup_hdmi_pass_thru_2023p1/HDMI_Pass_Thru_ExDes/v_hdmi_rx_ss_0_ex/v_hdmi_rx_ss_0_ex.runs/exdes_v_tpg_0_synth_1/prj/sol/.autopilot/db/v_tpg.cpp:628]   --->   Operation 630 'load' 'whiYuv_load' <Predicate = (icmp_ln520 & bckgndId_load_read == 12 & !tmp_18 & or_ln1449)> <Delay = 0.67> <CoreInst = "ROM">   --->   Core 101 'ROM' <Latency = 1> <II = 1> <Delay = 0.67> <Storage> <Opcode : 'load'> <Ports = 0> <Width = 8> <Depth = 3> <ROM>
ST_5 : Operation 631 [1/1] (0.93ns)   --->   "%br_ln1458 = br void %sw.epilog" [/home/training/AUPBoard/aup_hdmi_pass_thru_2023p1_working/aup_hdmi_pass_thru_2023p1/HDMI_Pass_Thru_ExDes/v_hdmi_rx_ss_0_ex/v_hdmi_rx_ss_0_ex.runs/exdes_v_tpg_0_synth_1/prj/sol/.autopilot/db/v_tpg.cpp:1458->/home/training/AUPBoard/aup_hdmi_pass_thru_2023p1_working/aup_hdmi_pass_thru_2023p1/HDMI_Pass_Thru_ExDes/v_hdmi_rx_ss_0_ex/v_hdmi_rx_ss_0_ex.runs/exdes_v_tpg_0_synth_1/prj/sol/.autopilot/db/v_tpg.cpp:628]   --->   Operation 631 'br' 'br_ln1458' <Predicate = (icmp_ln520 & bckgndId_load_read == 12 & !tmp_18 & or_ln1449)> <Delay = 0.93>
ST_5 : Operation 632 [1/2] (0.67ns)   --->   "%tpgBarSelRgb_r_load_1 = load i3 %tpgBarSelRgb_r_addr_1" [/home/training/AUPBoard/aup_hdmi_pass_thru_2023p1_working/aup_hdmi_pass_thru_2023p1/HDMI_Pass_Thru_ExDes/v_hdmi_rx_ss_0_ex/v_hdmi_rx_ss_0_ex.runs/exdes_v_tpg_0_synth_1/prj/sol/.autopilot/db/v_tpg.cpp:1374->/home/training/AUPBoard/aup_hdmi_pass_thru_2023p1_working/aup_hdmi_pass_thru_2023p1/HDMI_Pass_Thru_ExDes/v_hdmi_rx_ss_0_ex/v_hdmi_rx_ss_0_ex.runs/exdes_v_tpg_0_synth_1/prj/sol/.autopilot/db/v_tpg.cpp:620]   --->   Operation 632 'load' 'tpgBarSelRgb_r_load_1' <Predicate = (icmp_ln520 & bckgndId_load_read == 11 & tmp_18)> <Delay = 0.67> <CoreInst = "ROM">   --->   Core 101 'ROM' <Latency = 1> <II = 1> <Delay = 0.67> <Storage> <Opcode : 'load'> <Ports = 0> <Width = 2> <Depth = 8> <ROM>
ST_5 : Operation 633 [1/1] (0.00ns)   --->   "%tpgBarSelRgb_r_load_1_cast = sext i2 %tpgBarSelRgb_r_load_1" [/home/training/AUPBoard/aup_hdmi_pass_thru_2023p1_working/aup_hdmi_pass_thru_2023p1/HDMI_Pass_Thru_ExDes/v_hdmi_rx_ss_0_ex/v_hdmi_rx_ss_0_ex.runs/exdes_v_tpg_0_synth_1/prj/sol/.autopilot/db/v_tpg.cpp:1374->/home/training/AUPBoard/aup_hdmi_pass_thru_2023p1_working/aup_hdmi_pass_thru_2023p1/HDMI_Pass_Thru_ExDes/v_hdmi_rx_ss_0_ex/v_hdmi_rx_ss_0_ex.runs/exdes_v_tpg_0_synth_1/prj/sol/.autopilot/db/v_tpg.cpp:620]   --->   Operation 633 'sext' 'tpgBarSelRgb_r_load_1_cast' <Predicate = (icmp_ln520 & bckgndId_load_read == 11 & tmp_18)> <Delay = 0.00>
ST_5 : Operation 634 [1/2] (0.67ns)   --->   "%tpgBarSelRgb_g_load_1 = load i3 %tpgBarSelRgb_g_addr_1" [/home/training/AUPBoard/aup_hdmi_pass_thru_2023p1_working/aup_hdmi_pass_thru_2023p1/HDMI_Pass_Thru_ExDes/v_hdmi_rx_ss_0_ex/v_hdmi_rx_ss_0_ex.runs/exdes_v_tpg_0_synth_1/prj/sol/.autopilot/db/v_tpg.cpp:1378->/home/training/AUPBoard/aup_hdmi_pass_thru_2023p1_working/aup_hdmi_pass_thru_2023p1/HDMI_Pass_Thru_ExDes/v_hdmi_rx_ss_0_ex/v_hdmi_rx_ss_0_ex.runs/exdes_v_tpg_0_synth_1/prj/sol/.autopilot/db/v_tpg.cpp:620]   --->   Operation 634 'load' 'tpgBarSelRgb_g_load_1' <Predicate = (icmp_ln520 & bckgndId_load_read == 11 & tmp_18)> <Delay = 0.67> <CoreInst = "ROM">   --->   Core 101 'ROM' <Latency = 1> <II = 1> <Delay = 0.67> <Storage> <Opcode : 'load'> <Ports = 0> <Width = 2> <Depth = 8> <ROM>
ST_5 : Operation 635 [1/1] (0.00ns)   --->   "%tpgBarSelRgb_g_load_1_cast = sext i2 %tpgBarSelRgb_g_load_1" [/home/training/AUPBoard/aup_hdmi_pass_thru_2023p1_working/aup_hdmi_pass_thru_2023p1/HDMI_Pass_Thru_ExDes/v_hdmi_rx_ss_0_ex/v_hdmi_rx_ss_0_ex.runs/exdes_v_tpg_0_synth_1/prj/sol/.autopilot/db/v_tpg.cpp:1378->/home/training/AUPBoard/aup_hdmi_pass_thru_2023p1_working/aup_hdmi_pass_thru_2023p1/HDMI_Pass_Thru_ExDes/v_hdmi_rx_ss_0_ex/v_hdmi_rx_ss_0_ex.runs/exdes_v_tpg_0_synth_1/prj/sol/.autopilot/db/v_tpg.cpp:620]   --->   Operation 635 'sext' 'tpgBarSelRgb_g_load_1_cast' <Predicate = (icmp_ln520 & bckgndId_load_read == 11 & tmp_18)> <Delay = 0.00>
ST_5 : Operation 636 [1/2] (0.67ns)   --->   "%tpgBarSelRgb_b_load_1 = load i3 %tpgBarSelRgb_b_addr_1" [/home/training/AUPBoard/aup_hdmi_pass_thru_2023p1_working/aup_hdmi_pass_thru_2023p1/HDMI_Pass_Thru_ExDes/v_hdmi_rx_ss_0_ex/v_hdmi_rx_ss_0_ex.runs/exdes_v_tpg_0_synth_1/prj/sol/.autopilot/db/v_tpg.cpp:1385->/home/training/AUPBoard/aup_hdmi_pass_thru_2023p1_working/aup_hdmi_pass_thru_2023p1/HDMI_Pass_Thru_ExDes/v_hdmi_rx_ss_0_ex/v_hdmi_rx_ss_0_ex.runs/exdes_v_tpg_0_synth_1/prj/sol/.autopilot/db/v_tpg.cpp:620]   --->   Operation 636 'load' 'tpgBarSelRgb_b_load_1' <Predicate = (icmp_ln520 & bckgndId_load_read == 11 & tmp_18)> <Delay = 0.67> <CoreInst = "ROM">   --->   Core 101 'ROM' <Latency = 1> <II = 1> <Delay = 0.67> <Storage> <Opcode : 'load'> <Ports = 0> <Width = 2> <Depth = 8> <ROM>
ST_5 : Operation 637 [1/1] (0.00ns)   --->   "%tpgBarSelRgb_b_load_1_cast = sext i2 %tpgBarSelRgb_b_load_1" [/home/training/AUPBoard/aup_hdmi_pass_thru_2023p1_working/aup_hdmi_pass_thru_2023p1/HDMI_Pass_Thru_ExDes/v_hdmi_rx_ss_0_ex/v_hdmi_rx_ss_0_ex.runs/exdes_v_tpg_0_synth_1/prj/sol/.autopilot/db/v_tpg.cpp:1385->/home/training/AUPBoard/aup_hdmi_pass_thru_2023p1_working/aup_hdmi_pass_thru_2023p1/HDMI_Pass_Thru_ExDes/v_hdmi_rx_ss_0_ex/v_hdmi_rx_ss_0_ex.runs/exdes_v_tpg_0_synth_1/prj/sol/.autopilot/db/v_tpg.cpp:620]   --->   Operation 637 'sext' 'tpgBarSelRgb_b_load_1_cast' <Predicate = (icmp_ln520 & bckgndId_load_read == 11 & tmp_18)> <Delay = 0.00>
ST_5 : Operation 638 [1/2] (0.67ns)   --->   "%tpgBarSelYuv_y_load_1 = load i3 %tpgBarSelYuv_y_addr_1" [/home/training/AUPBoard/aup_hdmi_pass_thru_2023p1_working/aup_hdmi_pass_thru_2023p1/HDMI_Pass_Thru_ExDes/v_hdmi_rx_ss_0_ex/v_hdmi_rx_ss_0_ex.runs/exdes_v_tpg_0_synth_1/prj/sol/.autopilot/db/v_tpg.cpp:1375->/home/training/AUPBoard/aup_hdmi_pass_thru_2023p1_working/aup_hdmi_pass_thru_2023p1/HDMI_Pass_Thru_ExDes/v_hdmi_rx_ss_0_ex/v_hdmi_rx_ss_0_ex.runs/exdes_v_tpg_0_synth_1/prj/sol/.autopilot/db/v_tpg.cpp:620]   --->   Operation 638 'load' 'tpgBarSelYuv_y_load_1' <Predicate = (icmp_ln520 & bckgndId_load_read == 11 & !tmp_18)> <Delay = 0.67> <CoreInst = "ROM">   --->   Core 101 'ROM' <Latency = 1> <II = 1> <Delay = 0.67> <Storage> <Opcode : 'load'> <Ports = 0> <Width = 8> <Depth = 8> <ROM>
ST_5 : Operation 639 [1/2] (0.67ns)   --->   "%tpgBarSelYuv_u_load_1 = load i3 %tpgBarSelYuv_u_addr_1" [/home/training/AUPBoard/aup_hdmi_pass_thru_2023p1_working/aup_hdmi_pass_thru_2023p1/HDMI_Pass_Thru_ExDes/v_hdmi_rx_ss_0_ex/v_hdmi_rx_ss_0_ex.runs/exdes_v_tpg_0_synth_1/prj/sol/.autopilot/db/v_tpg.cpp:1380->/home/training/AUPBoard/aup_hdmi_pass_thru_2023p1_working/aup_hdmi_pass_thru_2023p1/HDMI_Pass_Thru_ExDes/v_hdmi_rx_ss_0_ex/v_hdmi_rx_ss_0_ex.runs/exdes_v_tpg_0_synth_1/prj/sol/.autopilot/db/v_tpg.cpp:620]   --->   Operation 639 'load' 'tpgBarSelYuv_u_load_1' <Predicate = (icmp_ln520 & bckgndId_load_read == 11 & !tmp_18)> <Delay = 0.67> <CoreInst = "ROM">   --->   Core 101 'ROM' <Latency = 1> <II = 1> <Delay = 0.67> <Storage> <Opcode : 'load'> <Ports = 0> <Width = 8> <Depth = 8> <ROM>
ST_5 : Operation 640 [1/2] (0.67ns)   --->   "%tpgBarSelYuv_v_load_1 = load i3 %tpgBarSelYuv_v_addr_1" [/home/training/AUPBoard/aup_hdmi_pass_thru_2023p1_working/aup_hdmi_pass_thru_2023p1/HDMI_Pass_Thru_ExDes/v_hdmi_rx_ss_0_ex/v_hdmi_rx_ss_0_ex.runs/exdes_v_tpg_0_synth_1/prj/sol/.autopilot/db/v_tpg.cpp:1386->/home/training/AUPBoard/aup_hdmi_pass_thru_2023p1_working/aup_hdmi_pass_thru_2023p1/HDMI_Pass_Thru_ExDes/v_hdmi_rx_ss_0_ex/v_hdmi_rx_ss_0_ex.runs/exdes_v_tpg_0_synth_1/prj/sol/.autopilot/db/v_tpg.cpp:620]   --->   Operation 640 'load' 'tpgBarSelYuv_v_load_1' <Predicate = (icmp_ln520 & bckgndId_load_read == 11 & !tmp_18)> <Delay = 0.67> <CoreInst = "ROM">   --->   Core 101 'ROM' <Latency = 1> <II = 1> <Delay = 0.67> <Storage> <Opcode : 'load'> <Ports = 0> <Width = 8> <Depth = 8> <ROM>
ST_5 : Operation 641 [1/1] (0.38ns)   --->   "%outpix_94 = select i1 %tmp_18, i8 %tpgBarSelRgb_g_load_1_cast, i8 %tpgBarSelYuv_u_load_1" [/home/training/AUPBoard/aup_hdmi_pass_thru_2023p1_working/aup_hdmi_pass_thru_2023p1/HDMI_Pass_Thru_ExDes/v_hdmi_rx_ss_0_ex/v_hdmi_rx_ss_0_ex.runs/exdes_v_tpg_0_synth_1/prj/sol/.autopilot/db/v_tpg.cpp:1378->/home/training/AUPBoard/aup_hdmi_pass_thru_2023p1_working/aup_hdmi_pass_thru_2023p1/HDMI_Pass_Thru_ExDes/v_hdmi_rx_ss_0_ex/v_hdmi_rx_ss_0_ex.runs/exdes_v_tpg_0_synth_1/prj/sol/.autopilot/db/v_tpg.cpp:620]   --->   Operation 641 'select' 'outpix_94' <Predicate = (icmp_ln520 & bckgndId_load_read == 11)> <Delay = 0.38> <CoreInst = "Sel">   --->   Core 73 'Sel' <Latency = 0> <II = 1> <Delay = 0.38> <FuncUnit> <Opcode : 'select'> <InPorts = 3> <OutPorts = 1>
ST_5 : Operation 642 [1/1] (0.38ns)   --->   "%outpix_95 = select i1 %tmp_18, i8 %tpgBarSelRgb_r_load_1_cast, i8 %tpgBarSelYuv_y_load_1" [/home/training/AUPBoard/aup_hdmi_pass_thru_2023p1_working/aup_hdmi_pass_thru_2023p1/HDMI_Pass_Thru_ExDes/v_hdmi_rx_ss_0_ex/v_hdmi_rx_ss_0_ex.runs/exdes_v_tpg_0_synth_1/prj/sol/.autopilot/db/v_tpg.cpp:1374->/home/training/AUPBoard/aup_hdmi_pass_thru_2023p1_working/aup_hdmi_pass_thru_2023p1/HDMI_Pass_Thru_ExDes/v_hdmi_rx_ss_0_ex/v_hdmi_rx_ss_0_ex.runs/exdes_v_tpg_0_synth_1/prj/sol/.autopilot/db/v_tpg.cpp:620]   --->   Operation 642 'select' 'outpix_95' <Predicate = (icmp_ln520 & bckgndId_load_read == 11)> <Delay = 0.38> <CoreInst = "Sel">   --->   Core 73 'Sel' <Latency = 0> <II = 1> <Delay = 0.38> <FuncUnit> <Opcode : 'select'> <InPorts = 3> <OutPorts = 1>
ST_5 : Operation 643 [1/1] (0.38ns)   --->   "%outpix_93 = select i1 %tmp_18, i8 %tpgBarSelRgb_b_load_1_cast, i8 %tpgBarSelYuv_v_load_1" [/home/training/AUPBoard/aup_hdmi_pass_thru_2023p1_working/aup_hdmi_pass_thru_2023p1/HDMI_Pass_Thru_ExDes/v_hdmi_rx_ss_0_ex/v_hdmi_rx_ss_0_ex.runs/exdes_v_tpg_0_synth_1/prj/sol/.autopilot/db/v_tpg.cpp:1385->/home/training/AUPBoard/aup_hdmi_pass_thru_2023p1_working/aup_hdmi_pass_thru_2023p1/HDMI_Pass_Thru_ExDes/v_hdmi_rx_ss_0_ex/v_hdmi_rx_ss_0_ex.runs/exdes_v_tpg_0_synth_1/prj/sol/.autopilot/db/v_tpg.cpp:620]   --->   Operation 643 'select' 'outpix_93' <Predicate = (icmp_ln520 & bckgndId_load_read == 11)> <Delay = 0.38> <CoreInst = "Sel">   --->   Core 73 'Sel' <Latency = 0> <II = 1> <Delay = 0.38> <FuncUnit> <Opcode : 'select'> <InPorts = 3> <OutPorts = 1>
ST_5 : Operation 644 [1/2] (0.67ns)   --->   "%tpgBarSelYuv_y_load_4 = load i3 %tpgBarSelYuv_y_addr_4" [/home/training/AUPBoard/aup_hdmi_pass_thru_2023p1_working/aup_hdmi_pass_thru_2023p1/HDMI_Pass_Thru_ExDes/v_hdmi_rx_ss_0_ex/v_hdmi_rx_ss_0_ex.runs/exdes_v_tpg_0_synth_1/prj/sol/.autopilot/db/v_tpg.cpp:1375->/home/training/AUPBoard/aup_hdmi_pass_thru_2023p1_working/aup_hdmi_pass_thru_2023p1/HDMI_Pass_Thru_ExDes/v_hdmi_rx_ss_0_ex/v_hdmi_rx_ss_0_ex.runs/exdes_v_tpg_0_synth_1/prj/sol/.autopilot/db/v_tpg.cpp:620]   --->   Operation 644 'load' 'tpgBarSelYuv_y_load_4' <Predicate = (icmp_ln520 & bckgndId_load_read == 11 & !tmp_18)> <Delay = 0.67> <CoreInst = "ROM">   --->   Core 101 'ROM' <Latency = 1> <II = 1> <Delay = 0.67> <Storage> <Opcode : 'load'> <Ports = 0> <Width = 8> <Depth = 8> <ROM>
ST_5 : Operation 645 [1/2] (0.67ns)   --->   "%tpgBarSelYuv_u_load_4 = load i3 %tpgBarSelYuv_u_addr_4" [/home/training/AUPBoard/aup_hdmi_pass_thru_2023p1_working/aup_hdmi_pass_thru_2023p1/HDMI_Pass_Thru_ExDes/v_hdmi_rx_ss_0_ex/v_hdmi_rx_ss_0_ex.runs/exdes_v_tpg_0_synth_1/prj/sol/.autopilot/db/v_tpg.cpp:1380->/home/training/AUPBoard/aup_hdmi_pass_thru_2023p1_working/aup_hdmi_pass_thru_2023p1/HDMI_Pass_Thru_ExDes/v_hdmi_rx_ss_0_ex/v_hdmi_rx_ss_0_ex.runs/exdes_v_tpg_0_synth_1/prj/sol/.autopilot/db/v_tpg.cpp:620]   --->   Operation 645 'load' 'tpgBarSelYuv_u_load_4' <Predicate = (icmp_ln520 & bckgndId_load_read == 11 & !tmp_18 & tmp_14)> <Delay = 0.67> <CoreInst = "ROM">   --->   Core 101 'ROM' <Latency = 1> <II = 1> <Delay = 0.67> <Storage> <Opcode : 'load'> <Ports = 0> <Width = 8> <Depth = 8> <ROM>
ST_5 : Operation 646 [1/2] (0.67ns)   --->   "%tpgBarSelYuv_v_load_4 = load i3 %tpgBarSelYuv_v_addr_4" [/home/training/AUPBoard/aup_hdmi_pass_thru_2023p1_working/aup_hdmi_pass_thru_2023p1/HDMI_Pass_Thru_ExDes/v_hdmi_rx_ss_0_ex/v_hdmi_rx_ss_0_ex.runs/exdes_v_tpg_0_synth_1/prj/sol/.autopilot/db/v_tpg.cpp:1381->/home/training/AUPBoard/aup_hdmi_pass_thru_2023p1_working/aup_hdmi_pass_thru_2023p1/HDMI_Pass_Thru_ExDes/v_hdmi_rx_ss_0_ex/v_hdmi_rx_ss_0_ex.runs/exdes_v_tpg_0_synth_1/prj/sol/.autopilot/db/v_tpg.cpp:620]   --->   Operation 646 'load' 'tpgBarSelYuv_v_load_4' <Predicate = (icmp_ln520 & bckgndId_load_read == 11 & !tmp_18)> <Delay = 0.67> <CoreInst = "ROM">   --->   Core 101 'ROM' <Latency = 1> <II = 1> <Delay = 0.67> <Storage> <Opcode : 'load'> <Ports = 0> <Width = 8> <Depth = 8> <ROM>
ST_5 : Operation 647 [1/1] (0.38ns)   --->   "%cond107_1_ph_i = select i1 %tmp_14, i8 %tpgBarSelYuv_u_load_4, i8 %tpgBarSelYuv_v_load_4" [/home/training/AUPBoard/aup_hdmi_pass_thru_2023p1_working/aup_hdmi_pass_thru_2023p1/HDMI_Pass_Thru_ExDes/v_hdmi_rx_ss_0_ex/v_hdmi_rx_ss_0_ex.runs/exdes_v_tpg_0_synth_1/prj/sol/.autopilot/db/v_tpg.cpp:1380->/home/training/AUPBoard/aup_hdmi_pass_thru_2023p1_working/aup_hdmi_pass_thru_2023p1/HDMI_Pass_Thru_ExDes/v_hdmi_rx_ss_0_ex/v_hdmi_rx_ss_0_ex.runs/exdes_v_tpg_0_synth_1/prj/sol/.autopilot/db/v_tpg.cpp:620]   --->   Operation 647 'select' 'cond107_1_ph_i' <Predicate = (icmp_ln520 & bckgndId_load_read == 11 & !tmp_18)> <Delay = 0.38> <CoreInst = "Sel">   --->   Core 73 'Sel' <Latency = 0> <II = 1> <Delay = 0.38> <FuncUnit> <Opcode : 'select'> <InPorts = 3> <OutPorts = 1>
ST_5 : Operation 648 [1/1] (0.93ns)   --->   "%br_ln1384 = br void %sw.epilog" [/home/training/AUPBoard/aup_hdmi_pass_thru_2023p1_working/aup_hdmi_pass_thru_2023p1/HDMI_Pass_Thru_ExDes/v_hdmi_rx_ss_0_ex/v_hdmi_rx_ss_0_ex.runs/exdes_v_tpg_0_synth_1/prj/sol/.autopilot/db/v_tpg.cpp:1384->/home/training/AUPBoard/aup_hdmi_pass_thru_2023p1_working/aup_hdmi_pass_thru_2023p1/HDMI_Pass_Thru_ExDes/v_hdmi_rx_ss_0_ex/v_hdmi_rx_ss_0_ex.runs/exdes_v_tpg_0_synth_1/prj/sol/.autopilot/db/v_tpg.cpp:620]   --->   Operation 648 'br' 'br_ln1384' <Predicate = (icmp_ln520 & bckgndId_load_read == 11 & !tmp_18)> <Delay = 0.93>
ST_5 : Operation 649 [1/2] (0.67ns)   --->   "%tpgBarSelRgb_r_load_4 = load i3 %tpgBarSelRgb_r_addr_4" [/home/training/AUPBoard/aup_hdmi_pass_thru_2023p1_working/aup_hdmi_pass_thru_2023p1/HDMI_Pass_Thru_ExDes/v_hdmi_rx_ss_0_ex/v_hdmi_rx_ss_0_ex.runs/exdes_v_tpg_0_synth_1/prj/sol/.autopilot/db/v_tpg.cpp:1374->/home/training/AUPBoard/aup_hdmi_pass_thru_2023p1_working/aup_hdmi_pass_thru_2023p1/HDMI_Pass_Thru_ExDes/v_hdmi_rx_ss_0_ex/v_hdmi_rx_ss_0_ex.runs/exdes_v_tpg_0_synth_1/prj/sol/.autopilot/db/v_tpg.cpp:620]   --->   Operation 649 'load' 'tpgBarSelRgb_r_load_4' <Predicate = (icmp_ln520 & bckgndId_load_read == 11 & tmp_18)> <Delay = 0.67> <CoreInst = "ROM">   --->   Core 101 'ROM' <Latency = 1> <II = 1> <Delay = 0.67> <Storage> <Opcode : 'load'> <Ports = 0> <Width = 2> <Depth = 8> <ROM>
ST_5 : Operation 650 [1/1] (0.00ns)   --->   "%tpgBarSelRgb_r_load_4_cast = sext i2 %tpgBarSelRgb_r_load_4" [/home/training/AUPBoard/aup_hdmi_pass_thru_2023p1_working/aup_hdmi_pass_thru_2023p1/HDMI_Pass_Thru_ExDes/v_hdmi_rx_ss_0_ex/v_hdmi_rx_ss_0_ex.runs/exdes_v_tpg_0_synth_1/prj/sol/.autopilot/db/v_tpg.cpp:1374->/home/training/AUPBoard/aup_hdmi_pass_thru_2023p1_working/aup_hdmi_pass_thru_2023p1/HDMI_Pass_Thru_ExDes/v_hdmi_rx_ss_0_ex/v_hdmi_rx_ss_0_ex.runs/exdes_v_tpg_0_synth_1/prj/sol/.autopilot/db/v_tpg.cpp:620]   --->   Operation 650 'sext' 'tpgBarSelRgb_r_load_4_cast' <Predicate = (icmp_ln520 & bckgndId_load_read == 11 & tmp_18)> <Delay = 0.00>
ST_5 : Operation 651 [1/2] (0.67ns)   --->   "%tpgBarSelRgb_g_load_4 = load i3 %tpgBarSelRgb_g_addr_4" [/home/training/AUPBoard/aup_hdmi_pass_thru_2023p1_working/aup_hdmi_pass_thru_2023p1/HDMI_Pass_Thru_ExDes/v_hdmi_rx_ss_0_ex/v_hdmi_rx_ss_0_ex.runs/exdes_v_tpg_0_synth_1/prj/sol/.autopilot/db/v_tpg.cpp:1378->/home/training/AUPBoard/aup_hdmi_pass_thru_2023p1_working/aup_hdmi_pass_thru_2023p1/HDMI_Pass_Thru_ExDes/v_hdmi_rx_ss_0_ex/v_hdmi_rx_ss_0_ex.runs/exdes_v_tpg_0_synth_1/prj/sol/.autopilot/db/v_tpg.cpp:620]   --->   Operation 651 'load' 'tpgBarSelRgb_g_load_4' <Predicate = (icmp_ln520 & bckgndId_load_read == 11 & tmp_18)> <Delay = 0.67> <CoreInst = "ROM">   --->   Core 101 'ROM' <Latency = 1> <II = 1> <Delay = 0.67> <Storage> <Opcode : 'load'> <Ports = 0> <Width = 2> <Depth = 8> <ROM>
ST_5 : Operation 652 [1/1] (0.00ns)   --->   "%tpgBarSelRgb_g_load_4_cast = sext i2 %tpgBarSelRgb_g_load_4" [/home/training/AUPBoard/aup_hdmi_pass_thru_2023p1_working/aup_hdmi_pass_thru_2023p1/HDMI_Pass_Thru_ExDes/v_hdmi_rx_ss_0_ex/v_hdmi_rx_ss_0_ex.runs/exdes_v_tpg_0_synth_1/prj/sol/.autopilot/db/v_tpg.cpp:1378->/home/training/AUPBoard/aup_hdmi_pass_thru_2023p1_working/aup_hdmi_pass_thru_2023p1/HDMI_Pass_Thru_ExDes/v_hdmi_rx_ss_0_ex/v_hdmi_rx_ss_0_ex.runs/exdes_v_tpg_0_synth_1/prj/sol/.autopilot/db/v_tpg.cpp:620]   --->   Operation 652 'sext' 'tpgBarSelRgb_g_load_4_cast' <Predicate = (icmp_ln520 & bckgndId_load_read == 11 & tmp_18)> <Delay = 0.00>
ST_5 : Operation 653 [1/2] (0.67ns)   --->   "%tpgBarSelRgb_b_load_4 = load i3 %tpgBarSelRgb_b_addr_4" [/home/training/AUPBoard/aup_hdmi_pass_thru_2023p1_working/aup_hdmi_pass_thru_2023p1/HDMI_Pass_Thru_ExDes/v_hdmi_rx_ss_0_ex/v_hdmi_rx_ss_0_ex.runs/exdes_v_tpg_0_synth_1/prj/sol/.autopilot/db/v_tpg.cpp:1385->/home/training/AUPBoard/aup_hdmi_pass_thru_2023p1_working/aup_hdmi_pass_thru_2023p1/HDMI_Pass_Thru_ExDes/v_hdmi_rx_ss_0_ex/v_hdmi_rx_ss_0_ex.runs/exdes_v_tpg_0_synth_1/prj/sol/.autopilot/db/v_tpg.cpp:620]   --->   Operation 653 'load' 'tpgBarSelRgb_b_load_4' <Predicate = (icmp_ln520 & bckgndId_load_read == 11 & tmp_18)> <Delay = 0.67> <CoreInst = "ROM">   --->   Core 101 'ROM' <Latency = 1> <II = 1> <Delay = 0.67> <Storage> <Opcode : 'load'> <Ports = 0> <Width = 2> <Depth = 8> <ROM>
ST_5 : Operation 654 [1/1] (0.00ns)   --->   "%tpgBarSelRgb_b_load_4_cast = sext i2 %tpgBarSelRgb_b_load_4" [/home/training/AUPBoard/aup_hdmi_pass_thru_2023p1_working/aup_hdmi_pass_thru_2023p1/HDMI_Pass_Thru_ExDes/v_hdmi_rx_ss_0_ex/v_hdmi_rx_ss_0_ex.runs/exdes_v_tpg_0_synth_1/prj/sol/.autopilot/db/v_tpg.cpp:1385->/home/training/AUPBoard/aup_hdmi_pass_thru_2023p1_working/aup_hdmi_pass_thru_2023p1/HDMI_Pass_Thru_ExDes/v_hdmi_rx_ss_0_ex/v_hdmi_rx_ss_0_ex.runs/exdes_v_tpg_0_synth_1/prj/sol/.autopilot/db/v_tpg.cpp:620]   --->   Operation 654 'sext' 'tpgBarSelRgb_b_load_4_cast' <Predicate = (icmp_ln520 & bckgndId_load_read == 11 & tmp_18)> <Delay = 0.00>
ST_5 : Operation 655 [1/1] (0.93ns)   --->   "%br_ln1384 = br void %sw.epilog" [/home/training/AUPBoard/aup_hdmi_pass_thru_2023p1_working/aup_hdmi_pass_thru_2023p1/HDMI_Pass_Thru_ExDes/v_hdmi_rx_ss_0_ex/v_hdmi_rx_ss_0_ex.runs/exdes_v_tpg_0_synth_1/prj/sol/.autopilot/db/v_tpg.cpp:1384->/home/training/AUPBoard/aup_hdmi_pass_thru_2023p1_working/aup_hdmi_pass_thru_2023p1/HDMI_Pass_Thru_ExDes/v_hdmi_rx_ss_0_ex/v_hdmi_rx_ss_0_ex.runs/exdes_v_tpg_0_synth_1/prj/sol/.autopilot/db/v_tpg.cpp:620]   --->   Operation 655 'br' 'br_ln1384' <Predicate = (icmp_ln520 & bckgndId_load_read == 11 & tmp_18)> <Delay = 0.93>
ST_5 : Operation 656 [1/1] (0.38ns)   --->   "%outpix_92 = select i1 %tmp_18, i8 0, i8 128"   --->   Operation 656 'select' 'outpix_92' <Predicate = (icmp_ln520 & bckgndId_load_read == 10)> <Delay = 0.38> <CoreInst = "Sel">   --->   Core 73 'Sel' <Latency = 0> <II = 1> <Delay = 0.38> <FuncUnit> <Opcode : 'select'> <InPorts = 3> <OutPorts = 1>
ST_5 : Operation 657 [1/1] (0.93ns)   --->   "%br_ln1161 = br i1 %tmp_18, void %cond.false.i161, void %sw.epilog" [/home/training/AUPBoard/aup_hdmi_pass_thru_2023p1_working/aup_hdmi_pass_thru_2023p1/HDMI_Pass_Thru_ExDes/v_hdmi_rx_ss_0_ex/v_hdmi_rx_ss_0_ex.runs/exdes_v_tpg_0_synth_1/prj/sol/.autopilot/db/v_tpg.cpp:1161->/home/training/AUPBoard/aup_hdmi_pass_thru_2023p1_working/aup_hdmi_pass_thru_2023p1/HDMI_Pass_Thru_ExDes/v_hdmi_rx_ss_0_ex/v_hdmi_rx_ss_0_ex.runs/exdes_v_tpg_0_synth_1/prj/sol/.autopilot/db/v_tpg.cpp:614]   --->   Operation 657 'br' 'br_ln1161' <Predicate = (icmp_ln520 & bckgndId_load_read == 10)> <Delay = 0.93>
ST_5 : Operation 658 [1/2] (0.67ns)   --->   "%blkYuv_load_8 = load i2 %blkYuv_addr_8" [/home/training/AUPBoard/aup_hdmi_pass_thru_2023p1_working/aup_hdmi_pass_thru_2023p1/HDMI_Pass_Thru_ExDes/v_hdmi_rx_ss_0_ex/v_hdmi_rx_ss_0_ex.runs/exdes_v_tpg_0_synth_1/prj/sol/.autopilot/db/v_tpg.cpp:1161->/home/training/AUPBoard/aup_hdmi_pass_thru_2023p1_working/aup_hdmi_pass_thru_2023p1/HDMI_Pass_Thru_ExDes/v_hdmi_rx_ss_0_ex/v_hdmi_rx_ss_0_ex.runs/exdes_v_tpg_0_synth_1/prj/sol/.autopilot/db/v_tpg.cpp:614]   --->   Operation 658 'load' 'blkYuv_load_8' <Predicate = (icmp_ln520 & bckgndId_load_read == 10 & !tmp_18)> <Delay = 0.67> <CoreInst = "ROM">   --->   Core 101 'ROM' <Latency = 1> <II = 1> <Delay = 0.67> <Storage> <Opcode : 'load'> <Ports = 0> <Width = 8> <Depth = 3> <ROM>
ST_5 : Operation 659 [1/1] (0.93ns)   --->   "%br_ln1161 = br void %sw.epilog" [/home/training/AUPBoard/aup_hdmi_pass_thru_2023p1_working/aup_hdmi_pass_thru_2023p1/HDMI_Pass_Thru_ExDes/v_hdmi_rx_ss_0_ex/v_hdmi_rx_ss_0_ex.runs/exdes_v_tpg_0_synth_1/prj/sol/.autopilot/db/v_tpg.cpp:1161->/home/training/AUPBoard/aup_hdmi_pass_thru_2023p1_working/aup_hdmi_pass_thru_2023p1/HDMI_Pass_Thru_ExDes/v_hdmi_rx_ss_0_ex/v_hdmi_rx_ss_0_ex.runs/exdes_v_tpg_0_synth_1/prj/sol/.autopilot/db/v_tpg.cpp:614]   --->   Operation 659 'br' 'br_ln1161' <Predicate = (icmp_ln520 & bckgndId_load_read == 10 & !tmp_18)> <Delay = 0.93>
ST_5 : Operation 660 [1/2] (0.67ns)   --->   "%tpgBarSelRgb_r_load = load i3 %tpgBarSelRgb_r_addr" [/home/training/AUPBoard/aup_hdmi_pass_thru_2023p1_working/aup_hdmi_pass_thru_2023p1/HDMI_Pass_Thru_ExDes/v_hdmi_rx_ss_0_ex/v_hdmi_rx_ss_0_ex.runs/exdes_v_tpg_0_synth_1/prj/sol/.autopilot/db/v_tpg.cpp:1215->/home/training/AUPBoard/aup_hdmi_pass_thru_2023p1_working/aup_hdmi_pass_thru_2023p1/HDMI_Pass_Thru_ExDes/v_hdmi_rx_ss_0_ex/v_hdmi_rx_ss_0_ex.runs/exdes_v_tpg_0_synth_1/prj/sol/.autopilot/db/v_tpg.cpp:604]   --->   Operation 660 'load' 'tpgBarSelRgb_r_load' <Predicate = (icmp_ln520 & bckgndId_load_read == 9 & tmp_18)> <Delay = 0.67> <CoreInst = "ROM">   --->   Core 101 'ROM' <Latency = 1> <II = 1> <Delay = 0.67> <Storage> <Opcode : 'load'> <Ports = 0> <Width = 2> <Depth = 8> <ROM>
ST_5 : Operation 661 [1/1] (0.00ns)   --->   "%tpgBarSelRgb_r_load_cast = sext i2 %tpgBarSelRgb_r_load" [/home/training/AUPBoard/aup_hdmi_pass_thru_2023p1_working/aup_hdmi_pass_thru_2023p1/HDMI_Pass_Thru_ExDes/v_hdmi_rx_ss_0_ex/v_hdmi_rx_ss_0_ex.runs/exdes_v_tpg_0_synth_1/prj/sol/.autopilot/db/v_tpg.cpp:1215->/home/training/AUPBoard/aup_hdmi_pass_thru_2023p1_working/aup_hdmi_pass_thru_2023p1/HDMI_Pass_Thru_ExDes/v_hdmi_rx_ss_0_ex/v_hdmi_rx_ss_0_ex.runs/exdes_v_tpg_0_synth_1/prj/sol/.autopilot/db/v_tpg.cpp:604]   --->   Operation 661 'sext' 'tpgBarSelRgb_r_load_cast' <Predicate = (icmp_ln520 & bckgndId_load_read == 9 & tmp_18)> <Delay = 0.00>
ST_5 : Operation 662 [1/2] (0.67ns)   --->   "%tpgBarSelRgb_g_load = load i3 %tpgBarSelRgb_g_addr" [/home/training/AUPBoard/aup_hdmi_pass_thru_2023p1_working/aup_hdmi_pass_thru_2023p1/HDMI_Pass_Thru_ExDes/v_hdmi_rx_ss_0_ex/v_hdmi_rx_ss_0_ex.runs/exdes_v_tpg_0_synth_1/prj/sol/.autopilot/db/v_tpg.cpp:1218->/home/training/AUPBoard/aup_hdmi_pass_thru_2023p1_working/aup_hdmi_pass_thru_2023p1/HDMI_Pass_Thru_ExDes/v_hdmi_rx_ss_0_ex/v_hdmi_rx_ss_0_ex.runs/exdes_v_tpg_0_synth_1/prj/sol/.autopilot/db/v_tpg.cpp:604]   --->   Operation 662 'load' 'tpgBarSelRgb_g_load' <Predicate = (icmp_ln520 & bckgndId_load_read == 9 & tmp_18)> <Delay = 0.67> <CoreInst = "ROM">   --->   Core 101 'ROM' <Latency = 1> <II = 1> <Delay = 0.67> <Storage> <Opcode : 'load'> <Ports = 0> <Width = 2> <Depth = 8> <ROM>
ST_5 : Operation 663 [1/1] (0.00ns)   --->   "%tpgBarSelRgb_g_load_cast = sext i2 %tpgBarSelRgb_g_load" [/home/training/AUPBoard/aup_hdmi_pass_thru_2023p1_working/aup_hdmi_pass_thru_2023p1/HDMI_Pass_Thru_ExDes/v_hdmi_rx_ss_0_ex/v_hdmi_rx_ss_0_ex.runs/exdes_v_tpg_0_synth_1/prj/sol/.autopilot/db/v_tpg.cpp:1218->/home/training/AUPBoard/aup_hdmi_pass_thru_2023p1_working/aup_hdmi_pass_thru_2023p1/HDMI_Pass_Thru_ExDes/v_hdmi_rx_ss_0_ex/v_hdmi_rx_ss_0_ex.runs/exdes_v_tpg_0_synth_1/prj/sol/.autopilot/db/v_tpg.cpp:604]   --->   Operation 663 'sext' 'tpgBarSelRgb_g_load_cast' <Predicate = (icmp_ln520 & bckgndId_load_read == 9 & tmp_18)> <Delay = 0.00>
ST_5 : Operation 664 [1/2] (0.67ns)   --->   "%tpgBarSelRgb_b_load = load i3 %tpgBarSelRgb_b_addr" [/home/training/AUPBoard/aup_hdmi_pass_thru_2023p1_working/aup_hdmi_pass_thru_2023p1/HDMI_Pass_Thru_ExDes/v_hdmi_rx_ss_0_ex/v_hdmi_rx_ss_0_ex.runs/exdes_v_tpg_0_synth_1/prj/sol/.autopilot/db/v_tpg.cpp:1223->/home/training/AUPBoard/aup_hdmi_pass_thru_2023p1_working/aup_hdmi_pass_thru_2023p1/HDMI_Pass_Thru_ExDes/v_hdmi_rx_ss_0_ex/v_hdmi_rx_ss_0_ex.runs/exdes_v_tpg_0_synth_1/prj/sol/.autopilot/db/v_tpg.cpp:604]   --->   Operation 664 'load' 'tpgBarSelRgb_b_load' <Predicate = (icmp_ln520 & bckgndId_load_read == 9 & tmp_18)> <Delay = 0.67> <CoreInst = "ROM">   --->   Core 101 'ROM' <Latency = 1> <II = 1> <Delay = 0.67> <Storage> <Opcode : 'load'> <Ports = 0> <Width = 2> <Depth = 8> <ROM>
ST_5 : Operation 665 [1/1] (0.00ns)   --->   "%tpgBarSelRgb_b_load_cast = sext i2 %tpgBarSelRgb_b_load" [/home/training/AUPBoard/aup_hdmi_pass_thru_2023p1_working/aup_hdmi_pass_thru_2023p1/HDMI_Pass_Thru_ExDes/v_hdmi_rx_ss_0_ex/v_hdmi_rx_ss_0_ex.runs/exdes_v_tpg_0_synth_1/prj/sol/.autopilot/db/v_tpg.cpp:1223->/home/training/AUPBoard/aup_hdmi_pass_thru_2023p1_working/aup_hdmi_pass_thru_2023p1/HDMI_Pass_Thru_ExDes/v_hdmi_rx_ss_0_ex/v_hdmi_rx_ss_0_ex.runs/exdes_v_tpg_0_synth_1/prj/sol/.autopilot/db/v_tpg.cpp:604]   --->   Operation 665 'sext' 'tpgBarSelRgb_b_load_cast' <Predicate = (icmp_ln520 & bckgndId_load_read == 9 & tmp_18)> <Delay = 0.00>
ST_5 : Operation 666 [1/2] (0.67ns)   --->   "%tpgBarSelYuv_y_load = load i3 %tpgBarSelYuv_y_addr" [/home/training/AUPBoard/aup_hdmi_pass_thru_2023p1_working/aup_hdmi_pass_thru_2023p1/HDMI_Pass_Thru_ExDes/v_hdmi_rx_ss_0_ex/v_hdmi_rx_ss_0_ex.runs/exdes_v_tpg_0_synth_1/prj/sol/.autopilot/db/v_tpg.cpp:1215->/home/training/AUPBoard/aup_hdmi_pass_thru_2023p1_working/aup_hdmi_pass_thru_2023p1/HDMI_Pass_Thru_ExDes/v_hdmi_rx_ss_0_ex/v_hdmi_rx_ss_0_ex.runs/exdes_v_tpg_0_synth_1/prj/sol/.autopilot/db/v_tpg.cpp:604]   --->   Operation 666 'load' 'tpgBarSelYuv_y_load' <Predicate = (icmp_ln520 & bckgndId_load_read == 9 & !tmp_18)> <Delay = 0.67> <CoreInst = "ROM">   --->   Core 101 'ROM' <Latency = 1> <II = 1> <Delay = 0.67> <Storage> <Opcode : 'load'> <Ports = 0> <Width = 8> <Depth = 8> <ROM>
ST_5 : Operation 667 [1/2] (0.67ns)   --->   "%tpgBarSelYuv_u_load = load i3 %tpgBarSelYuv_u_addr" [/home/training/AUPBoard/aup_hdmi_pass_thru_2023p1_working/aup_hdmi_pass_thru_2023p1/HDMI_Pass_Thru_ExDes/v_hdmi_rx_ss_0_ex/v_hdmi_rx_ss_0_ex.runs/exdes_v_tpg_0_synth_1/prj/sol/.autopilot/db/v_tpg.cpp:1220->/home/training/AUPBoard/aup_hdmi_pass_thru_2023p1_working/aup_hdmi_pass_thru_2023p1/HDMI_Pass_Thru_ExDes/v_hdmi_rx_ss_0_ex/v_hdmi_rx_ss_0_ex.runs/exdes_v_tpg_0_synth_1/prj/sol/.autopilot/db/v_tpg.cpp:604]   --->   Operation 667 'load' 'tpgBarSelYuv_u_load' <Predicate = (icmp_ln520 & bckgndId_load_read == 9 & !tmp_18)> <Delay = 0.67> <CoreInst = "ROM">   --->   Core 101 'ROM' <Latency = 1> <II = 1> <Delay = 0.67> <Storage> <Opcode : 'load'> <Ports = 0> <Width = 8> <Depth = 8> <ROM>
ST_5 : Operation 668 [1/2] (0.67ns)   --->   "%tpgBarSelYuv_v_load = load i3 %tpgBarSelYuv_v_addr" [/home/training/AUPBoard/aup_hdmi_pass_thru_2023p1_working/aup_hdmi_pass_thru_2023p1/HDMI_Pass_Thru_ExDes/v_hdmi_rx_ss_0_ex/v_hdmi_rx_ss_0_ex.runs/exdes_v_tpg_0_synth_1/prj/sol/.autopilot/db/v_tpg.cpp:1223->/home/training/AUPBoard/aup_hdmi_pass_thru_2023p1_working/aup_hdmi_pass_thru_2023p1/HDMI_Pass_Thru_ExDes/v_hdmi_rx_ss_0_ex/v_hdmi_rx_ss_0_ex.runs/exdes_v_tpg_0_synth_1/prj/sol/.autopilot/db/v_tpg.cpp:604]   --->   Operation 668 'load' 'tpgBarSelYuv_v_load' <Predicate = (icmp_ln520 & bckgndId_load_read == 9 & !tmp_18)> <Delay = 0.67> <CoreInst = "ROM">   --->   Core 101 'ROM' <Latency = 1> <II = 1> <Delay = 0.67> <Storage> <Opcode : 'load'> <Ports = 0> <Width = 8> <Depth = 8> <ROM>
ST_5 : Operation 669 [1/1] (0.38ns)   --->   "%outpix_90 = select i1 %tmp_18, i8 %tpgBarSelRgb_g_load_cast, i8 %tpgBarSelYuv_u_load" [/home/training/AUPBoard/aup_hdmi_pass_thru_2023p1_working/aup_hdmi_pass_thru_2023p1/HDMI_Pass_Thru_ExDes/v_hdmi_rx_ss_0_ex/v_hdmi_rx_ss_0_ex.runs/exdes_v_tpg_0_synth_1/prj/sol/.autopilot/db/v_tpg.cpp:1218->/home/training/AUPBoard/aup_hdmi_pass_thru_2023p1_working/aup_hdmi_pass_thru_2023p1/HDMI_Pass_Thru_ExDes/v_hdmi_rx_ss_0_ex/v_hdmi_rx_ss_0_ex.runs/exdes_v_tpg_0_synth_1/prj/sol/.autopilot/db/v_tpg.cpp:604]   --->   Operation 669 'select' 'outpix_90' <Predicate = (icmp_ln520 & bckgndId_load_read == 9)> <Delay = 0.38> <CoreInst = "Sel">   --->   Core 73 'Sel' <Latency = 0> <II = 1> <Delay = 0.38> <FuncUnit> <Opcode : 'select'> <InPorts = 3> <OutPorts = 1>
ST_5 : Operation 670 [1/1] (0.38ns)   --->   "%outpix_91 = select i1 %tmp_18, i8 %tpgBarSelRgb_r_load_cast, i8 %tpgBarSelYuv_y_load" [/home/training/AUPBoard/aup_hdmi_pass_thru_2023p1_working/aup_hdmi_pass_thru_2023p1/HDMI_Pass_Thru_ExDes/v_hdmi_rx_ss_0_ex/v_hdmi_rx_ss_0_ex.runs/exdes_v_tpg_0_synth_1/prj/sol/.autopilot/db/v_tpg.cpp:1215->/home/training/AUPBoard/aup_hdmi_pass_thru_2023p1_working/aup_hdmi_pass_thru_2023p1/HDMI_Pass_Thru_ExDes/v_hdmi_rx_ss_0_ex/v_hdmi_rx_ss_0_ex.runs/exdes_v_tpg_0_synth_1/prj/sol/.autopilot/db/v_tpg.cpp:604]   --->   Operation 670 'select' 'outpix_91' <Predicate = (icmp_ln520 & bckgndId_load_read == 9)> <Delay = 0.38> <CoreInst = "Sel">   --->   Core 73 'Sel' <Latency = 0> <II = 1> <Delay = 0.38> <FuncUnit> <Opcode : 'select'> <InPorts = 3> <OutPorts = 1>
ST_5 : Operation 671 [1/1] (0.38ns)   --->   "%outpix_89 = select i1 %tmp_18, i8 %tpgBarSelRgb_b_load_cast, i8 %tpgBarSelYuv_v_load" [/home/training/AUPBoard/aup_hdmi_pass_thru_2023p1_working/aup_hdmi_pass_thru_2023p1/HDMI_Pass_Thru_ExDes/v_hdmi_rx_ss_0_ex/v_hdmi_rx_ss_0_ex.runs/exdes_v_tpg_0_synth_1/prj/sol/.autopilot/db/v_tpg.cpp:1223->/home/training/AUPBoard/aup_hdmi_pass_thru_2023p1_working/aup_hdmi_pass_thru_2023p1/HDMI_Pass_Thru_ExDes/v_hdmi_rx_ss_0_ex/v_hdmi_rx_ss_0_ex.runs/exdes_v_tpg_0_synth_1/prj/sol/.autopilot/db/v_tpg.cpp:604]   --->   Operation 671 'select' 'outpix_89' <Predicate = (icmp_ln520 & bckgndId_load_read == 9)> <Delay = 0.38> <CoreInst = "Sel">   --->   Core 73 'Sel' <Latency = 0> <II = 1> <Delay = 0.38> <FuncUnit> <Opcode : 'select'> <InPorts = 3> <OutPorts = 1>
ST_5 : Operation 672 [1/2] (0.67ns)   --->   "%tpgBarSelYuv_y_load_3 = load i3 %tpgBarSelYuv_y_addr_3" [/home/training/AUPBoard/aup_hdmi_pass_thru_2023p1_working/aup_hdmi_pass_thru_2023p1/HDMI_Pass_Thru_ExDes/v_hdmi_rx_ss_0_ex/v_hdmi_rx_ss_0_ex.runs/exdes_v_tpg_0_synth_1/prj/sol/.autopilot/db/v_tpg.cpp:1215->/home/training/AUPBoard/aup_hdmi_pass_thru_2023p1_working/aup_hdmi_pass_thru_2023p1/HDMI_Pass_Thru_ExDes/v_hdmi_rx_ss_0_ex/v_hdmi_rx_ss_0_ex.runs/exdes_v_tpg_0_synth_1/prj/sol/.autopilot/db/v_tpg.cpp:604]   --->   Operation 672 'load' 'tpgBarSelYuv_y_load_3' <Predicate = (icmp_ln520 & bckgndId_load_read == 9 & !tmp_18)> <Delay = 0.67> <CoreInst = "ROM">   --->   Core 101 'ROM' <Latency = 1> <II = 1> <Delay = 0.67> <Storage> <Opcode : 'load'> <Ports = 0> <Width = 8> <Depth = 8> <ROM>
ST_5 : Operation 673 [1/2] (0.67ns)   --->   "%tpgBarSelYuv_u_load_3 = load i3 %tpgBarSelYuv_u_addr_3" [/home/training/AUPBoard/aup_hdmi_pass_thru_2023p1_working/aup_hdmi_pass_thru_2023p1/HDMI_Pass_Thru_ExDes/v_hdmi_rx_ss_0_ex/v_hdmi_rx_ss_0_ex.runs/exdes_v_tpg_0_synth_1/prj/sol/.autopilot/db/v_tpg.cpp:1220->/home/training/AUPBoard/aup_hdmi_pass_thru_2023p1_working/aup_hdmi_pass_thru_2023p1/HDMI_Pass_Thru_ExDes/v_hdmi_rx_ss_0_ex/v_hdmi_rx_ss_0_ex.runs/exdes_v_tpg_0_synth_1/prj/sol/.autopilot/db/v_tpg.cpp:604]   --->   Operation 673 'load' 'tpgBarSelYuv_u_load_3' <Predicate = (icmp_ln520 & bckgndId_load_read == 9 & !tmp_18 & tmp_14)> <Delay = 0.67> <CoreInst = "ROM">   --->   Core 101 'ROM' <Latency = 1> <II = 1> <Delay = 0.67> <Storage> <Opcode : 'load'> <Ports = 0> <Width = 8> <Depth = 8> <ROM>
ST_5 : Operation 674 [1/2] (0.67ns)   --->   "%tpgBarSelYuv_v_load_3 = load i3 %tpgBarSelYuv_v_addr_3" [/home/training/AUPBoard/aup_hdmi_pass_thru_2023p1_working/aup_hdmi_pass_thru_2023p1/HDMI_Pass_Thru_ExDes/v_hdmi_rx_ss_0_ex/v_hdmi_rx_ss_0_ex.runs/exdes_v_tpg_0_synth_1/prj/sol/.autopilot/db/v_tpg.cpp:1220->/home/training/AUPBoard/aup_hdmi_pass_thru_2023p1_working/aup_hdmi_pass_thru_2023p1/HDMI_Pass_Thru_ExDes/v_hdmi_rx_ss_0_ex/v_hdmi_rx_ss_0_ex.runs/exdes_v_tpg_0_synth_1/prj/sol/.autopilot/db/v_tpg.cpp:604]   --->   Operation 674 'load' 'tpgBarSelYuv_v_load_3' <Predicate = (icmp_ln520 & bckgndId_load_read == 9 & !tmp_18)> <Delay = 0.67> <CoreInst = "ROM">   --->   Core 101 'ROM' <Latency = 1> <II = 1> <Delay = 0.67> <Storage> <Opcode : 'load'> <Ports = 0> <Width = 8> <Depth = 8> <ROM>
ST_5 : Operation 675 [1/1] (0.38ns)   --->   "%cond75_1_ph_i = select i1 %tmp_14, i8 %tpgBarSelYuv_u_load_3, i8 %tpgBarSelYuv_v_load_3" [/home/training/AUPBoard/aup_hdmi_pass_thru_2023p1_working/aup_hdmi_pass_thru_2023p1/HDMI_Pass_Thru_ExDes/v_hdmi_rx_ss_0_ex/v_hdmi_rx_ss_0_ex.runs/exdes_v_tpg_0_synth_1/prj/sol/.autopilot/db/v_tpg.cpp:1220->/home/training/AUPBoard/aup_hdmi_pass_thru_2023p1_working/aup_hdmi_pass_thru_2023p1/HDMI_Pass_Thru_ExDes/v_hdmi_rx_ss_0_ex/v_hdmi_rx_ss_0_ex.runs/exdes_v_tpg_0_synth_1/prj/sol/.autopilot/db/v_tpg.cpp:604]   --->   Operation 675 'select' 'cond75_1_ph_i' <Predicate = (icmp_ln520 & bckgndId_load_read == 9 & !tmp_18)> <Delay = 0.38> <CoreInst = "Sel">   --->   Core 73 'Sel' <Latency = 0> <II = 1> <Delay = 0.38> <FuncUnit> <Opcode : 'select'> <InPorts = 3> <OutPorts = 1>
ST_5 : Operation 676 [1/1] (0.93ns)   --->   "%br_ln1223 = br void %sw.epilog" [/home/training/AUPBoard/aup_hdmi_pass_thru_2023p1_working/aup_hdmi_pass_thru_2023p1/HDMI_Pass_Thru_ExDes/v_hdmi_rx_ss_0_ex/v_hdmi_rx_ss_0_ex.runs/exdes_v_tpg_0_synth_1/prj/sol/.autopilot/db/v_tpg.cpp:1223->/home/training/AUPBoard/aup_hdmi_pass_thru_2023p1_working/aup_hdmi_pass_thru_2023p1/HDMI_Pass_Thru_ExDes/v_hdmi_rx_ss_0_ex/v_hdmi_rx_ss_0_ex.runs/exdes_v_tpg_0_synth_1/prj/sol/.autopilot/db/v_tpg.cpp:604]   --->   Operation 676 'br' 'br_ln1223' <Predicate = (icmp_ln520 & bckgndId_load_read == 9 & !tmp_18)> <Delay = 0.93>
ST_5 : Operation 677 [1/2] (0.67ns)   --->   "%tpgBarSelRgb_r_load_3 = load i3 %tpgBarSelRgb_r_addr_3" [/home/training/AUPBoard/aup_hdmi_pass_thru_2023p1_working/aup_hdmi_pass_thru_2023p1/HDMI_Pass_Thru_ExDes/v_hdmi_rx_ss_0_ex/v_hdmi_rx_ss_0_ex.runs/exdes_v_tpg_0_synth_1/prj/sol/.autopilot/db/v_tpg.cpp:1215->/home/training/AUPBoard/aup_hdmi_pass_thru_2023p1_working/aup_hdmi_pass_thru_2023p1/HDMI_Pass_Thru_ExDes/v_hdmi_rx_ss_0_ex/v_hdmi_rx_ss_0_ex.runs/exdes_v_tpg_0_synth_1/prj/sol/.autopilot/db/v_tpg.cpp:604]   --->   Operation 677 'load' 'tpgBarSelRgb_r_load_3' <Predicate = (icmp_ln520 & bckgndId_load_read == 9 & tmp_18)> <Delay = 0.67> <CoreInst = "ROM">   --->   Core 101 'ROM' <Latency = 1> <II = 1> <Delay = 0.67> <Storage> <Opcode : 'load'> <Ports = 0> <Width = 2> <Depth = 8> <ROM>
ST_5 : Operation 678 [1/1] (0.00ns)   --->   "%tpgBarSelRgb_r_load_3_cast = sext i2 %tpgBarSelRgb_r_load_3" [/home/training/AUPBoard/aup_hdmi_pass_thru_2023p1_working/aup_hdmi_pass_thru_2023p1/HDMI_Pass_Thru_ExDes/v_hdmi_rx_ss_0_ex/v_hdmi_rx_ss_0_ex.runs/exdes_v_tpg_0_synth_1/prj/sol/.autopilot/db/v_tpg.cpp:1215->/home/training/AUPBoard/aup_hdmi_pass_thru_2023p1_working/aup_hdmi_pass_thru_2023p1/HDMI_Pass_Thru_ExDes/v_hdmi_rx_ss_0_ex/v_hdmi_rx_ss_0_ex.runs/exdes_v_tpg_0_synth_1/prj/sol/.autopilot/db/v_tpg.cpp:604]   --->   Operation 678 'sext' 'tpgBarSelRgb_r_load_3_cast' <Predicate = (icmp_ln520 & bckgndId_load_read == 9 & tmp_18)> <Delay = 0.00>
ST_5 : Operation 679 [1/2] (0.67ns)   --->   "%tpgBarSelRgb_g_load_3 = load i3 %tpgBarSelRgb_g_addr_3" [/home/training/AUPBoard/aup_hdmi_pass_thru_2023p1_working/aup_hdmi_pass_thru_2023p1/HDMI_Pass_Thru_ExDes/v_hdmi_rx_ss_0_ex/v_hdmi_rx_ss_0_ex.runs/exdes_v_tpg_0_synth_1/prj/sol/.autopilot/db/v_tpg.cpp:1218->/home/training/AUPBoard/aup_hdmi_pass_thru_2023p1_working/aup_hdmi_pass_thru_2023p1/HDMI_Pass_Thru_ExDes/v_hdmi_rx_ss_0_ex/v_hdmi_rx_ss_0_ex.runs/exdes_v_tpg_0_synth_1/prj/sol/.autopilot/db/v_tpg.cpp:604]   --->   Operation 679 'load' 'tpgBarSelRgb_g_load_3' <Predicate = (icmp_ln520 & bckgndId_load_read == 9 & tmp_18)> <Delay = 0.67> <CoreInst = "ROM">   --->   Core 101 'ROM' <Latency = 1> <II = 1> <Delay = 0.67> <Storage> <Opcode : 'load'> <Ports = 0> <Width = 2> <Depth = 8> <ROM>
ST_5 : Operation 680 [1/1] (0.00ns)   --->   "%tpgBarSelRgb_g_load_3_cast = sext i2 %tpgBarSelRgb_g_load_3" [/home/training/AUPBoard/aup_hdmi_pass_thru_2023p1_working/aup_hdmi_pass_thru_2023p1/HDMI_Pass_Thru_ExDes/v_hdmi_rx_ss_0_ex/v_hdmi_rx_ss_0_ex.runs/exdes_v_tpg_0_synth_1/prj/sol/.autopilot/db/v_tpg.cpp:1218->/home/training/AUPBoard/aup_hdmi_pass_thru_2023p1_working/aup_hdmi_pass_thru_2023p1/HDMI_Pass_Thru_ExDes/v_hdmi_rx_ss_0_ex/v_hdmi_rx_ss_0_ex.runs/exdes_v_tpg_0_synth_1/prj/sol/.autopilot/db/v_tpg.cpp:604]   --->   Operation 680 'sext' 'tpgBarSelRgb_g_load_3_cast' <Predicate = (icmp_ln520 & bckgndId_load_read == 9 & tmp_18)> <Delay = 0.00>
ST_5 : Operation 681 [1/2] (0.67ns)   --->   "%tpgBarSelRgb_b_load_3 = load i3 %tpgBarSelRgb_b_addr_3" [/home/training/AUPBoard/aup_hdmi_pass_thru_2023p1_working/aup_hdmi_pass_thru_2023p1/HDMI_Pass_Thru_ExDes/v_hdmi_rx_ss_0_ex/v_hdmi_rx_ss_0_ex.runs/exdes_v_tpg_0_synth_1/prj/sol/.autopilot/db/v_tpg.cpp:1223->/home/training/AUPBoard/aup_hdmi_pass_thru_2023p1_working/aup_hdmi_pass_thru_2023p1/HDMI_Pass_Thru_ExDes/v_hdmi_rx_ss_0_ex/v_hdmi_rx_ss_0_ex.runs/exdes_v_tpg_0_synth_1/prj/sol/.autopilot/db/v_tpg.cpp:604]   --->   Operation 681 'load' 'tpgBarSelRgb_b_load_3' <Predicate = (icmp_ln520 & bckgndId_load_read == 9 & tmp_18)> <Delay = 0.67> <CoreInst = "ROM">   --->   Core 101 'ROM' <Latency = 1> <II = 1> <Delay = 0.67> <Storage> <Opcode : 'load'> <Ports = 0> <Width = 2> <Depth = 8> <ROM>
ST_5 : Operation 682 [1/1] (0.00ns)   --->   "%tpgBarSelRgb_b_load_3_cast = sext i2 %tpgBarSelRgb_b_load_3" [/home/training/AUPBoard/aup_hdmi_pass_thru_2023p1_working/aup_hdmi_pass_thru_2023p1/HDMI_Pass_Thru_ExDes/v_hdmi_rx_ss_0_ex/v_hdmi_rx_ss_0_ex.runs/exdes_v_tpg_0_synth_1/prj/sol/.autopilot/db/v_tpg.cpp:1223->/home/training/AUPBoard/aup_hdmi_pass_thru_2023p1_working/aup_hdmi_pass_thru_2023p1/HDMI_Pass_Thru_ExDes/v_hdmi_rx_ss_0_ex/v_hdmi_rx_ss_0_ex.runs/exdes_v_tpg_0_synth_1/prj/sol/.autopilot/db/v_tpg.cpp:604]   --->   Operation 682 'sext' 'tpgBarSelRgb_b_load_3_cast' <Predicate = (icmp_ln520 & bckgndId_load_read == 9 & tmp_18)> <Delay = 0.00>
ST_5 : Operation 683 [1/1] (0.93ns)   --->   "%br_ln1223 = br void %sw.epilog" [/home/training/AUPBoard/aup_hdmi_pass_thru_2023p1_working/aup_hdmi_pass_thru_2023p1/HDMI_Pass_Thru_ExDes/v_hdmi_rx_ss_0_ex/v_hdmi_rx_ss_0_ex.runs/exdes_v_tpg_0_synth_1/prj/sol/.autopilot/db/v_tpg.cpp:1223->/home/training/AUPBoard/aup_hdmi_pass_thru_2023p1_working/aup_hdmi_pass_thru_2023p1/HDMI_Pass_Thru_ExDes/v_hdmi_rx_ss_0_ex/v_hdmi_rx_ss_0_ex.runs/exdes_v_tpg_0_synth_1/prj/sol/.autopilot/db/v_tpg.cpp:604]   --->   Operation 683 'br' 'br_ln1223' <Predicate = (icmp_ln520 & bckgndId_load_read == 9 & tmp_18)> <Delay = 0.93>
ST_5 : Operation 684 [1/1] (0.38ns)   --->   "%outpix_88 = select i1 %tmp_18, i8 0, i8 128"   --->   Operation 684 'select' 'outpix_88' <Predicate = (icmp_ln520 & bckgndId_load_read == 8)> <Delay = 0.38> <CoreInst = "Sel">   --->   Core 73 'Sel' <Latency = 0> <II = 1> <Delay = 0.38> <FuncUnit> <Opcode : 'select'> <InPorts = 3> <OutPorts = 1>
ST_5 : Operation 685 [1/1] (0.93ns)   --->   "%br_ln1161 = br i1 %tmp_18, void %cond.false.i204, void %sw.epilog" [/home/training/AUPBoard/aup_hdmi_pass_thru_2023p1_working/aup_hdmi_pass_thru_2023p1/HDMI_Pass_Thru_ExDes/v_hdmi_rx_ss_0_ex/v_hdmi_rx_ss_0_ex.runs/exdes_v_tpg_0_synth_1/prj/sol/.autopilot/db/v_tpg.cpp:1161->/home/training/AUPBoard/aup_hdmi_pass_thru_2023p1_working/aup_hdmi_pass_thru_2023p1/HDMI_Pass_Thru_ExDes/v_hdmi_rx_ss_0_ex/v_hdmi_rx_ss_0_ex.runs/exdes_v_tpg_0_synth_1/prj/sol/.autopilot/db/v_tpg.cpp:598]   --->   Operation 685 'br' 'br_ln1161' <Predicate = (icmp_ln520 & bckgndId_load_read == 8)> <Delay = 0.93>
ST_5 : Operation 686 [1/2] (0.67ns)   --->   "%blkYuv_load_7 = load i2 %blkYuv_addr_7" [/home/training/AUPBoard/aup_hdmi_pass_thru_2023p1_working/aup_hdmi_pass_thru_2023p1/HDMI_Pass_Thru_ExDes/v_hdmi_rx_ss_0_ex/v_hdmi_rx_ss_0_ex.runs/exdes_v_tpg_0_synth_1/prj/sol/.autopilot/db/v_tpg.cpp:1161->/home/training/AUPBoard/aup_hdmi_pass_thru_2023p1_working/aup_hdmi_pass_thru_2023p1/HDMI_Pass_Thru_ExDes/v_hdmi_rx_ss_0_ex/v_hdmi_rx_ss_0_ex.runs/exdes_v_tpg_0_synth_1/prj/sol/.autopilot/db/v_tpg.cpp:598]   --->   Operation 686 'load' 'blkYuv_load_7' <Predicate = (icmp_ln520 & bckgndId_load_read == 8 & !tmp_18)> <Delay = 0.67> <CoreInst = "ROM">   --->   Core 101 'ROM' <Latency = 1> <II = 1> <Delay = 0.67> <Storage> <Opcode : 'load'> <Ports = 0> <Width = 8> <Depth = 3> <ROM>
ST_5 : Operation 687 [1/1] (0.93ns)   --->   "%br_ln1161 = br void %sw.epilog" [/home/training/AUPBoard/aup_hdmi_pass_thru_2023p1_working/aup_hdmi_pass_thru_2023p1/HDMI_Pass_Thru_ExDes/v_hdmi_rx_ss_0_ex/v_hdmi_rx_ss_0_ex.runs/exdes_v_tpg_0_synth_1/prj/sol/.autopilot/db/v_tpg.cpp:1161->/home/training/AUPBoard/aup_hdmi_pass_thru_2023p1_working/aup_hdmi_pass_thru_2023p1/HDMI_Pass_Thru_ExDes/v_hdmi_rx_ss_0_ex/v_hdmi_rx_ss_0_ex.runs/exdes_v_tpg_0_synth_1/prj/sol/.autopilot/db/v_tpg.cpp:598]   --->   Operation 687 'br' 'br_ln1161' <Predicate = (icmp_ln520 & bckgndId_load_read == 8 & !tmp_18)> <Delay = 0.93>
ST_5 : Operation 688 [1/1] (0.38ns)   --->   "%outpix_87 = select i1 %tmp_18, i8 0, i8 128"   --->   Operation 688 'select' 'outpix_87' <Predicate = (icmp_ln520 & bckgndId_load_read == 7)> <Delay = 0.38> <CoreInst = "Sel">   --->   Core 73 'Sel' <Latency = 0> <II = 1> <Delay = 0.38> <FuncUnit> <Opcode : 'select'> <InPorts = 3> <OutPorts = 1>
ST_5 : Operation 689 [1/1] (0.93ns)   --->   "%br_ln1161 = br i1 %tmp_18, void %cond.false.i217, void %sw.epilog" [/home/training/AUPBoard/aup_hdmi_pass_thru_2023p1_working/aup_hdmi_pass_thru_2023p1/HDMI_Pass_Thru_ExDes/v_hdmi_rx_ss_0_ex/v_hdmi_rx_ss_0_ex.runs/exdes_v_tpg_0_synth_1/prj/sol/.autopilot/db/v_tpg.cpp:1161->/home/training/AUPBoard/aup_hdmi_pass_thru_2023p1_working/aup_hdmi_pass_thru_2023p1/HDMI_Pass_Thru_ExDes/v_hdmi_rx_ss_0_ex/v_hdmi_rx_ss_0_ex.runs/exdes_v_tpg_0_synth_1/prj/sol/.autopilot/db/v_tpg.cpp:590]   --->   Operation 689 'br' 'br_ln1161' <Predicate = (icmp_ln520 & bckgndId_load_read == 7)> <Delay = 0.93>
ST_5 : Operation 690 [1/2] (0.67ns)   --->   "%blkYuv_load_6 = load i2 %blkYuv_addr_6" [/home/training/AUPBoard/aup_hdmi_pass_thru_2023p1_working/aup_hdmi_pass_thru_2023p1/HDMI_Pass_Thru_ExDes/v_hdmi_rx_ss_0_ex/v_hdmi_rx_ss_0_ex.runs/exdes_v_tpg_0_synth_1/prj/sol/.autopilot/db/v_tpg.cpp:1161->/home/training/AUPBoard/aup_hdmi_pass_thru_2023p1_working/aup_hdmi_pass_thru_2023p1/HDMI_Pass_Thru_ExDes/v_hdmi_rx_ss_0_ex/v_hdmi_rx_ss_0_ex.runs/exdes_v_tpg_0_synth_1/prj/sol/.autopilot/db/v_tpg.cpp:590]   --->   Operation 690 'load' 'blkYuv_load_6' <Predicate = (icmp_ln520 & bckgndId_load_read == 7 & !tmp_18)> <Delay = 0.67> <CoreInst = "ROM">   --->   Core 101 'ROM' <Latency = 1> <II = 1> <Delay = 0.67> <Storage> <Opcode : 'load'> <Ports = 0> <Width = 8> <Depth = 3> <ROM>
ST_5 : Operation 691 [1/1] (0.93ns)   --->   "%br_ln1161 = br void %sw.epilog" [/home/training/AUPBoard/aup_hdmi_pass_thru_2023p1_working/aup_hdmi_pass_thru_2023p1/HDMI_Pass_Thru_ExDes/v_hdmi_rx_ss_0_ex/v_hdmi_rx_ss_0_ex.runs/exdes_v_tpg_0_synth_1/prj/sol/.autopilot/db/v_tpg.cpp:1161->/home/training/AUPBoard/aup_hdmi_pass_thru_2023p1_working/aup_hdmi_pass_thru_2023p1/HDMI_Pass_Thru_ExDes/v_hdmi_rx_ss_0_ex/v_hdmi_rx_ss_0_ex.runs/exdes_v_tpg_0_synth_1/prj/sol/.autopilot/db/v_tpg.cpp:590]   --->   Operation 691 'br' 'br_ln1161' <Predicate = (icmp_ln520 & bckgndId_load_read == 7 & !tmp_18)> <Delay = 0.93>
ST_5 : Operation 692 [1/1] (0.38ns)   --->   "%outpix_86 = select i1 %tmp_18, i8 0, i8 128"   --->   Operation 692 'select' 'outpix_86' <Predicate = (icmp_ln520 & bckgndId_load_read == 6)> <Delay = 0.38> <CoreInst = "Sel">   --->   Core 73 'Sel' <Latency = 0> <II = 1> <Delay = 0.38> <FuncUnit> <Opcode : 'select'> <InPorts = 3> <OutPorts = 1>
ST_5 : Operation 693 [1/1] (0.93ns)   --->   "%br_ln1161 = br i1 %tmp_18, void %cond.false.i230, void %sw.epilog" [/home/training/AUPBoard/aup_hdmi_pass_thru_2023p1_working/aup_hdmi_pass_thru_2023p1/HDMI_Pass_Thru_ExDes/v_hdmi_rx_ss_0_ex/v_hdmi_rx_ss_0_ex.runs/exdes_v_tpg_0_synth_1/prj/sol/.autopilot/db/v_tpg.cpp:1161->/home/training/AUPBoard/aup_hdmi_pass_thru_2023p1_working/aup_hdmi_pass_thru_2023p1/HDMI_Pass_Thru_ExDes/v_hdmi_rx_ss_0_ex/v_hdmi_rx_ss_0_ex.runs/exdes_v_tpg_0_synth_1/prj/sol/.autopilot/db/v_tpg.cpp:582]   --->   Operation 693 'br' 'br_ln1161' <Predicate = (icmp_ln520 & bckgndId_load_read == 6)> <Delay = 0.93>
ST_5 : Operation 694 [1/2] (0.67ns)   --->   "%blkYuv_load_5 = load i2 %blkYuv_addr_5" [/home/training/AUPBoard/aup_hdmi_pass_thru_2023p1_working/aup_hdmi_pass_thru_2023p1/HDMI_Pass_Thru_ExDes/v_hdmi_rx_ss_0_ex/v_hdmi_rx_ss_0_ex.runs/exdes_v_tpg_0_synth_1/prj/sol/.autopilot/db/v_tpg.cpp:1161->/home/training/AUPBoard/aup_hdmi_pass_thru_2023p1_working/aup_hdmi_pass_thru_2023p1/HDMI_Pass_Thru_ExDes/v_hdmi_rx_ss_0_ex/v_hdmi_rx_ss_0_ex.runs/exdes_v_tpg_0_synth_1/prj/sol/.autopilot/db/v_tpg.cpp:582]   --->   Operation 694 'load' 'blkYuv_load_5' <Predicate = (icmp_ln520 & bckgndId_load_read == 6 & !tmp_18)> <Delay = 0.67> <CoreInst = "ROM">   --->   Core 101 'ROM' <Latency = 1> <II = 1> <Delay = 0.67> <Storage> <Opcode : 'load'> <Ports = 0> <Width = 8> <Depth = 3> <ROM>
ST_5 : Operation 695 [1/1] (0.93ns)   --->   "%br_ln1161 = br void %sw.epilog" [/home/training/AUPBoard/aup_hdmi_pass_thru_2023p1_working/aup_hdmi_pass_thru_2023p1/HDMI_Pass_Thru_ExDes/v_hdmi_rx_ss_0_ex/v_hdmi_rx_ss_0_ex.runs/exdes_v_tpg_0_synth_1/prj/sol/.autopilot/db/v_tpg.cpp:1161->/home/training/AUPBoard/aup_hdmi_pass_thru_2023p1_working/aup_hdmi_pass_thru_2023p1/HDMI_Pass_Thru_ExDes/v_hdmi_rx_ss_0_ex/v_hdmi_rx_ss_0_ex.runs/exdes_v_tpg_0_synth_1/prj/sol/.autopilot/db/v_tpg.cpp:582]   --->   Operation 695 'br' 'br_ln1161' <Predicate = (icmp_ln520 & bckgndId_load_read == 6 & !tmp_18)> <Delay = 0.93>
ST_5 : Operation 696 [1/1] (0.38ns)   --->   "%outpix_85 = select i1 %tmp_18, i8 0, i8 128"   --->   Operation 696 'select' 'outpix_85' <Predicate = (icmp_ln520 & bckgndId_load_read == 5)> <Delay = 0.38> <CoreInst = "Sel">   --->   Core 73 'Sel' <Latency = 0> <II = 1> <Delay = 0.38> <FuncUnit> <Opcode : 'select'> <InPorts = 3> <OutPorts = 1>
ST_5 : Operation 697 [1/1] (0.93ns)   --->   "%br_ln1161 = br i1 %tmp_18, void %cond.false.i243, void %sw.epilog" [/home/training/AUPBoard/aup_hdmi_pass_thru_2023p1_working/aup_hdmi_pass_thru_2023p1/HDMI_Pass_Thru_ExDes/v_hdmi_rx_ss_0_ex/v_hdmi_rx_ss_0_ex.runs/exdes_v_tpg_0_synth_1/prj/sol/.autopilot/db/v_tpg.cpp:1161->/home/training/AUPBoard/aup_hdmi_pass_thru_2023p1_working/aup_hdmi_pass_thru_2023p1/HDMI_Pass_Thru_ExDes/v_hdmi_rx_ss_0_ex/v_hdmi_rx_ss_0_ex.runs/exdes_v_tpg_0_synth_1/prj/sol/.autopilot/db/v_tpg.cpp:574]   --->   Operation 697 'br' 'br_ln1161' <Predicate = (icmp_ln520 & bckgndId_load_read == 5)> <Delay = 0.93>
ST_5 : Operation 698 [1/2] (0.67ns)   --->   "%blkYuv_load_4 = load i2 %blkYuv_addr_4" [/home/training/AUPBoard/aup_hdmi_pass_thru_2023p1_working/aup_hdmi_pass_thru_2023p1/HDMI_Pass_Thru_ExDes/v_hdmi_rx_ss_0_ex/v_hdmi_rx_ss_0_ex.runs/exdes_v_tpg_0_synth_1/prj/sol/.autopilot/db/v_tpg.cpp:1161->/home/training/AUPBoard/aup_hdmi_pass_thru_2023p1_working/aup_hdmi_pass_thru_2023p1/HDMI_Pass_Thru_ExDes/v_hdmi_rx_ss_0_ex/v_hdmi_rx_ss_0_ex.runs/exdes_v_tpg_0_synth_1/prj/sol/.autopilot/db/v_tpg.cpp:574]   --->   Operation 698 'load' 'blkYuv_load_4' <Predicate = (icmp_ln520 & bckgndId_load_read == 5 & !tmp_18)> <Delay = 0.67> <CoreInst = "ROM">   --->   Core 101 'ROM' <Latency = 1> <II = 1> <Delay = 0.67> <Storage> <Opcode : 'load'> <Ports = 0> <Width = 8> <Depth = 3> <ROM>
ST_5 : Operation 699 [1/1] (0.93ns)   --->   "%br_ln1161 = br void %sw.epilog" [/home/training/AUPBoard/aup_hdmi_pass_thru_2023p1_working/aup_hdmi_pass_thru_2023p1/HDMI_Pass_Thru_ExDes/v_hdmi_rx_ss_0_ex/v_hdmi_rx_ss_0_ex.runs/exdes_v_tpg_0_synth_1/prj/sol/.autopilot/db/v_tpg.cpp:1161->/home/training/AUPBoard/aup_hdmi_pass_thru_2023p1_working/aup_hdmi_pass_thru_2023p1/HDMI_Pass_Thru_ExDes/v_hdmi_rx_ss_0_ex/v_hdmi_rx_ss_0_ex.runs/exdes_v_tpg_0_synth_1/prj/sol/.autopilot/db/v_tpg.cpp:574]   --->   Operation 699 'br' 'br_ln1161' <Predicate = (icmp_ln520 & bckgndId_load_read == 5 & !tmp_18)> <Delay = 0.93>
ST_5 : Operation 700 [1/1] (0.38ns)   --->   "%outpix_84 = select i1 %tmp_18, i8 0, i8 128"   --->   Operation 700 'select' 'outpix_84' <Predicate = (icmp_ln520 & bckgndId_load_read == 4)> <Delay = 0.38> <CoreInst = "Sel">   --->   Core 73 'Sel' <Latency = 0> <II = 1> <Delay = 0.38> <FuncUnit> <Opcode : 'select'> <InPorts = 3> <OutPorts = 1>
ST_5 : Operation 701 [1/1] (0.93ns)   --->   "%br_ln1161 = br i1 %tmp_18, void %cond.false.i256, void %sw.epilog" [/home/training/AUPBoard/aup_hdmi_pass_thru_2023p1_working/aup_hdmi_pass_thru_2023p1/HDMI_Pass_Thru_ExDes/v_hdmi_rx_ss_0_ex/v_hdmi_rx_ss_0_ex.runs/exdes_v_tpg_0_synth_1/prj/sol/.autopilot/db/v_tpg.cpp:1161->/home/training/AUPBoard/aup_hdmi_pass_thru_2023p1_working/aup_hdmi_pass_thru_2023p1/HDMI_Pass_Thru_ExDes/v_hdmi_rx_ss_0_ex/v_hdmi_rx_ss_0_ex.runs/exdes_v_tpg_0_synth_1/prj/sol/.autopilot/db/v_tpg.cpp:566]   --->   Operation 701 'br' 'br_ln1161' <Predicate = (icmp_ln520 & bckgndId_load_read == 4)> <Delay = 0.93>
ST_5 : Operation 702 [1/2] (0.67ns)   --->   "%blkYuv_load_3 = load i2 %blkYuv_addr_3" [/home/training/AUPBoard/aup_hdmi_pass_thru_2023p1_working/aup_hdmi_pass_thru_2023p1/HDMI_Pass_Thru_ExDes/v_hdmi_rx_ss_0_ex/v_hdmi_rx_ss_0_ex.runs/exdes_v_tpg_0_synth_1/prj/sol/.autopilot/db/v_tpg.cpp:1161->/home/training/AUPBoard/aup_hdmi_pass_thru_2023p1_working/aup_hdmi_pass_thru_2023p1/HDMI_Pass_Thru_ExDes/v_hdmi_rx_ss_0_ex/v_hdmi_rx_ss_0_ex.runs/exdes_v_tpg_0_synth_1/prj/sol/.autopilot/db/v_tpg.cpp:566]   --->   Operation 702 'load' 'blkYuv_load_3' <Predicate = (icmp_ln520 & bckgndId_load_read == 4 & !tmp_18)> <Delay = 0.67> <CoreInst = "ROM">   --->   Core 101 'ROM' <Latency = 1> <II = 1> <Delay = 0.67> <Storage> <Opcode : 'load'> <Ports = 0> <Width = 8> <Depth = 3> <ROM>
ST_5 : Operation 703 [1/1] (0.93ns)   --->   "%br_ln1161 = br void %sw.epilog" [/home/training/AUPBoard/aup_hdmi_pass_thru_2023p1_working/aup_hdmi_pass_thru_2023p1/HDMI_Pass_Thru_ExDes/v_hdmi_rx_ss_0_ex/v_hdmi_rx_ss_0_ex.runs/exdes_v_tpg_0_synth_1/prj/sol/.autopilot/db/v_tpg.cpp:1161->/home/training/AUPBoard/aup_hdmi_pass_thru_2023p1_working/aup_hdmi_pass_thru_2023p1/HDMI_Pass_Thru_ExDes/v_hdmi_rx_ss_0_ex/v_hdmi_rx_ss_0_ex.runs/exdes_v_tpg_0_synth_1/prj/sol/.autopilot/db/v_tpg.cpp:566]   --->   Operation 703 'br' 'br_ln1161' <Predicate = (icmp_ln520 & bckgndId_load_read == 4 & !tmp_18)> <Delay = 0.93>
ST_5 : Operation 704 [1/1] (0.38ns)   --->   "%outpix_83 = select i1 %tmp_18, i8 0, i8 128"   --->   Operation 704 'select' 'outpix_83' <Predicate = (icmp_ln520 & bckgndId_load_read == 3)> <Delay = 0.38> <CoreInst = "Sel">   --->   Core 73 'Sel' <Latency = 0> <II = 1> <Delay = 0.38> <FuncUnit> <Opcode : 'select'> <InPorts = 3> <OutPorts = 1>
ST_5 : Operation 705 [1/1] (0.93ns)   --->   "%br_ln1161 = br i1 %tmp_18, void %cond.false.i269, void %sw.epilog" [/home/training/AUPBoard/aup_hdmi_pass_thru_2023p1_working/aup_hdmi_pass_thru_2023p1/HDMI_Pass_Thru_ExDes/v_hdmi_rx_ss_0_ex/v_hdmi_rx_ss_0_ex.runs/exdes_v_tpg_0_synth_1/prj/sol/.autopilot/db/v_tpg.cpp:1161->/home/training/AUPBoard/aup_hdmi_pass_thru_2023p1_working/aup_hdmi_pass_thru_2023p1/HDMI_Pass_Thru_ExDes/v_hdmi_rx_ss_0_ex/v_hdmi_rx_ss_0_ex.runs/exdes_v_tpg_0_synth_1/prj/sol/.autopilot/db/v_tpg.cpp:558]   --->   Operation 705 'br' 'br_ln1161' <Predicate = (icmp_ln520 & bckgndId_load_read == 3)> <Delay = 0.93>
ST_5 : Operation 706 [1/2] (0.67ns)   --->   "%blkYuv_load_2 = load i2 %blkYuv_addr_2" [/home/training/AUPBoard/aup_hdmi_pass_thru_2023p1_working/aup_hdmi_pass_thru_2023p1/HDMI_Pass_Thru_ExDes/v_hdmi_rx_ss_0_ex/v_hdmi_rx_ss_0_ex.runs/exdes_v_tpg_0_synth_1/prj/sol/.autopilot/db/v_tpg.cpp:1161->/home/training/AUPBoard/aup_hdmi_pass_thru_2023p1_working/aup_hdmi_pass_thru_2023p1/HDMI_Pass_Thru_ExDes/v_hdmi_rx_ss_0_ex/v_hdmi_rx_ss_0_ex.runs/exdes_v_tpg_0_synth_1/prj/sol/.autopilot/db/v_tpg.cpp:558]   --->   Operation 706 'load' 'blkYuv_load_2' <Predicate = (icmp_ln520 & bckgndId_load_read == 3 & !tmp_18)> <Delay = 0.67> <CoreInst = "ROM">   --->   Core 101 'ROM' <Latency = 1> <II = 1> <Delay = 0.67> <Storage> <Opcode : 'load'> <Ports = 0> <Width = 8> <Depth = 3> <ROM>
ST_5 : Operation 707 [1/1] (0.93ns)   --->   "%br_ln1161 = br void %sw.epilog" [/home/training/AUPBoard/aup_hdmi_pass_thru_2023p1_working/aup_hdmi_pass_thru_2023p1/HDMI_Pass_Thru_ExDes/v_hdmi_rx_ss_0_ex/v_hdmi_rx_ss_0_ex.runs/exdes_v_tpg_0_synth_1/prj/sol/.autopilot/db/v_tpg.cpp:1161->/home/training/AUPBoard/aup_hdmi_pass_thru_2023p1_working/aup_hdmi_pass_thru_2023p1/HDMI_Pass_Thru_ExDes/v_hdmi_rx_ss_0_ex/v_hdmi_rx_ss_0_ex.runs/exdes_v_tpg_0_synth_1/prj/sol/.autopilot/db/v_tpg.cpp:558]   --->   Operation 707 'br' 'br_ln1161' <Predicate = (icmp_ln520 & bckgndId_load_read == 3 & !tmp_18)> <Delay = 0.93>
ST_5 : Operation 708 [1/1] (0.38ns)   --->   "%outpix_82 = select i1 %tmp_18, i8 0, i8 128"   --->   Operation 708 'select' 'outpix_82' <Predicate = (icmp_ln520 & bckgndId_load_read == 2)> <Delay = 0.38> <CoreInst = "Sel">   --->   Core 73 'Sel' <Latency = 0> <II = 1> <Delay = 0.38> <FuncUnit> <Opcode : 'select'> <InPorts = 3> <OutPorts = 1>
ST_5 : Operation 709 [1/1] (0.93ns)   --->   "%br_ln1161 = br i1 %tmp_18, void %cond.false.i282, void %sw.epilog" [/home/training/AUPBoard/aup_hdmi_pass_thru_2023p1_working/aup_hdmi_pass_thru_2023p1/HDMI_Pass_Thru_ExDes/v_hdmi_rx_ss_0_ex/v_hdmi_rx_ss_0_ex.runs/exdes_v_tpg_0_synth_1/prj/sol/.autopilot/db/v_tpg.cpp:1161->/home/training/AUPBoard/aup_hdmi_pass_thru_2023p1_working/aup_hdmi_pass_thru_2023p1/HDMI_Pass_Thru_ExDes/v_hdmi_rx_ss_0_ex/v_hdmi_rx_ss_0_ex.runs/exdes_v_tpg_0_synth_1/prj/sol/.autopilot/db/v_tpg.cpp:550]   --->   Operation 709 'br' 'br_ln1161' <Predicate = (icmp_ln520 & bckgndId_load_read == 2)> <Delay = 0.93>
ST_5 : Operation 710 [1/2] (0.67ns)   --->   "%blkYuv_load_1 = load i2 %blkYuv_addr_1" [/home/training/AUPBoard/aup_hdmi_pass_thru_2023p1_working/aup_hdmi_pass_thru_2023p1/HDMI_Pass_Thru_ExDes/v_hdmi_rx_ss_0_ex/v_hdmi_rx_ss_0_ex.runs/exdes_v_tpg_0_synth_1/prj/sol/.autopilot/db/v_tpg.cpp:1161->/home/training/AUPBoard/aup_hdmi_pass_thru_2023p1_working/aup_hdmi_pass_thru_2023p1/HDMI_Pass_Thru_ExDes/v_hdmi_rx_ss_0_ex/v_hdmi_rx_ss_0_ex.runs/exdes_v_tpg_0_synth_1/prj/sol/.autopilot/db/v_tpg.cpp:550]   --->   Operation 710 'load' 'blkYuv_load_1' <Predicate = (icmp_ln520 & bckgndId_load_read == 2 & !tmp_18)> <Delay = 0.67> <CoreInst = "ROM">   --->   Core 101 'ROM' <Latency = 1> <II = 1> <Delay = 0.67> <Storage> <Opcode : 'load'> <Ports = 0> <Width = 8> <Depth = 3> <ROM>
ST_5 : Operation 711 [1/1] (0.93ns)   --->   "%br_ln1161 = br void %sw.epilog" [/home/training/AUPBoard/aup_hdmi_pass_thru_2023p1_working/aup_hdmi_pass_thru_2023p1/HDMI_Pass_Thru_ExDes/v_hdmi_rx_ss_0_ex/v_hdmi_rx_ss_0_ex.runs/exdes_v_tpg_0_synth_1/prj/sol/.autopilot/db/v_tpg.cpp:1161->/home/training/AUPBoard/aup_hdmi_pass_thru_2023p1_working/aup_hdmi_pass_thru_2023p1/HDMI_Pass_Thru_ExDes/v_hdmi_rx_ss_0_ex/v_hdmi_rx_ss_0_ex.runs/exdes_v_tpg_0_synth_1/prj/sol/.autopilot/db/v_tpg.cpp:550]   --->   Operation 711 'br' 'br_ln1161' <Predicate = (icmp_ln520 & bckgndId_load_read == 2 & !tmp_18)> <Delay = 0.93>
ST_5 : Operation 712 [1/1] (0.38ns)   --->   "%outpix_81 = select i1 %tmp_18, i8 0, i8 128"   --->   Operation 712 'select' 'outpix_81' <Predicate = (icmp_ln520 & bckgndId_load_read == 1)> <Delay = 0.38> <CoreInst = "Sel">   --->   Core 73 'Sel' <Latency = 0> <II = 1> <Delay = 0.38> <FuncUnit> <Opcode : 'select'> <InPorts = 3> <OutPorts = 1>
ST_5 : Operation 713 [1/1] (0.93ns)   --->   "%br_ln1161 = br i1 %tmp_18, void %cond.false.i295, void %sw.epilog" [/home/training/AUPBoard/aup_hdmi_pass_thru_2023p1_working/aup_hdmi_pass_thru_2023p1/HDMI_Pass_Thru_ExDes/v_hdmi_rx_ss_0_ex/v_hdmi_rx_ss_0_ex.runs/exdes_v_tpg_0_synth_1/prj/sol/.autopilot/db/v_tpg.cpp:1161->/home/training/AUPBoard/aup_hdmi_pass_thru_2023p1_working/aup_hdmi_pass_thru_2023p1/HDMI_Pass_Thru_ExDes/v_hdmi_rx_ss_0_ex/v_hdmi_rx_ss_0_ex.runs/exdes_v_tpg_0_synth_1/prj/sol/.autopilot/db/v_tpg.cpp:542]   --->   Operation 713 'br' 'br_ln1161' <Predicate = (icmp_ln520 & bckgndId_load_read == 1)> <Delay = 0.93>
ST_5 : Operation 714 [1/2] (0.67ns)   --->   "%blkYuv_load = load i2 %blkYuv_addr" [/home/training/AUPBoard/aup_hdmi_pass_thru_2023p1_working/aup_hdmi_pass_thru_2023p1/HDMI_Pass_Thru_ExDes/v_hdmi_rx_ss_0_ex/v_hdmi_rx_ss_0_ex.runs/exdes_v_tpg_0_synth_1/prj/sol/.autopilot/db/v_tpg.cpp:1161->/home/training/AUPBoard/aup_hdmi_pass_thru_2023p1_working/aup_hdmi_pass_thru_2023p1/HDMI_Pass_Thru_ExDes/v_hdmi_rx_ss_0_ex/v_hdmi_rx_ss_0_ex.runs/exdes_v_tpg_0_synth_1/prj/sol/.autopilot/db/v_tpg.cpp:542]   --->   Operation 714 'load' 'blkYuv_load' <Predicate = (icmp_ln520 & bckgndId_load_read == 1 & !tmp_18)> <Delay = 0.67> <CoreInst = "ROM">   --->   Core 101 'ROM' <Latency = 1> <II = 1> <Delay = 0.67> <Storage> <Opcode : 'load'> <Ports = 0> <Width = 8> <Depth = 3> <ROM>
ST_5 : Operation 715 [1/1] (0.93ns)   --->   "%br_ln1161 = br void %sw.epilog" [/home/training/AUPBoard/aup_hdmi_pass_thru_2023p1_working/aup_hdmi_pass_thru_2023p1/HDMI_Pass_Thru_ExDes/v_hdmi_rx_ss_0_ex/v_hdmi_rx_ss_0_ex.runs/exdes_v_tpg_0_synth_1/prj/sol/.autopilot/db/v_tpg.cpp:1161->/home/training/AUPBoard/aup_hdmi_pass_thru_2023p1_working/aup_hdmi_pass_thru_2023p1/HDMI_Pass_Thru_ExDes/v_hdmi_rx_ss_0_ex/v_hdmi_rx_ss_0_ex.runs/exdes_v_tpg_0_synth_1/prj/sol/.autopilot/db/v_tpg.cpp:542]   --->   Operation 715 'br' 'br_ln1161' <Predicate = (icmp_ln520 & bckgndId_load_read == 1 & !tmp_18)> <Delay = 0.93>

State 6 <SV = 5> <Delay = 2.17>
ST_6 : Operation 716 [1/1] (0.00ns)   --->   "%outpix_12 = load i8 %outpix_6"   --->   Operation 716 'load' 'outpix_12' <Predicate = true> <Delay = 0.00>
ST_6 : Operation 717 [1/1] (0.00ns)   --->   "%outpix_13 = load i8 %outpix_7"   --->   Operation 717 'load' 'outpix_13' <Predicate = true> <Delay = 0.00>
ST_6 : Operation 718 [1/1] (0.00ns)   --->   "%outpix_14 = load i8 %outpix_8"   --->   Operation 718 'load' 'outpix_14' <Predicate = true> <Delay = 0.00>
ST_6 : Operation 719 [1/1] (0.00ns)   --->   "%outpix_15 = load i8 %outpix_9"   --->   Operation 719 'load' 'outpix_15' <Predicate = true> <Delay = 0.00>
ST_6 : Operation 720 [1/1] (0.00ns)   --->   "%outpix_16 = load i8 %outpix_10"   --->   Operation 720 'load' 'outpix_16' <Predicate = true> <Delay = 0.00>
ST_6 : Operation 721 [1/1] (0.00ns)   --->   "%outpix_17 = load i8 %outpix_11"   --->   Operation 721 'load' 'outpix_17' <Predicate = true> <Delay = 0.00>
ST_6 : Operation 722 [1/1] (0.93ns)   --->   "%br_ln528 = br void %sw.epilog" [/home/training/AUPBoard/aup_hdmi_pass_thru_2023p1_working/aup_hdmi_pass_thru_2023p1/HDMI_Pass_Thru_ExDes/v_hdmi_rx_ss_0_ex/v_hdmi_rx_ss_0_ex.runs/exdes_v_tpg_0_synth_1/prj/sol/.autopilot/db/v_tpg.cpp:528]   --->   Operation 722 'br' 'br_ln528' <Predicate = (icmp_ln520 & bckgndId_load_read != 0 & bckgndId_load_read != 1 & bckgndId_load_read != 2 & bckgndId_load_read != 3 & bckgndId_load_read != 4 & bckgndId_load_read != 5 & bckgndId_load_read != 6 & bckgndId_load_read != 7 & bckgndId_load_read != 8 & bckgndId_load_read != 9 & bckgndId_load_read != 10 & bckgndId_load_read != 11 & bckgndId_load_read != 12 & bckgndId_load_read != 13 & bckgndId_load_read != 14 & bckgndId_load_read != 15 & bckgndId_load_read != 16 & bckgndId_load_read != 17 & bckgndId_load_read != 18 & bckgndId_load_read != 19)> <Delay = 0.93>
ST_6 : Operation 723 [1/1] (0.00ns)   --->   "%outpix_50 = phi i8 %outpix_17, void %if.end.sw.epilog_crit_edge, i8 %outpix_103, void %cond.false.i, i8 %outpix_102, void %cond.false.i18, i8 %outpix_101, void %cond.false.i31, i8 %outpix_42, void %sw.bb39, i8 %outpix_97, void %cond.false.i49, i8 %outpix_96, void %cond.false.i62, i8 %pix_17, void %cond.false.1.i, i8 %pix_18, void %cond.false121.1.i, i8 %outpix_92, void %cond.false.i161, i8 %outpix_88, void %cond.false.i204, i8 %outpix_87, void %cond.false.i217, i8 %outpix_86, void %cond.false.i230, i8 %outpix_85, void %cond.false.i243, i8 %outpix_84, void %cond.false.i256, i8 %outpix_83, void %cond.false.i269, i8 %outpix_82, void %cond.false.i282, i8 %outpix_81, void %cond.false.i295, i8 %tpgBarSelRgb_b_load_3_cast, void %cond.true84.1.i, i8 %tpgBarSelYuv_v_load_3, void %cond.false55.1.i_ifconv, i8 %tpgBarSelRgb_b_load_4_cast, void %cond.true116.1.i, i8 %tpgBarSelYuv_v_load_4, void %cond.false86.1.i_ifconv, i8 %tpgBarSelRgb_b_load_5_cast, void %cond.true113.1.i, i8 %tpgBarSelYuv_v_load_5, void %cond.false82.1.i_ifconv, i8 %outpix_21, void %if.end, i8 %outpix_81, void %sw.bb10, i8 %outpix_82, void %sw.bb11, i8 %outpix_83, void %sw.bb13, i8 %outpix_84, void %sw.bb15, i8 %outpix_85, void %sw.bb17, i8 %outpix_86, void %sw.bb19, i8 %outpix_87, void %sw.bb21, i8 %outpix_88, void %sw.bb23, i8 %outpix_92, void %sw.bb27, i8 %pix_18, void %if.else107.1.i, i8 %pix_17, void %if.then71.1.i, i8 %outpix_96, void %sw.bb33, i8 %outpix_97, void %sw.bb35, i8 %outpix_101, void %sw.bb41, i8 %outpix_102, void %sw.bb43, i8 %outpix_103, void %sw.bb45"   --->   Operation 723 'phi' 'outpix_50' <Predicate = (icmp_ln520)> <Delay = 0.00>
ST_6 : Operation 724 [1/1] (0.00ns)   --->   "%outpix_49 = phi i8 %outpix_16, void %if.end.sw.epilog_crit_edge, i8 %blkYuv_load_13, void %cond.false.i, i8 %blkYuv_load_12, void %cond.false.i18, i8 %blkYuv_load_11, void %cond.false.i31, i8 %outpix_41, void %sw.bb39, i8 %blkYuv_load_10, void %cond.false.i49, i8 %blkYuv_load_9, void %cond.false.i62, i8 %whiYuv_load, void %cond.false.1.i, i8 %blkYuv_1_load, void %cond.false121.1.i, i8 %blkYuv_load_8, void %cond.false.i161, i8 %blkYuv_load_7, void %cond.false.i204, i8 %blkYuv_load_6, void %cond.false.i217, i8 %blkYuv_load_5, void %cond.false.i230, i8 %blkYuv_load_4, void %cond.false.i243, i8 %blkYuv_load_3, void %cond.false.i256, i8 %blkYuv_load_2, void %cond.false.i269, i8 %blkYuv_load_1, void %cond.false.i282, i8 %blkYuv_load, void %cond.false.i295, i8 %tpgBarSelRgb_g_load_3_cast, void %cond.true84.1.i, i8 %cond75_1_ph_i, void %cond.false55.1.i_ifconv, i8 %tpgBarSelRgb_g_load_4_cast, void %cond.true116.1.i, i8 %cond107_1_ph_i, void %cond.false86.1.i_ifconv, i8 %tpgBarSelRgb_g_load_5_cast, void %cond.true113.1.i, i8 %cond104_1_ph_i, void %cond.false82.1.i_ifconv, i8 %outpix_22, void %if.end, i8 0, void %sw.bb10, i8 0, void %sw.bb11, i8 0, void %sw.bb13, i8 0, void %sw.bb15, i8 0, void %sw.bb17, i8 0, void %sw.bb19, i8 0, void %sw.bb21, i8 0, void %sw.bb23, i8 0, void %sw.bb27, i8 0, void %if.else107.1.i, i8 255, void %if.then71.1.i, i8 0, void %sw.bb33, i8 0, void %sw.bb35, i8 0, void %sw.bb41, i8 0, void %sw.bb43, i8 0, void %sw.bb45"   --->   Operation 724 'phi' 'outpix_49' <Predicate = (icmp_ln520)> <Delay = 0.00>
ST_6 : Operation 725 [1/1] (0.00ns)   --->   "%outpix_48 = phi i8 %outpix_15, void %if.end.sw.epilog_crit_edge, i8 0, void %cond.false.i, i8 0, void %cond.false.i18, i8 0, void %cond.false.i31, i8 %outpix_20, void %sw.bb39, i8 0, void %cond.false.i49, i8 0, void %cond.false.i62, i8 255, void %cond.false.1.i, i8 0, void %cond.false121.1.i, i8 0, void %cond.false.i161, i8 0, void %cond.false.i204, i8 0, void %cond.false.i217, i8 0, void %cond.false.i230, i8 0, void %cond.false.i243, i8 0, void %cond.false.i256, i8 0, void %cond.false.i269, i8 0, void %cond.false.i282, i8 0, void %cond.false.i295, i8 %tpgBarSelRgb_r_load_3_cast, void %cond.true84.1.i, i8 %tpgBarSelYuv_y_load_3, void %cond.false55.1.i_ifconv, i8 %tpgBarSelRgb_r_load_4_cast, void %cond.true116.1.i, i8 %tpgBarSelYuv_y_load_4, void %cond.false86.1.i_ifconv, i8 %tpgBarSelRgb_r_load_5_cast, void %cond.true113.1.i, i8 %tpgBarSelYuv_y_load_5, void %cond.false82.1.i_ifconv, i8 %outpix_23, void %if.end, i8 0, void %sw.bb10, i8 0, void %sw.bb11, i8 0, void %sw.bb13, i8 0, void %sw.bb15, i8 0, void %sw.bb17, i8 0, void %sw.bb19, i8 0, void %sw.bb21, i8 0, void %sw.bb23, i8 0, void %sw.bb27, i8 0, void %if.else107.1.i, i8 255, void %if.then71.1.i, i8 0, void %sw.bb33, i8 0, void %sw.bb35, i8 0, void %sw.bb41, i8 0, void %sw.bb43, i8 0, void %sw.bb45"   --->   Operation 725 'phi' 'outpix_48' <Predicate = (icmp_ln520)> <Delay = 0.00>
ST_6 : Operation 726 [1/1] (0.00ns)   --->   "%outpix_47 = phi i8 %outpix_14, void %if.end.sw.epilog_crit_edge, i8 %outpix_103, void %cond.false.i, i8 %outpix_102, void %cond.false.i18, i8 %outpix_101, void %cond.false.i31, i8 %outpix_19, void %sw.bb39, i8 %outpix_97, void %cond.false.i49, i8 %outpix_96, void %cond.false.i62, i8 %outpix_73, void %cond.false.1.i, i8 %outpix_73, void %cond.false121.1.i, i8 %outpix_92, void %cond.false.i161, i8 %outpix_88, void %cond.false.i204, i8 %outpix_87, void %cond.false.i217, i8 %outpix_86, void %cond.false.i230, i8 %outpix_85, void %cond.false.i243, i8 %outpix_84, void %cond.false.i256, i8 %outpix_83, void %cond.false.i269, i8 %outpix_82, void %cond.false.i282, i8 %outpix_81, void %cond.false.i295, i8 %outpix_89, void %cond.true84.1.i, i8 %outpix_89, void %cond.false55.1.i_ifconv, i8 %outpix_93, void %cond.true116.1.i, i8 %outpix_93, void %cond.false86.1.i_ifconv, i8 %outpix_98, void %cond.true113.1.i, i8 %outpix_98, void %cond.false82.1.i_ifconv, i8 %outpix_24, void %if.end, i8 %outpix_81, void %sw.bb10, i8 %outpix_82, void %sw.bb11, i8 %outpix_83, void %sw.bb13, i8 %outpix_84, void %sw.bb15, i8 %outpix_85, void %sw.bb17, i8 %outpix_86, void %sw.bb19, i8 %outpix_87, void %sw.bb21, i8 %outpix_88, void %sw.bb23, i8 %outpix_92, void %sw.bb27, i8 %outpix_73, void %if.else107.1.i, i8 %outpix_73, void %if.then71.1.i, i8 %outpix_96, void %sw.bb33, i8 %outpix_97, void %sw.bb35, i8 %outpix_101, void %sw.bb41, i8 %outpix_102, void %sw.bb43, i8 %outpix_103, void %sw.bb45"   --->   Operation 726 'phi' 'outpix_47' <Predicate = (icmp_ln520)> <Delay = 0.00>
ST_6 : Operation 727 [1/1] (0.00ns)   --->   "%outpix_46 = phi i8 %outpix_13, void %if.end.sw.epilog_crit_edge, i8 128, void %cond.false.i, i8 128, void %cond.false.i18, i8 128, void %cond.false.i31, i8 %outpix_18, void %sw.bb39, i8 128, void %cond.false.i49, i8 128, void %cond.false.i62, i8 %outpix_73, void %cond.false.1.i, i8 %outpix_73, void %cond.false121.1.i, i8 128, void %cond.false.i161, i8 128, void %cond.false.i204, i8 128, void %cond.false.i217, i8 128, void %cond.false.i230, i8 128, void %cond.false.i243, i8 128, void %cond.false.i256, i8 128, void %cond.false.i269, i8 128, void %cond.false.i282, i8 128, void %cond.false.i295, i8 %outpix_90, void %cond.true84.1.i, i8 %outpix_90, void %cond.false55.1.i_ifconv, i8 %outpix_94, void %cond.true116.1.i, i8 %outpix_94, void %cond.false86.1.i_ifconv, i8 %outpix_99, void %cond.true113.1.i, i8 %outpix_99, void %cond.false82.1.i_ifconv, i8 %outpix_25, void %if.end, i8 0, void %sw.bb10, i8 0, void %sw.bb11, i8 0, void %sw.bb13, i8 0, void %sw.bb15, i8 0, void %sw.bb17, i8 0, void %sw.bb19, i8 0, void %sw.bb21, i8 0, void %sw.bb23, i8 0, void %sw.bb27, i8 %outpix_73, void %if.else107.1.i, i8 %outpix_73, void %if.then71.1.i, i8 0, void %sw.bb33, i8 0, void %sw.bb35, i8 0, void %sw.bb41, i8 0, void %sw.bb43, i8 0, void %sw.bb45"   --->   Operation 727 'phi' 'outpix_46' <Predicate = (icmp_ln520)> <Delay = 0.00>
ST_6 : Operation 728 [1/1] (0.00ns)   --->   "%outpix_45 = phi i8 %outpix_12, void %if.end.sw.epilog_crit_edge, i8 0, void %cond.false.i, i8 0, void %cond.false.i18, i8 0, void %cond.false.i31, i8 %outpix_40, void %sw.bb39, i8 0, void %cond.false.i49, i8 0, void %cond.false.i62, i8 %select_ln507, void %cond.false.1.i, i8 %select_ln507, void %cond.false121.1.i, i8 0, void %cond.false.i161, i8 0, void %cond.false.i204, i8 0, void %cond.false.i217, i8 0, void %cond.false.i230, i8 0, void %cond.false.i243, i8 0, void %cond.false.i256, i8 0, void %cond.false.i269, i8 0, void %cond.false.i282, i8 0, void %cond.false.i295, i8 %outpix_91, void %cond.true84.1.i, i8 %outpix_91, void %cond.false55.1.i_ifconv, i8 %outpix_95, void %cond.true116.1.i, i8 %outpix_95, void %cond.false86.1.i_ifconv, i8 %outpix_100, void %cond.true113.1.i, i8 %outpix_100, void %cond.false82.1.i_ifconv, i8 %outpix_26, void %if.end, i8 0, void %sw.bb10, i8 0, void %sw.bb11, i8 0, void %sw.bb13, i8 0, void %sw.bb15, i8 0, void %sw.bb17, i8 0, void %sw.bb19, i8 0, void %sw.bb21, i8 0, void %sw.bb23, i8 0, void %sw.bb27, i8 %select_ln507, void %if.else107.1.i, i8 %select_ln507, void %if.then71.1.i, i8 0, void %sw.bb33, i8 0, void %sw.bb35, i8 0, void %sw.bb41, i8 0, void %sw.bb43, i8 0, void %sw.bb45"   --->   Operation 728 'phi' 'outpix_45' <Predicate = (icmp_ln520)> <Delay = 0.00>
ST_6 : Operation 729 [1/1] (0.42ns)   --->   "%br_ln687 = br i1 %cmp8_read, void %for.inc98, void %for.body53" [/home/training/AUPBoard/aup_hdmi_pass_thru_2023p1_working/aup_hdmi_pass_thru_2023p1/HDMI_Pass_Thru_ExDes/v_hdmi_rx_ss_0_ex/v_hdmi_rx_ss_0_ex.runs/exdes_v_tpg_0_synth_1/prj/sol/.autopilot/db/v_tpg.cpp:687]   --->   Operation 729 'br' 'br_ln687' <Predicate = (icmp_ln520)> <Delay = 0.42>
ST_6 : Operation 730 [1/1] (0.38ns)   --->   "%outpix_77 = select i1 %or_ln691_2, i8 %outpix_47, i8 %outpix_24" [/home/training/AUPBoard/aup_hdmi_pass_thru_2023p1_working/aup_hdmi_pass_thru_2023p1/HDMI_Pass_Thru_ExDes/v_hdmi_rx_ss_0_ex/v_hdmi_rx_ss_0_ex.runs/exdes_v_tpg_0_synth_1/prj/sol/.autopilot/db/v_tpg.cpp:691]   --->   Operation 730 'select' 'outpix_77' <Predicate = (icmp_ln520 & cmp8_read)> <Delay = 0.38> <CoreInst = "Sel">   --->   Core 73 'Sel' <Latency = 0> <II = 1> <Delay = 0.38> <FuncUnit> <Opcode : 'select'> <InPorts = 3> <OutPorts = 1>
ST_6 : Operation 731 [1/1] (0.38ns)   --->   "%outpix_76 = select i1 %or_ln691_2, i8 %outpix_46, i8 %outpix_25" [/home/training/AUPBoard/aup_hdmi_pass_thru_2023p1_working/aup_hdmi_pass_thru_2023p1/HDMI_Pass_Thru_ExDes/v_hdmi_rx_ss_0_ex/v_hdmi_rx_ss_0_ex.runs/exdes_v_tpg_0_synth_1/prj/sol/.autopilot/db/v_tpg.cpp:691]   --->   Operation 731 'select' 'outpix_76' <Predicate = (icmp_ln520 & cmp8_read)> <Delay = 0.38> <CoreInst = "Sel">   --->   Core 73 'Sel' <Latency = 0> <II = 1> <Delay = 0.38> <FuncUnit> <Opcode : 'select'> <InPorts = 3> <OutPorts = 1>
ST_6 : Operation 732 [1/1] (0.38ns)   --->   "%outpix_75 = select i1 %or_ln691_2, i8 %outpix_45, i8 %outpix_26" [/home/training/AUPBoard/aup_hdmi_pass_thru_2023p1_working/aup_hdmi_pass_thru_2023p1/HDMI_Pass_Thru_ExDes/v_hdmi_rx_ss_0_ex/v_hdmi_rx_ss_0_ex.runs/exdes_v_tpg_0_synth_1/prj/sol/.autopilot/db/v_tpg.cpp:691]   --->   Operation 732 'select' 'outpix_75' <Predicate = (icmp_ln520 & cmp8_read)> <Delay = 0.38> <CoreInst = "Sel">   --->   Core 73 'Sel' <Latency = 0> <II = 1> <Delay = 0.38> <FuncUnit> <Opcode : 'select'> <InPorts = 3> <OutPorts = 1>
ST_6 : Operation 733 [1/1] (0.38ns)   --->   "%outpix_80 = select i1 %or_ln691_6, i8 %outpix_50, i8 %outpix_21" [/home/training/AUPBoard/aup_hdmi_pass_thru_2023p1_working/aup_hdmi_pass_thru_2023p1/HDMI_Pass_Thru_ExDes/v_hdmi_rx_ss_0_ex/v_hdmi_rx_ss_0_ex.runs/exdes_v_tpg_0_synth_1/prj/sol/.autopilot/db/v_tpg.cpp:691]   --->   Operation 733 'select' 'outpix_80' <Predicate = (icmp_ln520 & cmp8_read)> <Delay = 0.38> <CoreInst = "Sel">   --->   Core 73 'Sel' <Latency = 0> <II = 1> <Delay = 0.38> <FuncUnit> <Opcode : 'select'> <InPorts = 3> <OutPorts = 1>
ST_6 : Operation 734 [1/1] (0.38ns)   --->   "%outpix_79 = select i1 %or_ln691_6, i8 %outpix_49, i8 %outpix_22" [/home/training/AUPBoard/aup_hdmi_pass_thru_2023p1_working/aup_hdmi_pass_thru_2023p1/HDMI_Pass_Thru_ExDes/v_hdmi_rx_ss_0_ex/v_hdmi_rx_ss_0_ex.runs/exdes_v_tpg_0_synth_1/prj/sol/.autopilot/db/v_tpg.cpp:691]   --->   Operation 734 'select' 'outpix_79' <Predicate = (icmp_ln520 & cmp8_read)> <Delay = 0.38> <CoreInst = "Sel">   --->   Core 73 'Sel' <Latency = 0> <II = 1> <Delay = 0.38> <FuncUnit> <Opcode : 'select'> <InPorts = 3> <OutPorts = 1>
ST_6 : Operation 735 [1/1] (0.38ns)   --->   "%outpix_78 = select i1 %or_ln691_6, i8 %outpix_48, i8 %outpix_23" [/home/training/AUPBoard/aup_hdmi_pass_thru_2023p1_working/aup_hdmi_pass_thru_2023p1/HDMI_Pass_Thru_ExDes/v_hdmi_rx_ss_0_ex/v_hdmi_rx_ss_0_ex.runs/exdes_v_tpg_0_synth_1/prj/sol/.autopilot/db/v_tpg.cpp:691]   --->   Operation 735 'select' 'outpix_78' <Predicate = (icmp_ln520 & cmp8_read)> <Delay = 0.38> <CoreInst = "Sel">   --->   Core 73 'Sel' <Latency = 0> <II = 1> <Delay = 0.38> <FuncUnit> <Opcode : 'select'> <InPorts = 3> <OutPorts = 1>
ST_6 : Operation 736 [1/1] (0.42ns)   --->   "%br_ln700 = br void %for.inc98" [/home/training/AUPBoard/aup_hdmi_pass_thru_2023p1_working/aup_hdmi_pass_thru_2023p1/HDMI_Pass_Thru_ExDes/v_hdmi_rx_ss_0_ex/v_hdmi_rx_ss_0_ex.runs/exdes_v_tpg_0_synth_1/prj/sol/.autopilot/db/v_tpg.cpp:700]   --->   Operation 736 'br' 'br_ln700' <Predicate = (icmp_ln520 & cmp8_read)> <Delay = 0.42>
ST_6 : Operation 737 [1/1] (0.00ns)   --->   "%outpix_62 = phi i8 %outpix_80, void %for.body53, i8 %outpix_50, void %sw.epilog"   --->   Operation 737 'phi' 'outpix_62' <Predicate = (icmp_ln520)> <Delay = 0.00>
ST_6 : Operation 738 [1/1] (0.00ns)   --->   "%outpix_61 = phi i8 %outpix_79, void %for.body53, i8 %outpix_49, void %sw.epilog"   --->   Operation 738 'phi' 'outpix_61' <Predicate = (icmp_ln520)> <Delay = 0.00>
ST_6 : Operation 739 [1/1] (0.00ns)   --->   "%outpix_60 = phi i8 %outpix_78, void %for.body53, i8 %outpix_48, void %sw.epilog"   --->   Operation 739 'phi' 'outpix_60' <Predicate = (icmp_ln520)> <Delay = 0.00>
ST_6 : Operation 740 [1/1] (0.00ns)   --->   "%outpix_59 = phi i8 %outpix_77, void %for.body53, i8 %outpix_47, void %sw.epilog"   --->   Operation 740 'phi' 'outpix_59' <Predicate = (icmp_ln520)> <Delay = 0.00>
ST_6 : Operation 741 [1/1] (0.00ns)   --->   "%outpix_58 = phi i8 %outpix_76, void %for.body53, i8 %outpix_46, void %sw.epilog"   --->   Operation 741 'phi' 'outpix_58' <Predicate = (icmp_ln520)> <Delay = 0.00>
ST_6 : Operation 742 [1/1] (0.00ns)   --->   "%outpix_57 = phi i8 %outpix_75, void %for.body53, i8 %outpix_45, void %sw.epilog"   --->   Operation 742 'phi' 'outpix_57' <Predicate = (icmp_ln520)> <Delay = 0.00>
ST_6 : Operation 743 [1/1] (0.42ns)   --->   "%store_ln520 = store i8 %outpix_62, i8 %outpix_11" [/home/training/AUPBoard/aup_hdmi_pass_thru_2023p1_working/aup_hdmi_pass_thru_2023p1/HDMI_Pass_Thru_ExDes/v_hdmi_rx_ss_0_ex/v_hdmi_rx_ss_0_ex.runs/exdes_v_tpg_0_synth_1/prj/sol/.autopilot/db/v_tpg.cpp:520]   --->   Operation 743 'store' 'store_ln520' <Predicate = (icmp_ln520)> <Delay = 0.42>
ST_6 : Operation 744 [1/1] (0.42ns)   --->   "%store_ln520 = store i8 %outpix_61, i8 %outpix_10" [/home/training/AUPBoard/aup_hdmi_pass_thru_2023p1_working/aup_hdmi_pass_thru_2023p1/HDMI_Pass_Thru_ExDes/v_hdmi_rx_ss_0_ex/v_hdmi_rx_ss_0_ex.runs/exdes_v_tpg_0_synth_1/prj/sol/.autopilot/db/v_tpg.cpp:520]   --->   Operation 744 'store' 'store_ln520' <Predicate = (icmp_ln520)> <Delay = 0.42>
ST_6 : Operation 745 [1/1] (0.42ns)   --->   "%store_ln520 = store i8 %outpix_60, i8 %outpix_9" [/home/training/AUPBoard/aup_hdmi_pass_thru_2023p1_working/aup_hdmi_pass_thru_2023p1/HDMI_Pass_Thru_ExDes/v_hdmi_rx_ss_0_ex/v_hdmi_rx_ss_0_ex.runs/exdes_v_tpg_0_synth_1/prj/sol/.autopilot/db/v_tpg.cpp:520]   --->   Operation 745 'store' 'store_ln520' <Predicate = (icmp_ln520)> <Delay = 0.42>
ST_6 : Operation 746 [1/1] (0.42ns)   --->   "%store_ln520 = store i8 %outpix_59, i8 %outpix_8" [/home/training/AUPBoard/aup_hdmi_pass_thru_2023p1_working/aup_hdmi_pass_thru_2023p1/HDMI_Pass_Thru_ExDes/v_hdmi_rx_ss_0_ex/v_hdmi_rx_ss_0_ex.runs/exdes_v_tpg_0_synth_1/prj/sol/.autopilot/db/v_tpg.cpp:520]   --->   Operation 746 'store' 'store_ln520' <Predicate = (icmp_ln520)> <Delay = 0.42>
ST_6 : Operation 747 [1/1] (0.42ns)   --->   "%store_ln520 = store i8 %outpix_58, i8 %outpix_7" [/home/training/AUPBoard/aup_hdmi_pass_thru_2023p1_working/aup_hdmi_pass_thru_2023p1/HDMI_Pass_Thru_ExDes/v_hdmi_rx_ss_0_ex/v_hdmi_rx_ss_0_ex.runs/exdes_v_tpg_0_synth_1/prj/sol/.autopilot/db/v_tpg.cpp:520]   --->   Operation 747 'store' 'store_ln520' <Predicate = (icmp_ln520)> <Delay = 0.42>
ST_6 : Operation 748 [1/1] (0.42ns)   --->   "%store_ln520 = store i8 %outpix_57, i8 %outpix_6" [/home/training/AUPBoard/aup_hdmi_pass_thru_2023p1_working/aup_hdmi_pass_thru_2023p1/HDMI_Pass_Thru_ExDes/v_hdmi_rx_ss_0_ex/v_hdmi_rx_ss_0_ex.runs/exdes_v_tpg_0_synth_1/prj/sol/.autopilot/db/v_tpg.cpp:520]   --->   Operation 748 'store' 'store_ln520' <Predicate = (icmp_ln520)> <Delay = 0.42>
ST_6 : Operation 752 [1/1] (0.00ns)   --->   "%store_ln0 = store i8 %outpix_17, i8 %outpix_11_out"   --->   Operation 752 'store' 'store_ln0' <Predicate = (!icmp_ln520)> <Delay = 0.00>
ST_6 : Operation 753 [1/1] (0.00ns)   --->   "%store_ln0 = store i8 %outpix_16, i8 %outpix_10_out"   --->   Operation 753 'store' 'store_ln0' <Predicate = (!icmp_ln520)> <Delay = 0.00>
ST_6 : Operation 754 [1/1] (0.00ns)   --->   "%store_ln0 = store i8 %outpix_15, i8 %outpix_9_out"   --->   Operation 754 'store' 'store_ln0' <Predicate = (!icmp_ln520)> <Delay = 0.00>
ST_6 : Operation 755 [1/1] (0.00ns)   --->   "%store_ln0 = store i8 %outpix_14, i8 %outpix_8_out"   --->   Operation 755 'store' 'store_ln0' <Predicate = (!icmp_ln520)> <Delay = 0.00>
ST_6 : Operation 756 [1/1] (0.00ns)   --->   "%store_ln0 = store i8 %outpix_13, i8 %outpix_7_out"   --->   Operation 756 'store' 'store_ln0' <Predicate = (!icmp_ln520)> <Delay = 0.00>
ST_6 : Operation 757 [1/1] (0.00ns)   --->   "%store_ln0 = store i8 %outpix_12, i8 %outpix_6_out"   --->   Operation 757 'store' 'store_ln0' <Predicate = (!icmp_ln520)> <Delay = 0.00>
ST_6 : Operation 758 [1/1] (0.00ns)   --->   "%ret_ln0 = ret"   --->   Operation 758 'ret' 'ret_ln0' <Predicate = (!icmp_ln520)> <Delay = 0.00>

State 7 <SV = 6> <Delay = 1.21>
ST_7 : Operation 749 [1/1] (0.00ns)   --->   "%p_0 = bitconcatenate i48 @_ssdm_op_BitConcatenate.i48.i8.i8.i8.i8.i8.i8, i8 %outpix_62, i8 %outpix_61, i8 %outpix_60, i8 %outpix_59, i8 %outpix_58, i8 %outpix_57" [/home/training/AUPBoard/aup_hdmi_pass_thru_2023p1_working/aup_hdmi_pass_thru_2023p1/HDMI_Pass_Thru_ExDes/v_hdmi_rx_ss_0_ex/v_hdmi_rx_ss_0_ex.runs/exdes_v_tpg_0_synth_1/prj/sol/.autopilot/db/v_tpg.cpp:702]   --->   Operation 749 'bitconcatenate' 'p_0' <Predicate = true> <Delay = 0.00>
ST_7 : Operation 750 [1/1] (1.21ns)   --->   "%write_ln702 = write void @_ssdm_op_Write.ap_fifo.volatile.i48P0A, i48 %ovrlayYUV, i48 %p_0" [/home/training/AUPBoard/aup_hdmi_pass_thru_2023p1_working/aup_hdmi_pass_thru_2023p1/HDMI_Pass_Thru_ExDes/v_hdmi_rx_ss_0_ex/v_hdmi_rx_ss_0_ex.runs/exdes_v_tpg_0_synth_1/prj/sol/.autopilot/db/v_tpg.cpp:702]   --->   Operation 750 'write' 'write_ln702' <Predicate = true> <Delay = 1.21> <CoreInst = "FIFO_SRL">   --->   Core 81 'FIFO_SRL' <Latency = 0> <II = 1> <Delay = 2.04> <Storage> <Opcode : 'read' 'write' 'nbread' 'nbwrite'> <Ports = 0> <Width = 48> <Depth = 16> <FIFO>
ST_7 : Operation 751 [1/1] (0.00ns)   --->   "%br_ln520 = br void %for.body6" [/home/training/AUPBoard/aup_hdmi_pass_thru_2023p1_working/aup_hdmi_pass_thru_2023p1/HDMI_Pass_Thru_ExDes/v_hdmi_rx_ss_0_ex/v_hdmi_rx_ss_0_ex.runs/exdes_v_tpg_0_synth_1/prj/sol/.autopilot/db/v_tpg.cpp:520]   --->   Operation 751 'br' 'br_ln520' <Predicate = true> <Delay = 0.00>


============================================================
+ Verbose Summary: Timing violations
============================================================
Target clock period: 3.333ns, clock uncertainty: 0.900ns.

 <State 1>: 2.707ns
The critical path consists of the following:
	'add' operation ('add_ln1404', /home/training/AUPBoard/aup_hdmi_pass_thru_2023p1_working/aup_hdmi_pass_thru_2023p1/HDMI_Pass_Thru_ExDes/v_hdmi_rx_ss_0_ex/v_hdmi_rx_ss_0_ex.runs/exdes_v_tpg_0_synth_1/prj/sol/.autopilot/db/v_tpg.cpp:1404->/home/training/AUPBoard/aup_hdmi_pass_thru_2023p1_working/aup_hdmi_pass_thru_2023p1/HDMI_Pass_Thru_ExDes/v_hdmi_rx_ss_0_ex/v_hdmi_rx_ss_0_ex.runs/exdes_v_tpg_0_synth_1/prj/sol/.autopilot/db/v_tpg.cpp:628) [398]  (0.853 ns)
	'icmp' operation ('icmp_ln1404_1', /home/training/AUPBoard/aup_hdmi_pass_thru_2023p1_working/aup_hdmi_pass_thru_2023p1/HDMI_Pass_Thru_ExDes/v_hdmi_rx_ss_0_ex/v_hdmi_rx_ss_0_ex.runs/exdes_v_tpg_0_synth_1/prj/sol/.autopilot/db/v_tpg.cpp:1404->/home/training/AUPBoard/aup_hdmi_pass_thru_2023p1_working/aup_hdmi_pass_thru_2023p1/HDMI_Pass_Thru_ExDes/v_hdmi_rx_ss_0_ex/v_hdmi_rx_ss_0_ex.runs/exdes_v_tpg_0_synth_1/prj/sol/.autopilot/db/v_tpg.cpp:628) [399]  (0.863 ns)
	'and' operation ('and_ln1404', /home/training/AUPBoard/aup_hdmi_pass_thru_2023p1_working/aup_hdmi_pass_thru_2023p1/HDMI_Pass_Thru_ExDes/v_hdmi_rx_ss_0_ex/v_hdmi_rx_ss_0_ex.runs/exdes_v_tpg_0_synth_1/prj/sol/.autopilot/db/v_tpg.cpp:1404->/home/training/AUPBoard/aup_hdmi_pass_thru_2023p1_working/aup_hdmi_pass_thru_2023p1/HDMI_Pass_Thru_ExDes/v_hdmi_rx_ss_0_ex/v_hdmi_rx_ss_0_ex.runs/exdes_v_tpg_0_synth_1/prj/sol/.autopilot/db/v_tpg.cpp:628) [400]  (0.282 ns)
	blocking operation 0.709 ns on control path)

 <State 2>: 2.294ns
The critical path consists of the following:
	'add' operation ('add_ln1196', /home/training/AUPBoard/aup_hdmi_pass_thru_2023p1_working/aup_hdmi_pass_thru_2023p1/HDMI_Pass_Thru_ExDes/v_hdmi_rx_ss_0_ex/v_hdmi_rx_ss_0_ex.runs/exdes_v_tpg_0_synth_1/prj/sol/.autopilot/db/v_tpg.cpp:1196->/home/training/AUPBoard/aup_hdmi_pass_thru_2023p1_working/aup_hdmi_pass_thru_2023p1/HDMI_Pass_Thru_ExDes/v_hdmi_rx_ss_0_ex/v_hdmi_rx_ss_0_ex.runs/exdes_v_tpg_0_synth_1/prj/sol/.autopilot/db/v_tpg.cpp:604) [670]  (0.831 ns)
	'sub' operation ('sub_ln1211_1', /home/training/AUPBoard/aup_hdmi_pass_thru_2023p1_working/aup_hdmi_pass_thru_2023p1/HDMI_Pass_Thru_ExDes/v_hdmi_rx_ss_0_ex/v_hdmi_rx_ss_0_ex.runs/exdes_v_tpg_0_synth_1/prj/sol/.autopilot/db/v_tpg.cpp:1211->/home/training/AUPBoard/aup_hdmi_pass_thru_2023p1_working/aup_hdmi_pass_thru_2023p1/HDMI_Pass_Thru_ExDes/v_hdmi_rx_ss_0_ex/v_hdmi_rx_ss_0_ex.runs/exdes_v_tpg_0_synth_1/prj/sol/.autopilot/db/v_tpg.cpp:604) [731]  (0.798 ns)
	'store' operation ('store_ln1211', /home/training/AUPBoard/aup_hdmi_pass_thru_2023p1_working/aup_hdmi_pass_thru_2023p1/HDMI_Pass_Thru_ExDes/v_hdmi_rx_ss_0_ex/v_hdmi_rx_ss_0_ex.runs/exdes_v_tpg_0_synth_1/prj/sol/.autopilot/db/v_tpg.cpp:1211->/home/training/AUPBoard/aup_hdmi_pass_thru_2023p1_working/aup_hdmi_pass_thru_2023p1/HDMI_Pass_Thru_ExDes/v_hdmi_rx_ss_0_ex/v_hdmi_rx_ss_0_ex.runs/exdes_v_tpg_0_synth_1/prj/sol/.autopilot/db/v_tpg.cpp:604) of variable 'sub_ln1211_1', /home/training/AUPBoard/aup_hdmi_pass_thru_2023p1_working/aup_hdmi_pass_thru_2023p1/HDMI_Pass_Thru_ExDes/v_hdmi_rx_ss_0_ex/v_hdmi_rx_ss_0_ex.runs/exdes_v_tpg_0_synth_1/prj/sol/.autopilot/db/v_tpg.cpp:1211->/home/training/AUPBoard/aup_hdmi_pass_thru_2023p1_working/aup_hdmi_pass_thru_2023p1/HDMI_Pass_Thru_ExDes/v_hdmi_rx_ss_0_ex/v_hdmi_rx_ss_0_ex.runs/exdes_v_tpg_0_synth_1/prj/sol/.autopilot/db/v_tpg.cpp:604 on static variable 'tpgPatternColorBars_unsigned_short_unsigned_short_unsigned_char_int_xBar_6' [732]  (0.476 ns)
	blocking operation 0.189 ns on control path)

 <State 3>: 1.100ns
The critical path consists of the following:
	'load' operation ('tpgPatternColorBars_unsigned_short_unsigned_short_unsigned_char_int_hBarSel_7_2', /home/training/AUPBoard/aup_hdmi_pass_thru_2023p1_working/aup_hdmi_pass_thru_2023p1/HDMI_Pass_Thru_ExDes/v_hdmi_rx_ss_0_ex/v_hdmi_rx_ss_0_ex.runs/exdes_v_tpg_0_synth_1/prj/sol/.autopilot/db/v_tpg.cpp:520) on local variable 'tpgPatternColorBars_unsigned_short_unsigned_short_unsigned_char_int_hBarSel_7_3_out' [730]  (0.000 ns)
	'add' operation ('add_ln1212_1', /home/training/AUPBoard/aup_hdmi_pass_thru_2023p1_working/aup_hdmi_pass_thru_2023p1/HDMI_Pass_Thru_ExDes/v_hdmi_rx_ss_0_ex/v_hdmi_rx_ss_0_ex.runs/exdes_v_tpg_0_synth_1/prj/sol/.autopilot/db/v_tpg.cpp:1212->/home/training/AUPBoard/aup_hdmi_pass_thru_2023p1_working/aup_hdmi_pass_thru_2023p1/HDMI_Pass_Thru_ExDes/v_hdmi_rx_ss_0_ex/v_hdmi_rx_ss_0_ex.runs/exdes_v_tpg_0_synth_1/prj/sol/.autopilot/db/v_tpg.cpp:604) [734]  (0.673 ns)
	'store' operation ('store_ln1212', /home/training/AUPBoard/aup_hdmi_pass_thru_2023p1_working/aup_hdmi_pass_thru_2023p1/HDMI_Pass_Thru_ExDes/v_hdmi_rx_ss_0_ex/v_hdmi_rx_ss_0_ex.runs/exdes_v_tpg_0_synth_1/prj/sol/.autopilot/db/v_tpg.cpp:1212->/home/training/AUPBoard/aup_hdmi_pass_thru_2023p1_working/aup_hdmi_pass_thru_2023p1/HDMI_Pass_Thru_ExDes/v_hdmi_rx_ss_0_ex/v_hdmi_rx_ss_0_ex.runs/exdes_v_tpg_0_synth_1/prj/sol/.autopilot/db/v_tpg.cpp:604) of variable 'zext_ln1212_2', /home/training/AUPBoard/aup_hdmi_pass_thru_2023p1_working/aup_hdmi_pass_thru_2023p1/HDMI_Pass_Thru_ExDes/v_hdmi_rx_ss_0_ex/v_hdmi_rx_ss_0_ex.runs/exdes_v_tpg_0_synth_1/prj/sol/.autopilot/db/v_tpg.cpp:1212->/home/training/AUPBoard/aup_hdmi_pass_thru_2023p1_working/aup_hdmi_pass_thru_2023p1/HDMI_Pass_Thru_ExDes/v_hdmi_rx_ss_0_ex/v_hdmi_rx_ss_0_ex.runs/exdes_v_tpg_0_synth_1/prj/sol/.autopilot/db/v_tpg.cpp:604 on static variable 'tpgPatternColorBars_unsigned_short_unsigned_short_unsigned_char_int_hBarSel_7' [736]  (0.427 ns)

 <State 4>: 1.354ns
The critical path consists of the following:
	'load' operation ('tpgCheckerBoardArray_load_1', /home/training/AUPBoard/aup_hdmi_pass_thru_2023p1_working/aup_hdmi_pass_thru_2023p1/HDMI_Pass_Thru_ExDes/v_hdmi_rx_ss_0_ex/v_hdmi_rx_ss_0_ex.runs/exdes_v_tpg_0_synth_1/prj/sol/.autopilot/db/v_tpg.cpp:1556->/home/training/AUPBoard/aup_hdmi_pass_thru_2023p1_working/aup_hdmi_pass_thru_2023p1/HDMI_Pass_Thru_ExDes/v_hdmi_rx_ss_0_ex/v_hdmi_rx_ss_0_ex.runs/exdes_v_tpg_0_synth_1/prj/sol/.autopilot/db/v_tpg.cpp:652) on array 'tpgCheckerBoardArray' [349]  (0.677 ns)
	'getelementptr' operation ('tpgBarSelYuv_y_addr_5', /home/training/AUPBoard/aup_hdmi_pass_thru_2023p1_working/aup_hdmi_pass_thru_2023p1/HDMI_Pass_Thru_ExDes/v_hdmi_rx_ss_0_ex/v_hdmi_rx_ss_0_ex.runs/exdes_v_tpg_0_synth_1/prj/sol/.autopilot/db/v_tpg.cpp:1556->/home/training/AUPBoard/aup_hdmi_pass_thru_2023p1_working/aup_hdmi_pass_thru_2023p1/HDMI_Pass_Thru_ExDes/v_hdmi_rx_ss_0_ex/v_hdmi_rx_ss_0_ex.runs/exdes_v_tpg_0_synth_1/prj/sol/.autopilot/db/v_tpg.cpp:652) [354]  (0.000 ns)
	'load' operation ('tpgBarSelYuv_y_load_5', /home/training/AUPBoard/aup_hdmi_pass_thru_2023p1_working/aup_hdmi_pass_thru_2023p1/HDMI_Pass_Thru_ExDes/v_hdmi_rx_ss_0_ex/v_hdmi_rx_ss_0_ex.runs/exdes_v_tpg_0_synth_1/prj/sol/.autopilot/db/v_tpg.cpp:1556->/home/training/AUPBoard/aup_hdmi_pass_thru_2023p1_working/aup_hdmi_pass_thru_2023p1/HDMI_Pass_Thru_ExDes/v_hdmi_rx_ss_0_ex/v_hdmi_rx_ss_0_ex.runs/exdes_v_tpg_0_synth_1/prj/sol/.autopilot/db/v_tpg.cpp:652) on array 'tpgBarSelYuv_y' [355]  (0.677 ns)

 <State 5>: 1.064ns
The critical path consists of the following:
	'load' operation ('tpgBarSelYuv_u_load_4', /home/training/AUPBoard/aup_hdmi_pass_thru_2023p1_working/aup_hdmi_pass_thru_2023p1/HDMI_Pass_Thru_ExDes/v_hdmi_rx_ss_0_ex/v_hdmi_rx_ss_0_ex.runs/exdes_v_tpg_0_synth_1/prj/sol/.autopilot/db/v_tpg.cpp:1380->/home/training/AUPBoard/aup_hdmi_pass_thru_2023p1_working/aup_hdmi_pass_thru_2023p1/HDMI_Pass_Thru_ExDes/v_hdmi_rx_ss_0_ex/v_hdmi_rx_ss_0_ex.runs/exdes_v_tpg_0_synth_1/prj/sol/.autopilot/db/v_tpg.cpp:620) on array 'tpgBarSelYuv_u' [644]  (0.677 ns)
	'select' operation ('cond107_1_ph_i', /home/training/AUPBoard/aup_hdmi_pass_thru_2023p1_working/aup_hdmi_pass_thru_2023p1/HDMI_Pass_Thru_ExDes/v_hdmi_rx_ss_0_ex/v_hdmi_rx_ss_0_ex.runs/exdes_v_tpg_0_synth_1/prj/sol/.autopilot/db/v_tpg.cpp:1380->/home/training/AUPBoard/aup_hdmi_pass_thru_2023p1_working/aup_hdmi_pass_thru_2023p1/HDMI_Pass_Thru_ExDes/v_hdmi_rx_ss_0_ex/v_hdmi_rx_ss_0_ex.runs/exdes_v_tpg_0_synth_1/prj/sol/.autopilot/db/v_tpg.cpp:620) [647]  (0.387 ns)

 <State 6>: 2.174ns
The critical path consists of the following:
	'load' operation ('outpix') on local variable 'outpix' [129]  (0.000 ns)
	multiplexor before 'phi' operation ('outpix') with incoming values : ('outpix') ('outpix', /home/training/AUPBoard/aup_hdmi_pass_thru_2023p1_working/aup_hdmi_pass_thru_2023p1/HDMI_Pass_Thru_ExDes/v_hdmi_rx_ss_0_ex/v_hdmi_rx_ss_0_ex.runs/exdes_v_tpg_0_synth_1/prj/sol/.autopilot/db/v_tpg.cpp:1817->/home/training/AUPBoard/aup_hdmi_pass_thru_2023p1_working/aup_hdmi_pass_thru_2023p1/HDMI_Pass_Thru_ExDes/v_hdmi_rx_ss_0_ex/v_hdmi_rx_ss_0_ex.runs/exdes_v_tpg_0_synth_1/prj/sol/.autopilot/db/v_tpg.cpp:658) ('tpgBarSelYuv_v_load_5', /home/training/AUPBoard/aup_hdmi_pass_thru_2023p1_working/aup_hdmi_pass_thru_2023p1/HDMI_Pass_Thru_ExDes/v_hdmi_rx_ss_0_ex/v_hdmi_rx_ss_0_ex.runs/exdes_v_tpg_0_synth_1/prj/sol/.autopilot/db/v_tpg.cpp:1562->/home/training/AUPBoard/aup_hdmi_pass_thru_2023p1_working/aup_hdmi_pass_thru_2023p1/HDMI_Pass_Thru_ExDes/v_hdmi_rx_ss_0_ex/v_hdmi_rx_ss_0_ex.runs/exdes_v_tpg_0_synth_1/prj/sol/.autopilot/db/v_tpg.cpp:652) ('tpgBarSelRgb_b_load_5_cast', /home/training/AUPBoard/aup_hdmi_pass_thru_2023p1_working/aup_hdmi_pass_thru_2023p1/HDMI_Pass_Thru_ExDes/v_hdmi_rx_ss_0_ex/v_hdmi_rx_ss_0_ex.runs/exdes_v_tpg_0_synth_1/prj/sol/.autopilot/db/v_tpg.cpp:1566->/home/training/AUPBoard/aup_hdmi_pass_thru_2023p1_working/aup_hdmi_pass_thru_2023p1/HDMI_Pass_Thru_ExDes/v_hdmi_rx_ss_0_ex/v_hdmi_rx_ss_0_ex.runs/exdes_v_tpg_0_synth_1/prj/sol/.autopilot/db/v_tpg.cpp:652) ('pix') ('tpgBarSelYuv_v_load_4', /home/training/AUPBoard/aup_hdmi_pass_thru_2023p1_working/aup_hdmi_pass_thru_2023p1/HDMI_Pass_Thru_ExDes/v_hdmi_rx_ss_0_ex/v_hdmi_rx_ss_0_ex.runs/exdes_v_tpg_0_synth_1/prj/sol/.autopilot/db/v_tpg.cpp:1381->/home/training/AUPBoard/aup_hdmi_pass_thru_2023p1_working/aup_hdmi_pass_thru_2023p1/HDMI_Pass_Thru_ExDes/v_hdmi_rx_ss_0_ex/v_hdmi_rx_ss_0_ex.runs/exdes_v_tpg_0_synth_1/prj/sol/.autopilot/db/v_tpg.cpp:620) ('tpgBarSelRgb_b_load_4_cast', /home/training/AUPBoard/aup_hdmi_pass_thru_2023p1_working/aup_hdmi_pass_thru_2023p1/HDMI_Pass_Thru_ExDes/v_hdmi_rx_ss_0_ex/v_hdmi_rx_ss_0_ex.runs/exdes_v_tpg_0_synth_1/prj/sol/.autopilot/db/v_tpg.cpp:1385->/home/training/AUPBoard/aup_hdmi_pass_thru_2023p1_working/aup_hdmi_pass_thru_2023p1/HDMI_Pass_Thru_ExDes/v_hdmi_rx_ss_0_ex/v_hdmi_rx_ss_0_ex.runs/exdes_v_tpg_0_synth_1/prj/sol/.autopilot/db/v_tpg.cpp:620) ('tpgBarSelYuv_v_load_3', /home/training/AUPBoard/aup_hdmi_pass_thru_2023p1_working/aup_hdmi_pass_thru_2023p1/HDMI_Pass_Thru_ExDes/v_hdmi_rx_ss_0_ex/v_hdmi_rx_ss_0_ex.runs/exdes_v_tpg_0_synth_1/prj/sol/.autopilot/db/v_tpg.cpp:1220->/home/training/AUPBoard/aup_hdmi_pass_thru_2023p1_working/aup_hdmi_pass_thru_2023p1/HDMI_Pass_Thru_ExDes/v_hdmi_rx_ss_0_ex/v_hdmi_rx_ss_0_ex.runs/exdes_v_tpg_0_synth_1/prj/sol/.autopilot/db/v_tpg.cpp:604) ('tpgBarSelRgb_b_load_3_cast', /home/training/AUPBoard/aup_hdmi_pass_thru_2023p1_working/aup_hdmi_pass_thru_2023p1/HDMI_Pass_Thru_ExDes/v_hdmi_rx_ss_0_ex/v_hdmi_rx_ss_0_ex.runs/exdes_v_tpg_0_synth_1/prj/sol/.autopilot/db/v_tpg.cpp:1223->/home/training/AUPBoard/aup_hdmi_pass_thru_2023p1_working/aup_hdmi_pass_thru_2023p1/HDMI_Pass_Thru_ExDes/v_hdmi_rx_ss_0_ex/v_hdmi_rx_ss_0_ex.runs/exdes_v_tpg_0_synth_1/prj/sol/.autopilot/db/v_tpg.cpp:604) [838]  (0.933 ns)
	'phi' operation ('outpix') with incoming values : ('outpix') ('outpix', /home/training/AUPBoard/aup_hdmi_pass_thru_2023p1_working/aup_hdmi_pass_thru_2023p1/HDMI_Pass_Thru_ExDes/v_hdmi_rx_ss_0_ex/v_hdmi_rx_ss_0_ex.runs/exdes_v_tpg_0_synth_1/prj/sol/.autopilot/db/v_tpg.cpp:1817->/home/training/AUPBoard/aup_hdmi_pass_thru_2023p1_working/aup_hdmi_pass_thru_2023p1/HDMI_Pass_Thru_ExDes/v_hdmi_rx_ss_0_ex/v_hdmi_rx_ss_0_ex.runs/exdes_v_tpg_0_synth_1/prj/sol/.autopilot/db/v_tpg.cpp:658) ('tpgBarSelYuv_v_load_5', /home/training/AUPBoard/aup_hdmi_pass_thru_2023p1_working/aup_hdmi_pass_thru_2023p1/HDMI_Pass_Thru_ExDes/v_hdmi_rx_ss_0_ex/v_hdmi_rx_ss_0_ex.runs/exdes_v_tpg_0_synth_1/prj/sol/.autopilot/db/v_tpg.cpp:1562->/home/training/AUPBoard/aup_hdmi_pass_thru_2023p1_working/aup_hdmi_pass_thru_2023p1/HDMI_Pass_Thru_ExDes/v_hdmi_rx_ss_0_ex/v_hdmi_rx_ss_0_ex.runs/exdes_v_tpg_0_synth_1/prj/sol/.autopilot/db/v_tpg.cpp:652) ('tpgBarSelRgb_b_load_5_cast', /home/training/AUPBoard/aup_hdmi_pass_thru_2023p1_working/aup_hdmi_pass_thru_2023p1/HDMI_Pass_Thru_ExDes/v_hdmi_rx_ss_0_ex/v_hdmi_rx_ss_0_ex.runs/exdes_v_tpg_0_synth_1/prj/sol/.autopilot/db/v_tpg.cpp:1566->/home/training/AUPBoard/aup_hdmi_pass_thru_2023p1_working/aup_hdmi_pass_thru_2023p1/HDMI_Pass_Thru_ExDes/v_hdmi_rx_ss_0_ex/v_hdmi_rx_ss_0_ex.runs/exdes_v_tpg_0_synth_1/prj/sol/.autopilot/db/v_tpg.cpp:652) ('pix') ('tpgBarSelYuv_v_load_4', /home/training/AUPBoard/aup_hdmi_pass_thru_2023p1_working/aup_hdmi_pass_thru_2023p1/HDMI_Pass_Thru_ExDes/v_hdmi_rx_ss_0_ex/v_hdmi_rx_ss_0_ex.runs/exdes_v_tpg_0_synth_1/prj/sol/.autopilot/db/v_tpg.cpp:1381->/home/training/AUPBoard/aup_hdmi_pass_thru_2023p1_working/aup_hdmi_pass_thru_2023p1/HDMI_Pass_Thru_ExDes/v_hdmi_rx_ss_0_ex/v_hdmi_rx_ss_0_ex.runs/exdes_v_tpg_0_synth_1/prj/sol/.autopilot/db/v_tpg.cpp:620) ('tpgBarSelRgb_b_load_4_cast', /home/training/AUPBoard/aup_hdmi_pass_thru_2023p1_working/aup_hdmi_pass_thru_2023p1/HDMI_Pass_Thru_ExDes/v_hdmi_rx_ss_0_ex/v_hdmi_rx_ss_0_ex.runs/exdes_v_tpg_0_synth_1/prj/sol/.autopilot/db/v_tpg.cpp:1385->/home/training/AUPBoard/aup_hdmi_pass_thru_2023p1_working/aup_hdmi_pass_thru_2023p1/HDMI_Pass_Thru_ExDes/v_hdmi_rx_ss_0_ex/v_hdmi_rx_ss_0_ex.runs/exdes_v_tpg_0_synth_1/prj/sol/.autopilot/db/v_tpg.cpp:620) ('tpgBarSelYuv_v_load_3', /home/training/AUPBoard/aup_hdmi_pass_thru_2023p1_working/aup_hdmi_pass_thru_2023p1/HDMI_Pass_Thru_ExDes/v_hdmi_rx_ss_0_ex/v_hdmi_rx_ss_0_ex.runs/exdes_v_tpg_0_synth_1/prj/sol/.autopilot/db/v_tpg.cpp:1220->/home/training/AUPBoard/aup_hdmi_pass_thru_2023p1_working/aup_hdmi_pass_thru_2023p1/HDMI_Pass_Thru_ExDes/v_hdmi_rx_ss_0_ex/v_hdmi_rx_ss_0_ex.runs/exdes_v_tpg_0_synth_1/prj/sol/.autopilot/db/v_tpg.cpp:604) ('tpgBarSelRgb_b_load_3_cast', /home/training/AUPBoard/aup_hdmi_pass_thru_2023p1_working/aup_hdmi_pass_thru_2023p1/HDMI_Pass_Thru_ExDes/v_hdmi_rx_ss_0_ex/v_hdmi_rx_ss_0_ex.runs/exdes_v_tpg_0_synth_1/prj/sol/.autopilot/db/v_tpg.cpp:1223->/home/training/AUPBoard/aup_hdmi_pass_thru_2023p1_working/aup_hdmi_pass_thru_2023p1/HDMI_Pass_Thru_ExDes/v_hdmi_rx_ss_0_ex/v_hdmi_rx_ss_0_ex.runs/exdes_v_tpg_0_synth_1/prj/sol/.autopilot/db/v_tpg.cpp:604) [838]  (0.000 ns)
	'select' operation ('outpix', /home/training/AUPBoard/aup_hdmi_pass_thru_2023p1_working/aup_hdmi_pass_thru_2023p1/HDMI_Pass_Thru_ExDes/v_hdmi_rx_ss_0_ex/v_hdmi_rx_ss_0_ex.runs/exdes_v_tpg_0_synth_1/prj/sol/.autopilot/db/v_tpg.cpp:691) [862]  (0.387 ns)
	multiplexor before 'phi' operation ('outpix') with incoming values : ('outpix') ('outpix', /home/training/AUPBoard/aup_hdmi_pass_thru_2023p1_working/aup_hdmi_pass_thru_2023p1/HDMI_Pass_Thru_ExDes/v_hdmi_rx_ss_0_ex/v_hdmi_rx_ss_0_ex.runs/exdes_v_tpg_0_synth_1/prj/sol/.autopilot/db/v_tpg.cpp:1817->/home/training/AUPBoard/aup_hdmi_pass_thru_2023p1_working/aup_hdmi_pass_thru_2023p1/HDMI_Pass_Thru_ExDes/v_hdmi_rx_ss_0_ex/v_hdmi_rx_ss_0_ex.runs/exdes_v_tpg_0_synth_1/prj/sol/.autopilot/db/v_tpg.cpp:658) ('tpgBarSelYuv_v_load_5', /home/training/AUPBoard/aup_hdmi_pass_thru_2023p1_working/aup_hdmi_pass_thru_2023p1/HDMI_Pass_Thru_ExDes/v_hdmi_rx_ss_0_ex/v_hdmi_rx_ss_0_ex.runs/exdes_v_tpg_0_synth_1/prj/sol/.autopilot/db/v_tpg.cpp:1562->/home/training/AUPBoard/aup_hdmi_pass_thru_2023p1_working/aup_hdmi_pass_thru_2023p1/HDMI_Pass_Thru_ExDes/v_hdmi_rx_ss_0_ex/v_hdmi_rx_ss_0_ex.runs/exdes_v_tpg_0_synth_1/prj/sol/.autopilot/db/v_tpg.cpp:652) ('tpgBarSelRgb_b_load_5_cast', /home/training/AUPBoard/aup_hdmi_pass_thru_2023p1_working/aup_hdmi_pass_thru_2023p1/HDMI_Pass_Thru_ExDes/v_hdmi_rx_ss_0_ex/v_hdmi_rx_ss_0_ex.runs/exdes_v_tpg_0_synth_1/prj/sol/.autopilot/db/v_tpg.cpp:1566->/home/training/AUPBoard/aup_hdmi_pass_thru_2023p1_working/aup_hdmi_pass_thru_2023p1/HDMI_Pass_Thru_ExDes/v_hdmi_rx_ss_0_ex/v_hdmi_rx_ss_0_ex.runs/exdes_v_tpg_0_synth_1/prj/sol/.autopilot/db/v_tpg.cpp:652) ('pix') ('tpgBarSelYuv_v_load_4', /home/training/AUPBoard/aup_hdmi_pass_thru_2023p1_working/aup_hdmi_pass_thru_2023p1/HDMI_Pass_Thru_ExDes/v_hdmi_rx_ss_0_ex/v_hdmi_rx_ss_0_ex.runs/exdes_v_tpg_0_synth_1/prj/sol/.autopilot/db/v_tpg.cpp:1381->/home/training/AUPBoard/aup_hdmi_pass_thru_2023p1_working/aup_hdmi_pass_thru_2023p1/HDMI_Pass_Thru_ExDes/v_hdmi_rx_ss_0_ex/v_hdmi_rx_ss_0_ex.runs/exdes_v_tpg_0_synth_1/prj/sol/.autopilot/db/v_tpg.cpp:620) ('tpgBarSelRgb_b_load_4_cast', /home/training/AUPBoard/aup_hdmi_pass_thru_2023p1_working/aup_hdmi_pass_thru_2023p1/HDMI_Pass_Thru_ExDes/v_hdmi_rx_ss_0_ex/v_hdmi_rx_ss_0_ex.runs/exdes_v_tpg_0_synth_1/prj/sol/.autopilot/db/v_tpg.cpp:1385->/home/training/AUPBoard/aup_hdmi_pass_thru_2023p1_working/aup_hdmi_pass_thru_2023p1/HDMI_Pass_Thru_ExDes/v_hdmi_rx_ss_0_ex/v_hdmi_rx_ss_0_ex.runs/exdes_v_tpg_0_synth_1/prj/sol/.autopilot/db/v_tpg.cpp:620) ('tpgBarSelYuv_v_load_3', /home/training/AUPBoard/aup_hdmi_pass_thru_2023p1_working/aup_hdmi_pass_thru_2023p1/HDMI_Pass_Thru_ExDes/v_hdmi_rx_ss_0_ex/v_hdmi_rx_ss_0_ex.runs/exdes_v_tpg_0_synth_1/prj/sol/.autopilot/db/v_tpg.cpp:1220->/home/training/AUPBoard/aup_hdmi_pass_thru_2023p1_working/aup_hdmi_pass_thru_2023p1/HDMI_Pass_Thru_ExDes/v_hdmi_rx_ss_0_ex/v_hdmi_rx_ss_0_ex.runs/exdes_v_tpg_0_synth_1/prj/sol/.autopilot/db/v_tpg.cpp:604) ('tpgBarSelRgb_b_load_3_cast', /home/training/AUPBoard/aup_hdmi_pass_thru_2023p1_working/aup_hdmi_pass_thru_2023p1/HDMI_Pass_Thru_ExDes/v_hdmi_rx_ss_0_ex/v_hdmi_rx_ss_0_ex.runs/exdes_v_tpg_0_synth_1/prj/sol/.autopilot/db/v_tpg.cpp:1223->/home/training/AUPBoard/aup_hdmi_pass_thru_2023p1_working/aup_hdmi_pass_thru_2023p1/HDMI_Pass_Thru_ExDes/v_hdmi_rx_ss_0_ex/v_hdmi_rx_ss_0_ex.runs/exdes_v_tpg_0_synth_1/prj/sol/.autopilot/db/v_tpg.cpp:604) ('outpix', /home/training/AUPBoard/aup_hdmi_pass_thru_2023p1_working/aup_hdmi_pass_thru_2023p1/HDMI_Pass_Thru_ExDes/v_hdmi_rx_ss_0_ex/v_hdmi_rx_ss_0_ex.runs/exdes_v_tpg_0_synth_1/prj/sol/.autopilot/db/v_tpg.cpp:691) [867]  (0.427 ns)
	'phi' operation ('outpix') with incoming values : ('outpix') ('outpix', /home/training/AUPBoard/aup_hdmi_pass_thru_2023p1_working/aup_hdmi_pass_thru_2023p1/HDMI_Pass_Thru_ExDes/v_hdmi_rx_ss_0_ex/v_hdmi_rx_ss_0_ex.runs/exdes_v_tpg_0_synth_1/prj/sol/.autopilot/db/v_tpg.cpp:1817->/home/training/AUPBoard/aup_hdmi_pass_thru_2023p1_working/aup_hdmi_pass_thru_2023p1/HDMI_Pass_Thru_ExDes/v_hdmi_rx_ss_0_ex/v_hdmi_rx_ss_0_ex.runs/exdes_v_tpg_0_synth_1/prj/sol/.autopilot/db/v_tpg.cpp:658) ('tpgBarSelYuv_v_load_5', /home/training/AUPBoard/aup_hdmi_pass_thru_2023p1_working/aup_hdmi_pass_thru_2023p1/HDMI_Pass_Thru_ExDes/v_hdmi_rx_ss_0_ex/v_hdmi_rx_ss_0_ex.runs/exdes_v_tpg_0_synth_1/prj/sol/.autopilot/db/v_tpg.cpp:1562->/home/training/AUPBoard/aup_hdmi_pass_thru_2023p1_working/aup_hdmi_pass_thru_2023p1/HDMI_Pass_Thru_ExDes/v_hdmi_rx_ss_0_ex/v_hdmi_rx_ss_0_ex.runs/exdes_v_tpg_0_synth_1/prj/sol/.autopilot/db/v_tpg.cpp:652) ('tpgBarSelRgb_b_load_5_cast', /home/training/AUPBoard/aup_hdmi_pass_thru_2023p1_working/aup_hdmi_pass_thru_2023p1/HDMI_Pass_Thru_ExDes/v_hdmi_rx_ss_0_ex/v_hdmi_rx_ss_0_ex.runs/exdes_v_tpg_0_synth_1/prj/sol/.autopilot/db/v_tpg.cpp:1566->/home/training/AUPBoard/aup_hdmi_pass_thru_2023p1_working/aup_hdmi_pass_thru_2023p1/HDMI_Pass_Thru_ExDes/v_hdmi_rx_ss_0_ex/v_hdmi_rx_ss_0_ex.runs/exdes_v_tpg_0_synth_1/prj/sol/.autopilot/db/v_tpg.cpp:652) ('pix') ('tpgBarSelYuv_v_load_4', /home/training/AUPBoard/aup_hdmi_pass_thru_2023p1_working/aup_hdmi_pass_thru_2023p1/HDMI_Pass_Thru_ExDes/v_hdmi_rx_ss_0_ex/v_hdmi_rx_ss_0_ex.runs/exdes_v_tpg_0_synth_1/prj/sol/.autopilot/db/v_tpg.cpp:1381->/home/training/AUPBoard/aup_hdmi_pass_thru_2023p1_working/aup_hdmi_pass_thru_2023p1/HDMI_Pass_Thru_ExDes/v_hdmi_rx_ss_0_ex/v_hdmi_rx_ss_0_ex.runs/exdes_v_tpg_0_synth_1/prj/sol/.autopilot/db/v_tpg.cpp:620) ('tpgBarSelRgb_b_load_4_cast', /home/training/AUPBoard/aup_hdmi_pass_thru_2023p1_working/aup_hdmi_pass_thru_2023p1/HDMI_Pass_Thru_ExDes/v_hdmi_rx_ss_0_ex/v_hdmi_rx_ss_0_ex.runs/exdes_v_tpg_0_synth_1/prj/sol/.autopilot/db/v_tpg.cpp:1385->/home/training/AUPBoard/aup_hdmi_pass_thru_2023p1_working/aup_hdmi_pass_thru_2023p1/HDMI_Pass_Thru_ExDes/v_hdmi_rx_ss_0_ex/v_hdmi_rx_ss_0_ex.runs/exdes_v_tpg_0_synth_1/prj/sol/.autopilot/db/v_tpg.cpp:620) ('tpgBarSelYuv_v_load_3', /home/training/AUPBoard/aup_hdmi_pass_thru_2023p1_working/aup_hdmi_pass_thru_2023p1/HDMI_Pass_Thru_ExDes/v_hdmi_rx_ss_0_ex/v_hdmi_rx_ss_0_ex.runs/exdes_v_tpg_0_synth_1/prj/sol/.autopilot/db/v_tpg.cpp:1220->/home/training/AUPBoard/aup_hdmi_pass_thru_2023p1_working/aup_hdmi_pass_thru_2023p1/HDMI_Pass_Thru_ExDes/v_hdmi_rx_ss_0_ex/v_hdmi_rx_ss_0_ex.runs/exdes_v_tpg_0_synth_1/prj/sol/.autopilot/db/v_tpg.cpp:604) ('tpgBarSelRgb_b_load_3_cast', /home/training/AUPBoard/aup_hdmi_pass_thru_2023p1_working/aup_hdmi_pass_thru_2023p1/HDMI_Pass_Thru_ExDes/v_hdmi_rx_ss_0_ex/v_hdmi_rx_ss_0_ex.runs/exdes_v_tpg_0_synth_1/prj/sol/.autopilot/db/v_tpg.cpp:1223->/home/training/AUPBoard/aup_hdmi_pass_thru_2023p1_working/aup_hdmi_pass_thru_2023p1/HDMI_Pass_Thru_ExDes/v_hdmi_rx_ss_0_ex/v_hdmi_rx_ss_0_ex.runs/exdes_v_tpg_0_synth_1/prj/sol/.autopilot/db/v_tpg.cpp:604) ('outpix', /home/training/AUPBoard/aup_hdmi_pass_thru_2023p1_working/aup_hdmi_pass_thru_2023p1/HDMI_Pass_Thru_ExDes/v_hdmi_rx_ss_0_ex/v_hdmi_rx_ss_0_ex.runs/exdes_v_tpg_0_synth_1/prj/sol/.autopilot/db/v_tpg.cpp:691) [867]  (0.000 ns)
	'store' operation ('store_ln520', /home/training/AUPBoard/aup_hdmi_pass_thru_2023p1_working/aup_hdmi_pass_thru_2023p1/HDMI_Pass_Thru_ExDes/v_hdmi_rx_ss_0_ex/v_hdmi_rx_ss_0_ex.runs/exdes_v_tpg_0_synth_1/prj/sol/.autopilot/db/v_tpg.cpp:520) of variable 'outpix' on local variable 'outpix' [876]  (0.427 ns)

 <State 7>: 1.217ns
The critical path consists of the following:
	fifo write operation ('write_ln702', /home/training/AUPBoard/aup_hdmi_pass_thru_2023p1_working/aup_hdmi_pass_thru_2023p1/HDMI_Pass_Thru_ExDes/v_hdmi_rx_ss_0_ex/v_hdmi_rx_ss_0_ex.runs/exdes_v_tpg_0_synth_1/prj/sol/.autopilot/db/v_tpg.cpp:702) on port 'ovrlayYUV' (/home/training/AUPBoard/aup_hdmi_pass_thru_2023p1_working/aup_hdmi_pass_thru_2023p1/HDMI_Pass_Thru_ExDes/v_hdmi_rx_ss_0_ex/v_hdmi_rx_ss_0_ex.runs/exdes_v_tpg_0_synth_1/prj/sol/.autopilot/db/v_tpg.cpp:702) [874]  (1.217 ns)


============================================================
+ Verbose Summary: Binding
============================================================
N/A
* FSMD analyzer results:
  - Output states:
 - Input state : 
  - Chain level:
	State 1
	State 2
	State 3
	State 4
	State 5
	State 6
	State 7


============================================================
+ Verbose Summary: Datapath Resource usage 
============================================================
N/A
