

================================================================
== Vitis HLS Report for 'tpgBackground'
================================================================
* Date:           Thu Jan  9 09:27:57 2025

* Version:        2023.1 (Build 3854077 on May  4 2023)
* Project:        prj
* Solution:       sol (Vivado IP Flow Target)
* Product family: artixuplus
* Target device:  xcau15p-ffvb676-2-e


================================================================
== Performance Estimates
================================================================
+ Timing: 
    * Summary: 
    +--------+---------+----------+------------+
    |  Clock |  Target | Estimated| Uncertainty|
    +--------+---------+----------+------------+
    |ap_clk  |  3.33 ns|  2.707 ns|     0.90 ns|
    +--------+---------+----------+------------+

+ Latency: 
    * Summary: 
    +---------+---------+----------+----------+-----+-----+---------+
    |  Latency (cycles) |  Latency (absolute) |  Interval | Pipeline|
    |   min   |   max   |    min   |    max   | min | max |   Type  |
    +---------+---------+----------+----------+-----+-----+---------+
    |        ?|        ?|         ?|         ?|    ?|    ?|       no|
    +---------+---------+----------+----------+-----+-----+---------+

    + Detail: 
        * Instance: 
        +----------------------------------------------------+-----------------------------------------+---------+---------+----------+----------+-----+-----+---------+
        |                                                    |                                         |  Latency (cycles) |  Latency (absolute) |  Interval | Pipeline|
        |                      Instance                      |                  Module                 |   min   |   max   |    min   |    max   | min | max |   Type  |
        +----------------------------------------------------+-----------------------------------------+---------+---------+----------+----------+-----+-----+---------+
        |grp_tpgBackground_Pipeline_VITIS_LOOP_520_2_fu_292  |tpgBackground_Pipeline_VITIS_LOOP_520_2  |        ?|        ?|         ?|         ?|    ?|    ?|       no|
        +----------------------------------------------------+-----------------------------------------+---------+---------+----------+----------+-----+-----+---------+

        * Loop: 
        +--------------------+---------+---------+----------+-----------+-----------+-----------+----------+
        |                    |  Latency (cycles) | Iteration|  Initiation Interval  |    Trip   |          |
        |      Loop Name     |   min   |   max   |  Latency |  achieved |   target  |   Count   | Pipelined|
        +--------------------+---------+---------+----------+-----------+-----------+-----------+----------+
        |- VITIS_LOOP_518_1  |        ?|        ?|         ?|          -|          -|  0 ~ 65535|        no|
        +--------------------+---------+---------+----------+-----------+-----------+-----------+----------+



================================================================
== Utilization Estimates
================================================================
* Summary: 
+-----------------+---------+-----+--------+-------+-----+
|       Name      | BRAM_18K| DSP |   FF   |  LUT  | URAM|
+-----------------+---------+-----+--------+-------+-----+
|DSP              |        -|    -|       -|      -|    -|
|Expression       |        -|    -|       0|    170|    -|
|FIFO             |        -|    -|       -|      -|    -|
|Instance         |        0|    -|    1118|   3167|    -|
|Memory           |        -|    -|       -|      -|    -|
|Multiplexer      |        -|    -|       -|    143|    -|
|Register         |        -|    -|     328|      -|    -|
+-----------------+---------+-----+--------+-------+-----+
|Total            |        0|    0|    1446|   3480|    0|
+-----------------+---------+-----+--------+-------+-----+
|Available        |      288|  576|  155520|  77760|    0|
+-----------------+---------+-----+--------+-------+-----+
|Utilization (%)  |        0|    0|      ~0|      4|    0|
+-----------------+---------+-----+--------+-------+-----+

+ Detail: 
    * Instance: 
    +----------------------------------------------------+-----------------------------------------+---------+----+------+------+-----+
    |                      Instance                      |                  Module                 | BRAM_18K| DSP|  FF  |  LUT | URAM|
    +----------------------------------------------------+-----------------------------------------+---------+----+------+------+-----+
    |grp_tpgBackground_Pipeline_VITIS_LOOP_520_2_fu_292  |tpgBackground_Pipeline_VITIS_LOOP_520_2  |        0|   0|  1118|  3167|    0|
    +----------------------------------------------------+-----------------------------------------+---------+----+------+------+-----+
    |Total                                               |                                         |        0|   0|  1118|  3167|    0|
    +----------------------------------------------------+-----------------------------------------+---------+----+------+------+-----+

    * DSP: 
    N/A

    * Memory: 
    N/A

    * FIFO: 
    N/A

    * Expression: 
    +----------------------+----------+----+---+----+------------+------------+
    |     Variable Name    | Operation| DSP| FF| LUT| Bitwidth P0| Bitwidth P1|
    +----------------------+----------+----+---+----+------------+------------+
    |add_ln518_fu_559_p2   |         +|   0|  0|  23|          16|           1|
    |add_ln705_fu_608_p2   |         +|   0|  0|  15|           8|           8|
    |cmp59_not_fu_583_p2   |      icmp|   0|  0|  23|          16|          16|
    |cmp8_fu_412_p2        |      icmp|   0|  0|  15|           8|           1|
    |empty_67_fu_500_p2    |      icmp|   0|  0|  15|           8|           1|
    |empty_fu_494_p2       |      icmp|   0|  0|  15|           8|           1|
    |icmp_fu_428_p2        |      icmp|   0|  0|  14|           7|           1|
    |icmp_ln518_fu_554_p2  |      icmp|   0|  0|  23|          16|          16|
    |ult_fu_588_p2         |      icmp|   0|  0|  23|          16|          16|
    |ap_block_state1       |        or|   0|  0|   2|           1|           1|
    |rev340_fu_593_p2      |       xor|   0|  0|   2|           1|           2|
    +----------------------+----------+----+---+----+------------+------------+
    |Total                 |          |   0|  0| 170|         105|          64|
    +----------------------+----------+----+---+----+------------+------------+

    * Multiplexer: 
    +----------------------------------------------------------------------------------------+----+-----------+-----+-----------+
    |                                          Name                                          | LUT| Input Size| Bits| Total Bits|
    +----------------------------------------------------------------------------------------+----+-----------+-----+-----------+
    |ap_NS_fsm                                                                               |  26|          5|    1|          5|
    |ap_done                                                                                 |   9|          2|    1|          2|
    |ovrlayYUV_write                                                                         |   9|          2|    1|          2|
    |real_start                                                                              |   9|          2|    1|          2|
    |srcYUV_read                                                                             |   9|          2|    1|          2|
    |tpgPatternCheckerBoard_unsigned_short_unsigned_short_unsigned_short_unsigned_6_fu_204   |   9|          2|    8|         16|
    |tpgPatternCheckerBoard_unsigned_short_unsigned_short_unsigned_short_unsigned_7_fu_200   |   9|          2|    8|         16|
    |tpgPatternColorBars_unsigned_short_unsigned_short_unsigned_char_int_hBarSel_7_2_fu_224  |   9|          2|    8|         16|
    |tpgPatternColorBars_unsigned_short_unsigned_short_unsigned_char_int_hBarSel_l_1_fu_228  |   9|          2|    8|         16|
    |tpgPatternTartanColorBars_unsigned_short_unsigned_short_unsigned_short_unsign_6_fu_216  |   9|          2|    8|         16|
    |tpgPatternTartanColorBars_unsigned_short_unsigned_short_unsigned_short_unsign_7_fu_212  |   9|          2|    8|         16|
    |vBarSel_1_loc_0_fu_208                                                                  |   9|          2|    8|         16|
    |vBarSel_loc_0_fu_220                                                                    |   9|          2|    8|         16|
    |y_fu_196                                                                                |   9|          2|   16|         32|
    +----------------------------------------------------------------------------------------+----+-----------+-----+-----------+
    |Total                                                                                   | 143|         31|   85|        173|
    +----------------------------------------------------------------------------------------+----+-----------+-----+-----------+

    * Register: 
    +----------------------------------------------------------------------------------------+----+----+-----+-----------+
    |                                          Name                                          | FF | LUT| Bits| Const Bits|
    +----------------------------------------------------------------------------------------+----+----+-----+-----------+
    |ap_CS_fsm                                                                               |   4|   0|    4|          0|
    |ap_done_reg                                                                             |   1|   0|    1|          0|
    |cmp59_not_reg_847                                                                       |   1|   0|    1|          0|
    |cmp8_reg_753                                                                            |   1|   0|    1|          0|
    |empty_67_reg_803                                                                        |   1|   0|    1|          0|
    |empty_reg_798                                                                           |   1|   0|    1|          0|
    |grp_tpgBackground_Pipeline_VITIS_LOOP_520_2_fu_292_ap_start_reg                         |   1|   0|    1|          0|
    |icmp_reg_783                                                                            |   1|   0|    1|          0|
    |outpix_1_fu_176                                                                         |   8|   0|    8|          0|
    |outpix_1_load_reg_822                                                                   |   8|   0|    8|          0|
    |outpix_2_fu_180                                                                         |   8|   0|    8|          0|
    |outpix_2_load_reg_827                                                                   |   8|   0|    8|          0|
    |outpix_3_fu_184                                                                         |   8|   0|    8|          0|
    |outpix_3_load_reg_832                                                                   |   8|   0|    8|          0|
    |outpix_4_fu_188                                                                         |   8|   0|    8|          0|
    |outpix_4_load_reg_837                                                                   |   8|   0|    8|          0|
    |outpix_5_fu_192                                                                         |   8|   0|    8|          0|
    |outpix_5_load_reg_842                                                                   |   8|   0|    8|          0|
    |outpix_fu_172                                                                           |   8|   0|    8|          0|
    |outpix_load_reg_817                                                                     |   8|   0|    8|          0|
    |p_0_0_0_0_0243374_lcssa387_fu_148                                                       |   8|   0|    8|          0|
    |p_0_1_0_0_0245376_lcssa390_fu_152                                                       |   8|   0|    8|          0|
    |p_0_2_0_0_0247378_lcssa393_fu_156                                                       |   8|   0|    8|          0|
    |p_0_3_0_0_0249380_lcssa396_fu_160                                                       |   8|   0|    8|          0|
    |p_0_4_0_0_0251382_lcssa399_fu_164                                                       |   8|   0|    8|          0|
    |p_0_5_0_0_0253384_lcssa402_fu_168                                                       |   8|   0|    8|          0|
    |rampStart                                                                               |   8|   0|    8|          0|
    |rev340_reg_852                                                                          |   1|   0|    1|          0|
    |start_once_reg                                                                          |   1|   0|    1|          0|
    |tpgPatternCheckerBoard_unsigned_short_unsigned_short_unsigned_short_unsigned_2          |   3|   0|    3|          0|
    |tpgPatternCheckerBoard_unsigned_short_unsigned_short_unsigned_short_unsigned_3          |   3|   0|    3|          0|
    |tpgPatternCheckerBoard_unsigned_short_unsigned_short_unsigned_short_unsigned_6_fu_204   |   8|   0|    8|          0|
    |tpgPatternCheckerBoard_unsigned_short_unsigned_short_unsigned_short_unsigned_7_fu_200   |   8|   0|    8|          0|
    |tpgPatternColorBars_unsigned_short_unsigned_short_unsigned_char_int_hBarSel             |   8|   0|    8|          0|
    |tpgPatternColorBars_unsigned_short_unsigned_short_unsigned_char_int_hBarSel_7           |   8|   0|    8|          0|
    |tpgPatternColorBars_unsigned_short_unsigned_short_unsigned_char_int_hBarSel_7_2_fu_224  |   8|   0|    8|          0|
    |tpgPatternColorBars_unsigned_short_unsigned_short_unsigned_char_int_hBarSel_l_1_fu_228  |   8|   0|    8|          0|
    |tpgPatternTartanColorBars_unsigned_short_unsigned_short_unsigned_short_unsign_2         |   3|   0|    3|          0|
    |tpgPatternTartanColorBars_unsigned_short_unsigned_short_unsigned_short_unsign_3         |   3|   0|    3|          0|
    |tpgPatternTartanColorBars_unsigned_short_unsigned_short_unsigned_short_unsign_6_fu_216  |   8|   0|    8|          0|
    |tpgPatternTartanColorBars_unsigned_short_unsigned_short_unsigned_short_unsign_7_fu_212  |   8|   0|    8|          0|
    |trunc_ln1196_reg_788                                                                    |  14|   0|   14|          0|
    |trunc_ln1212_reg_793                                                                    |  14|   0|   14|          0|
    |vBarSel                                                                                 |   3|   0|    3|          0|
    |vBarSel_1                                                                               |   8|   0|    8|          0|
    |vBarSel_1_loc_0_fu_208                                                                  |   8|   0|    8|          0|
    |vBarSel_loc_0_fu_220                                                                    |   8|   0|    8|          0|
    |y_1_reg_808                                                                             |  16|   0|   16|          0|
    |y_fu_196                                                                                |  16|   0|   16|          0|
    +----------------------------------------------------------------------------------------+----+----+-----+-----------+
    |Total                                                                                   | 328|   0|  328|          0|
    +----------------------------------------------------------------------------------------+----+----+-----+-----------+



================================================================
== Interface
================================================================
* Summary: 
+--------------------------+-----+-----+------------+----------------+--------------+
|         RTL Ports        | Dir | Bits|  Protocol  |  Source Object |    C Type    |
+--------------------------+-----+-----+------------+----------------+--------------+
|ap_clk                    |   in|    1|  ap_ctrl_hs|   tpgBackground|  return value|
|ap_rst                    |   in|    1|  ap_ctrl_hs|   tpgBackground|  return value|
|ap_start                  |   in|    1|  ap_ctrl_hs|   tpgBackground|  return value|
|start_full_n              |   in|    1|  ap_ctrl_hs|   tpgBackground|  return value|
|ap_done                   |  out|    1|  ap_ctrl_hs|   tpgBackground|  return value|
|ap_continue               |   in|    1|  ap_ctrl_hs|   tpgBackground|  return value|
|ap_idle                   |  out|    1|  ap_ctrl_hs|   tpgBackground|  return value|
|ap_ready                  |  out|    1|  ap_ctrl_hs|   tpgBackground|  return value|
|start_out                 |  out|    1|  ap_ctrl_hs|   tpgBackground|  return value|
|start_write               |  out|    1|  ap_ctrl_hs|   tpgBackground|  return value|
|srcYUV_dout               |   in|   48|     ap_fifo|          srcYUV|       pointer|
|srcYUV_num_data_valid     |   in|    5|     ap_fifo|          srcYUV|       pointer|
|srcYUV_fifo_cap           |   in|    5|     ap_fifo|          srcYUV|       pointer|
|srcYUV_empty_n            |   in|    1|     ap_fifo|          srcYUV|       pointer|
|srcYUV_read               |  out|    1|     ap_fifo|          srcYUV|       pointer|
|height                    |   in|   16|   ap_stable|          height|       pointer|
|width                     |   in|   16|   ap_stable|           width|       pointer|
|passthruStartX            |   in|   16|   ap_stable|  passthruStartX|       pointer|
|passthruStartY            |   in|   16|   ap_stable|  passthruStartY|       pointer|
|passthruEndX              |   in|   16|   ap_stable|    passthruEndX|       pointer|
|passthruEndY              |   in|   16|   ap_stable|    passthruEndY|       pointer|
|enableInput               |   in|    8|   ap_stable|     enableInput|       pointer|
|bckgndId                  |   in|    8|   ap_stable|        bckgndId|       pointer|
|motionSpeed               |   in|    8|   ap_stable|     motionSpeed|       pointer|
|colorFormat               |   in|    8|   ap_stable|     colorFormat|       pointer|
|ovrlayYUV_din             |  out|   48|     ap_fifo|       ovrlayYUV|       pointer|
|ovrlayYUV_num_data_valid  |   in|    5|     ap_fifo|       ovrlayYUV|       pointer|
|ovrlayYUV_fifo_cap        |   in|    5|     ap_fifo|       ovrlayYUV|       pointer|
|ovrlayYUV_full_n          |   in|    1|     ap_fifo|       ovrlayYUV|       pointer|
|ovrlayYUV_write           |  out|    1|     ap_fifo|       ovrlayYUV|       pointer|
|s                         |   in|   32|     ap_none|               s|       pointer|
+--------------------------+-----+-----+------------+----------------+--------------+

============================================================
+ Verbose Summary: Synthesis Manager
============================================================
InlineROM: 1
ExposeGlobal: 0
============================================================
+ Verbose Summary: CDFG Model
============================================================
IsTopModel: 0
ResetActiveHigh: 1
IsCombinational: 2
IsDatapathOnly: 0
HasWiredReturn: 1
HasMFsm: 0
HasVarLatency: 1
IsPipeline: 0
IsRtlPipelined: 0
IsInstanceOverlapped: 0
IsDontTouch: 0
HasImplIP: 0
IsGatedGlobalClock: 0


============================================================
+ Verbose Summary: Schedule
============================================================
* Number of FSM states : 4
* Pipeline : 0
* Dataflow Pipeline: 0

* FSM state transitions: 
1 --> 2 
2 --> 3 
3 --> 4 
4 --> 2 

* FSM state operations: 

State 1 <SV = 0> <Delay = 0.77>
ST_1 : Operation 5 [1/1] (0.00ns)   --->   "%p_0_0_0_0_0243374_lcssa387 = alloca i32 1"   --->   Operation 5 'alloca' 'p_0_0_0_0_0243374_lcssa387' <Predicate = true> <Delay = 0.00>
ST_1 : Operation 6 [1/1] (0.00ns)   --->   "%p_0_1_0_0_0245376_lcssa390 = alloca i32 1"   --->   Operation 6 'alloca' 'p_0_1_0_0_0245376_lcssa390' <Predicate = true> <Delay = 0.00>
ST_1 : Operation 7 [1/1] (0.00ns)   --->   "%p_0_2_0_0_0247378_lcssa393 = alloca i32 1"   --->   Operation 7 'alloca' 'p_0_2_0_0_0247378_lcssa393' <Predicate = true> <Delay = 0.00>
ST_1 : Operation 8 [1/1] (0.00ns)   --->   "%p_0_3_0_0_0249380_lcssa396 = alloca i32 1"   --->   Operation 8 'alloca' 'p_0_3_0_0_0249380_lcssa396' <Predicate = true> <Delay = 0.00>
ST_1 : Operation 9 [1/1] (0.00ns)   --->   "%p_0_4_0_0_0251382_lcssa399 = alloca i32 1"   --->   Operation 9 'alloca' 'p_0_4_0_0_0251382_lcssa399' <Predicate = true> <Delay = 0.00>
ST_1 : Operation 10 [1/1] (0.00ns)   --->   "%p_0_5_0_0_0253384_lcssa402 = alloca i32 1"   --->   Operation 10 'alloca' 'p_0_5_0_0_0253384_lcssa402' <Predicate = true> <Delay = 0.00>
ST_1 : Operation 11 [1/1] (0.00ns)   --->   "%outpix = alloca i32 1"   --->   Operation 11 'alloca' 'outpix' <Predicate = true> <Delay = 0.00>
ST_1 : Operation 12 [1/1] (0.00ns)   --->   "%outpix_1 = alloca i32 1"   --->   Operation 12 'alloca' 'outpix_1' <Predicate = true> <Delay = 0.00>
ST_1 : Operation 13 [1/1] (0.00ns)   --->   "%outpix_2 = alloca i32 1"   --->   Operation 13 'alloca' 'outpix_2' <Predicate = true> <Delay = 0.00>
ST_1 : Operation 14 [1/1] (0.00ns)   --->   "%outpix_3 = alloca i32 1"   --->   Operation 14 'alloca' 'outpix_3' <Predicate = true> <Delay = 0.00>
ST_1 : Operation 15 [1/1] (0.00ns)   --->   "%outpix_4 = alloca i32 1"   --->   Operation 15 'alloca' 'outpix_4' <Predicate = true> <Delay = 0.00>
ST_1 : Operation 16 [1/1] (0.00ns)   --->   "%outpix_5 = alloca i32 1"   --->   Operation 16 'alloca' 'outpix_5' <Predicate = true> <Delay = 0.00>
ST_1 : Operation 17 [1/1] (0.00ns)   --->   "%y = alloca i32 1"   --->   Operation 17 'alloca' 'y' <Predicate = true> <Delay = 0.00>
ST_1 : Operation 18 [1/1] (0.00ns)   --->   "%tpgPatternCheckerBoard_unsigned_short_unsigned_short_unsigned_short_unsigned_7 = alloca i32 1"   --->   Operation 18 'alloca' 'tpgPatternCheckerBoard_unsigned_short_unsigned_short_unsigned_short_unsigned_7' <Predicate = true> <Delay = 0.00>
ST_1 : Operation 19 [1/1] (0.00ns)   --->   "%tpgPatternCheckerBoard_unsigned_short_unsigned_short_unsigned_short_unsigned_6 = alloca i32 1"   --->   Operation 19 'alloca' 'tpgPatternCheckerBoard_unsigned_short_unsigned_short_unsigned_short_unsigned_6' <Predicate = true> <Delay = 0.00>
ST_1 : Operation 20 [1/1] (0.00ns)   --->   "%vBarSel_1_loc_0 = alloca i32 1"   --->   Operation 20 'alloca' 'vBarSel_1_loc_0' <Predicate = true> <Delay = 0.00>
ST_1 : Operation 21 [1/1] (0.00ns)   --->   "%tpgPatternTartanColorBars_unsigned_short_unsigned_short_unsigned_short_unsign_7 = alloca i32 1"   --->   Operation 21 'alloca' 'tpgPatternTartanColorBars_unsigned_short_unsigned_short_unsigned_short_unsign_7' <Predicate = true> <Delay = 0.00>
ST_1 : Operation 22 [1/1] (0.00ns)   --->   "%tpgPatternTartanColorBars_unsigned_short_unsigned_short_unsigned_short_unsign_6 = alloca i32 1"   --->   Operation 22 'alloca' 'tpgPatternTartanColorBars_unsigned_short_unsigned_short_unsigned_short_unsign_6' <Predicate = true> <Delay = 0.00>
ST_1 : Operation 23 [1/1] (0.00ns)   --->   "%vBarSel_loc_0 = alloca i32 1"   --->   Operation 23 'alloca' 'vBarSel_loc_0' <Predicate = true> <Delay = 0.00>
ST_1 : Operation 24 [1/1] (0.00ns)   --->   "%tpgPatternColorBars_unsigned_short_unsigned_short_unsigned_char_int_hBarSel_7_2 = alloca i32 1"   --->   Operation 24 'alloca' 'tpgPatternColorBars_unsigned_short_unsigned_short_unsigned_char_int_hBarSel_7_2' <Predicate = true> <Delay = 0.00>
ST_1 : Operation 25 [1/1] (0.00ns)   --->   "%tpgPatternColorBars_unsigned_short_unsigned_short_unsigned_char_int_hBarSel_l_1 = alloca i32 1"   --->   Operation 25 'alloca' 'tpgPatternColorBars_unsigned_short_unsigned_short_unsigned_char_int_hBarSel_l_1' <Predicate = true> <Delay = 0.00>
ST_1 : Operation 26 [1/1] (0.00ns)   --->   "%specstablecontent_ln0 = specstablecontent void @_ssdm_op_SpecStableContent, i8 %colorFormat, void "   --->   Operation 26 'specstablecontent' 'specstablecontent_ln0' <Predicate = true> <Delay = 0.00>
ST_1 : Operation 27 [1/1] (0.00ns)   --->   "%specstablecontent_ln0 = specstablecontent void @_ssdm_op_SpecStableContent, i8 %motionSpeed, void "   --->   Operation 27 'specstablecontent' 'specstablecontent_ln0' <Predicate = true> <Delay = 0.00>
ST_1 : Operation 28 [1/1] (0.00ns)   --->   "%specstablecontent_ln0 = specstablecontent void @_ssdm_op_SpecStableContent, i8 %bckgndId, void "   --->   Operation 28 'specstablecontent' 'specstablecontent_ln0' <Predicate = true> <Delay = 0.00>
ST_1 : Operation 29 [1/1] (0.00ns)   --->   "%specstablecontent_ln0 = specstablecontent void @_ssdm_op_SpecStableContent, i8 %enableInput, void "   --->   Operation 29 'specstablecontent' 'specstablecontent_ln0' <Predicate = true> <Delay = 0.00>
ST_1 : Operation 30 [1/1] (0.00ns)   --->   "%specstablecontent_ln0 = specstablecontent void @_ssdm_op_SpecStableContent, i16 %passthruEndY, void "   --->   Operation 30 'specstablecontent' 'specstablecontent_ln0' <Predicate = true> <Delay = 0.00>
ST_1 : Operation 31 [1/1] (0.00ns)   --->   "%specstablecontent_ln0 = specstablecontent void @_ssdm_op_SpecStableContent, i16 %passthruEndX, void "   --->   Operation 31 'specstablecontent' 'specstablecontent_ln0' <Predicate = true> <Delay = 0.00>
ST_1 : Operation 32 [1/1] (0.00ns)   --->   "%specstablecontent_ln0 = specstablecontent void @_ssdm_op_SpecStableContent, i16 %passthruStartY, void "   --->   Operation 32 'specstablecontent' 'specstablecontent_ln0' <Predicate = true> <Delay = 0.00>
ST_1 : Operation 33 [1/1] (0.00ns)   --->   "%specstablecontent_ln0 = specstablecontent void @_ssdm_op_SpecStableContent, i16 %passthruStartX, void "   --->   Operation 33 'specstablecontent' 'specstablecontent_ln0' <Predicate = true> <Delay = 0.00>
ST_1 : Operation 34 [1/1] (0.00ns)   --->   "%specstablecontent_ln0 = specstablecontent void @_ssdm_op_SpecStableContent, i16 %height, void "   --->   Operation 34 'specstablecontent' 'specstablecontent_ln0' <Predicate = true> <Delay = 0.00>
ST_1 : Operation 35 [1/1] (0.00ns)   --->   "%specstablecontent_ln0 = specstablecontent void @_ssdm_op_SpecStableContent, i16 %width, void "   --->   Operation 35 'specstablecontent' 'specstablecontent_ln0' <Predicate = true> <Delay = 0.00>
ST_1 : Operation 36 [1/1] (0.00ns)   --->   "%specinterface_ln0 = specinterface void @_ssdm_op_SpecInterface, i48 %ovrlayYUV, void @empty_40, i32 0, i32 0, void @empty_29, i32 0, i32 0, void @empty_29, void @empty_29, void @empty_29, i32 0, i32 0, i32 0, i32 0, void @empty_29, void @empty_29, i32 4294967295, i32 0"   --->   Operation 36 'specinterface' 'specinterface_ln0' <Predicate = true> <Delay = 0.00>
ST_1 : Operation 37 [1/1] (0.00ns)   --->   "%specinterface_ln0 = specinterface void @_ssdm_op_SpecInterface, i48 %srcYUV, void @empty_40, i32 0, i32 0, void @empty_29, i32 0, i32 0, void @empty_29, void @empty_29, void @empty_29, i32 0, i32 0, i32 0, i32 0, void @empty_29, void @empty_29, i32 4294967295, i32 0"   --->   Operation 37 'specinterface' 'specinterface_ln0' <Predicate = true> <Delay = 0.00>
ST_1 : Operation 38 [1/1] (0.00ns)   --->   "%loopHeight = read i16 @_ssdm_op_Read.ap_auto.i16P0A, i16 %height" [/home/training/AUPBoard/aup_hdmi_pass_thru_2023p1_working/aup_hdmi_pass_thru_2023p1/HDMI_Pass_Thru_ExDes/v_hdmi_rx_ss_0_ex/v_hdmi_rx_ss_0_ex.runs/exdes_v_tpg_0_synth_1/prj/sol/.autopilot/db/v_tpg.cpp:505]   --->   Operation 38 'read' 'loopHeight' <Predicate = true> <Delay = 0.00>
ST_1 : Operation 39 [1/1] (0.00ns)   --->   "%loopWidth = read i16 @_ssdm_op_Read.ap_auto.i16P0A, i16 %width" [/home/training/AUPBoard/aup_hdmi_pass_thru_2023p1_working/aup_hdmi_pass_thru_2023p1/HDMI_Pass_Thru_ExDes/v_hdmi_rx_ss_0_ex/v_hdmi_rx_ss_0_ex.runs/exdes_v_tpg_0_synth_1/prj/sol/.autopilot/db/v_tpg.cpp:506]   --->   Operation 39 'read' 'loopWidth' <Predicate = true> <Delay = 0.00>
ST_1 : Operation 40 [1/1] (0.00ns)   --->   "%colorFormatLocal = read i8 @_ssdm_op_Read.ap_auto.i8P0A, i8 %colorFormat" [/home/training/AUPBoard/aup_hdmi_pass_thru_2023p1_working/aup_hdmi_pass_thru_2023p1/HDMI_Pass_Thru_ExDes/v_hdmi_rx_ss_0_ex/v_hdmi_rx_ss_0_ex.runs/exdes_v_tpg_0_synth_1/prj/sol/.autopilot/db/v_tpg.cpp:514]   --->   Operation 40 'read' 'colorFormatLocal' <Predicate = true> <Delay = 0.00>
ST_1 : Operation 41 [1/1] (0.00ns)   --->   "%enableInput_read = read i8 @_ssdm_op_Read.ap_auto.i8P0A, i8 %enableInput"   --->   Operation 41 'read' 'enableInput_read' <Predicate = true> <Delay = 0.00>
ST_1 : Operation 42 [1/1] (0.76ns)   --->   "%cmp8 = icmp_ne  i8 %enableInput_read, i8 0"   --->   Operation 42 'icmp' 'cmp8' <Predicate = true> <Delay = 0.76> <CoreInst = "Cmp">   --->   Core 9 'Cmp' <Latency = 0> <II = 1> <Delay = 0.76> <FuncUnit> <Opcode : 'icmp'> <InPorts = 2> <OutPorts = 1>
ST_1 : Operation 43 [1/1] (0.00ns)   --->   "%bckgndId_read = read i8 @_ssdm_op_Read.ap_auto.i8P0A, i8 %bckgndId"   --->   Operation 43 'read' 'bckgndId_read' <Predicate = true> <Delay = 0.00>
ST_1 : Operation 44 [1/1] (0.00ns)   --->   "%passthruStartX_read = read i16 @_ssdm_op_Read.ap_auto.i16P0A, i16 %passthruStartX"   --->   Operation 44 'read' 'passthruStartX_read' <Predicate = true> <Delay = 0.00>
ST_1 : Operation 45 [1/1] (0.00ns)   --->   "%passthruStartY_read = read i16 @_ssdm_op_Read.ap_auto.i16P0A, i16 %passthruStartY"   --->   Operation 45 'read' 'passthruStartY_read' <Predicate = true> <Delay = 0.00>
ST_1 : Operation 46 [1/1] (0.00ns)   --->   "%passthruEndX_read = read i16 @_ssdm_op_Read.ap_auto.i16P0A, i16 %passthruEndX"   --->   Operation 46 'read' 'passthruEndX_read' <Predicate = true> <Delay = 0.00>
ST_1 : Operation 47 [1/1] (0.00ns)   --->   "%passthruEndY_read = read i16 @_ssdm_op_Read.ap_auto.i16P0A, i16 %passthruEndY"   --->   Operation 47 'read' 'passthruEndY_read' <Predicate = true> <Delay = 0.00>
ST_1 : Operation 48 [1/1] (0.00ns)   --->   "%tmp = partselect i7 @_ssdm_op_PartSelect.i7.i8.i32.i32, i8 %colorFormatLocal, i32 1, i32 7" [/home/training/AUPBoard/aup_hdmi_pass_thru_2023p1_working/aup_hdmi_pass_thru_2023p1/HDMI_Pass_Thru_ExDes/v_hdmi_rx_ss_0_ex/v_hdmi_rx_ss_0_ex.runs/exdes_v_tpg_0_synth_1/prj/sol/.autopilot/db/v_tpg.cpp:514]   --->   Operation 48 'partselect' 'tmp' <Predicate = true> <Delay = 0.00>
ST_1 : Operation 49 [1/1] (0.77ns)   --->   "%icmp = icmp_eq  i7 %tmp, i7 0" [/home/training/AUPBoard/aup_hdmi_pass_thru_2023p1_working/aup_hdmi_pass_thru_2023p1/HDMI_Pass_Thru_ExDes/v_hdmi_rx_ss_0_ex/v_hdmi_rx_ss_0_ex.runs/exdes_v_tpg_0_synth_1/prj/sol/.autopilot/db/v_tpg.cpp:514]   --->   Operation 49 'icmp' 'icmp' <Predicate = true> <Delay = 0.77> <CoreInst = "Cmp">   --->   Core 9 'Cmp' <Latency = 0> <II = 1> <Delay = 0.77> <FuncUnit> <Opcode : 'icmp'> <InPorts = 2> <OutPorts = 1>
ST_1 : Operation 50 [1/1] (0.00ns)   --->   "%trunc_ln1196 = trunc i16 %loopHeight" [/home/training/AUPBoard/aup_hdmi_pass_thru_2023p1_working/aup_hdmi_pass_thru_2023p1/HDMI_Pass_Thru_ExDes/v_hdmi_rx_ss_0_ex/v_hdmi_rx_ss_0_ex.runs/exdes_v_tpg_0_synth_1/prj/sol/.autopilot/db/v_tpg.cpp:1196->/home/training/AUPBoard/aup_hdmi_pass_thru_2023p1_working/aup_hdmi_pass_thru_2023p1/HDMI_Pass_Thru_ExDes/v_hdmi_rx_ss_0_ex/v_hdmi_rx_ss_0_ex.runs/exdes_v_tpg_0_synth_1/prj/sol/.autopilot/db/v_tpg.cpp:604]   --->   Operation 50 'trunc' 'trunc_ln1196' <Predicate = true> <Delay = 0.00>
ST_1 : Operation 51 [1/1] (0.00ns)   --->   "%trunc_ln1212 = trunc i16 %loopWidth" [/home/training/AUPBoard/aup_hdmi_pass_thru_2023p1_working/aup_hdmi_pass_thru_2023p1/HDMI_Pass_Thru_ExDes/v_hdmi_rx_ss_0_ex/v_hdmi_rx_ss_0_ex.runs/exdes_v_tpg_0_synth_1/prj/sol/.autopilot/db/v_tpg.cpp:1212->/home/training/AUPBoard/aup_hdmi_pass_thru_2023p1_working/aup_hdmi_pass_thru_2023p1/HDMI_Pass_Thru_ExDes/v_hdmi_rx_ss_0_ex/v_hdmi_rx_ss_0_ex.runs/exdes_v_tpg_0_synth_1/prj/sol/.autopilot/db/v_tpg.cpp:604]   --->   Operation 51 'trunc' 'trunc_ln1212' <Predicate = true> <Delay = 0.00>
ST_1 : Operation 52 [1/1] (0.00ns)   --->   "%tpgPatternColorBars_unsigned_short_unsigned_short_unsigned_char_int_hBarSel_l = load i8 %tpgPatternColorBars_unsigned_short_unsigned_short_unsigned_char_int_hBarSel" [/home/training/AUPBoard/aup_hdmi_pass_thru_2023p1_working/aup_hdmi_pass_thru_2023p1/HDMI_Pass_Thru_ExDes/v_hdmi_rx_ss_0_ex/v_hdmi_rx_ss_0_ex.runs/exdes_v_tpg_0_synth_1/prj/sol/.autopilot/db/v_tpg.cpp:1212->/home/training/AUPBoard/aup_hdmi_pass_thru_2023p1_working/aup_hdmi_pass_thru_2023p1/HDMI_Pass_Thru_ExDes/v_hdmi_rx_ss_0_ex/v_hdmi_rx_ss_0_ex.runs/exdes_v_tpg_0_synth_1/prj/sol/.autopilot/db/v_tpg.cpp:604]   --->   Operation 52 'load' 'tpgPatternColorBars_unsigned_short_unsigned_short_unsigned_char_int_hBarSel_l' <Predicate = true> <Delay = 0.00>
ST_1 : Operation 53 [1/1] (0.00ns)   --->   "%tpgPatternColorBars_unsigned_short_unsigned_short_unsigned_char_int_hBarSel_7_3 = load i8 %tpgPatternColorBars_unsigned_short_unsigned_short_unsigned_char_int_hBarSel_7" [/home/training/AUPBoard/aup_hdmi_pass_thru_2023p1_working/aup_hdmi_pass_thru_2023p1/HDMI_Pass_Thru_ExDes/v_hdmi_rx_ss_0_ex/v_hdmi_rx_ss_0_ex.runs/exdes_v_tpg_0_synth_1/prj/sol/.autopilot/db/v_tpg.cpp:1212->/home/training/AUPBoard/aup_hdmi_pass_thru_2023p1_working/aup_hdmi_pass_thru_2023p1/HDMI_Pass_Thru_ExDes/v_hdmi_rx_ss_0_ex/v_hdmi_rx_ss_0_ex.runs/exdes_v_tpg_0_synth_1/prj/sol/.autopilot/db/v_tpg.cpp:604]   --->   Operation 53 'load' 'tpgPatternColorBars_unsigned_short_unsigned_short_unsigned_char_int_hBarSel_7_3' <Predicate = true> <Delay = 0.00>
ST_1 : Operation 54 [1/1] (0.00ns)   --->   "%vBarSel_load = load i3 %vBarSel" [/home/training/AUPBoard/aup_hdmi_pass_thru_2023p1_working/aup_hdmi_pass_thru_2023p1/HDMI_Pass_Thru_ExDes/v_hdmi_rx_ss_0_ex/v_hdmi_rx_ss_0_ex.runs/exdes_v_tpg_0_synth_1/prj/sol/.autopilot/db/v_tpg.cpp:1348->/home/training/AUPBoard/aup_hdmi_pass_thru_2023p1_working/aup_hdmi_pass_thru_2023p1/HDMI_Pass_Thru_ExDes/v_hdmi_rx_ss_0_ex/v_hdmi_rx_ss_0_ex.runs/exdes_v_tpg_0_synth_1/prj/sol/.autopilot/db/v_tpg.cpp:620]   --->   Operation 54 'load' 'vBarSel_load' <Predicate = true> <Delay = 0.00>
ST_1 : Operation 55 [1/1] (0.00ns)   --->   "%zext_ln1367 = zext i3 %vBarSel_load" [/home/training/AUPBoard/aup_hdmi_pass_thru_2023p1_working/aup_hdmi_pass_thru_2023p1/HDMI_Pass_Thru_ExDes/v_hdmi_rx_ss_0_ex/v_hdmi_rx_ss_0_ex.runs/exdes_v_tpg_0_synth_1/prj/sol/.autopilot/db/v_tpg.cpp:1367->/home/training/AUPBoard/aup_hdmi_pass_thru_2023p1_working/aup_hdmi_pass_thru_2023p1/HDMI_Pass_Thru_ExDes/v_hdmi_rx_ss_0_ex/v_hdmi_rx_ss_0_ex.runs/exdes_v_tpg_0_synth_1/prj/sol/.autopilot/db/v_tpg.cpp:620]   --->   Operation 55 'zext' 'zext_ln1367' <Predicate = true> <Delay = 0.00>
ST_1 : Operation 56 [1/1] (0.00ns)   --->   "%tpgPatternTartanColorBars_unsigned_short_unsigned_short_unsigned_short_unsign_10 = load i3 %tpgPatternTartanColorBars_unsigned_short_unsigned_short_unsigned_short_unsign_3" [/home/training/AUPBoard/aup_hdmi_pass_thru_2023p1_working/aup_hdmi_pass_thru_2023p1/HDMI_Pass_Thru_ExDes/v_hdmi_rx_ss_0_ex/v_hdmi_rx_ss_0_ex.runs/exdes_v_tpg_0_synth_1/prj/sol/.autopilot/db/v_tpg.cpp:1367->/home/training/AUPBoard/aup_hdmi_pass_thru_2023p1_working/aup_hdmi_pass_thru_2023p1/HDMI_Pass_Thru_ExDes/v_hdmi_rx_ss_0_ex/v_hdmi_rx_ss_0_ex.runs/exdes_v_tpg_0_synth_1/prj/sol/.autopilot/db/v_tpg.cpp:620]   --->   Operation 56 'load' 'tpgPatternTartanColorBars_unsigned_short_unsigned_short_unsigned_short_unsign_10' <Predicate = true> <Delay = 0.00>
ST_1 : Operation 57 [1/1] (0.00ns)   --->   "%zext_ln1367_1 = zext i3 %tpgPatternTartanColorBars_unsigned_short_unsigned_short_unsigned_short_unsign_10" [/home/training/AUPBoard/aup_hdmi_pass_thru_2023p1_working/aup_hdmi_pass_thru_2023p1/HDMI_Pass_Thru_ExDes/v_hdmi_rx_ss_0_ex/v_hdmi_rx_ss_0_ex.runs/exdes_v_tpg_0_synth_1/prj/sol/.autopilot/db/v_tpg.cpp:1367->/home/training/AUPBoard/aup_hdmi_pass_thru_2023p1_working/aup_hdmi_pass_thru_2023p1/HDMI_Pass_Thru_ExDes/v_hdmi_rx_ss_0_ex/v_hdmi_rx_ss_0_ex.runs/exdes_v_tpg_0_synth_1/prj/sol/.autopilot/db/v_tpg.cpp:620]   --->   Operation 57 'zext' 'zext_ln1367_1' <Predicate = true> <Delay = 0.00>
ST_1 : Operation 58 [1/1] (0.00ns)   --->   "%tpgPatternTartanColorBars_unsigned_short_unsigned_short_unsigned_short_unsign_11 = load i3 %tpgPatternTartanColorBars_unsigned_short_unsigned_short_unsigned_short_unsign_2" [/home/training/AUPBoard/aup_hdmi_pass_thru_2023p1_working/aup_hdmi_pass_thru_2023p1/HDMI_Pass_Thru_ExDes/v_hdmi_rx_ss_0_ex/v_hdmi_rx_ss_0_ex.runs/exdes_v_tpg_0_synth_1/prj/sol/.autopilot/db/v_tpg.cpp:1367->/home/training/AUPBoard/aup_hdmi_pass_thru_2023p1_working/aup_hdmi_pass_thru_2023p1/HDMI_Pass_Thru_ExDes/v_hdmi_rx_ss_0_ex/v_hdmi_rx_ss_0_ex.runs/exdes_v_tpg_0_synth_1/prj/sol/.autopilot/db/v_tpg.cpp:620]   --->   Operation 58 'load' 'tpgPatternTartanColorBars_unsigned_short_unsigned_short_unsigned_short_unsign_11' <Predicate = true> <Delay = 0.00>
ST_1 : Operation 59 [1/1] (0.00ns)   --->   "%zext_ln1530 = zext i3 %tpgPatternTartanColorBars_unsigned_short_unsigned_short_unsigned_short_unsign_11" [/home/training/AUPBoard/aup_hdmi_pass_thru_2023p1_working/aup_hdmi_pass_thru_2023p1/HDMI_Pass_Thru_ExDes/v_hdmi_rx_ss_0_ex/v_hdmi_rx_ss_0_ex.runs/exdes_v_tpg_0_synth_1/prj/sol/.autopilot/db/v_tpg.cpp:1530->/home/training/AUPBoard/aup_hdmi_pass_thru_2023p1_working/aup_hdmi_pass_thru_2023p1/HDMI_Pass_Thru_ExDes/v_hdmi_rx_ss_0_ex/v_hdmi_rx_ss_0_ex.runs/exdes_v_tpg_0_synth_1/prj/sol/.autopilot/db/v_tpg.cpp:652]   --->   Operation 59 'zext' 'zext_ln1530' <Predicate = true> <Delay = 0.00>
ST_1 : Operation 60 [1/1] (0.00ns)   --->   "%vBarSel_1_load = load i8 %vBarSel_1" [/home/training/AUPBoard/aup_hdmi_pass_thru_2023p1_working/aup_hdmi_pass_thru_2023p1/HDMI_Pass_Thru_ExDes/v_hdmi_rx_ss_0_ex/v_hdmi_rx_ss_0_ex.runs/exdes_v_tpg_0_synth_1/prj/sol/.autopilot/db/v_tpg.cpp:1530->/home/training/AUPBoard/aup_hdmi_pass_thru_2023p1_working/aup_hdmi_pass_thru_2023p1/HDMI_Pass_Thru_ExDes/v_hdmi_rx_ss_0_ex/v_hdmi_rx_ss_0_ex.runs/exdes_v_tpg_0_synth_1/prj/sol/.autopilot/db/v_tpg.cpp:652]   --->   Operation 60 'load' 'vBarSel_1_load' <Predicate = true> <Delay = 0.00>
ST_1 : Operation 61 [1/1] (0.00ns)   --->   "%tpgPatternCheckerBoard_unsigned_short_unsigned_short_unsigned_short_unsigned_10 = load i3 %tpgPatternCheckerBoard_unsigned_short_unsigned_short_unsigned_short_unsigned_3" [/home/training/AUPBoard/aup_hdmi_pass_thru_2023p1_working/aup_hdmi_pass_thru_2023p1/HDMI_Pass_Thru_ExDes/v_hdmi_rx_ss_0_ex/v_hdmi_rx_ss_0_ex.runs/exdes_v_tpg_0_synth_1/prj/sol/.autopilot/db/v_tpg.cpp:1548->/home/training/AUPBoard/aup_hdmi_pass_thru_2023p1_working/aup_hdmi_pass_thru_2023p1/HDMI_Pass_Thru_ExDes/v_hdmi_rx_ss_0_ex/v_hdmi_rx_ss_0_ex.runs/exdes_v_tpg_0_synth_1/prj/sol/.autopilot/db/v_tpg.cpp:652]   --->   Operation 61 'load' 'tpgPatternCheckerBoard_unsigned_short_unsigned_short_unsigned_short_unsigned_10' <Predicate = true> <Delay = 0.00>
ST_1 : Operation 62 [1/1] (0.00ns)   --->   "%zext_ln1548 = zext i3 %tpgPatternCheckerBoard_unsigned_short_unsigned_short_unsigned_short_unsigned_10" [/home/training/AUPBoard/aup_hdmi_pass_thru_2023p1_working/aup_hdmi_pass_thru_2023p1/HDMI_Pass_Thru_ExDes/v_hdmi_rx_ss_0_ex/v_hdmi_rx_ss_0_ex.runs/exdes_v_tpg_0_synth_1/prj/sol/.autopilot/db/v_tpg.cpp:1548->/home/training/AUPBoard/aup_hdmi_pass_thru_2023p1_working/aup_hdmi_pass_thru_2023p1/HDMI_Pass_Thru_ExDes/v_hdmi_rx_ss_0_ex/v_hdmi_rx_ss_0_ex.runs/exdes_v_tpg_0_synth_1/prj/sol/.autopilot/db/v_tpg.cpp:652]   --->   Operation 62 'zext' 'zext_ln1548' <Predicate = true> <Delay = 0.00>
ST_1 : Operation 63 [1/1] (0.00ns)   --->   "%tpgPatternCheckerBoard_unsigned_short_unsigned_short_unsigned_short_unsigned_11 = load i3 %tpgPatternCheckerBoard_unsigned_short_unsigned_short_unsigned_short_unsigned_2" [/home/training/AUPBoard/aup_hdmi_pass_thru_2023p1_working/aup_hdmi_pass_thru_2023p1/HDMI_Pass_Thru_ExDes/v_hdmi_rx_ss_0_ex/v_hdmi_rx_ss_0_ex.runs/exdes_v_tpg_0_synth_1/prj/sol/.autopilot/db/v_tpg.cpp:1548->/home/training/AUPBoard/aup_hdmi_pass_thru_2023p1_working/aup_hdmi_pass_thru_2023p1/HDMI_Pass_Thru_ExDes/v_hdmi_rx_ss_0_ex/v_hdmi_rx_ss_0_ex.runs/exdes_v_tpg_0_synth_1/prj/sol/.autopilot/db/v_tpg.cpp:652]   --->   Operation 63 'load' 'tpgPatternCheckerBoard_unsigned_short_unsigned_short_unsigned_short_unsigned_11' <Predicate = true> <Delay = 0.00>
ST_1 : Operation 64 [1/1] (0.00ns)   --->   "%zext_ln518 = zext i3 %tpgPatternCheckerBoard_unsigned_short_unsigned_short_unsigned_short_unsigned_11" [/home/training/AUPBoard/aup_hdmi_pass_thru_2023p1_working/aup_hdmi_pass_thru_2023p1/HDMI_Pass_Thru_ExDes/v_hdmi_rx_ss_0_ex/v_hdmi_rx_ss_0_ex.runs/exdes_v_tpg_0_synth_1/prj/sol/.autopilot/db/v_tpg.cpp:518]   --->   Operation 64 'zext' 'zext_ln518' <Predicate = true> <Delay = 0.00>
ST_1 : Operation 65 [1/1] (0.76ns)   --->   "%empty = icmp_eq  i8 %colorFormatLocal, i8 0" [/home/training/AUPBoard/aup_hdmi_pass_thru_2023p1_working/aup_hdmi_pass_thru_2023p1/HDMI_Pass_Thru_ExDes/v_hdmi_rx_ss_0_ex/v_hdmi_rx_ss_0_ex.runs/exdes_v_tpg_0_synth_1/prj/sol/.autopilot/db/v_tpg.cpp:514]   --->   Operation 65 'icmp' 'empty' <Predicate = true> <Delay = 0.76> <CoreInst = "Cmp">   --->   Core 9 'Cmp' <Latency = 0> <II = 1> <Delay = 0.76> <FuncUnit> <Opcode : 'icmp'> <InPorts = 2> <OutPorts = 1>
ST_1 : Operation 66 [1/1] (0.76ns)   --->   "%empty_67 = icmp_eq  i8 %colorFormatLocal, i8 1" [/home/training/AUPBoard/aup_hdmi_pass_thru_2023p1_working/aup_hdmi_pass_thru_2023p1/HDMI_Pass_Thru_ExDes/v_hdmi_rx_ss_0_ex/v_hdmi_rx_ss_0_ex.runs/exdes_v_tpg_0_synth_1/prj/sol/.autopilot/db/v_tpg.cpp:514]   --->   Operation 66 'icmp' 'empty_67' <Predicate = true> <Delay = 0.76> <CoreInst = "Cmp">   --->   Core 9 'Cmp' <Latency = 0> <II = 1> <Delay = 0.76> <FuncUnit> <Opcode : 'icmp'> <InPorts = 2> <OutPorts = 1>
ST_1 : Operation 67 [1/1] (0.00ns)   --->   "%store_ln518 = store i8 %tpgPatternColorBars_unsigned_short_unsigned_short_unsigned_char_int_hBarSel_l, i8 %tpgPatternColorBars_unsigned_short_unsigned_short_unsigned_char_int_hBarSel_l_1" [/home/training/AUPBoard/aup_hdmi_pass_thru_2023p1_working/aup_hdmi_pass_thru_2023p1/HDMI_Pass_Thru_ExDes/v_hdmi_rx_ss_0_ex/v_hdmi_rx_ss_0_ex.runs/exdes_v_tpg_0_synth_1/prj/sol/.autopilot/db/v_tpg.cpp:518]   --->   Operation 67 'store' 'store_ln518' <Predicate = true> <Delay = 0.00>
ST_1 : Operation 68 [1/1] (0.00ns)   --->   "%store_ln518 = store i8 %tpgPatternColorBars_unsigned_short_unsigned_short_unsigned_char_int_hBarSel_7_3, i8 %tpgPatternColorBars_unsigned_short_unsigned_short_unsigned_char_int_hBarSel_7_2" [/home/training/AUPBoard/aup_hdmi_pass_thru_2023p1_working/aup_hdmi_pass_thru_2023p1/HDMI_Pass_Thru_ExDes/v_hdmi_rx_ss_0_ex/v_hdmi_rx_ss_0_ex.runs/exdes_v_tpg_0_synth_1/prj/sol/.autopilot/db/v_tpg.cpp:518]   --->   Operation 68 'store' 'store_ln518' <Predicate = true> <Delay = 0.00>
ST_1 : Operation 69 [1/1] (0.00ns)   --->   "%store_ln518 = store i8 %zext_ln1367, i8 %vBarSel_loc_0" [/home/training/AUPBoard/aup_hdmi_pass_thru_2023p1_working/aup_hdmi_pass_thru_2023p1/HDMI_Pass_Thru_ExDes/v_hdmi_rx_ss_0_ex/v_hdmi_rx_ss_0_ex.runs/exdes_v_tpg_0_synth_1/prj/sol/.autopilot/db/v_tpg.cpp:518]   --->   Operation 69 'store' 'store_ln518' <Predicate = true> <Delay = 0.00>
ST_1 : Operation 70 [1/1] (0.00ns)   --->   "%store_ln518 = store i8 %zext_ln1367_1, i8 %tpgPatternTartanColorBars_unsigned_short_unsigned_short_unsigned_short_unsign_6" [/home/training/AUPBoard/aup_hdmi_pass_thru_2023p1_working/aup_hdmi_pass_thru_2023p1/HDMI_Pass_Thru_ExDes/v_hdmi_rx_ss_0_ex/v_hdmi_rx_ss_0_ex.runs/exdes_v_tpg_0_synth_1/prj/sol/.autopilot/db/v_tpg.cpp:518]   --->   Operation 70 'store' 'store_ln518' <Predicate = true> <Delay = 0.00>
ST_1 : Operation 71 [1/1] (0.00ns)   --->   "%store_ln518 = store i8 %zext_ln1530, i8 %tpgPatternTartanColorBars_unsigned_short_unsigned_short_unsigned_short_unsign_7" [/home/training/AUPBoard/aup_hdmi_pass_thru_2023p1_working/aup_hdmi_pass_thru_2023p1/HDMI_Pass_Thru_ExDes/v_hdmi_rx_ss_0_ex/v_hdmi_rx_ss_0_ex.runs/exdes_v_tpg_0_synth_1/prj/sol/.autopilot/db/v_tpg.cpp:518]   --->   Operation 71 'store' 'store_ln518' <Predicate = true> <Delay = 0.00>
ST_1 : Operation 72 [1/1] (0.00ns)   --->   "%store_ln518 = store i8 %vBarSel_1_load, i8 %vBarSel_1_loc_0" [/home/training/AUPBoard/aup_hdmi_pass_thru_2023p1_working/aup_hdmi_pass_thru_2023p1/HDMI_Pass_Thru_ExDes/v_hdmi_rx_ss_0_ex/v_hdmi_rx_ss_0_ex.runs/exdes_v_tpg_0_synth_1/prj/sol/.autopilot/db/v_tpg.cpp:518]   --->   Operation 72 'store' 'store_ln518' <Predicate = true> <Delay = 0.00>
ST_1 : Operation 73 [1/1] (0.00ns)   --->   "%store_ln518 = store i8 %zext_ln1548, i8 %tpgPatternCheckerBoard_unsigned_short_unsigned_short_unsigned_short_unsigned_6" [/home/training/AUPBoard/aup_hdmi_pass_thru_2023p1_working/aup_hdmi_pass_thru_2023p1/HDMI_Pass_Thru_ExDes/v_hdmi_rx_ss_0_ex/v_hdmi_rx_ss_0_ex.runs/exdes_v_tpg_0_synth_1/prj/sol/.autopilot/db/v_tpg.cpp:518]   --->   Operation 73 'store' 'store_ln518' <Predicate = true> <Delay = 0.00>
ST_1 : Operation 74 [1/1] (0.00ns)   --->   "%store_ln518 = store i8 %zext_ln518, i8 %tpgPatternCheckerBoard_unsigned_short_unsigned_short_unsigned_short_unsigned_7" [/home/training/AUPBoard/aup_hdmi_pass_thru_2023p1_working/aup_hdmi_pass_thru_2023p1/HDMI_Pass_Thru_ExDes/v_hdmi_rx_ss_0_ex/v_hdmi_rx_ss_0_ex.runs/exdes_v_tpg_0_synth_1/prj/sol/.autopilot/db/v_tpg.cpp:518]   --->   Operation 74 'store' 'store_ln518' <Predicate = true> <Delay = 0.00>
ST_1 : Operation 75 [1/1] (0.42ns)   --->   "%store_ln518 = store i16 0, i16 %y" [/home/training/AUPBoard/aup_hdmi_pass_thru_2023p1_working/aup_hdmi_pass_thru_2023p1/HDMI_Pass_Thru_ExDes/v_hdmi_rx_ss_0_ex/v_hdmi_rx_ss_0_ex.runs/exdes_v_tpg_0_synth_1/prj/sol/.autopilot/db/v_tpg.cpp:518]   --->   Operation 75 'store' 'store_ln518' <Predicate = true> <Delay = 0.42>
ST_1 : Operation 76 [1/1] (0.00ns)   --->   "%br_ln518 = br void %VITIS_LOOP_520_2" [/home/training/AUPBoard/aup_hdmi_pass_thru_2023p1_working/aup_hdmi_pass_thru_2023p1/HDMI_Pass_Thru_ExDes/v_hdmi_rx_ss_0_ex/v_hdmi_rx_ss_0_ex.runs/exdes_v_tpg_0_synth_1/prj/sol/.autopilot/db/v_tpg.cpp:518]   --->   Operation 76 'br' 'br_ln518' <Predicate = true> <Delay = 0.00>

State 2 <SV = 1> <Delay = 1.28>
ST_2 : Operation 77 [1/1] (0.00ns)   --->   "%y_1 = load i16 %y"   --->   Operation 77 'load' 'y_1' <Predicate = true> <Delay = 0.00>
ST_2 : Operation 78 [1/1] (0.85ns)   --->   "%icmp_ln518 = icmp_eq  i16 %y_1, i16 %loopHeight" [/home/training/AUPBoard/aup_hdmi_pass_thru_2023p1_working/aup_hdmi_pass_thru_2023p1/HDMI_Pass_Thru_ExDes/v_hdmi_rx_ss_0_ex/v_hdmi_rx_ss_0_ex.runs/exdes_v_tpg_0_synth_1/prj/sol/.autopilot/db/v_tpg.cpp:518]   --->   Operation 78 'icmp' 'icmp_ln518' <Predicate = true> <Delay = 0.85> <CoreInst = "Cmp">   --->   Core 9 'Cmp' <Latency = 0> <II = 1> <Delay = 0.85> <FuncUnit> <Opcode : 'icmp'> <InPorts = 2> <OutPorts = 1>
ST_2 : Operation 79 [1/1] (0.85ns)   --->   "%add_ln518 = add i16 %y_1, i16 1" [/home/training/AUPBoard/aup_hdmi_pass_thru_2023p1_working/aup_hdmi_pass_thru_2023p1/HDMI_Pass_Thru_ExDes/v_hdmi_rx_ss_0_ex/v_hdmi_rx_ss_0_ex.runs/exdes_v_tpg_0_synth_1/prj/sol/.autopilot/db/v_tpg.cpp:518]   --->   Operation 79 'add' 'add_ln518' <Predicate = true> <Delay = 0.85> <CoreInst = "Adder">   --->   Core 1 'Adder' <Latency = 0> <II = 1> <Delay = 0.85> <FuncUnit> <Opcode : 'add' 'sub'> <InPorts = 2> <OutPorts = 1>
ST_2 : Operation 80 [1/1] (0.00ns)   --->   "%br_ln518 = br i1 %icmp_ln518, void %VITIS_LOOP_520_2.split, void %for.end105.loopexit" [/home/training/AUPBoard/aup_hdmi_pass_thru_2023p1_working/aup_hdmi_pass_thru_2023p1/HDMI_Pass_Thru_ExDes/v_hdmi_rx_ss_0_ex/v_hdmi_rx_ss_0_ex.runs/exdes_v_tpg_0_synth_1/prj/sol/.autopilot/db/v_tpg.cpp:518]   --->   Operation 80 'br' 'br_ln518' <Predicate = true> <Delay = 0.00>
ST_2 : Operation 81 [1/1] (0.00ns)   --->   "%outpix_load = load i8 %outpix"   --->   Operation 81 'load' 'outpix_load' <Predicate = (!icmp_ln518)> <Delay = 0.00>
ST_2 : Operation 82 [1/1] (0.00ns)   --->   "%outpix_1_load = load i8 %outpix_1"   --->   Operation 82 'load' 'outpix_1_load' <Predicate = (!icmp_ln518)> <Delay = 0.00>
ST_2 : Operation 83 [1/1] (0.00ns)   --->   "%outpix_2_load = load i8 %outpix_2"   --->   Operation 83 'load' 'outpix_2_load' <Predicate = (!icmp_ln518)> <Delay = 0.00>
ST_2 : Operation 84 [1/1] (0.00ns)   --->   "%outpix_3_load = load i8 %outpix_3"   --->   Operation 84 'load' 'outpix_3_load' <Predicate = (!icmp_ln518)> <Delay = 0.00>
ST_2 : Operation 85 [1/1] (0.00ns)   --->   "%outpix_4_load = load i8 %outpix_4"   --->   Operation 85 'load' 'outpix_4_load' <Predicate = (!icmp_ln518)> <Delay = 0.00>
ST_2 : Operation 86 [1/1] (0.00ns)   --->   "%outpix_5_load = load i8 %outpix_5"   --->   Operation 86 'load' 'outpix_5_load' <Predicate = (!icmp_ln518)> <Delay = 0.00>
ST_2 : Operation 87 [1/1] (0.85ns)   --->   "%cmp59_not = icmp_ult  i16 %y_1, i16 %passthruStartY_read"   --->   Operation 87 'icmp' 'cmp59_not' <Predicate = (!icmp_ln518)> <Delay = 0.85> <CoreInst = "Cmp">   --->   Core 9 'Cmp' <Latency = 0> <II = 1> <Delay = 0.85> <FuncUnit> <Opcode : 'icmp'> <InPorts = 2> <OutPorts = 1>
ST_2 : Operation 88 [1/1] (0.85ns)   --->   "%ult = icmp_ult  i16 %y_1, i16 %passthruEndY_read"   --->   Operation 88 'icmp' 'ult' <Predicate = (!icmp_ln518)> <Delay = 0.85> <CoreInst = "Cmp">   --->   Core 9 'Cmp' <Latency = 0> <II = 1> <Delay = 0.85> <FuncUnit> <Opcode : 'icmp'> <InPorts = 2> <OutPorts = 1>
ST_2 : Operation 89 [1/1] (0.28ns)   --->   "%rev340 = xor i1 %ult, i1 1"   --->   Operation 89 'xor' 'rev340' <Predicate = (!icmp_ln518)> <Delay = 0.28> <CoreInst = "LogicGate">   --->   Core 74 'LogicGate' <Latency = 0> <II = 1> <Delay = 0.28> <FuncUnit> <Opcode : 'and' 'or' 'xor'> <InPorts = 2> <OutPorts = 1>
ST_2 : Operation 90 [1/1] (0.00ns)   --->   "%empty_68 = wait i32 @_ssdm_op_Wait"   --->   Operation 90 'wait' 'empty_68' <Predicate = (!icmp_ln518)> <Delay = 0.00>
ST_2 : Operation 91 [1/1] (0.42ns)   --->   "%store_ln518 = store i16 %add_ln518, i16 %y" [/home/training/AUPBoard/aup_hdmi_pass_thru_2023p1_working/aup_hdmi_pass_thru_2023p1/HDMI_Pass_Thru_ExDes/v_hdmi_rx_ss_0_ex/v_hdmi_rx_ss_0_ex.runs/exdes_v_tpg_0_synth_1/prj/sol/.autopilot/db/v_tpg.cpp:518]   --->   Operation 91 'store' 'store_ln518' <Predicate = (!icmp_ln518)> <Delay = 0.42>
ST_2 : Operation 92 [1/1] (0.00ns)   --->   "%rampStart_load = load i8 %rampStart" [/home/training/AUPBoard/aup_hdmi_pass_thru_2023p1_working/aup_hdmi_pass_thru_2023p1/HDMI_Pass_Thru_ExDes/v_hdmi_rx_ss_0_ex/v_hdmi_rx_ss_0_ex.runs/exdes_v_tpg_0_synth_1/prj/sol/.autopilot/db/v_tpg.cpp:705]   --->   Operation 92 'load' 'rampStart_load' <Predicate = (icmp_ln518)> <Delay = 0.00>
ST_2 : Operation 93 [1/1] (0.00ns)   --->   "%motionSpeed_read = read i8 @_ssdm_op_Read.ap_auto.i8P0A, i8 %motionSpeed" [/home/training/AUPBoard/aup_hdmi_pass_thru_2023p1_working/aup_hdmi_pass_thru_2023p1/HDMI_Pass_Thru_ExDes/v_hdmi_rx_ss_0_ex/v_hdmi_rx_ss_0_ex.runs/exdes_v_tpg_0_synth_1/prj/sol/.autopilot/db/v_tpg.cpp:705]   --->   Operation 93 'read' 'motionSpeed_read' <Predicate = (icmp_ln518)> <Delay = 0.00>
ST_2 : Operation 94 [1/1] (0.76ns)   --->   "%add_ln705 = add i8 %motionSpeed_read, i8 %rampStart_load" [/home/training/AUPBoard/aup_hdmi_pass_thru_2023p1_working/aup_hdmi_pass_thru_2023p1/HDMI_Pass_Thru_ExDes/v_hdmi_rx_ss_0_ex/v_hdmi_rx_ss_0_ex.runs/exdes_v_tpg_0_synth_1/prj/sol/.autopilot/db/v_tpg.cpp:705]   --->   Operation 94 'add' 'add_ln705' <Predicate = (icmp_ln518)> <Delay = 0.76> <CoreInst = "Adder">   --->   Core 1 'Adder' <Latency = 0> <II = 1> <Delay = 0.76> <FuncUnit> <Opcode : 'add' 'sub'> <InPorts = 2> <OutPorts = 1>
ST_2 : Operation 95 [1/1] (0.00ns)   --->   "%store_ln705 = store i8 %add_ln705, i8 %rampStart" [/home/training/AUPBoard/aup_hdmi_pass_thru_2023p1_working/aup_hdmi_pass_thru_2023p1/HDMI_Pass_Thru_ExDes/v_hdmi_rx_ss_0_ex/v_hdmi_rx_ss_0_ex.runs/exdes_v_tpg_0_synth_1/prj/sol/.autopilot/db/v_tpg.cpp:705]   --->   Operation 95 'store' 'store_ln705' <Predicate = (icmp_ln518)> <Delay = 0.00>
ST_2 : Operation 96 [1/1] (0.00ns)   --->   "%ret_ln706 = ret" [/home/training/AUPBoard/aup_hdmi_pass_thru_2023p1_working/aup_hdmi_pass_thru_2023p1/HDMI_Pass_Thru_ExDes/v_hdmi_rx_ss_0_ex/v_hdmi_rx_ss_0_ex.runs/exdes_v_tpg_0_synth_1/prj/sol/.autopilot/db/v_tpg.cpp:706]   --->   Operation 96 'ret' 'ret_ln706' <Predicate = (icmp_ln518)> <Delay = 0.00>

State 3 <SV = 2> <Delay = 2.42>
ST_3 : Operation 97 [2/2] (2.42ns)   --->   "%call_ln506 = call void @tpgBackground_Pipeline_VITIS_LOOP_520_2, i8 %outpix_5_load, i8 %outpix_4_load, i8 %outpix_3_load, i8 %outpix_2_load, i8 %outpix_1_load, i8 %outpix_load, i16 %loopWidth, i48 %ovrlayYUV, i1 %cmp8, i8 %bckgndId_read, i48 %srcYUV, i1 %empty, i1 %empty_67, i14 %trunc_ln1212, i14 %trunc_ln1196, i16 %y_1, i16 %loopWidth, i16 %loopHeight, i16 %y_1, i1 %icmp, i16 %passthruStartX_read, i16 %passthruEndX_read, i1 %cmp59_not, i1 %rev340, i8 %tpgPatternColorBars_unsigned_short_unsigned_short_unsigned_char_int_hBarSel_l_1, i8 %tpgPatternColorBars_unsigned_short_unsigned_short_unsigned_char_int_hBarSel_7_2, i8 %vBarSel_loc_0, i8 %tpgPatternTartanColorBars_unsigned_short_unsigned_short_unsigned_short_unsign_6, i8 %tpgPatternTartanColorBars_unsigned_short_unsigned_short_unsigned_short_unsign_7, i8 %vBarSel_1_loc_0, i8 %tpgPatternCheckerBoard_unsigned_short_unsigned_short_unsigned_short_unsigned_6, i8 %tpgPatternCheckerBoard_unsigned_short_unsigned_short_unsigned_short_unsigned_7, i8 %outpix_5, i8 %outpix_4, i8 %outpix_3, i8 %outpix_2, i8 %outpix_1, i8 %outpix, i8 %p_0_5_0_0_0253384_lcssa402, i8 %p_0_4_0_0_0251382_lcssa399, i8 %p_0_3_0_0_0249380_lcssa396, i8 %p_0_2_0_0_0247378_lcssa393, i8 %p_0_1_0_0_0245376_lcssa390, i8 %p_0_0_0_0_0243374_lcssa387, i8 %blkYuv, i8 %tpgBarSelYuv_y, i8 %tpgBarSelYuv_u, i8 %tpgBarSelYuv_v, i11 %tpgPatternColorBars_unsigned_short_unsigned_short_unsigned_char_int_xBar_6, i8 %tpgPatternColorBars_unsigned_short_unsigned_short_unsigned_char_int_hBarSel_7, i2 %tpgBarSelRgb_r, i2 %tpgBarSelRgb_g, i2 %tpgBarSelRgb_b, i8 %tpgPatternColorBars_unsigned_short_unsigned_short_unsigned_char_int_hBarSel, i11 %tpgPatternColorBars_unsigned_short_unsigned_short_unsigned_char_int_xBar, i32 %s, i3 %tpgTartanBarArray, i10 %tpgPatternTartanColorBars_unsigned_short_unsigned_short_unsigned_short_unsign, i3 %tpgPatternTartanColorBars_unsigned_short_unsigned_short_unsigned_short_unsign_2, i3 %tpgPatternTartanColorBars_unsigned_short_unsigned_short_unsigned_short_unsign_3, i10 %tpgPatternTartanColorBars_unsigned_short_unsigned_short_unsigned_short_unsign_1, i10 %yCount, i3 %vBarSel, i10 %tpgPatternCrossHatch_unsigned_short_unsigned_short_unsigned_short_unsigned_sh, i10 %tpgPatternCrossHatch_unsigned_short_unsigned_short_unsigned_short_unsigned_sh_1, i1 %vHatch, i10 %yCount_1, i8 %blkYuv_1, i8 %whiYuv, i2 %tpgCheckerBoardArray, i10 %tpgPatternCheckerBoard_unsigned_short_unsigned_short_unsigned_short_unsigned_s, i3 %tpgPatternCheckerBoard_unsigned_short_unsigned_short_unsigned_short_unsigned_2, i3 %tpgPatternCheckerBoard_unsigned_short_unsigned_short_unsigned_short_unsigned_3, i10 %tpgPatternCheckerBoard_unsigned_short_unsigned_short_unsigned_short_unsigned_1, i10 %yCount_2, i8 %vBarSel_1, i28 %rSerie, i28 %gSerie, i28 %bSerie" [/home/training/AUPBoard/aup_hdmi_pass_thru_2023p1_working/aup_hdmi_pass_thru_2023p1/HDMI_Pass_Thru_ExDes/v_hdmi_rx_ss_0_ex/v_hdmi_rx_ss_0_ex.runs/exdes_v_tpg_0_synth_1/prj/sol/.autopilot/db/v_tpg.cpp:506]   --->   Operation 97 'call' 'call_ln506' <Predicate = true> <Delay = 2.42> <CoreType = "Generic">   --->   Core 0 '' <Latency = 0> <II = 1> <Delay = 1.00> <Generic> <Opcode : >

State 4 <SV = 3> <Delay = 0.00>
ST_4 : Operation 98 [1/1] (0.00ns)   --->   "%speclooptripcount_ln507 = speclooptripcount void @_ssdm_op_SpecLoopTripCount, i64 0, i64 65535, i64 32767" [/home/training/AUPBoard/aup_hdmi_pass_thru_2023p1_working/aup_hdmi_pass_thru_2023p1/HDMI_Pass_Thru_ExDes/v_hdmi_rx_ss_0_ex/v_hdmi_rx_ss_0_ex.runs/exdes_v_tpg_0_synth_1/prj/sol/.autopilot/db/v_tpg.cpp:507]   --->   Operation 98 'speclooptripcount' 'speclooptripcount_ln507' <Predicate = true> <Delay = 0.00>
ST_4 : Operation 99 [1/1] (0.00ns)   --->   "%specloopname_ln518 = specloopname void @_ssdm_op_SpecLoopName, void @empty_37" [/home/training/AUPBoard/aup_hdmi_pass_thru_2023p1_working/aup_hdmi_pass_thru_2023p1/HDMI_Pass_Thru_ExDes/v_hdmi_rx_ss_0_ex/v_hdmi_rx_ss_0_ex.runs/exdes_v_tpg_0_synth_1/prj/sol/.autopilot/db/v_tpg.cpp:518]   --->   Operation 99 'specloopname' 'specloopname_ln518' <Predicate = true> <Delay = 0.00>
ST_4 : Operation 100 [1/2] (0.00ns)   --->   "%call_ln506 = call void @tpgBackground_Pipeline_VITIS_LOOP_520_2, i8 %outpix_5_load, i8 %outpix_4_load, i8 %outpix_3_load, i8 %outpix_2_load, i8 %outpix_1_load, i8 %outpix_load, i16 %loopWidth, i48 %ovrlayYUV, i1 %cmp8, i8 %bckgndId_read, i48 %srcYUV, i1 %empty, i1 %empty_67, i14 %trunc_ln1212, i14 %trunc_ln1196, i16 %y_1, i16 %loopWidth, i16 %loopHeight, i16 %y_1, i1 %icmp, i16 %passthruStartX_read, i16 %passthruEndX_read, i1 %cmp59_not, i1 %rev340, i8 %tpgPatternColorBars_unsigned_short_unsigned_short_unsigned_char_int_hBarSel_l_1, i8 %tpgPatternColorBars_unsigned_short_unsigned_short_unsigned_char_int_hBarSel_7_2, i8 %vBarSel_loc_0, i8 %tpgPatternTartanColorBars_unsigned_short_unsigned_short_unsigned_short_unsign_6, i8 %tpgPatternTartanColorBars_unsigned_short_unsigned_short_unsigned_short_unsign_7, i8 %vBarSel_1_loc_0, i8 %tpgPatternCheckerBoard_unsigned_short_unsigned_short_unsigned_short_unsigned_6, i8 %tpgPatternCheckerBoard_unsigned_short_unsigned_short_unsigned_short_unsigned_7, i8 %outpix_5, i8 %outpix_4, i8 %outpix_3, i8 %outpix_2, i8 %outpix_1, i8 %outpix, i8 %p_0_5_0_0_0253384_lcssa402, i8 %p_0_4_0_0_0251382_lcssa399, i8 %p_0_3_0_0_0249380_lcssa396, i8 %p_0_2_0_0_0247378_lcssa393, i8 %p_0_1_0_0_0245376_lcssa390, i8 %p_0_0_0_0_0243374_lcssa387, i8 %blkYuv, i8 %tpgBarSelYuv_y, i8 %tpgBarSelYuv_u, i8 %tpgBarSelYuv_v, i11 %tpgPatternColorBars_unsigned_short_unsigned_short_unsigned_char_int_xBar_6, i8 %tpgPatternColorBars_unsigned_short_unsigned_short_unsigned_char_int_hBarSel_7, i2 %tpgBarSelRgb_r, i2 %tpgBarSelRgb_g, i2 %tpgBarSelRgb_b, i8 %tpgPatternColorBars_unsigned_short_unsigned_short_unsigned_char_int_hBarSel, i11 %tpgPatternColorBars_unsigned_short_unsigned_short_unsigned_char_int_xBar, i32 %s, i3 %tpgTartanBarArray, i10 %tpgPatternTartanColorBars_unsigned_short_unsigned_short_unsigned_short_unsign, i3 %tpgPatternTartanColorBars_unsigned_short_unsigned_short_unsigned_short_unsign_2, i3 %tpgPatternTartanColorBars_unsigned_short_unsigned_short_unsigned_short_unsign_3, i10 %tpgPatternTartanColorBars_unsigned_short_unsigned_short_unsigned_short_unsign_1, i10 %yCount, i3 %vBarSel, i10 %tpgPatternCrossHatch_unsigned_short_unsigned_short_unsigned_short_unsigned_sh, i10 %tpgPatternCrossHatch_unsigned_short_unsigned_short_unsigned_short_unsigned_sh_1, i1 %vHatch, i10 %yCount_1, i8 %blkYuv_1, i8 %whiYuv, i2 %tpgCheckerBoardArray, i10 %tpgPatternCheckerBoard_unsigned_short_unsigned_short_unsigned_short_unsigned_s, i3 %tpgPatternCheckerBoard_unsigned_short_unsigned_short_unsigned_short_unsigned_2, i3 %tpgPatternCheckerBoard_unsigned_short_unsigned_short_unsigned_short_unsigned_3, i10 %tpgPatternCheckerBoard_unsigned_short_unsigned_short_unsigned_short_unsigned_1, i10 %yCount_2, i8 %vBarSel_1, i28 %rSerie, i28 %gSerie, i28 %bSerie" [/home/training/AUPBoard/aup_hdmi_pass_thru_2023p1_working/aup_hdmi_pass_thru_2023p1/HDMI_Pass_Thru_ExDes/v_hdmi_rx_ss_0_ex/v_hdmi_rx_ss_0_ex.runs/exdes_v_tpg_0_synth_1/prj/sol/.autopilot/db/v_tpg.cpp:506]   --->   Operation 100 'call' 'call_ln506' <Predicate = true> <Delay = 0.00> <CoreType = "Generic">   --->   Core 0 '' <Latency = 0> <II = 1> <Delay = 1.00> <Generic> <Opcode : >
ST_4 : Operation 101 [1/1] (0.00ns)   --->   "%br_ln518 = br void %VITIS_LOOP_520_2" [/home/training/AUPBoard/aup_hdmi_pass_thru_2023p1_working/aup_hdmi_pass_thru_2023p1/HDMI_Pass_Thru_ExDes/v_hdmi_rx_ss_0_ex/v_hdmi_rx_ss_0_ex.runs/exdes_v_tpg_0_synth_1/prj/sol/.autopilot/db/v_tpg.cpp:518]   --->   Operation 101 'br' 'br_ln518' <Predicate = true> <Delay = 0.00>


============================================================
+ Verbose Summary: Binding
============================================================
STG Binding: 
---------------- STG Properties BEGIN ----------------
- Is combinational: 0
- Is one-state seq: 0
- Is datapath-only: 0
- Is pipelined: 0
- Is top level: 0
Port [ Return ] is wired: 1; IO mode=ap_ctrl_hs:ce=0
Port [ srcYUV]:  wired=1; compound=1; hidden=0; nouse=0; global=0; static=0; extern=0; dir=0; type=3; pingpong=0; private_global=0; IO mode=ap_fifo:ce=0
Port [ height]:  wired=1; compound=0; hidden=0; nouse=0; global=0; static=0; extern=0; dir=0; type=0; pingpong=0; private_global=0; IO mode=ap_stable:ce=0
Port [ width]:  wired=1; compound=0; hidden=0; nouse=0; global=0; static=0; extern=0; dir=0; type=0; pingpong=0; private_global=0; IO mode=ap_stable:ce=0
Port [ passthruStartX]:  wired=1; compound=0; hidden=0; nouse=0; global=0; static=0; extern=0; dir=0; type=0; pingpong=0; private_global=0; IO mode=ap_stable:ce=0
Port [ passthruStartY]:  wired=1; compound=0; hidden=0; nouse=0; global=0; static=0; extern=0; dir=0; type=0; pingpong=0; private_global=0; IO mode=ap_stable:ce=0
Port [ passthruEndX]:  wired=1; compound=0; hidden=0; nouse=0; global=0; static=0; extern=0; dir=0; type=0; pingpong=0; private_global=0; IO mode=ap_stable:ce=0
Port [ passthruEndY]:  wired=1; compound=0; hidden=0; nouse=0; global=0; static=0; extern=0; dir=0; type=0; pingpong=0; private_global=0; IO mode=ap_stable:ce=0
Port [ enableInput]:  wired=1; compound=0; hidden=0; nouse=0; global=0; static=0; extern=0; dir=0; type=0; pingpong=0; private_global=0; IO mode=ap_stable:ce=0
Port [ bckgndId]:  wired=1; compound=0; hidden=0; nouse=0; global=0; static=0; extern=0; dir=0; type=0; pingpong=0; private_global=0; IO mode=ap_stable:ce=0
Port [ motionSpeed]:  wired=1; compound=0; hidden=0; nouse=0; global=0; static=0; extern=0; dir=0; type=0; pingpong=0; private_global=0; IO mode=ap_stable:ce=0
Port [ colorFormat]:  wired=1; compound=0; hidden=0; nouse=0; global=0; static=0; extern=0; dir=0; type=0; pingpong=0; private_global=0; IO mode=ap_stable:ce=0
Port [ ovrlayYUV]:  wired=1; compound=1; hidden=0; nouse=0; global=0; static=0; extern=0; dir=1; type=3; pingpong=0; private_global=0; IO mode=ap_fifo:ce=0
Port [ tpgPatternColorBars_unsigned_short_unsigned_short_unsigned_char_int_hBarSel]:  wired=0; compound=0; hidden=1; nouse=0; global=1; static=1; extern=0; dir=2; type=0; pingpong=0; private_global=1; IO mode=ap_ovld:ce=0
Port [ tpgPatternColorBars_unsigned_short_unsigned_short_unsigned_char_int_hBarSel_7]:  wired=0; compound=0; hidden=1; nouse=0; global=1; static=1; extern=0; dir=2; type=0; pingpong=0; private_global=1; IO mode=ap_ovld:ce=0
Port [ vBarSel]:  wired=0; compound=0; hidden=1; nouse=0; global=1; static=1; extern=0; dir=2; type=0; pingpong=0; private_global=1; IO mode=ap_ovld:ce=0
Port [ tpgPatternTartanColorBars_unsigned_short_unsigned_short_unsigned_short_unsign_3]:  wired=0; compound=0; hidden=1; nouse=0; global=1; static=1; extern=0; dir=2; type=0; pingpong=0; private_global=1; IO mode=ap_ovld:ce=0
Port [ tpgPatternTartanColorBars_unsigned_short_unsigned_short_unsigned_short_unsign_2]:  wired=0; compound=0; hidden=1; nouse=0; global=1; static=1; extern=0; dir=2; type=0; pingpong=0; private_global=1; IO mode=ap_ovld:ce=0
Port [ vBarSel_1]:  wired=0; compound=0; hidden=1; nouse=0; global=1; static=1; extern=0; dir=2; type=0; pingpong=0; private_global=1; IO mode=ap_ovld:ce=0
Port [ tpgPatternCheckerBoard_unsigned_short_unsigned_short_unsigned_short_unsigned_3]:  wired=0; compound=0; hidden=1; nouse=0; global=1; static=1; extern=0; dir=2; type=0; pingpong=0; private_global=1; IO mode=ap_ovld:ce=0
Port [ tpgPatternCheckerBoard_unsigned_short_unsigned_short_unsigned_short_unsigned_2]:  wired=0; compound=0; hidden=1; nouse=0; global=1; static=1; extern=0; dir=2; type=0; pingpong=0; private_global=1; IO mode=ap_ovld:ce=0
Port [ blkYuv]:  wired=0; compound=1; hidden=1; nouse=1; global=1; static=1; extern=0; dir=0; type=1; pingpong=0; private_global=0; MemPort=[1]; IO mode=ap_memory:ce=0
Port [ tpgBarSelYuv_y]:  wired=0; compound=1; hidden=1; nouse=1; global=1; static=1; extern=0; dir=0; type=1; pingpong=0; private_global=0; MemPort=[11]; IO mode=ap_memory:ce=0
Port [ tpgBarSelYuv_u]:  wired=0; compound=1; hidden=1; nouse=1; global=1; static=1; extern=0; dir=0; type=1; pingpong=0; private_global=0; MemPort=[11]; IO mode=ap_memory:ce=0
Port [ tpgBarSelYuv_v]:  wired=0; compound=1; hidden=1; nouse=1; global=1; static=1; extern=0; dir=0; type=1; pingpong=0; private_global=0; MemPort=[11]; IO mode=ap_memory:ce=0
Port [ tpgPatternColorBars_unsigned_short_unsigned_short_unsigned_char_int_xBar_6]:  wired=0; compound=0; hidden=1; nouse=1; global=1; static=1; extern=0; dir=2; type=0; pingpong=0; private_global=0; IO mode=ap_ovld:ce=0
Port [ tpgBarSelRgb_r]:  wired=0; compound=1; hidden=1; nouse=1; global=1; static=1; extern=0; dir=0; type=1; pingpong=0; private_global=0; MemPort=[11]; IO mode=ap_memory:ce=0
Port [ tpgBarSelRgb_g]:  wired=0; compound=1; hidden=1; nouse=1; global=1; static=1; extern=0; dir=0; type=1; pingpong=0; private_global=0; MemPort=[11]; IO mode=ap_memory:ce=0
Port [ tpgBarSelRgb_b]:  wired=0; compound=1; hidden=1; nouse=1; global=1; static=1; extern=0; dir=0; type=1; pingpong=0; private_global=0; MemPort=[11]; IO mode=ap_memory:ce=0
Port [ tpgPatternColorBars_unsigned_short_unsigned_short_unsigned_char_int_xBar]:  wired=0; compound=0; hidden=1; nouse=1; global=1; static=1; extern=0; dir=2; type=0; pingpong=0; private_global=0; IO mode=ap_ovld:ce=0
Port [ s]:  wired=1; compound=0; hidden=0; nouse=0; global=1; static=1; extern=0; dir=0; type=0; pingpong=0; private_global=0; IO mode=ap_none:ce=0
Port [ tpgTartanBarArray]:  wired=0; compound=1; hidden=1; nouse=1; global=1; static=1; extern=0; dir=0; type=1; pingpong=0; private_global=0; MemPort=[11]; IO mode=ap_memory:ce=0
Port [ tpgPatternTartanColorBars_unsigned_short_unsigned_short_unsigned_short_unsign]:  wired=0; compound=0; hidden=1; nouse=1; global=1; static=1; extern=0; dir=2; type=0; pingpong=0; private_global=0; IO mode=ap_ovld:ce=0
Port [ tpgPatternTartanColorBars_unsigned_short_unsigned_short_unsigned_short_unsign_1]:  wired=0; compound=0; hidden=1; nouse=1; global=1; static=1; extern=0; dir=2; type=0; pingpong=0; private_global=0; IO mode=ap_ovld:ce=0
Port [ yCount]:  wired=0; compound=0; hidden=1; nouse=1; global=1; static=1; extern=0; dir=2; type=0; pingpong=0; private_global=0; IO mode=ap_ovld:ce=0
Port [ tpgPatternCrossHatch_unsigned_short_unsigned_short_unsigned_short_unsigned_sh]:  wired=0; compound=0; hidden=1; nouse=1; global=1; static=1; extern=0; dir=2; type=0; pingpong=0; private_global=0; IO mode=ap_ovld:ce=0
Port [ tpgPatternCrossHatch_unsigned_short_unsigned_short_unsigned_short_unsigned_sh_1]:  wired=0; compound=0; hidden=1; nouse=1; global=1; static=1; extern=0; dir=2; type=0; pingpong=0; private_global=0; IO mode=ap_ovld:ce=0
Port [ vHatch]:  wired=0; compound=0; hidden=1; nouse=1; global=1; static=1; extern=0; dir=2; type=0; pingpong=0; private_global=0; IO mode=ap_ovld:ce=0
Port [ yCount_1]:  wired=0; compound=0; hidden=1; nouse=1; global=1; static=1; extern=0; dir=2; type=0; pingpong=0; private_global=0; IO mode=ap_ovld:ce=0
Port [ blkYuv_1]:  wired=0; compound=1; hidden=1; nouse=1; global=1; static=1; extern=0; dir=0; type=1; pingpong=0; private_global=0; MemPort=[1]; IO mode=ap_memory:ce=0
Port [ whiYuv]:  wired=0; compound=1; hidden=1; nouse=1; global=1; static=1; extern=0; dir=0; type=1; pingpong=0; private_global=0; MemPort=[1]; IO mode=ap_memory:ce=0
Port [ tpgCheckerBoardArray]:  wired=0; compound=1; hidden=1; nouse=1; global=1; static=1; extern=0; dir=0; type=1; pingpong=0; private_global=0; MemPort=[11]; IO mode=ap_memory:ce=0
Port [ tpgPatternCheckerBoard_unsigned_short_unsigned_short_unsigned_short_unsigned_s]:  wired=0; compound=0; hidden=1; nouse=1; global=1; static=1; extern=0; dir=2; type=0; pingpong=0; private_global=0; IO mode=ap_ovld:ce=0
Port [ tpgPatternCheckerBoard_unsigned_short_unsigned_short_unsigned_short_unsigned_1]:  wired=0; compound=0; hidden=1; nouse=1; global=1; static=1; extern=0; dir=2; type=0; pingpong=0; private_global=0; IO mode=ap_ovld:ce=0
Port [ yCount_2]:  wired=0; compound=0; hidden=1; nouse=1; global=1; static=1; extern=0; dir=2; type=0; pingpong=0; private_global=0; IO mode=ap_ovld:ce=0
Port [ rSerie]:  wired=0; compound=0; hidden=1; nouse=1; global=1; static=1; extern=0; dir=2; type=0; pingpong=0; private_global=0; IO mode=ap_ovld:ce=0
Port [ gSerie]:  wired=0; compound=0; hidden=1; nouse=1; global=1; static=1; extern=0; dir=2; type=0; pingpong=0; private_global=0; IO mode=ap_ovld:ce=0
Port [ bSerie]:  wired=0; compound=0; hidden=1; nouse=1; global=1; static=1; extern=0; dir=2; type=0; pingpong=0; private_global=0; IO mode=ap_ovld:ce=0
Port [ rampStart]:  wired=0; compound=0; hidden=1; nouse=0; global=1; static=1; extern=0; dir=2; type=0; pingpong=0; private_global=1; IO mode=ap_ovld:ce=0
---------------- STG Properties END ------------------

---------------- Datapath Model BEGIN ----------------

<LifeTime>
<method=bitvector/>
p_0_0_0_0_0243374_lcssa387                                                       (alloca           ) [ 00111]
p_0_1_0_0_0245376_lcssa390                                                       (alloca           ) [ 00111]
p_0_2_0_0_0247378_lcssa393                                                       (alloca           ) [ 00111]
p_0_3_0_0_0249380_lcssa396                                                       (alloca           ) [ 00111]
p_0_4_0_0_0251382_lcssa399                                                       (alloca           ) [ 00111]
p_0_5_0_0_0253384_lcssa402                                                       (alloca           ) [ 00111]
outpix                                                                           (alloca           ) [ 00111]
outpix_1                                                                         (alloca           ) [ 00111]
outpix_2                                                                         (alloca           ) [ 00111]
outpix_3                                                                         (alloca           ) [ 00111]
outpix_4                                                                         (alloca           ) [ 00111]
outpix_5                                                                         (alloca           ) [ 00111]
y                                                                                (alloca           ) [ 01111]
tpgPatternCheckerBoard_unsigned_short_unsigned_short_unsigned_short_unsigned_7   (alloca           ) [ 01111]
tpgPatternCheckerBoard_unsigned_short_unsigned_short_unsigned_short_unsigned_6   (alloca           ) [ 01111]
vBarSel_1_loc_0                                                                  (alloca           ) [ 01111]
tpgPatternTartanColorBars_unsigned_short_unsigned_short_unsigned_short_unsign_7  (alloca           ) [ 01111]
tpgPatternTartanColorBars_unsigned_short_unsigned_short_unsigned_short_unsign_6  (alloca           ) [ 01111]
vBarSel_loc_0                                                                    (alloca           ) [ 01111]
tpgPatternColorBars_unsigned_short_unsigned_short_unsigned_char_int_hBarSel_7_2  (alloca           ) [ 01111]
tpgPatternColorBars_unsigned_short_unsigned_short_unsigned_char_int_hBarSel_l_1  (alloca           ) [ 01111]
specstablecontent_ln0                                                            (specstablecontent) [ 00000]
specstablecontent_ln0                                                            (specstablecontent) [ 00000]
specstablecontent_ln0                                                            (specstablecontent) [ 00000]
specstablecontent_ln0                                                            (specstablecontent) [ 00000]
specstablecontent_ln0                                                            (specstablecontent) [ 00000]
specstablecontent_ln0                                                            (specstablecontent) [ 00000]
specstablecontent_ln0                                                            (specstablecontent) [ 00000]
specstablecontent_ln0                                                            (specstablecontent) [ 00000]
specstablecontent_ln0                                                            (specstablecontent) [ 00000]
specstablecontent_ln0                                                            (specstablecontent) [ 00000]
specinterface_ln0                                                                (specinterface    ) [ 00000]
specinterface_ln0                                                                (specinterface    ) [ 00000]
loopHeight                                                                       (read             ) [ 00111]
loopWidth                                                                        (read             ) [ 00111]
colorFormatLocal                                                                 (read             ) [ 00000]
enableInput_read                                                                 (read             ) [ 00000]
cmp8                                                                             (icmp             ) [ 00111]
bckgndId_read                                                                    (read             ) [ 00111]
passthruStartX_read                                                              (read             ) [ 00111]
passthruStartY_read                                                              (read             ) [ 00111]
passthruEndX_read                                                                (read             ) [ 00111]
passthruEndY_read                                                                (read             ) [ 00111]
tmp                                                                              (partselect       ) [ 00000]
icmp                                                                             (icmp             ) [ 00111]
trunc_ln1196                                                                     (trunc            ) [ 00111]
trunc_ln1212                                                                     (trunc            ) [ 00111]
tpgPatternColorBars_unsigned_short_unsigned_short_unsigned_char_int_hBarSel_l    (load             ) [ 00000]
tpgPatternColorBars_unsigned_short_unsigned_short_unsigned_char_int_hBarSel_7_3  (load             ) [ 00000]
vBarSel_load                                                                     (load             ) [ 00000]
zext_ln1367                                                                      (zext             ) [ 00000]
tpgPatternTartanColorBars_unsigned_short_unsigned_short_unsigned_short_unsign_10 (load             ) [ 00000]
zext_ln1367_1                                                                    (zext             ) [ 00000]
tpgPatternTartanColorBars_unsigned_short_unsigned_short_unsigned_short_unsign_11 (load             ) [ 00000]
zext_ln1530                                                                      (zext             ) [ 00000]
vBarSel_1_load                                                                   (load             ) [ 00000]
tpgPatternCheckerBoard_unsigned_short_unsigned_short_unsigned_short_unsigned_10  (load             ) [ 00000]
zext_ln1548                                                                      (zext             ) [ 00000]
tpgPatternCheckerBoard_unsigned_short_unsigned_short_unsigned_short_unsigned_11  (load             ) [ 00000]
zext_ln518                                                                       (zext             ) [ 00000]
empty                                                                            (icmp             ) [ 00111]
empty_67                                                                         (icmp             ) [ 00111]
store_ln518                                                                      (store            ) [ 00000]
store_ln518                                                                      (store            ) [ 00000]
store_ln518                                                                      (store            ) [ 00000]
store_ln518                                                                      (store            ) [ 00000]
store_ln518                                                                      (store            ) [ 00000]
store_ln518                                                                      (store            ) [ 00000]
store_ln518                                                                      (store            ) [ 00000]
store_ln518                                                                      (store            ) [ 00000]
store_ln518                                                                      (store            ) [ 00000]
br_ln518                                                                         (br               ) [ 00000]
y_1                                                                              (load             ) [ 00011]
icmp_ln518                                                                       (icmp             ) [ 00111]
add_ln518                                                                        (add              ) [ 00000]
br_ln518                                                                         (br               ) [ 00000]
outpix_load                                                                      (load             ) [ 00011]
outpix_1_load                                                                    (load             ) [ 00011]
outpix_2_load                                                                    (load             ) [ 00011]
outpix_3_load                                                                    (load             ) [ 00011]
outpix_4_load                                                                    (load             ) [ 00011]
outpix_5_load                                                                    (load             ) [ 00011]
cmp59_not                                                                        (icmp             ) [ 00011]
ult                                                                              (icmp             ) [ 00000]
rev340                                                                           (xor              ) [ 00011]
empty_68                                                                         (wait             ) [ 00000]
store_ln518                                                                      (store            ) [ 00000]
rampStart_load                                                                   (load             ) [ 00000]
motionSpeed_read                                                                 (read             ) [ 00000]
add_ln705                                                                        (add              ) [ 00000]
store_ln705                                                                      (store            ) [ 00000]
ret_ln706                                                                        (ret              ) [ 00000]
speclooptripcount_ln507                                                          (speclooptripcount) [ 00000]
specloopname_ln518                                                               (specloopname     ) [ 00000]
call_ln506                                                                       (call             ) [ 00000]
br_ln518                                                                         (br               ) [ 00000]
</LifeTime>

<model>

<comp_list>
<comp id="0" class="1000" name="srcYUV">
<pin_list>
<pin id="1" dir="1" index="0" bw="1" slack="0"/>
</pin_list>
<bind>
<StgValue><ssdm name="srcYUV"/></StgValue>
</bind>
</comp>

<comp id="2" class="1000" name="height">
<pin_list>
<pin id="3" dir="1" index="0" bw="1" slack="0"/>
</pin_list>
<bind>
<StgValue><ssdm name="height"/></StgValue>
</bind>
</comp>

<comp id="4" class="1000" name="width">
<pin_list>
<pin id="5" dir="1" index="0" bw="1" slack="0"/>
</pin_list>
<bind>
<StgValue><ssdm name="width"/></StgValue>
</bind>
</comp>

<comp id="6" class="1000" name="passthruStartX">
<pin_list>
<pin id="7" dir="1" index="0" bw="1" slack="0"/>
</pin_list>
<bind>
<StgValue><ssdm name="passthruStartX"/></StgValue>
</bind>
</comp>

<comp id="8" class="1000" name="passthruStartY">
<pin_list>
<pin id="9" dir="1" index="0" bw="1" slack="0"/>
</pin_list>
<bind>
<StgValue><ssdm name="passthruStartY"/></StgValue>
</bind>
</comp>

<comp id="10" class="1000" name="passthruEndX">
<pin_list>
<pin id="11" dir="1" index="0" bw="1" slack="0"/>
</pin_list>
<bind>
<StgValue><ssdm name="passthruEndX"/></StgValue>
</bind>
</comp>

<comp id="12" class="1000" name="passthruEndY">
<pin_list>
<pin id="13" dir="1" index="0" bw="1" slack="0"/>
</pin_list>
<bind>
<StgValue><ssdm name="passthruEndY"/></StgValue>
</bind>
</comp>

<comp id="14" class="1000" name="enableInput">
<pin_list>
<pin id="15" dir="1" index="0" bw="1" slack="0"/>
</pin_list>
<bind>
<StgValue><ssdm name="enableInput"/></StgValue>
</bind>
</comp>

<comp id="16" class="1000" name="bckgndId">
<pin_list>
<pin id="17" dir="1" index="0" bw="1" slack="0"/>
</pin_list>
<bind>
<StgValue><ssdm name="bckgndId"/></StgValue>
</bind>
</comp>

<comp id="18" class="1000" name="motionSpeed">
<pin_list>
<pin id="19" dir="1" index="0" bw="1" slack="0"/>
</pin_list>
<bind>
<StgValue><ssdm name="motionSpeed"/></StgValue>
</bind>
</comp>

<comp id="20" class="1000" name="colorFormat">
<pin_list>
<pin id="21" dir="1" index="0" bw="1" slack="0"/>
</pin_list>
<bind>
<StgValue><ssdm name="colorFormat"/></StgValue>
</bind>
</comp>

<comp id="22" class="1000" name="ovrlayYUV">
<pin_list>
<pin id="23" dir="1" index="0" bw="1" slack="0"/>
</pin_list>
<bind>
<StgValue><ssdm name="ovrlayYUV"/></StgValue>
</bind>
</comp>

<comp id="24" class="1000" name="tpgPatternColorBars_unsigned_short_unsigned_short_unsigned_char_int_hBarSel">
<pin_list>
<pin id="25" dir="1" index="0" bw="1" slack="0"/>
</pin_list>
<bind>
<StgValue><ssdm name="tpgPatternColorBars_unsigned_short_unsigned_short_unsigned_char_int_hBarSel"/></StgValue>
</bind>
</comp>

<comp id="26" class="1000" name="tpgPatternColorBars_unsigned_short_unsigned_short_unsigned_char_int_hBarSel_7">
<pin_list>
<pin id="27" dir="1" index="0" bw="1" slack="0"/>
</pin_list>
<bind>
<StgValue><ssdm name="tpgPatternColorBars_unsigned_short_unsigned_short_unsigned_char_int_hBarSel_7"/></StgValue>
</bind>
</comp>

<comp id="28" class="1000" name="vBarSel">
<pin_list>
<pin id="29" dir="1" index="0" bw="1" slack="0"/>
</pin_list>
<bind>
<StgValue><ssdm name="vBarSel"/></StgValue>
</bind>
</comp>

<comp id="30" class="1000" name="tpgPatternTartanColorBars_unsigned_short_unsigned_short_unsigned_short_unsign_3">
<pin_list>
<pin id="31" dir="1" index="0" bw="1" slack="0"/>
</pin_list>
<bind>
<StgValue><ssdm name="tpgPatternTartanColorBars_unsigned_short_unsigned_short_unsigned_short_unsign_3"/></StgValue>
</bind>
</comp>

<comp id="32" class="1000" name="tpgPatternTartanColorBars_unsigned_short_unsigned_short_unsigned_short_unsign_2">
<pin_list>
<pin id="33" dir="1" index="0" bw="1" slack="0"/>
</pin_list>
<bind>
<StgValue><ssdm name="tpgPatternTartanColorBars_unsigned_short_unsigned_short_unsigned_short_unsign_2"/></StgValue>
</bind>
</comp>

<comp id="34" class="1000" name="vBarSel_1">
<pin_list>
<pin id="35" dir="1" index="0" bw="1" slack="0"/>
</pin_list>
<bind>
<StgValue><ssdm name="vBarSel_1"/></StgValue>
</bind>
</comp>

<comp id="36" class="1000" name="tpgPatternCheckerBoard_unsigned_short_unsigned_short_unsigned_short_unsigned_3">
<pin_list>
<pin id="37" dir="1" index="0" bw="1" slack="0"/>
</pin_list>
<bind>
<StgValue><ssdm name="tpgPatternCheckerBoard_unsigned_short_unsigned_short_unsigned_short_unsigned_3"/></StgValue>
</bind>
</comp>

<comp id="38" class="1000" name="tpgPatternCheckerBoard_unsigned_short_unsigned_short_unsigned_short_unsigned_2">
<pin_list>
<pin id="39" dir="1" index="0" bw="1" slack="0"/>
</pin_list>
<bind>
<StgValue><ssdm name="tpgPatternCheckerBoard_unsigned_short_unsigned_short_unsigned_short_unsigned_2"/></StgValue>
</bind>
</comp>

<comp id="40" class="1000" name="blkYuv">
<pin_list>
<pin id="41" dir="1" index="0" bw="1" slack="0"/>
</pin_list>
<bind>
<StgValue><ssdm name="blkYuv"/><MemPortTyVec>1 </MemPortTyVec>
</StgValue>
</bind>
</comp>

<comp id="42" class="1000" name="tpgBarSelYuv_y">
<pin_list>
<pin id="43" dir="1" index="0" bw="1" slack="0"/>
</pin_list>
<bind>
<StgValue><ssdm name="tpgBarSelYuv_y"/><MemPortTyVec>1 1 </MemPortTyVec>
</StgValue>
</bind>
</comp>

<comp id="44" class="1000" name="tpgBarSelYuv_u">
<pin_list>
<pin id="45" dir="1" index="0" bw="1" slack="0"/>
</pin_list>
<bind>
<StgValue><ssdm name="tpgBarSelYuv_u"/><MemPortTyVec>1 1 </MemPortTyVec>
</StgValue>
</bind>
</comp>

<comp id="46" class="1000" name="tpgBarSelYuv_v">
<pin_list>
<pin id="47" dir="1" index="0" bw="1" slack="0"/>
</pin_list>
<bind>
<StgValue><ssdm name="tpgBarSelYuv_v"/><MemPortTyVec>1 1 </MemPortTyVec>
</StgValue>
</bind>
</comp>

<comp id="48" class="1000" name="tpgPatternColorBars_unsigned_short_unsigned_short_unsigned_char_int_xBar_6">
<pin_list>
<pin id="49" dir="1" index="0" bw="1" slack="0"/>
</pin_list>
<bind>
<StgValue><ssdm name="tpgPatternColorBars_unsigned_short_unsigned_short_unsigned_char_int_xBar_6"/></StgValue>
</bind>
</comp>

<comp id="50" class="1000" name="tpgBarSelRgb_r">
<pin_list>
<pin id="51" dir="1" index="0" bw="1" slack="0"/>
</pin_list>
<bind>
<StgValue><ssdm name="tpgBarSelRgb_r"/><MemPortTyVec>1 1 </MemPortTyVec>
</StgValue>
</bind>
</comp>

<comp id="52" class="1000" name="tpgBarSelRgb_g">
<pin_list>
<pin id="53" dir="1" index="0" bw="1" slack="0"/>
</pin_list>
<bind>
<StgValue><ssdm name="tpgBarSelRgb_g"/><MemPortTyVec>1 1 </MemPortTyVec>
</StgValue>
</bind>
</comp>

<comp id="54" class="1000" name="tpgBarSelRgb_b">
<pin_list>
<pin id="55" dir="1" index="0" bw="1" slack="0"/>
</pin_list>
<bind>
<StgValue><ssdm name="tpgBarSelRgb_b"/><MemPortTyVec>1 1 </MemPortTyVec>
</StgValue>
</bind>
</comp>

<comp id="56" class="1000" name="tpgPatternColorBars_unsigned_short_unsigned_short_unsigned_char_int_xBar">
<pin_list>
<pin id="57" dir="1" index="0" bw="1" slack="0"/>
</pin_list>
<bind>
<StgValue><ssdm name="tpgPatternColorBars_unsigned_short_unsigned_short_unsigned_char_int_xBar"/></StgValue>
</bind>
</comp>

<comp id="58" class="1000" name="s">
<pin_list>
<pin id="59" dir="1" index="0" bw="1" slack="0"/>
</pin_list>
<bind>
<StgValue><ssdm name="s"/></StgValue>
</bind>
</comp>

<comp id="60" class="1000" name="tpgTartanBarArray">
<pin_list>
<pin id="61" dir="1" index="0" bw="1" slack="0"/>
</pin_list>
<bind>
<StgValue><ssdm name="tpgTartanBarArray"/><MemPortTyVec>1 1 </MemPortTyVec>
</StgValue>
</bind>
</comp>

<comp id="62" class="1000" name="tpgPatternTartanColorBars_unsigned_short_unsigned_short_unsigned_short_unsign">
<pin_list>
<pin id="63" dir="1" index="0" bw="1" slack="0"/>
</pin_list>
<bind>
<StgValue><ssdm name="tpgPatternTartanColorBars_unsigned_short_unsigned_short_unsigned_short_unsign"/></StgValue>
</bind>
</comp>

<comp id="64" class="1000" name="tpgPatternTartanColorBars_unsigned_short_unsigned_short_unsigned_short_unsign_1">
<pin_list>
<pin id="65" dir="1" index="0" bw="1" slack="0"/>
</pin_list>
<bind>
<StgValue><ssdm name="tpgPatternTartanColorBars_unsigned_short_unsigned_short_unsigned_short_unsign_1"/></StgValue>
</bind>
</comp>

<comp id="66" class="1000" name="yCount">
<pin_list>
<pin id="67" dir="1" index="0" bw="1" slack="0"/>
</pin_list>
<bind>
<StgValue><ssdm name="yCount"/></StgValue>
</bind>
</comp>

<comp id="68" class="1000" name="tpgPatternCrossHatch_unsigned_short_unsigned_short_unsigned_short_unsigned_sh">
<pin_list>
<pin id="69" dir="1" index="0" bw="1" slack="0"/>
</pin_list>
<bind>
<StgValue><ssdm name="tpgPatternCrossHatch_unsigned_short_unsigned_short_unsigned_short_unsigned_sh"/></StgValue>
</bind>
</comp>

<comp id="70" class="1000" name="tpgPatternCrossHatch_unsigned_short_unsigned_short_unsigned_short_unsigned_sh_1">
<pin_list>
<pin id="71" dir="1" index="0" bw="1" slack="0"/>
</pin_list>
<bind>
<StgValue><ssdm name="tpgPatternCrossHatch_unsigned_short_unsigned_short_unsigned_short_unsigned_sh_1"/></StgValue>
</bind>
</comp>

<comp id="72" class="1000" name="vHatch">
<pin_list>
<pin id="73" dir="1" index="0" bw="1" slack="0"/>
</pin_list>
<bind>
<StgValue><ssdm name="vHatch"/></StgValue>
</bind>
</comp>

<comp id="74" class="1000" name="yCount_1">
<pin_list>
<pin id="75" dir="1" index="0" bw="1" slack="0"/>
</pin_list>
<bind>
<StgValue><ssdm name="yCount_1"/></StgValue>
</bind>
</comp>

<comp id="76" class="1000" name="blkYuv_1">
<pin_list>
<pin id="77" dir="1" index="0" bw="1" slack="0"/>
</pin_list>
<bind>
<StgValue><ssdm name="blkYuv_1"/><MemPortTyVec>1 </MemPortTyVec>
</StgValue>
</bind>
</comp>

<comp id="78" class="1000" name="whiYuv">
<pin_list>
<pin id="79" dir="1" index="0" bw="1" slack="0"/>
</pin_list>
<bind>
<StgValue><ssdm name="whiYuv"/><MemPortTyVec>1 </MemPortTyVec>
</StgValue>
</bind>
</comp>

<comp id="80" class="1000" name="tpgCheckerBoardArray">
<pin_list>
<pin id="81" dir="1" index="0" bw="1" slack="0"/>
</pin_list>
<bind>
<StgValue><ssdm name="tpgCheckerBoardArray"/><MemPortTyVec>1 1 </MemPortTyVec>
</StgValue>
</bind>
</comp>

<comp id="82" class="1000" name="tpgPatternCheckerBoard_unsigned_short_unsigned_short_unsigned_short_unsigned_s">
<pin_list>
<pin id="83" dir="1" index="0" bw="1" slack="0"/>
</pin_list>
<bind>
<StgValue><ssdm name="tpgPatternCheckerBoard_unsigned_short_unsigned_short_unsigned_short_unsigned_s"/></StgValue>
</bind>
</comp>

<comp id="84" class="1000" name="tpgPatternCheckerBoard_unsigned_short_unsigned_short_unsigned_short_unsigned_1">
<pin_list>
<pin id="85" dir="1" index="0" bw="1" slack="0"/>
</pin_list>
<bind>
<StgValue><ssdm name="tpgPatternCheckerBoard_unsigned_short_unsigned_short_unsigned_short_unsigned_1"/></StgValue>
</bind>
</comp>

<comp id="86" class="1000" name="yCount_2">
<pin_list>
<pin id="87" dir="1" index="0" bw="1" slack="0"/>
</pin_list>
<bind>
<StgValue><ssdm name="yCount_2"/></StgValue>
</bind>
</comp>

<comp id="88" class="1000" name="rSerie">
<pin_list>
<pin id="89" dir="1" index="0" bw="1" slack="0"/>
</pin_list>
<bind>
<StgValue><ssdm name="rSerie"/></StgValue>
</bind>
</comp>

<comp id="90" class="1000" name="gSerie">
<pin_list>
<pin id="91" dir="1" index="0" bw="1" slack="0"/>
</pin_list>
<bind>
<StgValue><ssdm name="gSerie"/></StgValue>
</bind>
</comp>

<comp id="92" class="1000" name="bSerie">
<pin_list>
<pin id="93" dir="1" index="0" bw="1" slack="0"/>
</pin_list>
<bind>
<StgValue><ssdm name="bSerie"/></StgValue>
</bind>
</comp>

<comp id="94" class="1000" name="rampStart">
<pin_list>
<pin id="95" dir="1" index="0" bw="1" slack="0"/>
</pin_list>
<bind>
<StgValue><ssdm name="rampStart"/></StgValue>
</bind>
</comp>

<comp id="96" class="1001" name="const_96">
<pin_list>
<pin id="97" dir="1" index="0" bw="1" slack="0"/>
</pin_list>
<bind>
<StgValue><ssdm name=""/></StgValue>
</bind>
</comp>

<comp id="98" class="1001" name="const_98">
<pin_list>
<pin id="99" dir="1" index="0" bw="1" slack="2147483647"/>
</pin_list>
<bind>
<StgValue><ssdm name="_ssdm_op_SpecStableContent"/></StgValue>
</bind>
</comp>

<comp id="100" class="1001" name="const_100">
<pin_list>
<pin id="101" dir="1" index="0" bw="1" slack="2147483647"/>
</pin_list>
<bind>
<StgValue><ssdm name=""/></StgValue>
</bind>
</comp>

<comp id="102" class="1001" name="const_102">
<pin_list>
<pin id="103" dir="1" index="0" bw="1" slack="2147483647"/>
</pin_list>
<bind>
<StgValue><ssdm name="_ssdm_op_SpecInterface"/></StgValue>
</bind>
</comp>

<comp id="104" class="1001" name="const_104">
<pin_list>
<pin id="105" dir="1" index="0" bw="1" slack="2147483647"/>
</pin_list>
<bind>
<StgValue><ssdm name="empty_40"/></StgValue>
</bind>
</comp>

<comp id="106" class="1001" name="const_106">
<pin_list>
<pin id="107" dir="1" index="0" bw="1" slack="2147483647"/>
</pin_list>
<bind>
<StgValue><ssdm name=""/></StgValue>
</bind>
</comp>

<comp id="108" class="1001" name="const_108">
<pin_list>
<pin id="109" dir="1" index="0" bw="1" slack="2147483647"/>
</pin_list>
<bind>
<StgValue><ssdm name="empty_29"/></StgValue>
</bind>
</comp>

<comp id="110" class="1001" name="const_110">
<pin_list>
<pin id="111" dir="1" index="0" bw="1" slack="2147483647"/>
</pin_list>
<bind>
<StgValue><ssdm name=""/></StgValue>
</bind>
</comp>

<comp id="112" class="1001" name="const_112">
<pin_list>
<pin id="113" dir="1" index="0" bw="1" slack="0"/>
</pin_list>
<bind>
<StgValue><ssdm name="_ssdm_op_Read.ap_auto.i16P0A"/></StgValue>
</bind>
</comp>

<comp id="114" class="1001" name="const_114">
<pin_list>
<pin id="115" dir="1" index="0" bw="1" slack="0"/>
</pin_list>
<bind>
<StgValue><ssdm name="_ssdm_op_Read.ap_auto.i8P0A"/></StgValue>
</bind>
</comp>

<comp id="116" class="1001" name="const_116">
<pin_list>
<pin id="117" dir="1" index="0" bw="1" slack="0"/>
</pin_list>
<bind>
<StgValue><ssdm name=""/></StgValue>
</bind>
</comp>

<comp id="118" class="1001" name="const_118">
<pin_list>
<pin id="119" dir="1" index="0" bw="1" slack="0"/>
</pin_list>
<bind>
<StgValue><ssdm name="_ssdm_op_PartSelect.i7.i8.i32.i32"/></StgValue>
</bind>
</comp>

<comp id="120" class="1001" name="const_120">
<pin_list>
<pin id="121" dir="1" index="0" bw="1" slack="0"/>
</pin_list>
<bind>
<StgValue><ssdm name=""/></StgValue>
</bind>
</comp>

<comp id="122" class="1001" name="const_122">
<pin_list>
<pin id="123" dir="1" index="0" bw="1" slack="0"/>
</pin_list>
<bind>
<StgValue><ssdm name=""/></StgValue>
</bind>
</comp>

<comp id="124" class="1001" name="const_124">
<pin_list>
<pin id="125" dir="1" index="0" bw="1" slack="0"/>
</pin_list>
<bind>
<StgValue><ssdm name=""/></StgValue>
</bind>
</comp>

<comp id="126" class="1001" name="const_126">
<pin_list>
<pin id="127" dir="1" index="0" bw="1" slack="0"/>
</pin_list>
<bind>
<StgValue><ssdm name=""/></StgValue>
</bind>
</comp>

<comp id="128" class="1001" name="const_128">
<pin_list>
<pin id="129" dir="1" index="0" bw="1" slack="0"/>
</pin_list>
<bind>
<StgValue><ssdm name=""/></StgValue>
</bind>
</comp>

<comp id="130" class="1001" name="const_130">
<pin_list>
<pin id="131" dir="1" index="0" bw="1" slack="0"/>
</pin_list>
<bind>
<StgValue><ssdm name=""/></StgValue>
</bind>
</comp>

<comp id="132" class="1001" name="const_132">
<pin_list>
<pin id="133" dir="1" index="0" bw="1" slack="2147483647"/>
</pin_list>
<bind>
<StgValue><ssdm name="_ssdm_op_Wait"/></StgValue>
</bind>
</comp>

<comp id="134" class="1001" name="const_134">
<pin_list>
<pin id="135" dir="1" index="0" bw="1" slack="0"/>
</pin_list>
<bind>
<StgValue><ssdm name="tpgBackground_Pipeline_VITIS_LOOP_520_2"/></StgValue>
</bind>
</comp>

<comp id="136" class="1001" name="const_136">
<pin_list>
<pin id="137" dir="1" index="0" bw="1" slack="2147483647"/>
</pin_list>
<bind>
<StgValue><ssdm name="_ssdm_op_SpecLoopTripCount"/></StgValue>
</bind>
</comp>

<comp id="138" class="1001" name="const_138">
<pin_list>
<pin id="139" dir="1" index="0" bw="1" slack="2147483647"/>
</pin_list>
<bind>
<StgValue><ssdm name=""/></StgValue>
</bind>
</comp>

<comp id="140" class="1001" name="const_140">
<pin_list>
<pin id="141" dir="1" index="0" bw="1" slack="2147483647"/>
</pin_list>
<bind>
<StgValue><ssdm name=""/></StgValue>
</bind>
</comp>

<comp id="142" class="1001" name="const_142">
<pin_list>
<pin id="143" dir="1" index="0" bw="1" slack="2147483647"/>
</pin_list>
<bind>
<StgValue><ssdm name=""/></StgValue>
</bind>
</comp>

<comp id="144" class="1001" name="const_144">
<pin_list>
<pin id="145" dir="1" index="0" bw="1" slack="2147483647"/>
</pin_list>
<bind>
<StgValue><ssdm name="_ssdm_op_SpecLoopName"/></StgValue>
</bind>
</comp>

<comp id="146" class="1001" name="const_146">
<pin_list>
<pin id="147" dir="1" index="0" bw="1" slack="2147483647"/>
</pin_list>
<bind>
<StgValue><ssdm name="empty_37"/></StgValue>
</bind>
</comp>

<comp id="148" class="1004" name="p_0_0_0_0_0243374_lcssa387_fu_148">
<pin_list>
<pin id="149" dir="0" index="0" bw="1" slack="0"/>
<pin id="150" dir="1" index="1" bw="8" slack="2"/>
</pin_list>
<bind>
<opcode="alloca(26) " fcode="alloca"/>
<opset="p_0_0_0_0_0243374_lcssa387/1 "/>
</bind>
</comp>

<comp id="152" class="1004" name="p_0_1_0_0_0245376_lcssa390_fu_152">
<pin_list>
<pin id="153" dir="0" index="0" bw="1" slack="0"/>
<pin id="154" dir="1" index="1" bw="8" slack="2"/>
</pin_list>
<bind>
<opcode="alloca(26) " fcode="alloca"/>
<opset="p_0_1_0_0_0245376_lcssa390/1 "/>
</bind>
</comp>

<comp id="156" class="1004" name="p_0_2_0_0_0247378_lcssa393_fu_156">
<pin_list>
<pin id="157" dir="0" index="0" bw="1" slack="0"/>
<pin id="158" dir="1" index="1" bw="8" slack="2"/>
</pin_list>
<bind>
<opcode="alloca(26) " fcode="alloca"/>
<opset="p_0_2_0_0_0247378_lcssa393/1 "/>
</bind>
</comp>

<comp id="160" class="1004" name="p_0_3_0_0_0249380_lcssa396_fu_160">
<pin_list>
<pin id="161" dir="0" index="0" bw="1" slack="0"/>
<pin id="162" dir="1" index="1" bw="8" slack="2"/>
</pin_list>
<bind>
<opcode="alloca(26) " fcode="alloca"/>
<opset="p_0_3_0_0_0249380_lcssa396/1 "/>
</bind>
</comp>

<comp id="164" class="1004" name="p_0_4_0_0_0251382_lcssa399_fu_164">
<pin_list>
<pin id="165" dir="0" index="0" bw="1" slack="0"/>
<pin id="166" dir="1" index="1" bw="8" slack="2"/>
</pin_list>
<bind>
<opcode="alloca(26) " fcode="alloca"/>
<opset="p_0_4_0_0_0251382_lcssa399/1 "/>
</bind>
</comp>

<comp id="168" class="1004" name="p_0_5_0_0_0253384_lcssa402_fu_168">
<pin_list>
<pin id="169" dir="0" index="0" bw="1" slack="0"/>
<pin id="170" dir="1" index="1" bw="8" slack="2"/>
</pin_list>
<bind>
<opcode="alloca(26) " fcode="alloca"/>
<opset="p_0_5_0_0_0253384_lcssa402/1 "/>
</bind>
</comp>

<comp id="172" class="1004" name="outpix_fu_172">
<pin_list>
<pin id="173" dir="0" index="0" bw="1" slack="0"/>
<pin id="174" dir="1" index="1" bw="8" slack="1"/>
</pin_list>
<bind>
<opcode="alloca(26) " fcode="alloca"/>
<opset="outpix/1 "/>
</bind>
</comp>

<comp id="176" class="1004" name="outpix_1_fu_176">
<pin_list>
<pin id="177" dir="0" index="0" bw="1" slack="0"/>
<pin id="178" dir="1" index="1" bw="8" slack="1"/>
</pin_list>
<bind>
<opcode="alloca(26) " fcode="alloca"/>
<opset="outpix_1/1 "/>
</bind>
</comp>

<comp id="180" class="1004" name="outpix_2_fu_180">
<pin_list>
<pin id="181" dir="0" index="0" bw="1" slack="0"/>
<pin id="182" dir="1" index="1" bw="8" slack="1"/>
</pin_list>
<bind>
<opcode="alloca(26) " fcode="alloca"/>
<opset="outpix_2/1 "/>
</bind>
</comp>

<comp id="184" class="1004" name="outpix_3_fu_184">
<pin_list>
<pin id="185" dir="0" index="0" bw="1" slack="0"/>
<pin id="186" dir="1" index="1" bw="8" slack="1"/>
</pin_list>
<bind>
<opcode="alloca(26) " fcode="alloca"/>
<opset="outpix_3/1 "/>
</bind>
</comp>

<comp id="188" class="1004" name="outpix_4_fu_188">
<pin_list>
<pin id="189" dir="0" index="0" bw="1" slack="0"/>
<pin id="190" dir="1" index="1" bw="8" slack="1"/>
</pin_list>
<bind>
<opcode="alloca(26) " fcode="alloca"/>
<opset="outpix_4/1 "/>
</bind>
</comp>

<comp id="192" class="1004" name="outpix_5_fu_192">
<pin_list>
<pin id="193" dir="0" index="0" bw="1" slack="0"/>
<pin id="194" dir="1" index="1" bw="8" slack="1"/>
</pin_list>
<bind>
<opcode="alloca(26) " fcode="alloca"/>
<opset="outpix_5/1 "/>
</bind>
</comp>

<comp id="196" class="1004" name="y_fu_196">
<pin_list>
<pin id="197" dir="0" index="0" bw="1" slack="0"/>
<pin id="198" dir="1" index="1" bw="16" slack="0"/>
</pin_list>
<bind>
<opcode="alloca(26) " fcode="alloca"/>
<opset="y/1 "/>
</bind>
</comp>

<comp id="200" class="1004" name="tpgPatternCheckerBoard_unsigned_short_unsigned_short_unsigned_short_unsigned_7_fu_200">
<pin_list>
<pin id="201" dir="0" index="0" bw="1" slack="0"/>
<pin id="202" dir="1" index="1" bw="8" slack="0"/>
</pin_list>
<bind>
<opcode="alloca(26) " fcode="alloca"/>
<opset="tpgPatternCheckerBoard_unsigned_short_unsigned_short_unsigned_short_unsigned_7/1 "/>
</bind>
</comp>

<comp id="204" class="1004" name="tpgPatternCheckerBoard_unsigned_short_unsigned_short_unsigned_short_unsigned_6_fu_204">
<pin_list>
<pin id="205" dir="0" index="0" bw="1" slack="0"/>
<pin id="206" dir="1" index="1" bw="8" slack="0"/>
</pin_list>
<bind>
<opcode="alloca(26) " fcode="alloca"/>
<opset="tpgPatternCheckerBoard_unsigned_short_unsigned_short_unsigned_short_unsigned_6/1 "/>
</bind>
</comp>

<comp id="208" class="1004" name="vBarSel_1_loc_0_fu_208">
<pin_list>
<pin id="209" dir="0" index="0" bw="1" slack="0"/>
<pin id="210" dir="1" index="1" bw="8" slack="0"/>
</pin_list>
<bind>
<opcode="alloca(26) " fcode="alloca"/>
<opset="vBarSel_1_loc_0/1 "/>
</bind>
</comp>

<comp id="212" class="1004" name="tpgPatternTartanColorBars_unsigned_short_unsigned_short_unsigned_short_unsign_7_fu_212">
<pin_list>
<pin id="213" dir="0" index="0" bw="1" slack="0"/>
<pin id="214" dir="1" index="1" bw="8" slack="0"/>
</pin_list>
<bind>
<opcode="alloca(26) " fcode="alloca"/>
<opset="tpgPatternTartanColorBars_unsigned_short_unsigned_short_unsigned_short_unsign_7/1 "/>
</bind>
</comp>

<comp id="216" class="1004" name="tpgPatternTartanColorBars_unsigned_short_unsigned_short_unsigned_short_unsign_6_fu_216">
<pin_list>
<pin id="217" dir="0" index="0" bw="1" slack="0"/>
<pin id="218" dir="1" index="1" bw="8" slack="0"/>
</pin_list>
<bind>
<opcode="alloca(26) " fcode="alloca"/>
<opset="tpgPatternTartanColorBars_unsigned_short_unsigned_short_unsigned_short_unsign_6/1 "/>
</bind>
</comp>

<comp id="220" class="1004" name="vBarSel_loc_0_fu_220">
<pin_list>
<pin id="221" dir="0" index="0" bw="1" slack="0"/>
<pin id="222" dir="1" index="1" bw="8" slack="0"/>
</pin_list>
<bind>
<opcode="alloca(26) " fcode="alloca"/>
<opset="vBarSel_loc_0/1 "/>
</bind>
</comp>

<comp id="224" class="1004" name="tpgPatternColorBars_unsigned_short_unsigned_short_unsigned_char_int_hBarSel_7_2_fu_224">
<pin_list>
<pin id="225" dir="0" index="0" bw="1" slack="0"/>
<pin id="226" dir="1" index="1" bw="8" slack="0"/>
</pin_list>
<bind>
<opcode="alloca(26) " fcode="alloca"/>
<opset="tpgPatternColorBars_unsigned_short_unsigned_short_unsigned_char_int_hBarSel_7_2/1 "/>
</bind>
</comp>

<comp id="228" class="1004" name="tpgPatternColorBars_unsigned_short_unsigned_short_unsigned_char_int_hBarSel_l_1_fu_228">
<pin_list>
<pin id="229" dir="0" index="0" bw="1" slack="0"/>
<pin id="230" dir="1" index="1" bw="8" slack="0"/>
</pin_list>
<bind>
<opcode="alloca(26) " fcode="alloca"/>
<opset="tpgPatternColorBars_unsigned_short_unsigned_short_unsigned_char_int_hBarSel_l_1/1 "/>
</bind>
</comp>

<comp id="232" class="1004" name="loopHeight_read_fu_232">
<pin_list>
<pin id="233" dir="0" index="0" bw="16" slack="0"/>
<pin id="234" dir="0" index="1" bw="16" slack="0"/>
<pin id="235" dir="1" index="2" bw="16" slack="0"/>
</pin_list>
<bind>
<opcode="read(1150) " fcode="read"/>
<opset="loopHeight/1 "/>
</bind>
</comp>

<comp id="238" class="1004" name="loopWidth_read_fu_238">
<pin_list>
<pin id="239" dir="0" index="0" bw="16" slack="0"/>
<pin id="240" dir="0" index="1" bw="16" slack="0"/>
<pin id="241" dir="1" index="2" bw="16" slack="0"/>
</pin_list>
<bind>
<opcode="read(1150) " fcode="read"/>
<opset="loopWidth/1 "/>
</bind>
</comp>

<comp id="244" class="1004" name="colorFormatLocal_read_fu_244">
<pin_list>
<pin id="245" dir="0" index="0" bw="8" slack="0"/>
<pin id="246" dir="0" index="1" bw="8" slack="0"/>
<pin id="247" dir="1" index="2" bw="8" slack="0"/>
</pin_list>
<bind>
<opcode="read(1150) " fcode="read"/>
<opset="colorFormatLocal/1 "/>
</bind>
</comp>

<comp id="250" class="1004" name="enableInput_read_read_fu_250">
<pin_list>
<pin id="251" dir="0" index="0" bw="8" slack="0"/>
<pin id="252" dir="0" index="1" bw="8" slack="0"/>
<pin id="253" dir="1" index="2" bw="8" slack="0"/>
</pin_list>
<bind>
<opcode="read(1150) " fcode="read"/>
<opset="enableInput_read/1 "/>
</bind>
</comp>

<comp id="256" class="1004" name="bckgndId_read_read_fu_256">
<pin_list>
<pin id="257" dir="0" index="0" bw="8" slack="0"/>
<pin id="258" dir="0" index="1" bw="8" slack="0"/>
<pin id="259" dir="1" index="2" bw="8" slack="2"/>
</pin_list>
<bind>
<opcode="read(1150) " fcode="read"/>
<opset="bckgndId_read/1 "/>
</bind>
</comp>

<comp id="262" class="1004" name="passthruStartX_read_read_fu_262">
<pin_list>
<pin id="263" dir="0" index="0" bw="16" slack="0"/>
<pin id="264" dir="0" index="1" bw="16" slack="0"/>
<pin id="265" dir="1" index="2" bw="16" slack="2"/>
</pin_list>
<bind>
<opcode="read(1150) " fcode="read"/>
<opset="passthruStartX_read/1 "/>
</bind>
</comp>

<comp id="268" class="1004" name="passthruStartY_read_read_fu_268">
<pin_list>
<pin id="269" dir="0" index="0" bw="16" slack="0"/>
<pin id="270" dir="0" index="1" bw="16" slack="0"/>
<pin id="271" dir="1" index="2" bw="16" slack="1"/>
</pin_list>
<bind>
<opcode="read(1150) " fcode="read"/>
<opset="passthruStartY_read/1 "/>
</bind>
</comp>

<comp id="274" class="1004" name="passthruEndX_read_read_fu_274">
<pin_list>
<pin id="275" dir="0" index="0" bw="16" slack="0"/>
<pin id="276" dir="0" index="1" bw="16" slack="0"/>
<pin id="277" dir="1" index="2" bw="16" slack="2"/>
</pin_list>
<bind>
<opcode="read(1150) " fcode="read"/>
<opset="passthruEndX_read/1 "/>
</bind>
</comp>

<comp id="280" class="1004" name="passthruEndY_read_read_fu_280">
<pin_list>
<pin id="281" dir="0" index="0" bw="16" slack="0"/>
<pin id="282" dir="0" index="1" bw="16" slack="0"/>
<pin id="283" dir="1" index="2" bw="16" slack="1"/>
</pin_list>
<bind>
<opcode="read(1150) " fcode="read"/>
<opset="passthruEndY_read/1 "/>
</bind>
</comp>

<comp id="286" class="1004" name="motionSpeed_read_read_fu_286">
<pin_list>
<pin id="287" dir="0" index="0" bw="8" slack="0"/>
<pin id="288" dir="0" index="1" bw="8" slack="0"/>
<pin id="289" dir="1" index="2" bw="8" slack="0"/>
</pin_list>
<bind>
<opcode="read(1150) " fcode="read"/>
<opset="motionSpeed_read/2 "/>
</bind>
</comp>

<comp id="292" class="1004" name="grp_tpgBackground_Pipeline_VITIS_LOOP_520_2_fu_292">
<pin_list>
<pin id="293" dir="0" index="0" bw="0" slack="0"/>
<pin id="294" dir="0" index="1" bw="8" slack="2"/>
<pin id="295" dir="0" index="2" bw="8" slack="2"/>
<pin id="296" dir="0" index="3" bw="8" slack="2"/>
<pin id="297" dir="0" index="4" bw="8" slack="2"/>
<pin id="298" dir="0" index="5" bw="8" slack="2"/>
<pin id="299" dir="0" index="6" bw="8" slack="2"/>
<pin id="300" dir="0" index="7" bw="16" slack="2"/>
<pin id="301" dir="0" index="8" bw="48" slack="0"/>
<pin id="302" dir="0" index="9" bw="1" slack="2"/>
<pin id="303" dir="0" index="10" bw="8" slack="2"/>
<pin id="304" dir="0" index="11" bw="48" slack="0"/>
<pin id="305" dir="0" index="12" bw="1" slack="2"/>
<pin id="306" dir="0" index="13" bw="1" slack="2"/>
<pin id="307" dir="0" index="14" bw="14" slack="2"/>
<pin id="308" dir="0" index="15" bw="14" slack="2"/>
<pin id="309" dir="0" index="16" bw="16" slack="1"/>
<pin id="310" dir="0" index="17" bw="16" slack="2"/>
<pin id="311" dir="0" index="18" bw="16" slack="2"/>
<pin id="312" dir="0" index="19" bw="16" slack="1"/>
<pin id="313" dir="0" index="20" bw="1" slack="2"/>
<pin id="314" dir="0" index="21" bw="16" slack="2"/>
<pin id="315" dir="0" index="22" bw="16" slack="2"/>
<pin id="316" dir="0" index="23" bw="1" slack="1"/>
<pin id="317" dir="0" index="24" bw="1" slack="1"/>
<pin id="318" dir="0" index="25" bw="8" slack="2"/>
<pin id="319" dir="0" index="26" bw="8" slack="2"/>
<pin id="320" dir="0" index="27" bw="8" slack="2"/>
<pin id="321" dir="0" index="28" bw="8" slack="2"/>
<pin id="322" dir="0" index="29" bw="8" slack="2"/>
<pin id="323" dir="0" index="30" bw="8" slack="2"/>
<pin id="324" dir="0" index="31" bw="8" slack="2"/>
<pin id="325" dir="0" index="32" bw="8" slack="2"/>
<pin id="326" dir="0" index="33" bw="8" slack="2"/>
<pin id="327" dir="0" index="34" bw="8" slack="2"/>
<pin id="328" dir="0" index="35" bw="8" slack="2"/>
<pin id="329" dir="0" index="36" bw="8" slack="2"/>
<pin id="330" dir="0" index="37" bw="8" slack="2"/>
<pin id="331" dir="0" index="38" bw="8" slack="2"/>
<pin id="332" dir="0" index="39" bw="8" slack="2"/>
<pin id="333" dir="0" index="40" bw="8" slack="2"/>
<pin id="334" dir="0" index="41" bw="8" slack="2"/>
<pin id="335" dir="0" index="42" bw="8" slack="2"/>
<pin id="336" dir="0" index="43" bw="8" slack="2"/>
<pin id="337" dir="0" index="44" bw="8" slack="2"/>
<pin id="338" dir="0" index="45" bw="8" slack="0"/>
<pin id="339" dir="0" index="46" bw="8" slack="0"/>
<pin id="340" dir="0" index="47" bw="8" slack="0"/>
<pin id="341" dir="0" index="48" bw="8" slack="0"/>
<pin id="342" dir="0" index="49" bw="11" slack="0"/>
<pin id="343" dir="0" index="50" bw="8" slack="0"/>
<pin id="344" dir="0" index="51" bw="2" slack="0"/>
<pin id="345" dir="0" index="52" bw="2" slack="0"/>
<pin id="346" dir="0" index="53" bw="2" slack="0"/>
<pin id="347" dir="0" index="54" bw="8" slack="0"/>
<pin id="348" dir="0" index="55" bw="11" slack="0"/>
<pin id="349" dir="0" index="56" bw="32" slack="0"/>
<pin id="350" dir="0" index="57" bw="3" slack="0"/>
<pin id="351" dir="0" index="58" bw="10" slack="0"/>
<pin id="352" dir="0" index="59" bw="3" slack="0"/>
<pin id="353" dir="0" index="60" bw="3" slack="0"/>
<pin id="354" dir="0" index="61" bw="10" slack="0"/>
<pin id="355" dir="0" index="62" bw="10" slack="0"/>
<pin id="356" dir="0" index="63" bw="3" slack="0"/>
<pin id="357" dir="0" index="64" bw="10" slack="0"/>
<pin id="358" dir="0" index="65" bw="10" slack="0"/>
<pin id="359" dir="0" index="66" bw="1" slack="0"/>
<pin id="360" dir="0" index="67" bw="10" slack="0"/>
<pin id="361" dir="0" index="68" bw="8" slack="0"/>
<pin id="362" dir="0" index="69" bw="8" slack="0"/>
<pin id="363" dir="0" index="70" bw="2" slack="0"/>
<pin id="364" dir="0" index="71" bw="10" slack="0"/>
<pin id="365" dir="0" index="72" bw="3" slack="0"/>
<pin id="366" dir="0" index="73" bw="3" slack="0"/>
<pin id="367" dir="0" index="74" bw="10" slack="0"/>
<pin id="368" dir="0" index="75" bw="10" slack="0"/>
<pin id="369" dir="0" index="76" bw="8" slack="0"/>
<pin id="370" dir="0" index="77" bw="28" slack="0"/>
<pin id="371" dir="0" index="78" bw="28" slack="0"/>
<pin id="372" dir="0" index="79" bw="28" slack="0"/>
<pin id="373" dir="1" index="80" bw="0" slack="2147483647"/>
</pin_list>
<bind>
<opcode="call(48) " fcode="call"/>
<opset="call_ln506/3 "/>
</bind>
</comp>

<comp id="412" class="1004" name="cmp8_fu_412">
<pin_list>
<pin id="413" dir="0" index="0" bw="8" slack="0"/>
<pin id="414" dir="0" index="1" bw="8" slack="0"/>
<pin id="415" dir="1" index="2" bw="1" slack="2"/>
</pin_list>
<bind>
<opcode="icmp(45) " fcode="icmp"/>
<opset="cmp8/1 "/>
</bind>
</comp>

<comp id="418" class="1004" name="tmp_fu_418">
<pin_list>
<pin id="419" dir="0" index="0" bw="7" slack="0"/>
<pin id="420" dir="0" index="1" bw="8" slack="0"/>
<pin id="421" dir="0" index="2" bw="1" slack="0"/>
<pin id="422" dir="0" index="3" bw="4" slack="0"/>
<pin id="423" dir="1" index="4" bw="7" slack="0"/>
</pin_list>
<bind>
<opcode="partselect(1002) " fcode="partselect"/>
<opset="tmp/1 "/>
</bind>
</comp>

<comp id="428" class="1004" name="icmp_fu_428">
<pin_list>
<pin id="429" dir="0" index="0" bw="7" slack="0"/>
<pin id="430" dir="0" index="1" bw="7" slack="0"/>
<pin id="431" dir="1" index="2" bw="1" slack="2"/>
</pin_list>
<bind>
<opcode="icmp(45) " fcode="icmp"/>
<opset="icmp/1 "/>
</bind>
</comp>

<comp id="434" class="1004" name="trunc_ln1196_fu_434">
<pin_list>
<pin id="435" dir="0" index="0" bw="16" slack="0"/>
<pin id="436" dir="1" index="1" bw="14" slack="2"/>
</pin_list>
<bind>
<opcode="trunc(33) " fcode="trunc"/>
<opset="trunc_ln1196/1 "/>
</bind>
</comp>

<comp id="438" class="1004" name="trunc_ln1212_fu_438">
<pin_list>
<pin id="439" dir="0" index="0" bw="16" slack="0"/>
<pin id="440" dir="1" index="1" bw="14" slack="2"/>
</pin_list>
<bind>
<opcode="trunc(33) " fcode="trunc"/>
<opset="trunc_ln1212/1 "/>
</bind>
</comp>

<comp id="442" class="1004" name="tpgPatternColorBars_unsigned_short_unsigned_short_unsigned_char_int_hBarSel_l_load_fu_442">
<pin_list>
<pin id="443" dir="0" index="0" bw="8" slack="0"/>
<pin id="444" dir="1" index="1" bw="8" slack="0"/>
</pin_list>
<bind>
<opcode="load(27) " fcode="load"/>
<opset="tpgPatternColorBars_unsigned_short_unsigned_short_unsigned_char_int_hBarSel_l/1 "/>
</bind>
</comp>

<comp id="446" class="1004" name="tpgPatternColorBars_unsigned_short_unsigned_short_unsigned_char_int_hBarSel_7_3_load_fu_446">
<pin_list>
<pin id="447" dir="0" index="0" bw="8" slack="0"/>
<pin id="448" dir="1" index="1" bw="8" slack="0"/>
</pin_list>
<bind>
<opcode="load(27) " fcode="load"/>
<opset="tpgPatternColorBars_unsigned_short_unsigned_short_unsigned_char_int_hBarSel_7_3/1 "/>
</bind>
</comp>

<comp id="450" class="1004" name="vBarSel_load_load_fu_450">
<pin_list>
<pin id="451" dir="0" index="0" bw="3" slack="0"/>
<pin id="452" dir="1" index="1" bw="3" slack="0"/>
</pin_list>
<bind>
<opcode="load(27) " fcode="load"/>
<opset="vBarSel_load/1 "/>
</bind>
</comp>

<comp id="454" class="1004" name="zext_ln1367_fu_454">
<pin_list>
<pin id="455" dir="0" index="0" bw="3" slack="0"/>
<pin id="456" dir="1" index="1" bw="8" slack="0"/>
</pin_list>
<bind>
<opcode="zext(34) " fcode="zext"/>
<opset="zext_ln1367/1 "/>
</bind>
</comp>

<comp id="458" class="1004" name="tpgPatternTartanColorBars_unsigned_short_unsigned_short_unsigned_short_unsign_10_load_fu_458">
<pin_list>
<pin id="459" dir="0" index="0" bw="3" slack="0"/>
<pin id="460" dir="1" index="1" bw="3" slack="0"/>
</pin_list>
<bind>
<opcode="load(27) " fcode="load"/>
<opset="tpgPatternTartanColorBars_unsigned_short_unsigned_short_unsigned_short_unsign_10/1 "/>
</bind>
</comp>

<comp id="462" class="1004" name="zext_ln1367_1_fu_462">
<pin_list>
<pin id="463" dir="0" index="0" bw="3" slack="0"/>
<pin id="464" dir="1" index="1" bw="8" slack="0"/>
</pin_list>
<bind>
<opcode="zext(34) " fcode="zext"/>
<opset="zext_ln1367_1/1 "/>
</bind>
</comp>

<comp id="466" class="1004" name="tpgPatternTartanColorBars_unsigned_short_unsigned_short_unsigned_short_unsign_11_load_fu_466">
<pin_list>
<pin id="467" dir="0" index="0" bw="3" slack="0"/>
<pin id="468" dir="1" index="1" bw="3" slack="0"/>
</pin_list>
<bind>
<opcode="load(27) " fcode="load"/>
<opset="tpgPatternTartanColorBars_unsigned_short_unsigned_short_unsigned_short_unsign_11/1 "/>
</bind>
</comp>

<comp id="470" class="1004" name="zext_ln1530_fu_470">
<pin_list>
<pin id="471" dir="0" index="0" bw="3" slack="0"/>
<pin id="472" dir="1" index="1" bw="8" slack="0"/>
</pin_list>
<bind>
<opcode="zext(34) " fcode="zext"/>
<opset="zext_ln1530/1 "/>
</bind>
</comp>

<comp id="474" class="1004" name="vBarSel_1_load_load_fu_474">
<pin_list>
<pin id="475" dir="0" index="0" bw="8" slack="0"/>
<pin id="476" dir="1" index="1" bw="8" slack="0"/>
</pin_list>
<bind>
<opcode="load(27) " fcode="load"/>
<opset="vBarSel_1_load/1 "/>
</bind>
</comp>

<comp id="478" class="1004" name="tpgPatternCheckerBoard_unsigned_short_unsigned_short_unsigned_short_unsigned_10_load_fu_478">
<pin_list>
<pin id="479" dir="0" index="0" bw="3" slack="0"/>
<pin id="480" dir="1" index="1" bw="3" slack="0"/>
</pin_list>
<bind>
<opcode="load(27) " fcode="load"/>
<opset="tpgPatternCheckerBoard_unsigned_short_unsigned_short_unsigned_short_unsigned_10/1 "/>
</bind>
</comp>

<comp id="482" class="1004" name="zext_ln1548_fu_482">
<pin_list>
<pin id="483" dir="0" index="0" bw="3" slack="0"/>
<pin id="484" dir="1" index="1" bw="8" slack="0"/>
</pin_list>
<bind>
<opcode="zext(34) " fcode="zext"/>
<opset="zext_ln1548/1 "/>
</bind>
</comp>

<comp id="486" class="1004" name="tpgPatternCheckerBoard_unsigned_short_unsigned_short_unsigned_short_unsigned_11_load_fu_486">
<pin_list>
<pin id="487" dir="0" index="0" bw="3" slack="0"/>
<pin id="488" dir="1" index="1" bw="3" slack="0"/>
</pin_list>
<bind>
<opcode="load(27) " fcode="load"/>
<opset="tpgPatternCheckerBoard_unsigned_short_unsigned_short_unsigned_short_unsigned_11/1 "/>
</bind>
</comp>

<comp id="490" class="1004" name="zext_ln518_fu_490">
<pin_list>
<pin id="491" dir="0" index="0" bw="3" slack="0"/>
<pin id="492" dir="1" index="1" bw="8" slack="0"/>
</pin_list>
<bind>
<opcode="zext(34) " fcode="zext"/>
<opset="zext_ln518/1 "/>
</bind>
</comp>

<comp id="494" class="1004" name="empty_fu_494">
<pin_list>
<pin id="495" dir="0" index="0" bw="8" slack="0"/>
<pin id="496" dir="0" index="1" bw="8" slack="0"/>
<pin id="497" dir="1" index="2" bw="1" slack="2"/>
</pin_list>
<bind>
<opcode="icmp(45) " fcode="icmp"/>
<opset="empty/1 "/>
</bind>
</comp>

<comp id="500" class="1004" name="empty_67_fu_500">
<pin_list>
<pin id="501" dir="0" index="0" bw="8" slack="0"/>
<pin id="502" dir="0" index="1" bw="8" slack="0"/>
<pin id="503" dir="1" index="2" bw="1" slack="2"/>
</pin_list>
<bind>
<opcode="icmp(45) " fcode="icmp"/>
<opset="empty_67/1 "/>
</bind>
</comp>

<comp id="506" class="1004" name="store_ln518_store_fu_506">
<pin_list>
<pin id="507" dir="0" index="0" bw="8" slack="0"/>
<pin id="508" dir="0" index="1" bw="8" slack="0"/>
<pin id="509" dir="1" index="2" bw="0" slack="2147483647"/>
</pin_list>
<bind>
<opcode="store(28) " fcode="store"/>
<opset="store_ln518/1 "/>
</bind>
</comp>

<comp id="511" class="1004" name="store_ln518_store_fu_511">
<pin_list>
<pin id="512" dir="0" index="0" bw="8" slack="0"/>
<pin id="513" dir="0" index="1" bw="8" slack="0"/>
<pin id="514" dir="1" index="2" bw="0" slack="2147483647"/>
</pin_list>
<bind>
<opcode="store(28) " fcode="store"/>
<opset="store_ln518/1 "/>
</bind>
</comp>

<comp id="516" class="1004" name="store_ln518_store_fu_516">
<pin_list>
<pin id="517" dir="0" index="0" bw="3" slack="0"/>
<pin id="518" dir="0" index="1" bw="8" slack="0"/>
<pin id="519" dir="1" index="2" bw="0" slack="2147483647"/>
</pin_list>
<bind>
<opcode="store(28) " fcode="store"/>
<opset="store_ln518/1 "/>
</bind>
</comp>

<comp id="521" class="1004" name="store_ln518_store_fu_521">
<pin_list>
<pin id="522" dir="0" index="0" bw="3" slack="0"/>
<pin id="523" dir="0" index="1" bw="8" slack="0"/>
<pin id="524" dir="1" index="2" bw="0" slack="2147483647"/>
</pin_list>
<bind>
<opcode="store(28) " fcode="store"/>
<opset="store_ln518/1 "/>
</bind>
</comp>

<comp id="526" class="1004" name="store_ln518_store_fu_526">
<pin_list>
<pin id="527" dir="0" index="0" bw="3" slack="0"/>
<pin id="528" dir="0" index="1" bw="8" slack="0"/>
<pin id="529" dir="1" index="2" bw="0" slack="2147483647"/>
</pin_list>
<bind>
<opcode="store(28) " fcode="store"/>
<opset="store_ln518/1 "/>
</bind>
</comp>

<comp id="531" class="1004" name="store_ln518_store_fu_531">
<pin_list>
<pin id="532" dir="0" index="0" bw="8" slack="0"/>
<pin id="533" dir="0" index="1" bw="8" slack="0"/>
<pin id="534" dir="1" index="2" bw="0" slack="2147483647"/>
</pin_list>
<bind>
<opcode="store(28) " fcode="store"/>
<opset="store_ln518/1 "/>
</bind>
</comp>

<comp id="536" class="1004" name="store_ln518_store_fu_536">
<pin_list>
<pin id="537" dir="0" index="0" bw="3" slack="0"/>
<pin id="538" dir="0" index="1" bw="8" slack="0"/>
<pin id="539" dir="1" index="2" bw="0" slack="2147483647"/>
</pin_list>
<bind>
<opcode="store(28) " fcode="store"/>
<opset="store_ln518/1 "/>
</bind>
</comp>

<comp id="541" class="1004" name="store_ln518_store_fu_541">
<pin_list>
<pin id="542" dir="0" index="0" bw="3" slack="0"/>
<pin id="543" dir="0" index="1" bw="8" slack="0"/>
<pin id="544" dir="1" index="2" bw="0" slack="2147483647"/>
</pin_list>
<bind>
<opcode="store(28) " fcode="store"/>
<opset="store_ln518/1 "/>
</bind>
</comp>

<comp id="546" class="1004" name="store_ln518_store_fu_546">
<pin_list>
<pin id="547" dir="0" index="0" bw="1" slack="0"/>
<pin id="548" dir="0" index="1" bw="16" slack="0"/>
<pin id="549" dir="1" index="2" bw="0" slack="2147483647"/>
</pin_list>
<bind>
<opcode="store(28) " fcode="store"/>
<opset="store_ln518/1 "/>
</bind>
</comp>

<comp id="551" class="1004" name="y_1_load_fu_551">
<pin_list>
<pin id="552" dir="0" index="0" bw="16" slack="1"/>
<pin id="553" dir="1" index="1" bw="16" slack="0"/>
</pin_list>
<bind>
<opcode="load(27) " fcode="load"/>
<opset="y_1/2 "/>
</bind>
</comp>

<comp id="554" class="1004" name="icmp_ln518_fu_554">
<pin_list>
<pin id="555" dir="0" index="0" bw="16" slack="0"/>
<pin id="556" dir="0" index="1" bw="16" slack="1"/>
<pin id="557" dir="1" index="2" bw="1" slack="2147483647"/>
</pin_list>
<bind>
<opcode="icmp(45) " fcode="icmp"/>
<opset="icmp_ln518/2 "/>
</bind>
</comp>

<comp id="559" class="1004" name="add_ln518_fu_559">
<pin_list>
<pin id="560" dir="0" index="0" bw="16" slack="0"/>
<pin id="561" dir="0" index="1" bw="1" slack="0"/>
<pin id="562" dir="1" index="2" bw="16" slack="0"/>
</pin_list>
<bind>
<opcode="add(8) " fcode="add"/>
<opset="add_ln518/2 "/>
</bind>
</comp>

<comp id="565" class="1004" name="outpix_load_load_fu_565">
<pin_list>
<pin id="566" dir="0" index="0" bw="8" slack="1"/>
<pin id="567" dir="1" index="1" bw="8" slack="2"/>
</pin_list>
<bind>
<opcode="load(27) " fcode="load"/>
<opset="outpix_load/2 "/>
</bind>
</comp>

<comp id="568" class="1004" name="outpix_1_load_load_fu_568">
<pin_list>
<pin id="569" dir="0" index="0" bw="8" slack="1"/>
<pin id="570" dir="1" index="1" bw="8" slack="2"/>
</pin_list>
<bind>
<opcode="load(27) " fcode="load"/>
<opset="outpix_1_load/2 "/>
</bind>
</comp>

<comp id="571" class="1004" name="outpix_2_load_load_fu_571">
<pin_list>
<pin id="572" dir="0" index="0" bw="8" slack="1"/>
<pin id="573" dir="1" index="1" bw="8" slack="2"/>
</pin_list>
<bind>
<opcode="load(27) " fcode="load"/>
<opset="outpix_2_load/2 "/>
</bind>
</comp>

<comp id="574" class="1004" name="outpix_3_load_load_fu_574">
<pin_list>
<pin id="575" dir="0" index="0" bw="8" slack="1"/>
<pin id="576" dir="1" index="1" bw="8" slack="2"/>
</pin_list>
<bind>
<opcode="load(27) " fcode="load"/>
<opset="outpix_3_load/2 "/>
</bind>
</comp>

<comp id="577" class="1004" name="outpix_4_load_load_fu_577">
<pin_list>
<pin id="578" dir="0" index="0" bw="8" slack="1"/>
<pin id="579" dir="1" index="1" bw="8" slack="2"/>
</pin_list>
<bind>
<opcode="load(27) " fcode="load"/>
<opset="outpix_4_load/2 "/>
</bind>
</comp>

<comp id="580" class="1004" name="outpix_5_load_load_fu_580">
<pin_list>
<pin id="581" dir="0" index="0" bw="8" slack="1"/>
<pin id="582" dir="1" index="1" bw="8" slack="2"/>
</pin_list>
<bind>
<opcode="load(27) " fcode="load"/>
<opset="outpix_5_load/2 "/>
</bind>
</comp>

<comp id="583" class="1004" name="cmp59_not_fu_583">
<pin_list>
<pin id="584" dir="0" index="0" bw="16" slack="0"/>
<pin id="585" dir="0" index="1" bw="16" slack="1"/>
<pin id="586" dir="1" index="2" bw="1" slack="1"/>
</pin_list>
<bind>
<opcode="icmp(45) " fcode="icmp"/>
<opset="cmp59_not/2 "/>
</bind>
</comp>

<comp id="588" class="1004" name="ult_fu_588">
<pin_list>
<pin id="589" dir="0" index="0" bw="16" slack="0"/>
<pin id="590" dir="0" index="1" bw="16" slack="1"/>
<pin id="591" dir="1" index="2" bw="1" slack="0"/>
</pin_list>
<bind>
<opcode="icmp(45) " fcode="icmp"/>
<opset="ult/2 "/>
</bind>
</comp>

<comp id="593" class="1004" name="rev340_fu_593">
<pin_list>
<pin id="594" dir="0" index="0" bw="1" slack="0"/>
<pin id="595" dir="0" index="1" bw="1" slack="0"/>
<pin id="596" dir="1" index="2" bw="1" slack="1"/>
</pin_list>
<bind>
<opcode="xor(25) " fcode="xor"/>
<opset="rev340/2 "/>
</bind>
</comp>

<comp id="599" class="1004" name="store_ln518_store_fu_599">
<pin_list>
<pin id="600" dir="0" index="0" bw="16" slack="0"/>
<pin id="601" dir="0" index="1" bw="16" slack="1"/>
<pin id="602" dir="1" index="2" bw="0" slack="2147483647"/>
</pin_list>
<bind>
<opcode="store(28) " fcode="store"/>
<opset="store_ln518/2 "/>
</bind>
</comp>

<comp id="604" class="1004" name="rampStart_load_load_fu_604">
<pin_list>
<pin id="605" dir="0" index="0" bw="8" slack="0"/>
<pin id="606" dir="1" index="1" bw="8" slack="0"/>
</pin_list>
<bind>
<opcode="load(27) " fcode="load"/>
<opset="rampStart_load/2 "/>
</bind>
</comp>

<comp id="608" class="1004" name="add_ln705_fu_608">
<pin_list>
<pin id="609" dir="0" index="0" bw="8" slack="0"/>
<pin id="610" dir="0" index="1" bw="8" slack="0"/>
<pin id="611" dir="1" index="2" bw="8" slack="0"/>
</pin_list>
<bind>
<opcode="add(8) " fcode="add"/>
<opset="add_ln705/2 "/>
</bind>
</comp>

<comp id="614" class="1004" name="store_ln705_store_fu_614">
<pin_list>
<pin id="615" dir="0" index="0" bw="8" slack="0"/>
<pin id="616" dir="0" index="1" bw="8" slack="0"/>
<pin id="617" dir="1" index="2" bw="0" slack="2147483647"/>
</pin_list>
<bind>
<opcode="store(28) " fcode="store"/>
<opset="store_ln705/2 "/>
</bind>
</comp>

<comp id="620" class="1005" name="p_0_0_0_0_0243374_lcssa387_reg_620">
<pin_list>
<pin id="621" dir="0" index="0" bw="8" slack="2"/>
<pin id="622" dir="1" index="1" bw="8" slack="2"/>
</pin_list>
<bind>
<opset="p_0_0_0_0_0243374_lcssa387 "/>
</bind>
</comp>

<comp id="625" class="1005" name="p_0_1_0_0_0245376_lcssa390_reg_625">
<pin_list>
<pin id="626" dir="0" index="0" bw="8" slack="2"/>
<pin id="627" dir="1" index="1" bw="8" slack="2"/>
</pin_list>
<bind>
<opset="p_0_1_0_0_0245376_lcssa390 "/>
</bind>
</comp>

<comp id="630" class="1005" name="p_0_2_0_0_0247378_lcssa393_reg_630">
<pin_list>
<pin id="631" dir="0" index="0" bw="8" slack="2"/>
<pin id="632" dir="1" index="1" bw="8" slack="2"/>
</pin_list>
<bind>
<opset="p_0_2_0_0_0247378_lcssa393 "/>
</bind>
</comp>

<comp id="635" class="1005" name="p_0_3_0_0_0249380_lcssa396_reg_635">
<pin_list>
<pin id="636" dir="0" index="0" bw="8" slack="2"/>
<pin id="637" dir="1" index="1" bw="8" slack="2"/>
</pin_list>
<bind>
<opset="p_0_3_0_0_0249380_lcssa396 "/>
</bind>
</comp>

<comp id="640" class="1005" name="p_0_4_0_0_0251382_lcssa399_reg_640">
<pin_list>
<pin id="641" dir="0" index="0" bw="8" slack="2"/>
<pin id="642" dir="1" index="1" bw="8" slack="2"/>
</pin_list>
<bind>
<opset="p_0_4_0_0_0251382_lcssa399 "/>
</bind>
</comp>

<comp id="645" class="1005" name="p_0_5_0_0_0253384_lcssa402_reg_645">
<pin_list>
<pin id="646" dir="0" index="0" bw="8" slack="2"/>
<pin id="647" dir="1" index="1" bw="8" slack="2"/>
</pin_list>
<bind>
<opset="p_0_5_0_0_0253384_lcssa402 "/>
</bind>
</comp>

<comp id="650" class="1005" name="outpix_reg_650">
<pin_list>
<pin id="651" dir="0" index="0" bw="8" slack="1"/>
<pin id="652" dir="1" index="1" bw="8" slack="1"/>
</pin_list>
<bind>
<opset="outpix "/>
</bind>
</comp>

<comp id="656" class="1005" name="outpix_1_reg_656">
<pin_list>
<pin id="657" dir="0" index="0" bw="8" slack="1"/>
<pin id="658" dir="1" index="1" bw="8" slack="1"/>
</pin_list>
<bind>
<opset="outpix_1 "/>
</bind>
</comp>

<comp id="662" class="1005" name="outpix_2_reg_662">
<pin_list>
<pin id="663" dir="0" index="0" bw="8" slack="1"/>
<pin id="664" dir="1" index="1" bw="8" slack="1"/>
</pin_list>
<bind>
<opset="outpix_2 "/>
</bind>
</comp>

<comp id="668" class="1005" name="outpix_3_reg_668">
<pin_list>
<pin id="669" dir="0" index="0" bw="8" slack="1"/>
<pin id="670" dir="1" index="1" bw="8" slack="1"/>
</pin_list>
<bind>
<opset="outpix_3 "/>
</bind>
</comp>

<comp id="674" class="1005" name="outpix_4_reg_674">
<pin_list>
<pin id="675" dir="0" index="0" bw="8" slack="1"/>
<pin id="676" dir="1" index="1" bw="8" slack="1"/>
</pin_list>
<bind>
<opset="outpix_4 "/>
</bind>
</comp>

<comp id="680" class="1005" name="outpix_5_reg_680">
<pin_list>
<pin id="681" dir="0" index="0" bw="8" slack="1"/>
<pin id="682" dir="1" index="1" bw="8" slack="1"/>
</pin_list>
<bind>
<opset="outpix_5 "/>
</bind>
</comp>

<comp id="686" class="1005" name="y_reg_686">
<pin_list>
<pin id="687" dir="0" index="0" bw="16" slack="0"/>
<pin id="688" dir="1" index="1" bw="16" slack="0"/>
</pin_list>
<bind>
<opset="y "/>
</bind>
</comp>

<comp id="693" class="1005" name="tpgPatternCheckerBoard_unsigned_short_unsigned_short_unsigned_short_unsigned_7_reg_693">
<pin_list>
<pin id="694" dir="0" index="0" bw="8" slack="0"/>
<pin id="695" dir="1" index="1" bw="8" slack="0"/>
</pin_list>
<bind>
<opset="tpgPatternCheckerBoard_unsigned_short_unsigned_short_unsigned_short_unsigned_7 "/>
</bind>
</comp>

<comp id="699" class="1005" name="tpgPatternCheckerBoard_unsigned_short_unsigned_short_unsigned_short_unsigned_6_reg_699">
<pin_list>
<pin id="700" dir="0" index="0" bw="8" slack="0"/>
<pin id="701" dir="1" index="1" bw="8" slack="0"/>
</pin_list>
<bind>
<opset="tpgPatternCheckerBoard_unsigned_short_unsigned_short_unsigned_short_unsigned_6 "/>
</bind>
</comp>

<comp id="705" class="1005" name="vBarSel_1_loc_0_reg_705">
<pin_list>
<pin id="706" dir="0" index="0" bw="8" slack="0"/>
<pin id="707" dir="1" index="1" bw="8" slack="0"/>
</pin_list>
<bind>
<opset="vBarSel_1_loc_0 "/>
</bind>
</comp>

<comp id="711" class="1005" name="tpgPatternTartanColorBars_unsigned_short_unsigned_short_unsigned_short_unsign_7_reg_711">
<pin_list>
<pin id="712" dir="0" index="0" bw="8" slack="0"/>
<pin id="713" dir="1" index="1" bw="8" slack="0"/>
</pin_list>
<bind>
<opset="tpgPatternTartanColorBars_unsigned_short_unsigned_short_unsigned_short_unsign_7 "/>
</bind>
</comp>

<comp id="717" class="1005" name="tpgPatternTartanColorBars_unsigned_short_unsigned_short_unsigned_short_unsign_6_reg_717">
<pin_list>
<pin id="718" dir="0" index="0" bw="8" slack="0"/>
<pin id="719" dir="1" index="1" bw="8" slack="0"/>
</pin_list>
<bind>
<opset="tpgPatternTartanColorBars_unsigned_short_unsigned_short_unsigned_short_unsign_6 "/>
</bind>
</comp>

<comp id="723" class="1005" name="vBarSel_loc_0_reg_723">
<pin_list>
<pin id="724" dir="0" index="0" bw="8" slack="0"/>
<pin id="725" dir="1" index="1" bw="8" slack="0"/>
</pin_list>
<bind>
<opset="vBarSel_loc_0 "/>
</bind>
</comp>

<comp id="729" class="1005" name="tpgPatternColorBars_unsigned_short_unsigned_short_unsigned_char_int_hBarSel_7_2_reg_729">
<pin_list>
<pin id="730" dir="0" index="0" bw="8" slack="0"/>
<pin id="731" dir="1" index="1" bw="8" slack="0"/>
</pin_list>
<bind>
<opset="tpgPatternColorBars_unsigned_short_unsigned_short_unsigned_char_int_hBarSel_7_2 "/>
</bind>
</comp>

<comp id="735" class="1005" name="tpgPatternColorBars_unsigned_short_unsigned_short_unsigned_char_int_hBarSel_l_1_reg_735">
<pin_list>
<pin id="736" dir="0" index="0" bw="8" slack="0"/>
<pin id="737" dir="1" index="1" bw="8" slack="0"/>
</pin_list>
<bind>
<opset="tpgPatternColorBars_unsigned_short_unsigned_short_unsigned_char_int_hBarSel_l_1 "/>
</bind>
</comp>

<comp id="741" class="1005" name="loopHeight_reg_741">
<pin_list>
<pin id="742" dir="0" index="0" bw="16" slack="1"/>
<pin id="743" dir="1" index="1" bw="16" slack="1"/>
</pin_list>
<bind>
<opset="loopHeight "/>
</bind>
</comp>

<comp id="747" class="1005" name="loopWidth_reg_747">
<pin_list>
<pin id="748" dir="0" index="0" bw="16" slack="2"/>
<pin id="749" dir="1" index="1" bw="16" slack="2"/>
</pin_list>
<bind>
<opset="loopWidth "/>
</bind>
</comp>

<comp id="753" class="1005" name="cmp8_reg_753">
<pin_list>
<pin id="754" dir="0" index="0" bw="1" slack="2"/>
<pin id="755" dir="1" index="1" bw="1" slack="2"/>
</pin_list>
<bind>
<opset="cmp8 "/>
</bind>
</comp>

<comp id="758" class="1005" name="bckgndId_read_reg_758">
<pin_list>
<pin id="759" dir="0" index="0" bw="8" slack="2"/>
<pin id="760" dir="1" index="1" bw="8" slack="2"/>
</pin_list>
<bind>
<opset="bckgndId_read "/>
</bind>
</comp>

<comp id="763" class="1005" name="passthruStartX_read_reg_763">
<pin_list>
<pin id="764" dir="0" index="0" bw="16" slack="2"/>
<pin id="765" dir="1" index="1" bw="16" slack="2"/>
</pin_list>
<bind>
<opset="passthruStartX_read "/>
</bind>
</comp>

<comp id="768" class="1005" name="passthruStartY_read_reg_768">
<pin_list>
<pin id="769" dir="0" index="0" bw="16" slack="1"/>
<pin id="770" dir="1" index="1" bw="16" slack="1"/>
</pin_list>
<bind>
<opset="passthruStartY_read "/>
</bind>
</comp>

<comp id="773" class="1005" name="passthruEndX_read_reg_773">
<pin_list>
<pin id="774" dir="0" index="0" bw="16" slack="2"/>
<pin id="775" dir="1" index="1" bw="16" slack="2"/>
</pin_list>
<bind>
<opset="passthruEndX_read "/>
</bind>
</comp>

<comp id="778" class="1005" name="passthruEndY_read_reg_778">
<pin_list>
<pin id="779" dir="0" index="0" bw="16" slack="1"/>
<pin id="780" dir="1" index="1" bw="16" slack="1"/>
</pin_list>
<bind>
<opset="passthruEndY_read "/>
</bind>
</comp>

<comp id="783" class="1005" name="icmp_reg_783">
<pin_list>
<pin id="784" dir="0" index="0" bw="1" slack="2"/>
<pin id="785" dir="1" index="1" bw="1" slack="2"/>
</pin_list>
<bind>
<opset="icmp "/>
</bind>
</comp>

<comp id="788" class="1005" name="trunc_ln1196_reg_788">
<pin_list>
<pin id="789" dir="0" index="0" bw="14" slack="2"/>
<pin id="790" dir="1" index="1" bw="14" slack="2"/>
</pin_list>
<bind>
<opset="trunc_ln1196 "/>
</bind>
</comp>

<comp id="793" class="1005" name="trunc_ln1212_reg_793">
<pin_list>
<pin id="794" dir="0" index="0" bw="14" slack="2"/>
<pin id="795" dir="1" index="1" bw="14" slack="2"/>
</pin_list>
<bind>
<opset="trunc_ln1212 "/>
</bind>
</comp>

<comp id="798" class="1005" name="empty_reg_798">
<pin_list>
<pin id="799" dir="0" index="0" bw="1" slack="2"/>
<pin id="800" dir="1" index="1" bw="1" slack="2"/>
</pin_list>
<bind>
<opset="empty "/>
</bind>
</comp>

<comp id="803" class="1005" name="empty_67_reg_803">
<pin_list>
<pin id="804" dir="0" index="0" bw="1" slack="2"/>
<pin id="805" dir="1" index="1" bw="1" slack="2"/>
</pin_list>
<bind>
<opset="empty_67 "/>
</bind>
</comp>

<comp id="808" class="1005" name="y_1_reg_808">
<pin_list>
<pin id="809" dir="0" index="0" bw="16" slack="1"/>
<pin id="810" dir="1" index="1" bw="16" slack="1"/>
</pin_list>
<bind>
<opset="y_1 "/>
</bind>
</comp>

<comp id="817" class="1005" name="outpix_load_reg_817">
<pin_list>
<pin id="818" dir="0" index="0" bw="8" slack="2"/>
<pin id="819" dir="1" index="1" bw="8" slack="2"/>
</pin_list>
<bind>
<opset="outpix_load "/>
</bind>
</comp>

<comp id="822" class="1005" name="outpix_1_load_reg_822">
<pin_list>
<pin id="823" dir="0" index="0" bw="8" slack="2"/>
<pin id="824" dir="1" index="1" bw="8" slack="2"/>
</pin_list>
<bind>
<opset="outpix_1_load "/>
</bind>
</comp>

<comp id="827" class="1005" name="outpix_2_load_reg_827">
<pin_list>
<pin id="828" dir="0" index="0" bw="8" slack="2"/>
<pin id="829" dir="1" index="1" bw="8" slack="2"/>
</pin_list>
<bind>
<opset="outpix_2_load "/>
</bind>
</comp>

<comp id="832" class="1005" name="outpix_3_load_reg_832">
<pin_list>
<pin id="833" dir="0" index="0" bw="8" slack="2"/>
<pin id="834" dir="1" index="1" bw="8" slack="2"/>
</pin_list>
<bind>
<opset="outpix_3_load "/>
</bind>
</comp>

<comp id="837" class="1005" name="outpix_4_load_reg_837">
<pin_list>
<pin id="838" dir="0" index="0" bw="8" slack="2"/>
<pin id="839" dir="1" index="1" bw="8" slack="2"/>
</pin_list>
<bind>
<opset="outpix_4_load "/>
</bind>
</comp>

<comp id="842" class="1005" name="outpix_5_load_reg_842">
<pin_list>
<pin id="843" dir="0" index="0" bw="8" slack="2"/>
<pin id="844" dir="1" index="1" bw="8" slack="2"/>
</pin_list>
<bind>
<opset="outpix_5_load "/>
</bind>
</comp>

<comp id="847" class="1005" name="cmp59_not_reg_847">
<pin_list>
<pin id="848" dir="0" index="0" bw="1" slack="1"/>
<pin id="849" dir="1" index="1" bw="1" slack="1"/>
</pin_list>
<bind>
<opset="cmp59_not "/>
</bind>
</comp>

<comp id="852" class="1005" name="rev340_reg_852">
<pin_list>
<pin id="853" dir="0" index="0" bw="1" slack="1"/>
<pin id="854" dir="1" index="1" bw="1" slack="1"/>
</pin_list>
<bind>
<opset="rev340 "/>
</bind>
</comp>

</comp_list>

<net_list>
<net id="151"><net_src comp="96" pin="0"/><net_sink comp="148" pin=0"/></net>

<net id="155"><net_src comp="96" pin="0"/><net_sink comp="152" pin=0"/></net>

<net id="159"><net_src comp="96" pin="0"/><net_sink comp="156" pin=0"/></net>

<net id="163"><net_src comp="96" pin="0"/><net_sink comp="160" pin=0"/></net>

<net id="167"><net_src comp="96" pin="0"/><net_sink comp="164" pin=0"/></net>

<net id="171"><net_src comp="96" pin="0"/><net_sink comp="168" pin=0"/></net>

<net id="175"><net_src comp="96" pin="0"/><net_sink comp="172" pin=0"/></net>

<net id="179"><net_src comp="96" pin="0"/><net_sink comp="176" pin=0"/></net>

<net id="183"><net_src comp="96" pin="0"/><net_sink comp="180" pin=0"/></net>

<net id="187"><net_src comp="96" pin="0"/><net_sink comp="184" pin=0"/></net>

<net id="191"><net_src comp="96" pin="0"/><net_sink comp="188" pin=0"/></net>

<net id="195"><net_src comp="96" pin="0"/><net_sink comp="192" pin=0"/></net>

<net id="199"><net_src comp="96" pin="0"/><net_sink comp="196" pin=0"/></net>

<net id="203"><net_src comp="96" pin="0"/><net_sink comp="200" pin=0"/></net>

<net id="207"><net_src comp="96" pin="0"/><net_sink comp="204" pin=0"/></net>

<net id="211"><net_src comp="96" pin="0"/><net_sink comp="208" pin=0"/></net>

<net id="215"><net_src comp="96" pin="0"/><net_sink comp="212" pin=0"/></net>

<net id="219"><net_src comp="96" pin="0"/><net_sink comp="216" pin=0"/></net>

<net id="223"><net_src comp="96" pin="0"/><net_sink comp="220" pin=0"/></net>

<net id="227"><net_src comp="96" pin="0"/><net_sink comp="224" pin=0"/></net>

<net id="231"><net_src comp="96" pin="0"/><net_sink comp="228" pin=0"/></net>

<net id="236"><net_src comp="112" pin="0"/><net_sink comp="232" pin=0"/></net>

<net id="237"><net_src comp="2" pin="0"/><net_sink comp="232" pin=1"/></net>

<net id="242"><net_src comp="112" pin="0"/><net_sink comp="238" pin=0"/></net>

<net id="243"><net_src comp="4" pin="0"/><net_sink comp="238" pin=1"/></net>

<net id="248"><net_src comp="114" pin="0"/><net_sink comp="244" pin=0"/></net>

<net id="249"><net_src comp="20" pin="0"/><net_sink comp="244" pin=1"/></net>

<net id="254"><net_src comp="114" pin="0"/><net_sink comp="250" pin=0"/></net>

<net id="255"><net_src comp="14" pin="0"/><net_sink comp="250" pin=1"/></net>

<net id="260"><net_src comp="114" pin="0"/><net_sink comp="256" pin=0"/></net>

<net id="261"><net_src comp="16" pin="0"/><net_sink comp="256" pin=1"/></net>

<net id="266"><net_src comp="112" pin="0"/><net_sink comp="262" pin=0"/></net>

<net id="267"><net_src comp="6" pin="0"/><net_sink comp="262" pin=1"/></net>

<net id="272"><net_src comp="112" pin="0"/><net_sink comp="268" pin=0"/></net>

<net id="273"><net_src comp="8" pin="0"/><net_sink comp="268" pin=1"/></net>

<net id="278"><net_src comp="112" pin="0"/><net_sink comp="274" pin=0"/></net>

<net id="279"><net_src comp="10" pin="0"/><net_sink comp="274" pin=1"/></net>

<net id="284"><net_src comp="112" pin="0"/><net_sink comp="280" pin=0"/></net>

<net id="285"><net_src comp="12" pin="0"/><net_sink comp="280" pin=1"/></net>

<net id="290"><net_src comp="114" pin="0"/><net_sink comp="286" pin=0"/></net>

<net id="291"><net_src comp="18" pin="0"/><net_sink comp="286" pin=1"/></net>

<net id="374"><net_src comp="134" pin="0"/><net_sink comp="292" pin=0"/></net>

<net id="375"><net_src comp="22" pin="0"/><net_sink comp="292" pin=8"/></net>

<net id="376"><net_src comp="0" pin="0"/><net_sink comp="292" pin=11"/></net>

<net id="377"><net_src comp="40" pin="0"/><net_sink comp="292" pin=45"/></net>

<net id="378"><net_src comp="42" pin="0"/><net_sink comp="292" pin=46"/></net>

<net id="379"><net_src comp="44" pin="0"/><net_sink comp="292" pin=47"/></net>

<net id="380"><net_src comp="46" pin="0"/><net_sink comp="292" pin=48"/></net>

<net id="381"><net_src comp="48" pin="0"/><net_sink comp="292" pin=49"/></net>

<net id="382"><net_src comp="26" pin="0"/><net_sink comp="292" pin=50"/></net>

<net id="383"><net_src comp="50" pin="0"/><net_sink comp="292" pin=51"/></net>

<net id="384"><net_src comp="52" pin="0"/><net_sink comp="292" pin=52"/></net>

<net id="385"><net_src comp="54" pin="0"/><net_sink comp="292" pin=53"/></net>

<net id="386"><net_src comp="24" pin="0"/><net_sink comp="292" pin=54"/></net>

<net id="387"><net_src comp="56" pin="0"/><net_sink comp="292" pin=55"/></net>

<net id="388"><net_src comp="58" pin="0"/><net_sink comp="292" pin=56"/></net>

<net id="389"><net_src comp="60" pin="0"/><net_sink comp="292" pin=57"/></net>

<net id="390"><net_src comp="62" pin="0"/><net_sink comp="292" pin=58"/></net>

<net id="391"><net_src comp="32" pin="0"/><net_sink comp="292" pin=59"/></net>

<net id="392"><net_src comp="30" pin="0"/><net_sink comp="292" pin=60"/></net>

<net id="393"><net_src comp="64" pin="0"/><net_sink comp="292" pin=61"/></net>

<net id="394"><net_src comp="66" pin="0"/><net_sink comp="292" pin=62"/></net>

<net id="395"><net_src comp="28" pin="0"/><net_sink comp="292" pin=63"/></net>

<net id="396"><net_src comp="68" pin="0"/><net_sink comp="292" pin=64"/></net>

<net id="397"><net_src comp="70" pin="0"/><net_sink comp="292" pin=65"/></net>

<net id="398"><net_src comp="72" pin="0"/><net_sink comp="292" pin=66"/></net>

<net id="399"><net_src comp="74" pin="0"/><net_sink comp="292" pin=67"/></net>

<net id="400"><net_src comp="76" pin="0"/><net_sink comp="292" pin=68"/></net>

<net id="401"><net_src comp="78" pin="0"/><net_sink comp="292" pin=69"/></net>

<net id="402"><net_src comp="80" pin="0"/><net_sink comp="292" pin=70"/></net>

<net id="403"><net_src comp="82" pin="0"/><net_sink comp="292" pin=71"/></net>

<net id="404"><net_src comp="38" pin="0"/><net_sink comp="292" pin=72"/></net>

<net id="405"><net_src comp="36" pin="0"/><net_sink comp="292" pin=73"/></net>

<net id="406"><net_src comp="84" pin="0"/><net_sink comp="292" pin=74"/></net>

<net id="407"><net_src comp="86" pin="0"/><net_sink comp="292" pin=75"/></net>

<net id="408"><net_src comp="34" pin="0"/><net_sink comp="292" pin=76"/></net>

<net id="409"><net_src comp="88" pin="0"/><net_sink comp="292" pin=77"/></net>

<net id="410"><net_src comp="90" pin="0"/><net_sink comp="292" pin=78"/></net>

<net id="411"><net_src comp="92" pin="0"/><net_sink comp="292" pin=79"/></net>

<net id="416"><net_src comp="250" pin="2"/><net_sink comp="412" pin=0"/></net>

<net id="417"><net_src comp="116" pin="0"/><net_sink comp="412" pin=1"/></net>

<net id="424"><net_src comp="118" pin="0"/><net_sink comp="418" pin=0"/></net>

<net id="425"><net_src comp="244" pin="2"/><net_sink comp="418" pin=1"/></net>

<net id="426"><net_src comp="96" pin="0"/><net_sink comp="418" pin=2"/></net>

<net id="427"><net_src comp="120" pin="0"/><net_sink comp="418" pin=3"/></net>

<net id="432"><net_src comp="418" pin="4"/><net_sink comp="428" pin=0"/></net>

<net id="433"><net_src comp="122" pin="0"/><net_sink comp="428" pin=1"/></net>

<net id="437"><net_src comp="232" pin="2"/><net_sink comp="434" pin=0"/></net>

<net id="441"><net_src comp="238" pin="2"/><net_sink comp="438" pin=0"/></net>

<net id="445"><net_src comp="24" pin="0"/><net_sink comp="442" pin=0"/></net>

<net id="449"><net_src comp="26" pin="0"/><net_sink comp="446" pin=0"/></net>

<net id="453"><net_src comp="28" pin="0"/><net_sink comp="450" pin=0"/></net>

<net id="457"><net_src comp="450" pin="1"/><net_sink comp="454" pin=0"/></net>

<net id="461"><net_src comp="30" pin="0"/><net_sink comp="458" pin=0"/></net>

<net id="465"><net_src comp="458" pin="1"/><net_sink comp="462" pin=0"/></net>

<net id="469"><net_src comp="32" pin="0"/><net_sink comp="466" pin=0"/></net>

<net id="473"><net_src comp="466" pin="1"/><net_sink comp="470" pin=0"/></net>

<net id="477"><net_src comp="34" pin="0"/><net_sink comp="474" pin=0"/></net>

<net id="481"><net_src comp="36" pin="0"/><net_sink comp="478" pin=0"/></net>

<net id="485"><net_src comp="478" pin="1"/><net_sink comp="482" pin=0"/></net>

<net id="489"><net_src comp="38" pin="0"/><net_sink comp="486" pin=0"/></net>

<net id="493"><net_src comp="486" pin="1"/><net_sink comp="490" pin=0"/></net>

<net id="498"><net_src comp="244" pin="2"/><net_sink comp="494" pin=0"/></net>

<net id="499"><net_src comp="116" pin="0"/><net_sink comp="494" pin=1"/></net>

<net id="504"><net_src comp="244" pin="2"/><net_sink comp="500" pin=0"/></net>

<net id="505"><net_src comp="124" pin="0"/><net_sink comp="500" pin=1"/></net>

<net id="510"><net_src comp="442" pin="1"/><net_sink comp="506" pin=0"/></net>

<net id="515"><net_src comp="446" pin="1"/><net_sink comp="511" pin=0"/></net>

<net id="520"><net_src comp="454" pin="1"/><net_sink comp="516" pin=0"/></net>

<net id="525"><net_src comp="462" pin="1"/><net_sink comp="521" pin=0"/></net>

<net id="530"><net_src comp="470" pin="1"/><net_sink comp="526" pin=0"/></net>

<net id="535"><net_src comp="474" pin="1"/><net_sink comp="531" pin=0"/></net>

<net id="540"><net_src comp="482" pin="1"/><net_sink comp="536" pin=0"/></net>

<net id="545"><net_src comp="490" pin="1"/><net_sink comp="541" pin=0"/></net>

<net id="550"><net_src comp="126" pin="0"/><net_sink comp="546" pin=0"/></net>

<net id="558"><net_src comp="551" pin="1"/><net_sink comp="554" pin=0"/></net>

<net id="563"><net_src comp="551" pin="1"/><net_sink comp="559" pin=0"/></net>

<net id="564"><net_src comp="128" pin="0"/><net_sink comp="559" pin=1"/></net>

<net id="587"><net_src comp="551" pin="1"/><net_sink comp="583" pin=0"/></net>

<net id="592"><net_src comp="551" pin="1"/><net_sink comp="588" pin=0"/></net>

<net id="597"><net_src comp="588" pin="2"/><net_sink comp="593" pin=0"/></net>

<net id="598"><net_src comp="130" pin="0"/><net_sink comp="593" pin=1"/></net>

<net id="603"><net_src comp="559" pin="2"/><net_sink comp="599" pin=0"/></net>

<net id="607"><net_src comp="94" pin="0"/><net_sink comp="604" pin=0"/></net>

<net id="612"><net_src comp="286" pin="2"/><net_sink comp="608" pin=0"/></net>

<net id="613"><net_src comp="604" pin="1"/><net_sink comp="608" pin=1"/></net>

<net id="618"><net_src comp="608" pin="2"/><net_sink comp="614" pin=0"/></net>

<net id="619"><net_src comp="94" pin="0"/><net_sink comp="614" pin=1"/></net>

<net id="623"><net_src comp="148" pin="1"/><net_sink comp="620" pin=0"/></net>

<net id="624"><net_src comp="620" pin="1"/><net_sink comp="292" pin=44"/></net>

<net id="628"><net_src comp="152" pin="1"/><net_sink comp="625" pin=0"/></net>

<net id="629"><net_src comp="625" pin="1"/><net_sink comp="292" pin=43"/></net>

<net id="633"><net_src comp="156" pin="1"/><net_sink comp="630" pin=0"/></net>

<net id="634"><net_src comp="630" pin="1"/><net_sink comp="292" pin=42"/></net>

<net id="638"><net_src comp="160" pin="1"/><net_sink comp="635" pin=0"/></net>

<net id="639"><net_src comp="635" pin="1"/><net_sink comp="292" pin=41"/></net>

<net id="643"><net_src comp="164" pin="1"/><net_sink comp="640" pin=0"/></net>

<net id="644"><net_src comp="640" pin="1"/><net_sink comp="292" pin=40"/></net>

<net id="648"><net_src comp="168" pin="1"/><net_sink comp="645" pin=0"/></net>

<net id="649"><net_src comp="645" pin="1"/><net_sink comp="292" pin=39"/></net>

<net id="653"><net_src comp="172" pin="1"/><net_sink comp="650" pin=0"/></net>

<net id="654"><net_src comp="650" pin="1"/><net_sink comp="565" pin=0"/></net>

<net id="655"><net_src comp="650" pin="1"/><net_sink comp="292" pin=38"/></net>

<net id="659"><net_src comp="176" pin="1"/><net_sink comp="656" pin=0"/></net>

<net id="660"><net_src comp="656" pin="1"/><net_sink comp="568" pin=0"/></net>

<net id="661"><net_src comp="656" pin="1"/><net_sink comp="292" pin=37"/></net>

<net id="665"><net_src comp="180" pin="1"/><net_sink comp="662" pin=0"/></net>

<net id="666"><net_src comp="662" pin="1"/><net_sink comp="571" pin=0"/></net>

<net id="667"><net_src comp="662" pin="1"/><net_sink comp="292" pin=36"/></net>

<net id="671"><net_src comp="184" pin="1"/><net_sink comp="668" pin=0"/></net>

<net id="672"><net_src comp="668" pin="1"/><net_sink comp="574" pin=0"/></net>

<net id="673"><net_src comp="668" pin="1"/><net_sink comp="292" pin=35"/></net>

<net id="677"><net_src comp="188" pin="1"/><net_sink comp="674" pin=0"/></net>

<net id="678"><net_src comp="674" pin="1"/><net_sink comp="577" pin=0"/></net>

<net id="679"><net_src comp="674" pin="1"/><net_sink comp="292" pin=34"/></net>

<net id="683"><net_src comp="192" pin="1"/><net_sink comp="680" pin=0"/></net>

<net id="684"><net_src comp="680" pin="1"/><net_sink comp="580" pin=0"/></net>

<net id="685"><net_src comp="680" pin="1"/><net_sink comp="292" pin=33"/></net>

<net id="689"><net_src comp="196" pin="1"/><net_sink comp="686" pin=0"/></net>

<net id="690"><net_src comp="686" pin="1"/><net_sink comp="546" pin=1"/></net>

<net id="691"><net_src comp="686" pin="1"/><net_sink comp="551" pin=0"/></net>

<net id="692"><net_src comp="686" pin="1"/><net_sink comp="599" pin=1"/></net>

<net id="696"><net_src comp="200" pin="1"/><net_sink comp="693" pin=0"/></net>

<net id="697"><net_src comp="693" pin="1"/><net_sink comp="541" pin=1"/></net>

<net id="698"><net_src comp="693" pin="1"/><net_sink comp="292" pin=32"/></net>

<net id="702"><net_src comp="204" pin="1"/><net_sink comp="699" pin=0"/></net>

<net id="703"><net_src comp="699" pin="1"/><net_sink comp="536" pin=1"/></net>

<net id="704"><net_src comp="699" pin="1"/><net_sink comp="292" pin=31"/></net>

<net id="708"><net_src comp="208" pin="1"/><net_sink comp="705" pin=0"/></net>

<net id="709"><net_src comp="705" pin="1"/><net_sink comp="531" pin=1"/></net>

<net id="710"><net_src comp="705" pin="1"/><net_sink comp="292" pin=30"/></net>

<net id="714"><net_src comp="212" pin="1"/><net_sink comp="711" pin=0"/></net>

<net id="715"><net_src comp="711" pin="1"/><net_sink comp="526" pin=1"/></net>

<net id="716"><net_src comp="711" pin="1"/><net_sink comp="292" pin=29"/></net>

<net id="720"><net_src comp="216" pin="1"/><net_sink comp="717" pin=0"/></net>

<net id="721"><net_src comp="717" pin="1"/><net_sink comp="521" pin=1"/></net>

<net id="722"><net_src comp="717" pin="1"/><net_sink comp="292" pin=28"/></net>

<net id="726"><net_src comp="220" pin="1"/><net_sink comp="723" pin=0"/></net>

<net id="727"><net_src comp="723" pin="1"/><net_sink comp="516" pin=1"/></net>

<net id="728"><net_src comp="723" pin="1"/><net_sink comp="292" pin=27"/></net>

<net id="732"><net_src comp="224" pin="1"/><net_sink comp="729" pin=0"/></net>

<net id="733"><net_src comp="729" pin="1"/><net_sink comp="511" pin=1"/></net>

<net id="734"><net_src comp="729" pin="1"/><net_sink comp="292" pin=26"/></net>

<net id="738"><net_src comp="228" pin="1"/><net_sink comp="735" pin=0"/></net>

<net id="739"><net_src comp="735" pin="1"/><net_sink comp="506" pin=1"/></net>

<net id="740"><net_src comp="735" pin="1"/><net_sink comp="292" pin=25"/></net>

<net id="744"><net_src comp="232" pin="2"/><net_sink comp="741" pin=0"/></net>

<net id="745"><net_src comp="741" pin="1"/><net_sink comp="554" pin=1"/></net>

<net id="746"><net_src comp="741" pin="1"/><net_sink comp="292" pin=18"/></net>

<net id="750"><net_src comp="238" pin="2"/><net_sink comp="747" pin=0"/></net>

<net id="751"><net_src comp="747" pin="1"/><net_sink comp="292" pin=7"/></net>

<net id="752"><net_src comp="747" pin="1"/><net_sink comp="292" pin=17"/></net>

<net id="756"><net_src comp="412" pin="2"/><net_sink comp="753" pin=0"/></net>

<net id="757"><net_src comp="753" pin="1"/><net_sink comp="292" pin=9"/></net>

<net id="761"><net_src comp="256" pin="2"/><net_sink comp="758" pin=0"/></net>

<net id="762"><net_src comp="758" pin="1"/><net_sink comp="292" pin=10"/></net>

<net id="766"><net_src comp="262" pin="2"/><net_sink comp="763" pin=0"/></net>

<net id="767"><net_src comp="763" pin="1"/><net_sink comp="292" pin=21"/></net>

<net id="771"><net_src comp="268" pin="2"/><net_sink comp="768" pin=0"/></net>

<net id="772"><net_src comp="768" pin="1"/><net_sink comp="583" pin=1"/></net>

<net id="776"><net_src comp="274" pin="2"/><net_sink comp="773" pin=0"/></net>

<net id="777"><net_src comp="773" pin="1"/><net_sink comp="292" pin=22"/></net>

<net id="781"><net_src comp="280" pin="2"/><net_sink comp="778" pin=0"/></net>

<net id="782"><net_src comp="778" pin="1"/><net_sink comp="588" pin=1"/></net>

<net id="786"><net_src comp="428" pin="2"/><net_sink comp="783" pin=0"/></net>

<net id="787"><net_src comp="783" pin="1"/><net_sink comp="292" pin=20"/></net>

<net id="791"><net_src comp="434" pin="1"/><net_sink comp="788" pin=0"/></net>

<net id="792"><net_src comp="788" pin="1"/><net_sink comp="292" pin=15"/></net>

<net id="796"><net_src comp="438" pin="1"/><net_sink comp="793" pin=0"/></net>

<net id="797"><net_src comp="793" pin="1"/><net_sink comp="292" pin=14"/></net>

<net id="801"><net_src comp="494" pin="2"/><net_sink comp="798" pin=0"/></net>

<net id="802"><net_src comp="798" pin="1"/><net_sink comp="292" pin=12"/></net>

<net id="806"><net_src comp="500" pin="2"/><net_sink comp="803" pin=0"/></net>

<net id="807"><net_src comp="803" pin="1"/><net_sink comp="292" pin=13"/></net>

<net id="811"><net_src comp="551" pin="1"/><net_sink comp="808" pin=0"/></net>

<net id="812"><net_src comp="808" pin="1"/><net_sink comp="292" pin=16"/></net>

<net id="813"><net_src comp="808" pin="1"/><net_sink comp="292" pin=19"/></net>

<net id="820"><net_src comp="565" pin="1"/><net_sink comp="817" pin=0"/></net>

<net id="821"><net_src comp="817" pin="1"/><net_sink comp="292" pin=6"/></net>

<net id="825"><net_src comp="568" pin="1"/><net_sink comp="822" pin=0"/></net>

<net id="826"><net_src comp="822" pin="1"/><net_sink comp="292" pin=5"/></net>

<net id="830"><net_src comp="571" pin="1"/><net_sink comp="827" pin=0"/></net>

<net id="831"><net_src comp="827" pin="1"/><net_sink comp="292" pin=4"/></net>

<net id="835"><net_src comp="574" pin="1"/><net_sink comp="832" pin=0"/></net>

<net id="836"><net_src comp="832" pin="1"/><net_sink comp="292" pin=3"/></net>

<net id="840"><net_src comp="577" pin="1"/><net_sink comp="837" pin=0"/></net>

<net id="841"><net_src comp="837" pin="1"/><net_sink comp="292" pin=2"/></net>

<net id="845"><net_src comp="580" pin="1"/><net_sink comp="842" pin=0"/></net>

<net id="846"><net_src comp="842" pin="1"/><net_sink comp="292" pin=1"/></net>

<net id="850"><net_src comp="583" pin="2"/><net_sink comp="847" pin=0"/></net>

<net id="851"><net_src comp="847" pin="1"/><net_sink comp="292" pin=23"/></net>

<net id="855"><net_src comp="593" pin="2"/><net_sink comp="852" pin=0"/></net>

<net id="856"><net_src comp="852" pin="1"/><net_sink comp="292" pin=24"/></net>

</net_list>

</model> 
---------------- Datapath Model END ------------------

* FSMD analyzer results:
  - Output states:
	Port: height | {}
	Port: width | {}
	Port: passthruStartX | {}
	Port: passthruStartY | {}
	Port: passthruEndX | {}
	Port: passthruEndY | {}
	Port: enableInput | {}
	Port: bckgndId | {}
	Port: motionSpeed | {}
	Port: colorFormat | {}
	Port: ovrlayYUV | {3 4 }
	Port: tpgPatternColorBars_unsigned_short_unsigned_short_unsigned_char_int_hBarSel | {3 4 }
	Port: tpgPatternColorBars_unsigned_short_unsigned_short_unsigned_char_int_hBarSel_7 | {3 4 }
	Port: vBarSel | {3 4 }
	Port: tpgPatternTartanColorBars_unsigned_short_unsigned_short_unsigned_short_unsign_3 | {3 4 }
	Port: tpgPatternTartanColorBars_unsigned_short_unsigned_short_unsigned_short_unsign_2 | {3 4 }
	Port: vBarSel_1 | {3 4 }
	Port: tpgPatternCheckerBoard_unsigned_short_unsigned_short_unsigned_short_unsigned_3 | {3 4 }
	Port: tpgPatternCheckerBoard_unsigned_short_unsigned_short_unsigned_short_unsigned_2 | {3 4 }
	Port: blkYuv | {}
	Port: tpgBarSelYuv_y | {}
	Port: tpgBarSelYuv_u | {}
	Port: tpgBarSelYuv_v | {}
	Port: tpgPatternColorBars_unsigned_short_unsigned_short_unsigned_char_int_xBar_6 | {3 4 }
	Port: tpgBarSelRgb_r | {}
	Port: tpgBarSelRgb_g | {}
	Port: tpgBarSelRgb_b | {}
	Port: tpgPatternColorBars_unsigned_short_unsigned_short_unsigned_char_int_xBar | {3 4 }
	Port: s | {}
	Port: tpgTartanBarArray | {}
	Port: tpgPatternTartanColorBars_unsigned_short_unsigned_short_unsigned_short_unsign | {3 4 }
	Port: tpgPatternTartanColorBars_unsigned_short_unsigned_short_unsigned_short_unsign_1 | {3 4 }
	Port: yCount | {3 4 }
	Port: tpgPatternCrossHatch_unsigned_short_unsigned_short_unsigned_short_unsigned_sh | {3 4 }
	Port: tpgPatternCrossHatch_unsigned_short_unsigned_short_unsigned_short_unsigned_sh_1 | {3 4 }
	Port: vHatch | {3 4 }
	Port: yCount_1 | {3 4 }
	Port: blkYuv_1 | {}
	Port: whiYuv | {}
	Port: tpgCheckerBoardArray | {}
	Port: tpgPatternCheckerBoard_unsigned_short_unsigned_short_unsigned_short_unsigned_s | {3 4 }
	Port: tpgPatternCheckerBoard_unsigned_short_unsigned_short_unsigned_short_unsigned_1 | {3 4 }
	Port: yCount_2 | {3 4 }
	Port: rSerie | {3 4 }
	Port: gSerie | {3 4 }
	Port: bSerie | {3 4 }
	Port: rampStart | {2 }
 - Input state : 
	Port: tpgBackground : srcYUV | {3 4 }
	Port: tpgBackground : height | {1 }
	Port: tpgBackground : width | {1 }
	Port: tpgBackground : passthruStartX | {1 }
	Port: tpgBackground : passthruStartY | {1 }
	Port: tpgBackground : passthruEndX | {1 }
	Port: tpgBackground : passthruEndY | {1 }
	Port: tpgBackground : enableInput | {1 }
	Port: tpgBackground : bckgndId | {1 }
	Port: tpgBackground : motionSpeed | {2 }
	Port: tpgBackground : colorFormat | {1 }
	Port: tpgBackground : tpgPatternColorBars_unsigned_short_unsigned_short_unsigned_char_int_hBarSel | {1 }
	Port: tpgBackground : tpgPatternColorBars_unsigned_short_unsigned_short_unsigned_char_int_hBarSel_7 | {1 }
	Port: tpgBackground : vBarSel | {1 }
	Port: tpgBackground : tpgPatternTartanColorBars_unsigned_short_unsigned_short_unsigned_short_unsign_3 | {1 }
	Port: tpgBackground : tpgPatternTartanColorBars_unsigned_short_unsigned_short_unsigned_short_unsign_2 | {1 }
	Port: tpgBackground : vBarSel_1 | {1 }
	Port: tpgBackground : tpgPatternCheckerBoard_unsigned_short_unsigned_short_unsigned_short_unsigned_3 | {1 }
	Port: tpgBackground : tpgPatternCheckerBoard_unsigned_short_unsigned_short_unsigned_short_unsigned_2 | {1 }
	Port: tpgBackground : blkYuv | {3 4 }
	Port: tpgBackground : tpgBarSelYuv_y | {3 4 }
	Port: tpgBackground : tpgBarSelYuv_u | {3 4 }
	Port: tpgBackground : tpgBarSelYuv_v | {3 4 }
	Port: tpgBackground : tpgPatternColorBars_unsigned_short_unsigned_short_unsigned_char_int_xBar_6 | {3 4 }
	Port: tpgBackground : tpgBarSelRgb_r | {3 4 }
	Port: tpgBackground : tpgBarSelRgb_g | {3 4 }
	Port: tpgBackground : tpgBarSelRgb_b | {3 4 }
	Port: tpgBackground : tpgPatternColorBars_unsigned_short_unsigned_short_unsigned_char_int_xBar | {3 4 }
	Port: tpgBackground : s | {3 4 }
	Port: tpgBackground : tpgTartanBarArray | {3 4 }
	Port: tpgBackground : tpgPatternTartanColorBars_unsigned_short_unsigned_short_unsigned_short_unsign | {3 4 }
	Port: tpgBackground : tpgPatternTartanColorBars_unsigned_short_unsigned_short_unsigned_short_unsign_1 | {3 4 }
	Port: tpgBackground : yCount | {3 4 }
	Port: tpgBackground : tpgPatternCrossHatch_unsigned_short_unsigned_short_unsigned_short_unsigned_sh | {3 4 }
	Port: tpgBackground : tpgPatternCrossHatch_unsigned_short_unsigned_short_unsigned_short_unsigned_sh_1 | {3 4 }
	Port: tpgBackground : vHatch | {3 4 }
	Port: tpgBackground : yCount_1 | {3 4 }
	Port: tpgBackground : blkYuv_1 | {3 4 }
	Port: tpgBackground : whiYuv | {3 4 }
	Port: tpgBackground : tpgCheckerBoardArray | {3 4 }
	Port: tpgBackground : tpgPatternCheckerBoard_unsigned_short_unsigned_short_unsigned_short_unsigned_s | {3 4 }
	Port: tpgBackground : tpgPatternCheckerBoard_unsigned_short_unsigned_short_unsigned_short_unsigned_1 | {3 4 }
	Port: tpgBackground : yCount_2 | {3 4 }
	Port: tpgBackground : rSerie | {3 4 }
	Port: tpgBackground : gSerie | {3 4 }
	Port: tpgBackground : bSerie | {3 4 }
	Port: tpgBackground : rampStart | {2 }
  - Chain level:
	State 1
		icmp : 1
		zext_ln1367 : 1
		zext_ln1367_1 : 1
		zext_ln1530 : 1
		zext_ln1548 : 1
		zext_ln518 : 1
		store_ln518 : 1
		store_ln518 : 1
		store_ln518 : 2
		store_ln518 : 2
		store_ln518 : 2
		store_ln518 : 1
		store_ln518 : 2
		store_ln518 : 2
		store_ln518 : 1
	State 2
		icmp_ln518 : 1
		add_ln518 : 1
		br_ln518 : 2
		cmp59_not : 1
		ult : 1
		rev340 : 2
		store_ln518 : 2
		store_ln705 : 1
	State 3
	State 4


============================================================
+ Verbose Summary: Datapath Resource usage 
============================================================

* Functional unit list:
|----------|----------------------------------------------------|---------|---------|---------|
| Operation|                   Functional Unit                  |  Delay  |    FF   |   LUT   |
|----------|----------------------------------------------------|---------|---------|---------|
|   call   | grp_tpgBackground_Pipeline_VITIS_LOOP_520_2_fu_292 | 13.1831 |   720   |   2054  |
|----------|----------------------------------------------------|---------|---------|---------|
|          |                     cmp8_fu_412                    |    0    |    0    |    15   |
|          |                     icmp_fu_428                    |    0    |    0    |    14   |
|          |                    empty_fu_494                    |    0    |    0    |    15   |
|   icmp   |                   empty_67_fu_500                  |    0    |    0    |    15   |
|          |                  icmp_ln518_fu_554                 |    0    |    0    |    23   |
|          |                  cmp59_not_fu_583                  |    0    |    0    |    23   |
|          |                     ult_fu_588                     |    0    |    0    |    23   |
|----------|----------------------------------------------------|---------|---------|---------|
|    add   |                  add_ln518_fu_559                  |    0    |    0    |    23   |
|          |                  add_ln705_fu_608                  |    0    |    0    |    15   |
|----------|----------------------------------------------------|---------|---------|---------|
|    xor   |                    rev340_fu_593                   |    0    |    0    |    2    |
|----------|----------------------------------------------------|---------|---------|---------|
|          |               loopHeight_read_fu_232               |    0    |    0    |    0    |
|          |                loopWidth_read_fu_238               |    0    |    0    |    0    |
|          |            colorFormatLocal_read_fu_244            |    0    |    0    |    0    |
|          |            enableInput_read_read_fu_250            |    0    |    0    |    0    |
|   read   |              bckgndId_read_read_fu_256             |    0    |    0    |    0    |
|          |           passthruStartX_read_read_fu_262          |    0    |    0    |    0    |
|          |           passthruStartY_read_read_fu_268          |    0    |    0    |    0    |
|          |            passthruEndX_read_read_fu_274           |    0    |    0    |    0    |
|          |            passthruEndY_read_read_fu_280           |    0    |    0    |    0    |
|          |            motionSpeed_read_read_fu_286            |    0    |    0    |    0    |
|----------|----------------------------------------------------|---------|---------|---------|
|partselect|                     tmp_fu_418                     |    0    |    0    |    0    |
|----------|----------------------------------------------------|---------|---------|---------|
|   trunc  |                 trunc_ln1196_fu_434                |    0    |    0    |    0    |
|          |                 trunc_ln1212_fu_438                |    0    |    0    |    0    |
|----------|----------------------------------------------------|---------|---------|---------|
|          |                 zext_ln1367_fu_454                 |    0    |    0    |    0    |
|          |                zext_ln1367_1_fu_462                |    0    |    0    |    0    |
|   zext   |                 zext_ln1530_fu_470                 |    0    |    0    |    0    |
|          |                 zext_ln1548_fu_482                 |    0    |    0    |    0    |
|          |                  zext_ln518_fu_490                 |    0    |    0    |    0    |
|----------|----------------------------------------------------|---------|---------|---------|
|   Total  |                                                    | 13.1831 |   720   |   2222  |
|----------|----------------------------------------------------|---------|---------|---------|

Memories:
N/A

* Register list:
+---------------------------------------------------------------------------------------+--------+
|                                                                                       |   FF   |
+---------------------------------------------------------------------------------------+--------+
|                                 bckgndId_read_reg_758                                 |    8   |
|                                   cmp59_not_reg_847                                   |    1   |
|                                      cmp8_reg_753                                     |    1   |
|                                    empty_67_reg_803                                   |    1   |
|                                     empty_reg_798                                     |    1   |
|                                      icmp_reg_783                                     |    1   |
|                                   loopHeight_reg_741                                  |   16   |
|                                   loopWidth_reg_747                                   |   16   |
|                                 outpix_1_load_reg_822                                 |    8   |
|                                    outpix_1_reg_656                                   |    8   |
|                                 outpix_2_load_reg_827                                 |    8   |
|                                    outpix_2_reg_662                                   |    8   |
|                                 outpix_3_load_reg_832                                 |    8   |
|                                    outpix_3_reg_668                                   |    8   |
|                                 outpix_4_load_reg_837                                 |    8   |
|                                    outpix_4_reg_674                                   |    8   |
|                                 outpix_5_load_reg_842                                 |    8   |
|                                    outpix_5_reg_680                                   |    8   |
|                                  outpix_load_reg_817                                  |    8   |
|                                     outpix_reg_650                                    |    8   |
|                           p_0_0_0_0_0243374_lcssa387_reg_620                          |    8   |
|                           p_0_1_0_0_0245376_lcssa390_reg_625                          |    8   |
|                           p_0_2_0_0_0247378_lcssa393_reg_630                          |    8   |
|                           p_0_3_0_0_0249380_lcssa396_reg_635                          |    8   |
|                           p_0_4_0_0_0251382_lcssa399_reg_640                          |    8   |
|                           p_0_5_0_0_0253384_lcssa402_reg_645                          |    8   |
|                               passthruEndX_read_reg_773                               |   16   |
|                               passthruEndY_read_reg_778                               |   16   |
|                              passthruStartX_read_reg_763                              |   16   |
|                              passthruStartY_read_reg_768                              |   16   |
|                                     rev340_reg_852                                    |    1   |
| tpgPatternCheckerBoard_unsigned_short_unsigned_short_unsigned_short_unsigned_6_reg_699|    8   |
| tpgPatternCheckerBoard_unsigned_short_unsigned_short_unsigned_short_unsigned_7_reg_693|    8   |
|tpgPatternColorBars_unsigned_short_unsigned_short_unsigned_char_int_hBarSel_7_2_reg_729|    8   |
|tpgPatternColorBars_unsigned_short_unsigned_short_unsigned_char_int_hBarSel_l_1_reg_735|    8   |
|tpgPatternTartanColorBars_unsigned_short_unsigned_short_unsigned_short_unsign_6_reg_717|    8   |
|tpgPatternTartanColorBars_unsigned_short_unsigned_short_unsigned_short_unsign_7_reg_711|    8   |
|                                  trunc_ln1196_reg_788                                 |   14   |
|                                  trunc_ln1212_reg_793                                 |   14   |
|                                vBarSel_1_loc_0_reg_705                                |    8   |
|                                 vBarSel_loc_0_reg_723                                 |    8   |
|                                      y_1_reg_808                                      |   16   |
|                                       y_reg_686                                       |   16   |
+---------------------------------------------------------------------------------------+--------+
|                                         Total                                         |   378  |
+---------------------------------------------------------------------------------------+--------+

* Multiplexer (MUX) list: 
|--------|------|------|------|--------|
|  Comp  |  Pin | Size |  BW  | S x BW |
|--------|------|------|------|--------|
|  Total |      |      |      |    0   |
|--------|------|------|------|--------|



* Summary:
+-----------+--------+--------+--------+
|           |  Delay |   FF   |   LUT  |
+-----------+--------+--------+--------+
|  Function |   13   |   720  |  2222  |
|   Memory  |    -   |    -   |    -   |
|Multiplexer|    -   |    -   |    -   |
|  Register |    -   |   378  |    -   |
+-----------+--------+--------+--------+
|   Total   |   13   |  1098  |  2222  |
+-----------+--------+--------+--------+
