

================================================================
== Synthesis Summary Report of 'v_tpg'
================================================================
+ General Information: 
    * Date:           Wed Jun  3 12:59:10 2026
    * Version:        2025.2 (Build 6295257 on Nov 14 2025)
    * Project:        prj
    * Solution:       sol (Vivado IP Flow Target)
    * Product family: artixuplus
    * Target device:  xcau15p-ffvb676-2-e
    

* Performance & Resource Estimates: 
+-----------------------------------------------------------+------+---------------+----------+------------+-------+----------+------------+-----------+------+---------+---------+-----------+-------------+-----+
|                          Modules                          | Issue|               | Iteration|            |  Trip |          |         Latency        |      |         |         |           |             |     |
|                          & Loops                          | Type | Violation Type|  Latency |  Interval  | Count | Pipelined|  (cycles)  |    (ns)   | Slack|  BRAM   |   DSP   |     FF    |     LUT     | URAM|
+-----------------------------------------------------------+------+---------------+----------+------------+-------+----------+------------+-----------+------+---------+---------+-----------+-------------+-----+
|+ v_tpg                                                    |     -|              -|         -|  2148958192|      -|        no|  2148958191|  2.149e+10|  0.10|  12 (4%)|  26 (4%)|  8839 (5%)|  11871 (15%)|    -|
| + v_tpgHlsDataFlow*                                       |     -|              -|         -|  2148958188|      -|  dataflow|  2148958187|  2.149e+10|  0.10|  12 (4%)|  26 (4%)|  7794 (5%)|  10792 (13%)|    -|
|  + AXIvideo2MultiPixStream                                |     -|              -|         -|     1047606|      -|        no|     1047606|  1.048e+07|  4.10|        -|        -|  221 (~0%)|    533 (~0%)|    -|
|   + AXIvideo2MultiPixStream_Pipeline_loop_wait_for_start  |     -|              -|         -|           -|      -|       yes|           2|     20.000|  6.45|        -|        -|    4 (~0%)|     47 (~0%)|    -|
|    o loop_wait_for_start                                  |     -|              -|         1|           1|      0|       yes|           0|      0.000|  7.30|        -|        -|          -|            -|    -|
|   + reg_unsigned_short_6                                  |     -|              -|         -|           1|      -|       yes|           1|     10.000|  7.30|        -|        -|   13 (~0%)|      2 (~0%)|    -|
|   + reg_unsigned_short_6                                  |     -|              -|         -|           1|      -|       yes|           1|     10.000|  7.30|        -|        -|   13 (~0%)|      2 (~0%)|    -|
|   o loop_height                                           |     -|              -|       970|           -|   1080|        no|     1047600|  1.048e+07|  7.30|        -|        -|          -|            -|    -|
|    + AXIvideo2MultiPixStream_Pipeline_loop_width          |     -|              -|         -|           -|      -|       yes|         963|  9.630e+03|  4.10|        -|        -|   77 (~0%)|    235 (~0%)|    -|
|     o loop_width                                          |     -|              -|         3|           1|    960|       yes|         961|  9.610e+03|  7.30|        -|        -|          -|            -|    -|
|    + AXIvideo2MultiPixStream_Pipeline_loop_wait_for_eol   |     -|              -|         -|           -|      -|       yes|           2|     20.000|  6.45|        -|        -|    4 (~0%)|     52 (~0%)|    -|
|     o loop_wait_for_eol                                   |     -|              -|         1|           1|      0|       yes|           0|      0.000|  7.30|        -|        -|          -|            -|    -|
|  + tpgBackground                                          |     -|              -|         -|  2148958187|      -|        no|  2148958187|  2.149e+10|  0.10|  12 (4%)|  26 (4%)|  6591 (4%)|   8221 (10%)|    -|
|   o VITIS_LOOP_563_1                                      |     -|              -|     32791|           -|  65535|        no|  2148958185|  2.149e+10|  7.30|        -|        -|          -|            -|    -|
|    + tpgBackground_Pipeline_VITIS_LOOP_565_2              |     -|              -|         -|           -|      -|       yes|       32788|  3.279e+05|  0.10|  12 (4%)|  26 (4%)|  5663 (3%)|    7607 (9%)|    -|
|     o VITIS_LOOP_565_2                                    |     -|              -|        20|           1|  32768|       yes|       32786|  3.279e+05|  7.30|        -|        -|          -|            -|    -|
|      + reg_ap_uint_10_s                                   |     -|              -|         -|           1|      -|       yes|           1|     10.000|  7.30|        -|        -|   12 (~0%)|      2 (~0%)|    -|
|      + reg_int_s                                          |     -|              -|         -|           1|      -|       yes|           1|     10.000|  7.30|        -|        -|   18 (~0%)|      2 (~0%)|    -|
|  + tpgForeground                                          |     -|              -|         -|  2147713022|      -|        no|  2147713022|  2.148e+10|  2.21|        -|        -|  454 (~0%)|    1212 (1%)|    -|
|   o VITIS_LOOP_772_1                                      |     -|              -|     32772|           -|  65535|        no|  2147713020|  2.148e+10|  7.30|        -|        -|          -|            -|    -|
|    + tpgForeground_Pipeline_VITIS_LOOP_774_2              |     -|              -|         -|           -|      -|       yes|       32770|  3.277e+05|  2.21|        -|        -|  143 (~0%)|     954 (1%)|    -|
|     o VITIS_LOOP_774_2                                    |     -|              -|         2|           1|  32768|       yes|       32768|  3.277e+05|  7.30|        -|        -|          -|            -|    -|
|  + MultiPixStream2AXIvideo                                |     -|              -|         -|     1043281|      -|        no|     1043281|  1.043e+07|  3.86|        -|        -|  228 (~0%)|    595 (~0%)|    -|
|   o VITIS_LOOP_979_1                                      |     -|              -|       966|           -|   1080|        no|     1043280|  1.043e+07|  7.30|        -|        -|          -|            -|    -|
|    + MultiPixStream2AXIvideo_Pipeline_VITIS_LOOP_981_2    |     -|              -|         -|         963|      -|        no|         963|  9.630e+03|  3.86|        -|        -|   37 (~0%)|    270 (~0%)|    -|
|     o VITIS_LOOP_981_2                                    |     -|              -|         2|           1|    960|       yes|         960|  9.600e+03|  7.30|        -|        -|          -|            -|    -|
| + reg_unsigned_short_s                                    |     -|              -|         -|           1|      -|       yes|           1|     10.000|  7.30|        -|        -|   18 (~0%)|      2 (~0%)|    -|
+-----------------------------------------------------------+------+---------------+----------+------------+-------+----------+------------+-----------+------+---------+---------+-----------+-------------+-----+
    Name Prefix: '+' for module, 'o' for loop, '*' for dataflow


================================================================
== HW Interfaces
================================================================
* S_AXILITE Interfaces
+------------+------------+---------------+--------+----------+
| Interface  | Data Width | Address Width | Offset | Register |
+------------+------------+---------------+--------+----------+
| s_axi_CTRL | 32         | 8             | 16     | 0        |
+------------+------------+---------------+--------+----------+

* S_AXILITE Registers
+------------+--------------------+--------+-------+--------+-----------------------------------+----------------------------------------------------------------------+
| Interface  | Register           | Offset | Width | Access | Description                       | Bit Fields                                                           |
+------------+--------------------+--------+-------+--------+-----------------------------------+----------------------------------------------------------------------+
| s_axi_CTRL | CTRL               | 0x00   | 32    | RW     | Control signals                   | 0=AP_START 1=AP_DONE 2=AP_IDLE 3=AP_READY 7=AUTO_RESTART 9=INTERRUPT |
| s_axi_CTRL | GIER               | 0x04   | 32    | RW     | Global Interrupt Enable Register  | 0=Enable                                                             |
| s_axi_CTRL | IP_IER             | 0x08   | 32    | RW     | IP Interrupt Enable Register      | 0=CHAN0_INT_EN 1=CHAN1_INT_EN                                        |
| s_axi_CTRL | IP_ISR             | 0x0c   | 32    | RW     | IP Interrupt Status Register      | 0=CHAN0_INT_ST 1=CHAN1_INT_ST                                        |
| s_axi_CTRL | height             | 0x10   | 32    | W      | Data signal of height             |                                                                      |
| s_axi_CTRL | width              | 0x18   | 32    | W      | Data signal of width              |                                                                      |
| s_axi_CTRL | bckgndId           | 0x20   | 32    | W      | Data signal of bckgndId           |                                                                      |
| s_axi_CTRL | ovrlayId           | 0x28   | 32    | W      | Data signal of ovrlayId           |                                                                      |
| s_axi_CTRL | maskId             | 0x30   | 32    | W      | Data signal of maskId             |                                                                      |
| s_axi_CTRL | motionSpeed        | 0x38   | 32    | W      | Data signal of motionSpeed        |                                                                      |
| s_axi_CTRL | colorFormat        | 0x40   | 32    | W      | Data signal of colorFormat        |                                                                      |
| s_axi_CTRL | crossHairX         | 0x48   | 32    | W      | Data signal of crossHairX         |                                                                      |
| s_axi_CTRL | crossHairY         | 0x50   | 32    | W      | Data signal of crossHairY         |                                                                      |
| s_axi_CTRL | ZplateHorContStart | 0x58   | 32    | W      | Data signal of ZplateHorContStart |                                                                      |
| s_axi_CTRL | ZplateHorContDelta | 0x60   | 32    | W      | Data signal of ZplateHorContDelta |                                                                      |
| s_axi_CTRL | ZplateVerContStart | 0x68   | 32    | W      | Data signal of ZplateVerContStart |                                                                      |
| s_axi_CTRL | ZplateVerContDelta | 0x70   | 32    | W      | Data signal of ZplateVerContDelta |                                                                      |
| s_axi_CTRL | boxSize            | 0x78   | 32    | W      | Data signal of boxSize            |                                                                      |
| s_axi_CTRL | boxColorR          | 0x80   | 32    | W      | Data signal of boxColorR          |                                                                      |
| s_axi_CTRL | boxColorG          | 0x88   | 32    | W      | Data signal of boxColorG          |                                                                      |
| s_axi_CTRL | boxColorB          | 0x90   | 32    | W      | Data signal of boxColorB          |                                                                      |
| s_axi_CTRL | enableInput        | 0x98   | 32    | W      | Data signal of enableInput        |                                                                      |
| s_axi_CTRL | passthruStartX     | 0xa0   | 32    | W      | Data signal of passthruStartX     |                                                                      |
| s_axi_CTRL | passthruStartY     | 0xa8   | 32    | W      | Data signal of passthruStartY     |                                                                      |
| s_axi_CTRL | passthruEndX       | 0xb0   | 32    | W      | Data signal of passthruEndX       |                                                                      |
| s_axi_CTRL | passthruEndY       | 0xb8   | 32    | W      | Data signal of passthruEndY       |                                                                      |
| s_axi_CTRL | dpDynamicRange     | 0xc0   | 32    | W      | Data signal of dpDynamicRange     |                                                                      |
| s_axi_CTRL | dpYUVCoef          | 0xc8   | 32    | W      | Data signal of dpYUVCoef          |                                                                      |
| s_axi_CTRL | field_id           | 0xd0   | 32    | W      | Data signal of field_id           |                                                                      |
| s_axi_CTRL | bck_motion_en      | 0xd8   | 32    | W      | Data signal of bck_motion_en      |                                                                      |
+------------+--------------------+--------+-------+--------+-----------------------------------+----------------------------------------------------------------------+

* AXIS
+--------------+-----------+---------------+-------+-------+-----+-------+-------+--------+-------+-------+--------+
| Interface    | Direction | Register Mode | TDATA | TDEST | TID | TKEEP | TLAST | TREADY | TSTRB | TUSER | TVALID |
+--------------+-----------+---------------+-------+-------+-----+-------+-------+--------+-------+-------+--------+
| m_axis_video | out       | both          | 48    | 1     | 1   | 6     | 1     | 1      | 6     | 1     | 1      |
| s_axis_video | in        | both          | 48    | 1     | 1   | 6     | 1     | 1      | 6     | 1     | 1      |
+--------------+-----------+---------------+-------+-------+-----+-------+-------+--------+-------+-------+--------+

* Other Ports
+--------+---------+-----------+----------+
| Port   | Mode    | Direction | Bitwidth |
+--------+---------+-----------+----------+
| fid    | ap_none | out       | 1        |
| fid_in | ap_none | in        | 1        |
+--------+---------+-----------+----------+

* TOP LEVEL CONTROL
+-----------+------------+-----------+
| Interface | Type       | Ports     |
+-----------+------------+-----------+
| ap_clk    | clock      | ap_clk    |
| ap_rst_n  | reset      | ap_rst_n  |
| interrupt | interrupt  | interrupt |
| ap_ctrl   | ap_ctrl_hs |           |
+-----------+------------+-----------+


================================================================
== SW I/O Information
================================================================
* Top Function Arguments
+--------------------+-----------+------------------------------------------------------------------------------+
| Argument           | Direction | Datatype                                                                     |
+--------------------+-----------+------------------------------------------------------------------------------+
| s_axis_video       | in        | stream<hls::axis<ap_uint<48>, 1UL, 1UL, 1UL, (unsigned char)'8', false>, 0>& |
| height             | in        | unsigned short&                                                              |
| width              | in        | unsigned short&                                                              |
| field_id           | in        | unsigned short&                                                              |
| fid_in             | in        | bool&                                                                        |
| passthruStartX     | in        | unsigned short&                                                              |
| passthruStartY     | in        | unsigned short&                                                              |
| passthruEndX       | in        | unsigned short&                                                              |
| passthruEndY       | in        | unsigned short&                                                              |
| enableInput        | in        | unsigned char&                                                               |
| bckgndId           | in        | unsigned char&                                                               |
| ovrlayId           | in        | unsigned char&                                                               |
| maskId             | in        | unsigned char&                                                               |
| motionSpeed        | in        | unsigned char&                                                               |
| colorFormat        | in        | unsigned char&                                                               |
| crossHairX         | in        | unsigned short&                                                              |
| crossHairY         | in        | unsigned short&                                                              |
| ZplateHorContStart | in        | unsigned short&                                                              |
| ZplateHorContDelta | in        | unsigned short&                                                              |
| ZplateVerContStart | in        | unsigned short&                                                              |
| ZplateVerContDelta | in        | unsigned short&                                                              |
| boxSize            | in        | unsigned short&                                                              |
| boxColorR          | in        | unsigned short&                                                              |
| boxColorG          | in        | unsigned short&                                                              |
| boxColorB          | in        | unsigned short&                                                              |
| dpDynamicRange     | in        | unsigned char&                                                               |
| dpYUVCoef          | in        | unsigned char&                                                               |
| bck_motion_en      | in        | unsigned short&                                                              |
| m_axis_video       | out       | stream<hls::axis<ap_uint<48>, 1UL, 1UL, 1UL, (unsigned char)'8', false>, 0>& |
| fid                | out       | bool&                                                                        |
+--------------------+-----------+------------------------------------------------------------------------------+

* SW-to-HW Mapping
+--------------------+--------------+-----------+----------------------------------------------+
| Argument           | HW Interface | HW Type   | HW Info                                      |
+--------------------+--------------+-----------+----------------------------------------------+
| s_axis_video       | s_axis_video | interface |                                              |
| height             | s_axi_CTRL   | register  | name=height offset=0x10 range=32             |
| width              | s_axi_CTRL   | register  | name=width offset=0x18 range=32              |
| field_id           | s_axi_CTRL   | register  | name=field_id offset=0xd0 range=32           |
| fid_in             | fid_in       | port      |                                              |
| passthruStartX     | s_axi_CTRL   | register  | name=passthruStartX offset=0xa0 range=32     |
| passthruStartY     | s_axi_CTRL   | register  | name=passthruStartY offset=0xa8 range=32     |
| passthruEndX       | s_axi_CTRL   | register  | name=passthruEndX offset=0xb0 range=32       |
| passthruEndY       | s_axi_CTRL   | register  | name=passthruEndY offset=0xb8 range=32       |
| enableInput        | s_axi_CTRL   | register  | name=enableInput offset=0x98 range=32        |
| bckgndId           | s_axi_CTRL   | register  | name=bckgndId offset=0x20 range=32           |
| ovrlayId           | s_axi_CTRL   | register  | name=ovrlayId offset=0x28 range=32           |
| maskId             | s_axi_CTRL   | register  | name=maskId offset=0x30 range=32             |
| motionSpeed        | s_axi_CTRL   | register  | name=motionSpeed offset=0x38 range=32        |
| colorFormat        | s_axi_CTRL   | register  | name=colorFormat offset=0x40 range=32        |
| crossHairX         | s_axi_CTRL   | register  | name=crossHairX offset=0x48 range=32         |
| crossHairY         | s_axi_CTRL   | register  | name=crossHairY offset=0x50 range=32         |
| ZplateHorContStart | s_axi_CTRL   | register  | name=ZplateHorContStart offset=0x58 range=32 |
| ZplateHorContDelta | s_axi_CTRL   | register  | name=ZplateHorContDelta offset=0x60 range=32 |
| ZplateVerContStart | s_axi_CTRL   | register  | name=ZplateVerContStart offset=0x68 range=32 |
| ZplateVerContDelta | s_axi_CTRL   | register  | name=ZplateVerContDelta offset=0x70 range=32 |
| boxSize            | s_axi_CTRL   | register  | name=boxSize offset=0x78 range=32            |
| boxColorR          | s_axi_CTRL   | register  | name=boxColorR offset=0x80 range=32          |
| boxColorG          | s_axi_CTRL   | register  | name=boxColorG offset=0x88 range=32          |
| boxColorB          | s_axi_CTRL   | register  | name=boxColorB offset=0x90 range=32          |
| dpDynamicRange     | s_axi_CTRL   | register  | name=dpDynamicRange offset=0xc0 range=32     |
| dpYUVCoef          | s_axi_CTRL   | register  | name=dpYUVCoef offset=0xc8 range=32          |
| bck_motion_en      | s_axi_CTRL   | register  | name=bck_motion_en offset=0xd8 range=32      |
| m_axis_video       | m_axis_video | interface |                                              |
| fid                | fid          | port      |                                              |
+--------------------+--------------+-----------+----------------------------------------------+


================================================================
== M_AXI Burst Information
================================================================
 Note: All burst requests might be further partitioned into multiple requests during RTL generation based on max_read_burst_length or max_write_burst_length settings.


================================================================
== Bind Op Report
================================================================
+--------------------------------------------------------+-----+--------+-------------------+-----------+-------------------------+---------+
| Name                                                   | DSP | Pragma | Variable          | Op        | Impl                    | Latency |
+--------------------------------------------------------+-----+--------+-------------------+-----------+-------------------------+---------+
| + v_tpg                                                | 26  |        |                   |           |                         |         |
|   icmp_ln500_fu_766_p2                                 |     |        | icmp_ln500        | seteq     | auto                    | 0       |
|   add_ln502_fu_776_p2                                  |     |        | add_ln502         | add       | fabric                  | 0       |
|   icmp_ln503_fu_782_p2                                 |     |        | icmp_ln503        | seteq     | auto                    | 0       |
|   icmp_ln505_fu_802_p2                                 |     |        | icmp_ln505        | setlt     | auto                    | 0       |
|   add_ln507_fu_808_p2                                  |     |        | add_ln507         | add       | fabric                  | 0       |
|   select_ln505_fu_814_p3                               |     |        | select_ln505      | select    | auto_sel                | 0       |
|  + v_tpgHlsDataFlow                                    | 26  |        |                   |           |                         |         |
|   + AXIvideo2MultiPixStream                            | 0   |        |                   |           |                         |         |
|     icmp_ln834_fu_242_p2                               |     |        | icmp_ln834        | seteq     | auto                    | 0       |
|     icmp_ln850_fu_304_p2                               |     |        | icmp_ln850        | setne     | auto                    | 0       |
|     xor_ln897_fu_309_p2                                |     |        | xor_ln897         | xor       | auto                    | 0       |
|     icmp_ln845_fu_318_p2                               |     |        | icmp_ln845        | seteq     | auto                    | 0       |
|     i_4_fu_323_p2                                      |     |        | i_4               | add       | fabric                  | 0       |
|     and_ln897_fu_389_p2                                |     |        | and_ln897         | and       | auto                    | 0       |
|     and_ln897_1_fu_333_p2                              |     |        | and_ln897_1       | and       | auto                    | 0       |
|    + AXIvideo2MultiPixStream_Pipeline_loop_width       | 0   |        |                   |           |                         |         |
|      icmp_ln880_fu_213_p2                              |     |        | icmp_ln880        | seteq     | auto                    | 0       |
|      icmp_ln850_fu_237_p2                              |     |        | icmp_ln850        | seteq     | auto                    | 0       |
|      j_4_fu_243_p2                                     |     |        | j_4               | add       | fabric                  | 0       |
|      or_ln854_fu_254_p2                                |     |        | or_ln854          | or        | auto                    | 0       |
|      select_ln880_fu_296_p3                            |     |        | select_ln880      | select    | auto_sel                | 0       |
|      select_ln880_1_fu_311_p3                          |     |        | select_ln880_1    | select    | auto_sel                | 0       |
|      select_ln880_2_fu_318_p3                          |     |        | select_ln880_2    | select    | auto_sel                | 0       |
|      sparsemux_5_8_8_1_1_U12                           |     |        | tmp_i             | sparsemux | compactencoding_realdef | 0       |
|      icmp_ln880_1_fu_364_p2                            |     |        | icmp_ln880_1      | seteq     | auto                    | 0       |
|      empty_fu_369_p3                                   |     |        | empty             | select    | auto_sel                | 0       |
|      empty_198_fu_377_p3                               |     |        | empty_198         | select    | auto_sel                | 0       |
|   + tpgBackground                                      | 26  |        |                   |           |                         |         |
|     icmp_ln1122_fu_1047_p2                             |     |        | icmp_ln1122       | seteq     | auto                    | 0       |
|     icmp_ln1144_fu_823_p2                              |     |        | icmp_ln1144       | seteq     | auto                    | 0       |
|     select_ln1144_fu_839_p3                            |     |        | select_ln1144     | select    | auto_sel                | 0       |
|     select_ln1122_fu_1064_p3                           |     |        | select_ln1122     | select    | auto_sel                | 0       |
|     add_ln1241_fu_1076_p2                              |     |        | add_ln1241        | add       | fabric                  | 0       |
|     add_ln1373_fu_1096_p2                              |     |        | add_ln1373        | add       | fabric                  | 0       |
|     add_ln1373_1_fu_1112_p2                            |     |        | add_ln1373_1      | add       | fabric                  | 0       |
|     add_ln1374_fu_1118_p2                              |     |        | add_ln1374        | add       | fabric                  | 0       |
|     add_ln1386_fu_1146_p2                              |     |        | add_ln1386        | add       | fabric                  | 0       |
|     add_ln1473_fu_1152_p2                              |     |        | add_ln1473        | add       | fabric                  | 0       |
|     add_ln1449_fu_1158_p2                              |     |        | add_ln1449        | add       | fabric                  | 0       |
|     select_ln1503_fu_1164_p3                           |     |        | select_ln1503     | select    | auto_sel                | 0       |
|     select_ln1518_fu_1172_p3                           |     |        | select_ln1518     | select    | auto_sel                | 0       |
|     icmp_ln563_fu_1184_p2                              |     |        | icmp_ln563        | seteq     | auto                    | 0       |
|     add_ln563_fu_1189_p2                               |     |        | add_ln563         | add       | fabric                  | 0       |
|     icmp_ln736_fu_1199_p2                              |     |        | icmp_ln736        | setlt     | auto                    | 0       |
|     icmp_ln737_fu_1205_p2                              |     |        | icmp_ln737        | setlt     | auto                    | 0       |
|     xor_ln737_fu_1210_p2                               |     |        | xor_ln737         | xor       | auto                    | 0       |
|     icmp_ln1337_fu_1217_p2                             |     |        | icmp_ln1337       | setne     | auto                    | 0       |
|     icmp_ln1449_fu_1224_p2                             |     |        | icmp_ln1449       | seteq     | auto                    | 0       |
|     add_ln1533_fu_1234_p2                              |     |        | add_ln1533        | add       | fabric                  | 0       |
|     add_ln750_fu_1256_p2                               |     |        | add_ln750         | add       | fabric                  | 0       |
|    + tpgBackground_Pipeline_VITIS_LOOP_565_2           | 26  |        |                   |           |                         |         |
|      icmp_ln1782_fu_1920_p2                            |     |        | icmp_ln1782       | seteq     | auto                    | 0       |
|      icmp_ln1144_fu_1926_p2                            |     |        | icmp_ln1144       | seteq     | auto                    | 0       |
|      icmp_ln1122_fu_1932_p2                            |     |        | icmp_ln1122       | seteq     | auto                    | 0       |
|      icmp_ln1797_fu_1938_p2                            |     |        | icmp_ln1797       | seteq     | auto                    | 0       |
|      icmp_ln1862_fu_1944_p2                            |     |        | icmp_ln1862       | setne     | auto                    | 0       |
|      icmp_ln1449_fu_1954_p2                            |     |        | icmp_ln1449       | seteq     | auto                    | 0       |
|      icmp_ln570_fu_1964_p2                             |     |        | icmp_ln570        | setne     | auto                    | 0       |
|      icmp_ln565_fu_1997_p2                             |     |        | icmp_ln565        | setlt     | auto                    | 0       |
|      icmp_ln1072_fu_2007_p2                            |     |        | icmp_ln1072       | seteq     | auto                    | 0       |
|      or_ln1746_fu_2057_p2                              |     |        | or_ln1746         | or        | auto                    | 0       |
|      icmp_ln1746_fu_2063_p2                            |     |        | icmp_ln1746       | seteq     | auto                    | 0       |
|      icmp_ln1751_fu_2458_p2                            |     |        | icmp_ln1751       | setne     | auto                    | 0       |
|      and_ln1751_fu_2464_p2                             |     |        | and_ln1751        | and       | auto                    | 0       |
|      xor_ln1758_fu_3736_p2                             |     |        | xor_ln1758        | xor       | auto                    | 0       |
|      add_ln1753_fu_2475_p2                             |     |        | add_ln1753        | add       | fabric                  | 0       |
|      icmp_ln1768_fu_2495_p2                            |     |        | icmp_ln1768       | setlt     | auto                    | 0       |
|      add_ln1774_fu_2501_p2                             |     |        | add_ln1774        | add       | fabric                  | 0       |
|      add_ln1775_fu_3764_p2                             |     |        | add_ln1775        | add       | fabric                  | 0       |
|      add_ln1770_fu_2513_p2                             |     |        | add_ln1770        | add       | fabric                  | 0       |
|      or_ln1778_fu_4038_p2                              |     |        | or_ln1778         | or        | auto                    | 0       |
|      or_ln1782_fu_4664_p2                              |     |        | or_ln1782         | or        | auto                    | 0       |
|      icmp_ln1782_1_fu_4668_p2                          |     |        | icmp_ln1782_1     | seteq     | auto                    | 0       |
|      xor_ln1782_fu_4674_p2                             |     |        | xor_ln1782        | xor       | auto                    | 0       |
|      and_ln1782_fu_4679_p2                             |     |        | and_ln1782        | and       | auto                    | 0       |
|      xor_ln1122_fu_4684_p2                             |     |        | xor_ln1122        | xor       | auto                    | 0       |
|      and_ln1797_fu_4689_p2                             |     |        | and_ln1797        | and       | auto                    | 0       |
|      sparsemux_9_3_8_1_1_U73                           |     |        | pix_24            | sparsemux | onehotencoding_realdef  | 0       |
|      sparsemux_9_3_8_1_1_U74                           |     |        | pix_3             | sparsemux | onehotencoding_realdef  | 0       |
|      sparsemux_9_3_8_1_1_U75                           |     |        | pix_4             | sparsemux | onehotencoding_realdef  | 0       |
|      icmp_ln1768_1_fu_2537_p2                          |     |        | icmp_ln1768_1     | setlt     | auto                    | 0       |
|      add_ln1774_1_fu_2543_p2                           |     |        | add_ln1774_1      | add       | fabric                  | 0       |
|      add_ln1775_1_fu_3792_p2                           |     |        | add_ln1775_1      | add       | fabric                  | 0       |
|      add_ln1770_1_fu_2555_p2                           |     |        | add_ln1770_1      | add       | fabric                  | 0       |
|      or_ln1778_1_fu_4057_p2                            |     |        | or_ln1778_1       | or        | auto                    | 0       |
|      phi_ln1811_fu_4776_p3                             |     |        | phi_ln1811        | select    | auto_sel                | 0       |
|      phi_ln1801_fu_4819_p3                             |     |        | phi_ln1801        | select    | auto_sel                | 0       |
|      icmp_ln1629_fu_2091_p2                            |     |        | icmp_ln1629       | seteq     | auto                    | 0       |
|      select_ln1629_fu_4998_p3                          |     |        | select_ln1629     | select    | auto_sel                | 0       |
|      sparsemux_7_16_8_1_1_U76                          |     |        | pix_35            | sparsemux | compactencoding_realdef | 0       |
|      sparsemux_7_16_8_1_1_U77                          |     |        | pix_37            | sparsemux | compactencoding_realdef | 0       |
|      sparsemux_7_16_8_1_1_U78                          |     |        | pix_36            | sparsemux | compactencoding_realdef | 0       |
|      tmp_53_fu_5066_p2                                 |     |        | tmp_53            | add       | fabric                  | 0       |
|      sparsemux_7_16_8_1_1_U79                          |     |        | outpix_25         | sparsemux | compactencoding_realdef | 0       |
|      sparsemux_7_16_8_1_1_U80                          |     |        | outpix_20         | sparsemux | compactencoding_realdef | 0       |
|      sparsemux_7_16_8_1_1_U81                          |     |        | mux_case_4_i      | sparsemux | compactencoding_realdef | 0       |
|      outpix_26_fu_5129_p3                              |     |        | outpix_26         | select    | auto_sel                | 0       |
|      rampVal_2_new_1_out                               |     |        | add_ln1664        | add       | fabric                  | 0       |
|      xor_ln1839_fu_5219_p2                             |     |        | xor_ln1839        | xor       | auto                    | 0       |
|      xor_ln1846_fu_5237_p2                             |     |        | xor_ln1846        | xor       | auto                    | 0       |
|      xor_ln1853_fu_5255_p2                             |     |        | xor_ln1853        | xor       | auto                    | 0       |
|      xor_ln1839_1_fu_5341_p2                           |     |        | xor_ln1839_1      | xor       | auto                    | 0       |
|      xor_ln1846_1_fu_5383_p2                           |     |        | xor_ln1846_1      | xor       | auto                    | 0       |
|      xor_ln1853_1_fu_5425_p2                           |     |        | xor_ln1853_1      | xor       | auto                    | 0       |
|      outpix_18_fu_5501_p3                              |     |        | outpix_18         | select    | auto_sel                | 0       |
|      or_ln1563_fu_2097_p2                              |     |        | or_ln1563         | or        | auto                    | 0       |
|      icmp_ln1563_fu_2103_p2                            |     |        | icmp_ln1563       | seteq     | auto                    | 0       |
|      icmp_ln1568_fu_2579_p2                            |     |        | icmp_ln1568       | setgt     | auto                    | 0       |
|      and_ln1568_fu_2584_p2                             |     |        | and_ln1568        | and       | auto                    | 0       |
|      add_ln1575_fu_3824_p2                             |     |        | add_ln1575        | add       | fabric                  | 0       |
|      add_ln1570_fu_2595_p2                             |     |        | add_ln1570        | add       | fabric                  | 0       |
|      icmp_ln1586_fu_2611_p2                            |     |        | icmp_ln1586       | setlt     | auto                    | 0       |
|      sub_ln1592_fu_2616_p2                             |     |        | sub_ln1592        | sub       | fabric                  | 0       |
|      add_ln1593_fu_3848_p2                             |     |        | add_ln1593        | add       | fabric                  | 0       |
|      add_ln1588_fu_2627_p2                             |     |        | add_ln1588        | add       | fabric                  | 0       |
|      tBarSel_fu_4092_p2                                |     |        | tBarSel           | or        | auto                    | 0       |
|      outpix_71_fu_5574_p3                              |     |        | outpix_71         | select    | auto_sel                | 0       |
|      outpix_72_fu_5581_p3                              |     |        | outpix_72         | select    | auto_sel                | 0       |
|      outpix_70_fu_5588_p3                              |     |        | outpix_70         | select    | auto_sel                | 0       |
|      icmp_ln1586_1_fu_2643_p2                          |     |        | icmp_ln1586_1     | setlt     | auto                    | 0       |
|      sub_ln1592_1_fu_2648_p2                           |     |        | sub_ln1592_1      | sub       | fabric                  | 0       |
|      add_ln1593_1_fu_3876_p2                           |     |        | add_ln1593_1      | add       | fabric                  | 0       |
|      add_ln1588_1_fu_2659_p2                           |     |        | add_ln1588_1      | add       | fabric                  | 0       |
|      tBarSel_1_fu_4111_p2                              |     |        | tBarSel_1         | or        | auto                    | 0       |
|      grp_fu_1901_p3                                    |     |        | cond99_1_ph_i     | select    | auto_sel                | 0       |
|      outpix_10_fu_5661_p3                              |     |        | outpix_10         | select    | auto_sel                | 0       |
|      outpix_11_fu_5667_p3                              |     |        | outpix_11         | select    | auto_sel                | 0       |
|      outpix_12_fu_5674_p2                              |     |        | outpix_12         | add       | fabric                  | 0       |
|      outpix_13_fu_5680_p3                              |     |        | outpix_13         | select    | auto_sel                | 0       |
|      add_ln1545_fu_5687_p2                             |     |        | add_ln1545        | add       | fabric                  | 0       |
|      grp_fu_2155_p0                                    |     |        | add_ln1281        | add       | fabric                  | 0       |
|      grp_fu_2149_p0                                    |     |        | add_ln1281_1      | add       | fabric                  | 0       |
|      mul_11ns_13ns_23_1_1_U61                          | 1   |        | mul_ln1281        | mul       | auto                    | 0       |
|      urem_11ns_3ns_2_15_1_U55                          |     |        | urem_ln1281       | urem      | auto                    | 14      |
|      sparsemux_7_2_9_1_1_U67                           |     |        | tmp_3             | sparsemux | onehotencoding_realdef  | 0       |
|      add_ln1281_2_fu_3314_p2                           |     |        | add_ln1281_2      | add       | fabric                  | 0       |
|      r_fu_3332_p3                                      |     |        | r                 | select    | auto_sel                | 0       |
|      mul_11ns_13ns_23_1_1_U62                          | 1   |        | mul_ln1285        | mul       | auto                    | 0       |
|      urem_11ns_3ns_2_15_1_U56                          |     |        | urem_ln1285       | urem      | auto                    | 14      |
|      sparsemux_7_2_9_1_1_U68                           |     |        | tmp_4             | sparsemux | onehotencoding_realdef  | 0       |
|      add_ln1285_fu_3372_p2                             |     |        | add_ln1285        | add       | fabric                  | 0       |
|      g_fu_3390_p3                                      |     |        | g                 | select    | auto_sel                | 0       |
|      mul_11ns_13ns_23_1_1_U63                          | 1   |        | mul_ln1289        | mul       | auto                    | 0       |
|      urem_11ns_3ns_2_15_1_U57                          |     |        | urem_ln1289       | urem      | auto                    | 14      |
|      sparsemux_7_2_9_1_1_U69                           |     |        | tmp_5             | sparsemux | onehotencoding_realdef  | 0       |
|      add_ln1289_fu_3430_p2                             |     |        | add_ln1289        | add       | fabric                  | 0       |
|      b_fu_3448_p3                                      |     |        | b                 | select    | auto_sel                | 0       |
|      grp_fu_2203_p0                                    |     |        | add_ln1281_3      | add       | fabric                  | 0       |
|      grp_fu_2197_p0                                    |     |        | add_ln1281_4      | add       | fabric                  | 0       |
|      mul_11ns_13ns_23_1_1_U64                          | 1   |        | mul_ln1281_1      | mul       | auto                    | 0       |
|      urem_11ns_3ns_2_15_1_U58                          |     |        | urem_ln1281_1     | urem      | auto                    | 14      |
|      sparsemux_7_2_9_1_1_U70                           |     |        | tmp_6             | sparsemux | onehotencoding_realdef  | 0       |
|      add_ln1281_5_fu_3488_p2                           |     |        | add_ln1281_5      | add       | fabric                  | 0       |
|      r_2_fu_3506_p3                                    |     |        | r_2               | select    | auto_sel                | 0       |
|      mul_11ns_13ns_23_1_1_U65                          | 1   |        | mul_ln1285_1      | mul       | auto                    | 0       |
|      urem_11ns_3ns_2_15_1_U59                          |     |        | urem_ln1285_1     | urem      | auto                    | 14      |
|      sparsemux_7_2_9_1_1_U71                           |     |        | tmp_7             | sparsemux | onehotencoding_realdef  | 0       |
|      add_ln1285_1_fu_3546_p2                           |     |        | add_ln1285_1      | add       | fabric                  | 0       |
|      g_2_fu_3564_p3                                    |     |        | g_2               | select    | auto_sel                | 0       |
|      mul_11ns_13ns_23_1_1_U66                          | 1   |        | mul_ln1289_1      | mul       | auto                    | 0       |
|      urem_11ns_3ns_2_15_1_U60                          |     |        | urem_ln1289_1     | urem      | auto                    | 14      |
|      sparsemux_7_2_9_1_1_U72                           |     |        | tmp_8             | sparsemux | onehotencoding_realdef  | 0       |
|      add_ln1289_1_fu_3604_p2                           |     |        | add_ln1289_1      | add       | fabric                  | 0       |
|      b_2_fu_3622_p3                                    |     |        | b_2               | select    | auto_sel                | 0       |
|      mac_muladd_8ns_5ns_16ns_17_4_1_U100               | 1   |        | mul_ln1302        | mul       | dsp_slice               | 3       |
|      mac_muladd_8ns_5ns_16ns_17_4_1_U100               | 1   |        | zext_ln1302_4     | zext      | dsp_slice               | 3       |
|      mac_muladd_8ns_7ns_13ns_15_4_1_U88                | 1   |        | mul_ln1302_1      | mul       | dsp_slice               | 3       |
|      mac_muladd_8ns_8ns_15ns_16_4_1_U96                | 1   |        | mul_ln1302_2      | mul       | dsp_slice               | 3       |
|      mac_muladd_8ns_7ns_13ns_15_4_1_U88                | 1   |        | add_ln1302        | add       | dsp_slice               | 3       |
|      mac_muladd_8ns_8ns_15ns_16_4_1_U96                | 1   |        | add_ln1302_1      | add       | dsp_slice               | 3       |
|      mac_muladd_8ns_5ns_16ns_17_4_1_U100               | 1   |        | add_ln1302_2      | add       | dsp_slice               | 3       |
|      mac_muladd_8ns_7s_16s_16_4_1_U89                  | 1   |        | mul_ln1303        | mul       | dsp_slice               | 3       |
|      mac_muladd_8ns_7s_16s_16_4_1_U89                  | 1   |        | mul_ln1303_cast   | sext      | dsp_slice               | 3       |
|      mac_muladd_8ns_8s_16s_16_4_1_U97                  | 1   |        | mul65_i_neg       | mul       | dsp_slice               | 3       |
|      mac_muladd_8ns_7s_16s_16_4_1_U89                  | 1   |        | add_ln1303        | add       | dsp_slice               | 3       |
|      mac_muladd_8ns_8s_16s_16_4_1_U97                  | 1   |        | add_ln1303_1      | add       | dsp_slice               | 3       |
|      add_ln1303_2_fu_5767_p2                           |     |        | add_ln1303_2      | add       | fabric                  | 0       |
|      mac_muladd_8ns_8s_16s_16_4_1_U90                  | 1   |        | mul74_i_neg       | mul       | dsp_slice               | 3       |
|      mac_muladd_8ns_6s_15ns_16_4_1_U91                 | 1   |        | mul77_i_neg       | mul       | dsp_slice               | 3       |
|      mac_muladd_8ns_6s_15ns_16_4_1_U91                 | 1   |        | sext_ln1304       | sext      | dsp_slice               | 3       |
|      mac_muladd_8ns_8s_16s_16_4_1_U90                  | 1   |        | add_ln1304        | add       | dsp_slice               | 3       |
|      mac_muladd_8ns_6s_15ns_16_4_1_U91                 | 1   |        | add_ln1304_1      | add       | dsp_slice               | 3       |
|      add_ln1304_6_fu_4335_p2                           |     |        | add_ln1304_6      | add       | fabric                  | 0       |
|      add_ln1304_2_fu_4339_p2                           |     |        | add_ln1304_2      | add       | fabric                  | 0       |
|      r_1_fu_6799_p3                                    |     |        | r_1               | select    | auto_sel                | 0       |
|      g_1_fu_5791_p3                                    |     |        | g_1               | select    | auto_sel                | 0       |
|      b_1_fu_4363_p3                                    |     |        | b_1               | select    | auto_sel                | 0       |
|      mac_muladd_8ns_5ns_16ns_17_4_1_U101               | 1   |        | mul_ln1302_3      | mul       | dsp_slice               | 3       |
|      mac_muladd_8ns_5ns_16ns_17_4_1_U101               | 1   |        | zext_ln1302_11    | zext      | dsp_slice               | 3       |
|      mac_muladd_8ns_7ns_13ns_15_4_1_U92                | 1   |        | mul_ln1302_4      | mul       | dsp_slice               | 3       |
|      mac_muladd_8ns_8ns_15ns_16_4_1_U98                | 1   |        | mul_ln1302_5      | mul       | dsp_slice               | 3       |
|      mac_muladd_8ns_7ns_13ns_15_4_1_U92                | 1   |        | add_ln1302_3      | add       | dsp_slice               | 3       |
|      mac_muladd_8ns_8ns_15ns_16_4_1_U98                | 1   |        | add_ln1302_4      | add       | dsp_slice               | 3       |
|      mac_muladd_8ns_5ns_16ns_17_4_1_U101               | 1   |        | add_ln1302_5      | add       | dsp_slice               | 3       |
|      mac_muladd_8ns_7s_16s_16_4_1_U93                  | 1   |        | mul_ln1303_1      | mul       | dsp_slice               | 3       |
|      mac_muladd_8ns_7s_16s_16_4_1_U93                  | 1   |        | mul_ln1303_1_cast | sext      | dsp_slice               | 3       |
|      mac_muladd_8ns_8s_16s_16_4_1_U99                  | 1   |        | mul65_1_i_neg     | mul       | dsp_slice               | 3       |
|      mac_muladd_8ns_7s_16s_16_4_1_U93                  | 1   |        | add_ln1303_3      | add       | dsp_slice               | 3       |
|      mac_muladd_8ns_8s_16s_16_4_1_U99                  | 1   |        | add_ln1303_4      | add       | dsp_slice               | 3       |
|      add_ln1303_5_fu_5816_p2                           |     |        | add_ln1303_5      | add       | fabric                  | 0       |
|      mac_muladd_8ns_8s_16s_16_4_1_U94                  | 1   |        | mul74_1_i_neg     | mul       | dsp_slice               | 3       |
|      mac_muladd_8ns_6s_15ns_16_4_1_U95                 | 1   |        | mul77_1_i_neg     | mul       | dsp_slice               | 3       |
|      mac_muladd_8ns_6s_15ns_16_4_1_U95                 | 1   |        | sext_ln1304_2     | sext      | dsp_slice               | 3       |
|      mac_muladd_8ns_8s_16s_16_4_1_U94                  | 1   |        | add_ln1304_3      | add       | dsp_slice               | 3       |
|      mac_muladd_8ns_6s_15ns_16_4_1_U95                 | 1   |        | add_ln1304_4      | add       | dsp_slice               | 3       |
|      add_ln1304_7_fu_4380_p2                           |     |        | add_ln1304_7      | add       | fabric                  | 0       |
|      add_ln1304_5_fu_4384_p2                           |     |        | add_ln1304_5      | add       | fabric                  | 0       |
|      r_3_fu_6823_p3                                    |     |        | r_3               | select    | auto_sel                | 0       |
|      g_3_fu_5840_p3                                    |     |        | g_3               | select    | auto_sel                | 0       |
|      b_3_fu_4408_p3                                    |     |        | b_3               | select    | auto_sel                | 0       |
|      pix_34_fu_4416_p3                                 |     |        | pix_34            | select    | auto_sel                | 0       |
|      pix_33_fu_5848_p3                                 |     |        | pix_33            | select    | auto_sel                | 0       |
|      pix_32_fu_6831_p3                                 |     |        | pix_32            | select    | auto_sel                | 0       |
|      r_6_fu_6837_p3                                    |     |        | r_6               | select    | auto_sel                | 0       |
|      g_4_fu_5854_p3                                    |     |        | g_4               | select    | auto_sel                | 0       |
|      b_6_fu_4422_p3                                    |     |        | b_6               | select    | auto_sel                | 0       |
|      select_ln1312_fu_5860_p3                          |     |        | select_ln1312     | select    | auto_sel                | 0       |
|      outpix_8_fu_5866_p3                               |     |        | outpix_8          | select    | auto_sel                | 0       |
|      and_ln1449_fu_2209_p2                             |     |        | and_ln1449        | and       | auto                    | 0       |
|      icmp_ln1454_fu_2684_p2                            |     |        | icmp_ln1454       | seteq     | auto                    | 0       |
|      and_ln1454_fu_2689_p2                             |     |        | and_ln1454        | and       | auto                    | 0       |
|      add_ln1461_fu_2694_p2                             |     |        | add_ln1461        | add       | fabric                  | 0       |
|      icmp_ln1473_fu_2225_p2                            |     |        | icmp_ln1473       | seteq     | auto                    | 0       |
|      icmp_ln1478_fu_2965_p2                            |     |        | icmp_ln1478       | setlt     | auto                    | 0       |
|      icmp_ln1483_fu_2971_p2                            |     |        | icmp_ln1483       | seteq     | auto                    | 0       |
|      sub_ln1490_fu_2977_p2                             |     |        | sub_ln1490        | sub       | fabric                  | 0       |
|      add_ln1480_fu_2995_p2                             |     |        | add_ln1480        | add       | fabric                  | 0       |
|      outpix_68_fu_5898_p2                              |     |        | outpix_68         | or        | auto                    | 0       |
|      select_ln552_fu_5904_p3                           |     |        | select_ln552      | select    | auto_sel                | 0       |
|      outpix_69_fu_5912_p3                              |     |        | outpix_69         | select    | auto_sel                | 0       |
|      icmp_ln1473_1_fu_2253_p2                          |     |        | icmp_ln1473_1     | seteq     | auto                    | 0       |
|      icmp_ln1478_1_fu_3011_p2                          |     |        | icmp_ln1478_1     | setlt     | auto                    | 0       |
|      icmp_ln1483_1_fu_3017_p2                          |     |        | icmp_ln1483_1     | seteq     | auto                    | 0       |
|      sub_ln1490_1_fu_3023_p2                           |     |        | sub_ln1490_1      | sub       | fabric                  | 0       |
|      add_ln1480_1_fu_3041_p2                           |     |        | add_ln1480_1      | add       | fabric                  | 0       |
|      or_ln1494_fu_5918_p2                              |     |        | or_ln1494         | or        | auto                    | 0       |
|      select_ln1518_1_fu_5942_p3                        |     |        | select_ln1518_1   | select    | auto_sel                | 0       |
|      select_ln1503_1_fu_5965_p3                        |     |        | select_ln1503_1   | select    | auto_sel                | 0       |
|      or_ln1381_fu_2259_p2                              |     |        | or_ln1381         | or        | auto                    | 0       |
|      icmp_ln1381_fu_2265_p2                            |     |        | icmp_ln1381       | seteq     | auto                    | 0       |
|      icmp_ln1386_fu_2744_p2                            |     |        | icmp_ln1386       | setgt     | auto                    | 0       |
|      and_ln1386_fu_2749_p2                             |     |        | and_ln1386        | and       | auto                    | 0       |
|      add_ln1393_fu_3904_p2                             |     |        | add_ln1393        | add       | fabric                  | 0       |
|      add_ln1388_fu_2760_p2                             |     |        | add_ln1388        | add       | fabric                  | 0       |
|      icmp_ln1405_fu_2776_p2                            |     |        | icmp_ln1405       | setlt     | auto                    | 0       |
|      sub_ln1411_fu_2781_p2                             |     |        | sub_ln1411        | sub       | fabric                  | 0       |
|      add_ln1412_fu_3932_p2                             |     |        | add_ln1412        | add       | fabric                  | 0       |
|      add_ln1407_fu_2792_p2                             |     |        | add_ln1407        | add       | fabric                  | 0       |
|      or_ln1415_fu_4174_p2                              |     |        | or_ln1415         | or        | auto                    | 0       |
|      outpix_66_fu_6000_p3                              |     |        | outpix_66         | select    | auto_sel                | 0       |
|      outpix_67_fu_6007_p3                              |     |        | outpix_67         | select    | auto_sel                | 0       |
|      outpix_65_fu_6014_p3                              |     |        | outpix_65         | select    | auto_sel                | 0       |
|      icmp_ln1405_1_fu_2808_p2                          |     |        | icmp_ln1405_1     | setlt     | auto                    | 0       |
|      sub_ln1411_1_fu_2813_p2                           |     |        | sub_ln1411_1      | sub       | fabric                  | 0       |
|      add_ln1412_1_fu_3960_p2                           |     |        | add_ln1412_1      | add       | fabric                  | 0       |
|      add_ln1407_1_fu_2824_p2                           |     |        | add_ln1407_1      | add       | fabric                  | 0       |
|      or_ln1415_1_fu_4193_p2                            |     |        | or_ln1415_1       | or        | auto                    | 0       |
|      grp_fu_1901_p3                                    |     |        | cond102_1_ph_i    | select    | auto_sel                | 0       |
|      or_ln1330_fu_2289_p2                              |     |        | or_ln1330         | or        | auto                    | 0       |
|      icmp_ln1330_fu_2295_p2                            |     |        | icmp_ln1330       | seteq     | auto                    | 0       |
|      and_ln1337_fu_2301_p2                             |     |        | and_ln1337        | and       | auto                    | 0       |
|      add_ln1341_fu_2844_p2                             |     |        | add_ln1341        | add       | fabric                  | 0       |
|      add_ln1343_fu_2856_p2                             |     |        | add_ln1343        | add       | fabric                  | 0       |
|      am_addmul_16ns_1s_16ns_17_4_1_U84                 | 1   |        | add_ln1347        | add       | dsp_slice               | 3       |
|      am_addmul_16ns_1s_16ns_17_4_1_U84                 | 1   |        | mul_ln1347        | mul       | dsp_slice               | 3       |
|      mac_muladd_16ns_16s_16s_16_4_1_U85                | 1   |        | mul_ln1347_1      | mul       | dsp_slice               | 3       |
|      mac_muladd_16s_16s_16s_16_4_1_U86                 | 1   |        | mul_ln1347_2      | mul       | dsp_slice               | 3       |
|      mac_muladd_16ns_16s_16s_16_4_1_U85                | 1   |        | add_ln1351_2      | add       | dsp_slice               | 3       |
|      mac_muladd_16s_16s_16s_16_4_1_U86                 | 1   |        | add_ln1351        | add       | dsp_slice               | 3       |
|      mul_20s_9ns_28_1_1_U82                            | 1   |        | mul_ln1356        | mul       | auto                    | 0       |
|      sub_ln1356_fu_6109_p2                             |     |        | sub_ln1356        | sub       | fabric                  | 0       |
|      sub_ln1356_1_fu_6125_p2                           |     |        | sub_ln1356_1      | sub       | fabric                  | 0       |
|      select_ln1356_fu_6141_p3                          |     |        | select_ln1356     | select    | auto_sel                | 0       |
|      outpix_29_fu_6149_p2                              |     |        | outpix_29         | add       | fabric                  | 0       |
|      outpix_30_fu_6855_p3                              |     |        | outpix_30         | select    | auto_sel                | 0       |
|      mac_muladd_16ns_16s_16s_16_4_1_U87                | 1   |        | mul_ln1352        | mul       | dsp_slice               | 3       |
|      grp_fu_7172_p2                                    |     |        | add_ln1351_3      | add       | fabric                  | 0       |
|      mac_muladd_16ns_16s_16s_16_4_1_U87                | 1   |        | add_ln1351_1      | add       | dsp_slice               | 3       |
|      mul_20s_9ns_28_1_1_U83                            | 1   |        | mul_ln1356_1      | mul       | auto                    | 0       |
|      sub_ln1356_2_fu_6177_p2                           |     |        | sub_ln1356_2      | sub       | fabric                  | 0       |
|      sub_ln1356_3_fu_6193_p2                           |     |        | sub_ln1356_3      | sub       | fabric                  | 0       |
|      select_ln1356_1_fu_6209_p3                        |     |        | select_ln1356_1   | select    | auto_sel                | 0       |
|      outpix_31_fu_6217_p2                              |     |        | outpix_31         | add       | fabric                  | 0       |
|      outpix_32_fu_6861_p3                              |     |        | outpix_32         | select    | auto_sel                | 0       |
|      add_ln1250_fu_2885_p2                             |     |        | add_ln1250        | add       | fabric                  | 0       |
|      icmp_ln1250_fu_2891_p2                            |     |        | icmp_ln1250       | setlt     | auto                    | 0       |
|      add_ln1252_fu_2896_p2                             |     |        | add_ln1252        | add       | fabric                  | 0       |
|      sub_ln1256_fu_2902_p2                             |     |        | sub_ln1256        | sub       | fabric                  | 0       |
|      add_ln1257_fu_4204_p2                             |     |        | add_ln1257        | add       | fabric                  | 0       |
|      outpix_63_fu_6247_p3                              |     |        | outpix_63         | select    | auto_sel                | 0       |
|      outpix_64_fu_6254_p3                              |     |        | outpix_64         | select    | auto_sel                | 0       |
|      outpix_62_fu_6261_p3                              |     |        | outpix_62         | select    | auto_sel                | 0       |
|      add_ln1250_1_fu_2927_p2                           |     |        | add_ln1250_1      | add       | fabric                  | 0       |
|      icmp_ln1250_1_fu_2933_p2                          |     |        | icmp_ln1250_1     | setlt     | auto                    | 0       |
|      add_ln1256_fu_2938_p2                             |     |        | add_ln1256        | add       | fabric                  | 0       |
|      sub_ln1256_1_fu_2944_p2                           |     |        | sub_ln1256_1      | sub       | fabric                  | 0       |
|      add_ln1257_1_fu_4231_p2                           |     |        | add_ln1257_1      | add       | fabric                  | 0       |
|      grp_fu_1901_p3                                    |     |        | cond74_1_ph_i     | select    | auto_sel                | 0       |
|      select_ln1227_fu_6334_p3                          |     |        | select_ln1227     | select    | auto_sel                | 0       |
|      select_ln1206_fu_6373_p3                          |     |        | select_ln1206     | select    | auto_sel                | 0       |
|      select_ln1185_fu_6412_p3                          |     |        | select_ln1185     | select    | auto_sel                | 0       |
|      select_ln1185_1_fu_6419_p3                        |     |        | select_ln1185_1   | select    | auto_sel                | 0       |
|      select_ln1185_2_fu_6425_p3                        |     |        | select_ln1185_2   | select    | auto_sel                | 0       |
|      xor_ln1185_fu_6432_p2                             |     |        | xor_ln1185        | xor       | auto                    | 0       |
|      select_ln1185_3_fu_6437_p3                        |     |        | select_ln1185_3   | select    | auto_sel                | 0       |
|      select_ln1164_fu_6481_p3                          |     |        | select_ln1164     | select    | auto_sel                | 0       |
|      select_ln1164_1_fu_6488_p3                        |     |        | select_ln1164_1   | select    | auto_sel                | 0       |
|      select_ln1164_2_fu_6494_p3                        |     |        | select_ln1164_2   | select    | auto_sel                | 0       |
|      select_ln1164_3_fu_6501_p3                        |     |        | select_ln1164_3   | select    | auto_sel                | 0       |
|      xor_ln1143_fu_6544_p2                             |     |        | xor_ln1143        | xor       | auto                    | 0       |
|      select_ln1143_2_fu_6549_p3                        |     |        | select_ln1143_2   | select    | auto_sel                | 0       |
|      select_ln1143_fu_6557_p3                          |     |        | select_ln1143     | select    | auto_sel                | 0       |
|      select_ln1143_1_fu_6563_p3                        |     |        | select_ln1143_1   | select    | auto_sel                | 0       |
|      select_ln1143_3_fu_6570_p3                        |     |        | select_ln1143_3   | select    | auto_sel                | 0       |
|      or_ln1095_fu_2341_p2                              |     |        | or_ln1095         | or        | auto                    | 0       |
|      icmp_ln1095_fu_2347_p2                            |     |        | icmp_ln1095       | seteq     | auto                    | 0       |
|      add_ln1101_fu_4502_p2                             |     |        | add_ln1101        | add       | fabric                  | 0       |
|      outpix_28_fu_6651_p3                              |     |        | outpix_28         | select    | auto_sel                | 0       |
|      outpix_fu_6694_p3                                 |     |        | outpix            | select    | auto_sel                | 0       |
|      outpix_1_fu_6700_p3                               |     |        | outpix_1          | select    | auto_sel                | 0       |
|      outpix_2_fu_6707_p2                               |     |        | outpix_2          | add       | fabric                  | 0       |
|      outpix_3_fu_6713_p3                               |     |        | outpix_3          | select    | auto_sel                | 0       |
|      add_ln1084_fu_6720_p2                             |     |        | add_ln1084        | add       | fabric                  | 0       |
|      icmp_ln736_1_fu_2353_p2                           |     |        | icmp_ln736_1      | setlt     | auto                    | 0       |
|      icmp_ln736_2_fu_2359_p2                           |     |        | icmp_ln736_2      | setlt     | auto                    | 0       |
|      xor_ln736_fu_2365_p2                              |     |        | xor_ln736         | xor       | auto                    | 0       |
|      or_ln736_1_fu_2371_p2                             |     |        | or_ln736_1        | or        | auto                    | 0       |
|      or_ln736_fu_2377_p2                               |     |        | or_ln736          | or        | auto                    | 0       |
|      or_ln736_2_fu_2383_p2                             |     |        | or_ln736_2        | or        | auto                    | 0       |
|      outpix_52_fu_6999_p3                              |     |        | outpix_52         | select    | auto_sel                | 0       |
|      outpix_51_fu_7006_p3                              |     |        | outpix_51         | select    | auto_sel                | 0       |
|      outpix_50_fu_7013_p3                              |     |        | outpix_50         | select    | auto_sel                | 0       |
|      icmp_ln736_3_fu_2407_p2                           |     |        | icmp_ln736_3      | setlt     | auto                    | 0       |
|      icmp_ln736_4_fu_2413_p2                           |     |        | icmp_ln736_4      | setlt     | auto                    | 0       |
|      xor_ln736_1_fu_2419_p2                            |     |        | xor_ln736_1       | xor       | auto                    | 0       |
|      or_ln736_5_fu_2425_p2                             |     |        | or_ln736_5        | or        | auto                    | 0       |
|      or_ln736_4_fu_2431_p2                             |     |        | or_ln736_4        | or        | auto                    | 0       |
|      or_ln736_6_fu_2437_p2                             |     |        | or_ln736_6        | or        | auto                    | 0       |
|      outpix_55_fu_7020_p3                              |     |        | outpix_55         | select    | auto_sel                | 0       |
|      outpix_54_fu_7027_p3                              |     |        | outpix_54         | select    | auto_sel                | 0       |
|      outpix_53_fu_7034_p3                              |     |        | outpix_53         | select    | auto_sel                | 0       |
|      outpix_56_fu_7041_p3                              |     |        | outpix_56         | select    | auto_sel                | 0       |
|      outpix_57_fu_7048_p3                              |     |        | outpix_57         | select    | auto_sel                | 0       |
|      outpix_58_fu_7055_p3                              |     |        | outpix_58         | select    | auto_sel                | 0       |
|      outpix_59_fu_7062_p3                              |     |        | outpix_59         | select    | auto_sel                | 0       |
|      outpix_60_fu_7069_p3                              |     |        | outpix_60         | select    | auto_sel                | 0       |
|      outpix_61_fu_7076_p3                              |     |        | outpix_61         | select    | auto_sel                | 0       |
|      add_ln565_fu_2443_p2                              |     |        | add_ln565         | add       | fabric                  | 0       |
|   + tpgForeground                                      | 0   |        |                   |           |                         |         |
|     icmp_ln1974_fu_295_p2                              |     |        | icmp_ln1974       | seteq     | auto                    | 0       |
|     select_ln1977_fu_300_p3                            |     |        | select_ln1977     | select    | auto_sel                | 0       |
|     icmp_ln1975_fu_241_p2                              |     |        | icmp_ln1975       | seteq     | auto                    | 0       |
|     and_ln1989_fu_312_p2                               |     |        | and_ln1989        | and       | auto                    | 0       |
|     and_ln1991_fu_326_p2                               |     |        | and_ln1991        | and       | auto                    | 0       |
|     and_ln1993_fu_340_p2                               |     |        | and_ln1993        | and       | auto                    | 0       |
|     select_ln1975_fu_247_p3                            |     |        | select_ln1975     | select    | auto_sel                | 0       |
|     sub_ln1881_fu_346_p2                               |     |        | sub_ln1881        | sub       | fabric                  | 0       |
|     sub_ln1882_fu_352_p2                               |     |        | sub_ln1882        | sub       | fabric                  | 0       |
|     icmp_ln1947_fu_266_p2                              |     |        | icmp_ln1947       | setne     | auto                    | 0       |
|     select_ln1947_fu_358_p3                            |     |        | select_ln1947     | select    | auto_sel                | 0       |
|     icmp_ln772_fu_377_p2                               |     |        | icmp_ln772        | seteq     | auto                    | 0       |
|     y_2_fu_382_p2                                      |     |        | y_2               | add       | fabric                  | 0       |
|     icmp_ln1963_fu_388_p2                              |     |        | icmp_ln1963       | seteq     | auto                    | 0       |
|    + tpgForeground_Pipeline_VITIS_LOOP_774_2           | 0   |        |                   |           |                         |         |
|      icmp_ln1974_fu_394_p2                             |     |        | icmp_ln1974       | seteq     | auto                    | 0       |
|      icmp_ln801_fu_404_p2                              |     |        | icmp_ln801        | seteq     | auto                    | 0       |
|      icmp_ln774_fu_423_p2                              |     |        | icmp_ln774        | setlt     | auto                    | 0       |
|      or_ln1884_fu_441_p2                               |     |        | or_ln1884         | or        | auto                    | 0       |
|      icmp_ln1884_fu_447_p2                             |     |        | icmp_ln1884       | seteq     | auto                    | 0       |
|      sub_ln1914_fu_465_p2                              |     |        | sub_ln1914        | sub       | fabric                  | 0       |
|      add_ln1912_fu_471_p2                              |     |        | add_ln1912        | add       | fabric                  | 0       |
|      icmp_ln1889_fu_477_p2                             |     |        | icmp_ln1889       | setgt     | auto                    | 0       |
|      icmp_ln1894_fu_495_p2                             |     |        | icmp_ln1894       | setgt     | auto                    | 0       |
|      sub_ln1918_fu_523_p2                              |     |        | sub_ln1918        | sub       | fabric                  | 0       |
|      add_ln1916_fu_529_p2                              |     |        | add_ln1916        | add       | fabric                  | 0       |
|      icmp_ln1901_fu_535_p2                             |     |        | icmp_ln1901       | setgt     | auto                    | 0       |
|      icmp_ln1906_fu_547_p2                             |     |        | icmp_ln1906       | setgt     | auto                    | 0       |
|      boxRight_fu_705_p2                                |     |        | boxRight          | add       | fabric                  | 0       |
|      boxBottom_fu_710_p2                               |     |        | boxBottom         | add       | fabric                  | 0       |
|      icmp_ln1942_fu_715_p2                             |     |        | icmp_ln1942       | setlt     | auto                    | 0       |
|      xor_ln1942_fu_720_p2                              |     |        | xor_ln1942        | xor       | auto                    | 0       |
|      icmp_ln1942_1_fu_726_p2                           |     |        | icmp_ln1942_1     | setlt     | auto                    | 0       |
|      or_ln1942_fu_731_p2                               |     |        | or_ln1942         | or        | auto                    | 0       |
|      icmp_ln1942_2_fu_737_p2                           |     |        | icmp_ln1942_2     | setlt     | auto                    | 0       |
|      icmp_ln1942_3_fu_742_p2                           |     |        | icmp_ln1942_3     | setlt     | auto                    | 0       |
|      xor_ln1942_1_fu_747_p2                            |     |        | xor_ln1942_1      | xor       | auto                    | 0       |
|      or_ln1942_1_fu_753_p2                             |     |        | or_ln1942_1       | or        | auto                    | 0       |
|      or_ln1942_2_fu_759_p2                             |     |        | or_ln1942_2       | or        | auto                    | 0       |
|      pixOut_16_fu_765_p3                               |     |        | pixOut_16         | select    | auto_sel                | 0       |
|      pixOut_15_fu_773_p3                               |     |        | pixOut_15         | select    | auto_sel                | 0       |
|      pixOut_14_fu_781_p3                               |     |        | pixOut_14         | select    | auto_sel                | 0       |
|      icmp_ln1942_4_fu_796_p2                           |     |        | icmp_ln1942_4     | setlt     | auto                    | 0       |
|      icmp_ln1942_5_fu_802_p2                           |     |        | icmp_ln1942_5     | setlt     | auto                    | 0       |
|      xor_ln1942_2_fu_808_p2                            |     |        | xor_ln1942_2      | xor       | auto                    | 0       |
|      or_ln1942_3_fu_814_p2                             |     |        | or_ln1942_3       | or        | auto                    | 0       |
|      or_ln1942_4_fu_820_p2                             |     |        | or_ln1942_4       | or        | auto                    | 0       |
|      pixOut_20_fu_826_p3                               |     |        | pixOut_20         | select    | auto_sel                | 0       |
|      pixOut_19_fu_834_p3                               |     |        | pixOut_19         | select    | auto_sel                | 0       |
|      pixOut_18_fu_842_p3                               |     |        | pixOut_18         | select    | auto_sel                | 0       |
|      icmp_ln1963_1_fu_571_p2                           |     |        | icmp_ln1963_1     | seteq     | auto                    | 0       |
|      or_ln1963_fu_577_p2                               |     |        | or_ln1963         | or        | auto                    | 0       |
|      pixOut_8_fu_850_p3                                |     |        | pixOut_8          | select    | auto_sel                | 0       |
|      pixOut_7_fu_858_p3                                |     |        | pixOut_7          | select    | auto_sel                | 0       |
|      pixOut_6_fu_866_p3                                |     |        | pixOut_6          | select    | auto_sel                | 0       |
|      icmp_ln1963_2_fu_591_p2                           |     |        | icmp_ln1963_2     | seteq     | auto                    | 0       |
|      or_ln1963_2_fu_597_p2                             |     |        | or_ln1963_2       | or        | auto                    | 0       |
|      select_ln1974_fu_875_p3                           |     |        | select_ln1974     | select    | auto_sel                | 0       |
|      pixOut_27_fu_882_p3                               |     |        | pixOut_27         | select    | auto_sel                | 0       |
|      select_ln1993_fu_889_p3                           |     |        | select_ln1993     | select    | auto_sel                | 0       |
|      p_0_5_0_0_0155_fu_896_p3                          |     |        | p_0_5_0_0_0155    | select    | auto_sel                | 0       |
|      pixOut_28_fu_903_p3                               |     |        | pixOut_28         | select    | auto_sel                | 0       |
|      select_ln1991_fu_910_p3                           |     |        | select_ln1991     | select    | auto_sel                | 0       |
|      empty_fu_917_p3                                   |     |        | empty             | select    | auto_sel                | 0       |
|      select_ln1989_fu_924_p3                           |     |        | select_ln1989     | select    | auto_sel                | 0       |
|      empty_75_fu_931_p3                                |     |        | empty_75          | select    | auto_sel                | 0       |
|      select_ln1991_1_fu_938_p3                         |     |        | select_ln1991_1   | select    | auto_sel                | 0       |
|      empty_76_fu_945_p3                                |     |        | empty_76          | select    | auto_sel                | 0       |
|      select_ln1993_1_fu_952_p3                         |     |        | select_ln1993_1   | select    | auto_sel                | 0       |
|      empty_77_fu_959_p3                                |     |        | empty_77          | select    | auto_sel                | 0       |
|      add_ln774_fu_603_p2                               |     |        | add_ln774         | add       | fabric                  | 0       |
|   + MultiPixStream2AXIvideo                            | 0   |        |                   |           |                         |         |
|     add_ln994_fu_217_p2                                |     |        | add_ln994         | add       | fabric                  | 0       |
|     icmp_ln1051_fu_223_p2                              |     |        | icmp_ln1051       | seteq     | auto                    | 0       |
|     icmp_ln981_fu_229_p2                               |     |        | icmp_ln981        | seteq     | auto                    | 0       |
|     icmp_ln1038_fu_253_p2                              |     |        | icmp_ln1038       | setlt     | auto                    | 0       |
|     icmp_ln1038_1_fu_259_p2                            |     |        | icmp_ln1038_1     | setne     | auto                    | 0       |
|     icmp_ln1038_2_fu_265_p2                            |     |        | icmp_ln1038_2     | setne     | auto                    | 0       |
|     icmp_ln979_fu_298_p2                               |     |        | icmp_ln979        | seteq     | auto                    | 0       |
|     i_2_fu_303_p2                                      |     |        | i_2               | add       | fabric                  | 0       |
|     and_ln1038_fu_332_p2                               |     |        | and_ln1038        | and       | auto                    | 0       |
|     or_ln1038_fu_337_p2                                |     |        | or_ln1038         | or        | auto                    | 0       |
|     xor_ln1053_fu_342_p2                               |     |        | xor_ln1053        | xor       | auto                    | 0       |
|     select_ln1051_fu_348_p3                            |     |        | select_ln1051     | select    | auto_sel                | 0       |
|     select_ln1038_fu_354_p3                            |     |        | select_ln1038     | select    | auto_sel                | 0       |
|    + MultiPixStream2AXIvideo_Pipeline_VITIS_LOOP_981_2 | 0   |        |                   |           |                         |         |
|      icmp_ln1020_fu_252_p2                             |     |        | icmp_ln1020       | seteq     | auto                    | 0       |
|      icmp_ln981_fu_271_p2                              |     |        | icmp_ln981        | seteq     | auto                    | 0       |
|      j_2_fu_276_p2                                     |     |        | j_2               | add       | fabric                  | 0       |
|      icmp_ln994_fu_286_p2                              |     |        | icmp_ln994        | seteq     | auto                    | 0       |
|      counter                                           |     |        | add_ln1005        | add       | fabric                  | 0       |
|      select_ln1020_fu_377_p3                           |     |        | select_ln1020     | select    | auto_sel                | 0       |
|      select_ln1020_1_fu_384_p3                         |     |        | select_ln1020_1   | select    | auto_sel                | 0       |
|      sparsemux_5_8_8_1_1_U298                          |     |        | tmp_17_i_i        | sparsemux | compactencoding_realdef | 0       |
|      icmp_ln1020_1_fu_406_p2                           |     |        | icmp_ln1020_1     | seteq     | auto                    | 0       |
|      pix_rgb_3_fu_411_p3                               |     |        | pix_rgb_3         | select    | auto_sel                | 0       |
|      pix_444_3_fu_419_p3                               |     |        | pix_444_3         | select    | auto_sel                | 0       |
|      sparsemux_7_2_48_1_1_U299                         |     |        | tmp_i             | sparsemux | onehotencoding_realdef  | 0       |
+--------------------------------------------------------+-----+--------+-------------------+-----------+-------------------------+---------+


================================================================
== Storage Report
================================================================
+----------------------------------------------+--------------+-----------+------+------+--------+-------------------------+------+---------+------------------+
| Name                                         | Usage        | Type      | BRAM | URAM | Pragma | Variable                | Impl | Latency | Bitwidth, Depth, |
|                                              |              |           |      |      |        |                         |      |         | Banks            |
+----------------------------------------------+--------------+-----------+------+------+--------+-------------------------+------+---------+------------------+
| + v_tpg                                      |              |           | 12   | 0    |        |                         |      |         |                  |
|   CTRL_s_axi_U                               | interface    | s_axilite |      |      |        |                         |      |         |                  |
|  + v_tpgHlsDataFlow                          |              |           | 12   | 0    |        |                         |      |         |                  |
|    srcYUV_U                                  | fifo channel | stream    |      |      |        | srcYUV                  | srl  | 0       | 48, 16, 1        |
|    bckgndYUV_U                               | fifo channel | stream    |      |      |        | bckgndYUV               | srl  | 0       | 48, 16, 1        |
|    ovrlayYUV_U                               | fifo channel | stream    |      |      |        | ovrlayYUV               | srl  | 0       | 48, 16, 1        |
|   + tpgBackground                            |              |           | 12   | 0    |        |                         |      |         |                  |
|     redYuv_U                                 | rom_1p       |           |      |      |        | redYuv                  | auto | 1       | 8, 3, 1          |
|     grnYuv_U                                 | rom_1p       |           |      |      |        | grnYuv                  | auto | 1       | 8, 3, 1          |
|     bluYuv_U                                 | rom_1p       |           |      |      |        | bluYuv                  | auto | 1       | 8, 3, 1          |
|     blkYuv_U                                 | rom_1p       |           |      |      |        | blkYuv                  | auto | 1       | 8, 3, 1          |
|     whiYuv_U                                 | rom_1p       |           |      |      |        | whiYuv                  | auto | 1       | 8, 3, 1          |
|     whiYuv_1_U                               | rom_1p       |           |      |      |        | whiYuv_1                | auto | 1       | 8, 3, 1          |
|     blkYuv_1_U                               | rom_1p       |           |      |      |        | blkYuv_1                | auto | 1       | 8, 3, 1          |
|    + tpgBackground_Pipeline_VITIS_LOOP_565_2 |              |           | 12   | 0    |        |                         |      |         |                  |
|      tpgBarSelYuv_y_U                        | rom_2p       |           |      |      |        | tpgBarSelYuv_y          | auto | 1       | 8, 8, 1          |
|      tpgBarSelYuv_u_U                        | rom_2p       |           |      |      |        | tpgBarSelYuv_u          | auto | 1       | 8, 8, 1          |
|      tpgBarSelYuv_v_U                        | rom_2p       |           |      |      |        | tpgBarSelYuv_v          | auto | 1       | 8, 8, 1          |
|      tpgBarSelRgb_r_U                        | rom_2p       |           |      |      |        | tpgBarSelRgb_r          | auto | 1       | 2, 8, 1          |
|      tpgBarSelRgb_g_U                        | rom_2p       |           |      |      |        | tpgBarSelRgb_g          | auto | 1       | 2, 8, 1          |
|      tpgBarSelRgb_b_U                        | rom_2p       |           |      |      |        | tpgBarSelRgb_b          | auto | 1       | 2, 8, 1          |
|      tpgSinTableArray_U                      | rom_2p       |           | 3    |      |        | tpgSinTableArray        | auto | 1       | 20, 2048, 1      |
|      tpgTartanBarArray_U                     | rom_2p       |           |      |      |        | tpgTartanBarArray       | auto | 1       | 3, 64, 1         |
|      tpgSinTableArray_9bit_0_U               | rom_np       |           | 3    |      |        | tpgSinTableArray_9bit_0 | auto | 1       | 8, 683, 1        |
|      tpgSinTableArray_9bit_1_U               | rom_np       |           | 3    |      |        | tpgSinTableArray_9bit_1 | auto | 1       | 8, 683, 1        |
|      tpgSinTableArray_9bit_2_U               | rom_np       |           | 3    |      |        | tpgSinTableArray_9bit_2 | auto | 1       | 9, 683, 1        |
|      tpgCheckerBoardArray_U                  | rom_2p       |           |      |      |        | tpgCheckerBoardArray    | auto | 1       | 2, 32, 1         |
|      DPtpgBarSelYuv_709_y_U                  | rom_2p       |           |      |      |        | DPtpgBarSelYuv_709_y    | auto | 1       | 8, 8, 1          |
|      DPtpgBarSelYuv_709_u_U                  | rom_2p       |           |      |      |        | DPtpgBarSelYuv_709_u    | auto | 1       | 8, 8, 1          |
|      DPtpgBarSelYuv_709_v_U                  | rom_2p       |           |      |      |        | DPtpgBarSelYuv_709_v    | auto | 1       | 8, 8, 1          |
|      DPtpgBarArray_U                         | rom_2p       |           |      |      |        | DPtpgBarArray           | auto | 1       | 3, 16, 1         |
|      DPtpgBarSelRgb_VESA_r_U                 | rom_2p       |           |      |      |        | DPtpgBarSelRgb_VESA_r   | auto | 1       | 2, 8, 1          |
|      DPtpgBarSelRgb_VESA_g_U                 | rom_2p       |           |      |      |        | DPtpgBarSelRgb_VESA_g   | auto | 1       | 2, 8, 1          |
|      DPtpgBarSelRgb_VESA_b_U                 | rom_2p       |           |      |      |        | DPtpgBarSelRgb_VESA_b   | auto | 1       | 2, 8, 1          |
|      DPtpgBarSelRgb_CEA_r_U                  | rom_2p       |           |      |      |        | DPtpgBarSelRgb_CEA_r    | auto | 1       | 6, 8, 1          |
|      DPtpgBarSelRgb_CEA_g_U                  | rom_2p       |           |      |      |        | DPtpgBarSelRgb_CEA_g    | auto | 1       | 6, 8, 1          |
|      DPtpgBarSelRgb_CEA_b_U                  | rom_2p       |           |      |      |        | DPtpgBarSelRgb_CEA_b    | auto | 1       | 6, 8, 1          |
|      DPtpgBarSelYuv_601_y_U                  | rom_2p       |           |      |      |        | DPtpgBarSelYuv_601_y    | auto | 1       | 8, 8, 1          |
|      DPtpgBarSelYuv_601_u_U                  | rom_2p       |           |      |      |        | DPtpgBarSelYuv_601_u    | auto | 1       | 8, 8, 1          |
|      DPtpgBarSelYuv_601_v_U                  | rom_2p       |           |      |      |        | DPtpgBarSelYuv_601_v    | auto | 1       | 8, 8, 1          |
|   + tpgForeground                            |              |           | 0    | 0    |        |                         |      |         |                  |
|     whiYuv_2_U                               | rom_1p       |           |      |      |        | whiYuv_2                | auto | 1       | 8, 3, 1          |
+----------------------------------------------+--------------+-----------+------+------+--------+-------------------------+------+---------+------------------+


================================================================
== Pragma Report
================================================================
* Pragmas with Warnings
+-----------+----------------------------------+------------------------------------------------+---------------------------------------------------+
| Type      | Options                          | Location                                       | Messages                                          |
+-----------+----------------------------------+------------------------------------------------+---------------------------------------------------+
| INTERFACE | axis port=&s_axis_video register | in v_tpg (prj/sol/.autopilot/db/v_tpg.cpp:428) | extra token before variable expression is ignored |
+-----------+----------------------------------+------------------------------------------------+---------------------------------------------------+

* Inferred Pragmas
+-----------------+-----------------------------------------------------------+-----------------------------------------------------------------------------------------------------------------------------------+----------------------------------------------+
| Type            | Options                                                   | Location                                                                                                                          | Inferred From                                |
+-----------------+-----------------------------------------------------------+-----------------------------------------------------------------------------------------------------------------------------------+----------------------------------------------+
| INLINE          |                                                           | function in tpgpatterndpcolorsquare (prj/sol/.autopilot/db/v_tpg.cpp:1735)                                                        | pipeline prj/sol/.autopilot/db/v_tpg.cpp:568 |
| INLINE          |                                                           | function in tpgpatterndpcolorramp (prj/sol/.autopilot/db/v_tpg.cpp:1619)                                                          | pipeline prj/sol/.autopilot/db/v_tpg.cpp:568 |
| INLINE          |                                                           | function in tpgpatterncheckerboard (prj/sol/.autopilot/db/v_tpg.cpp:1552)                                                         | pipeline prj/sol/.autopilot/db/v_tpg.cpp:568 |
| INLINE          |                                                           | function in tpgpatternrainbow (prj/sol/.autopilot/db/v_tpg.cpp:1274)                                                              | pipeline prj/sol/.autopilot/db/v_tpg.cpp:568 |
| INLINE          |                                                           | function in tpgpatterncrosshatch (prj/sol/.autopilot/db/v_tpg.cpp:1438)                                                           | pipeline prj/sol/.autopilot/db/v_tpg.cpp:568 |
| INLINE          |                                                           | function in tpgpatterntartancolorbars (prj/sol/.autopilot/db/v_tpg.cpp:1370)                                                      | pipeline prj/sol/.autopilot/db/v_tpg.cpp:568 |
| INLINE          |                                                           | function in tpgpatterncolorbars (prj/sol/.autopilot/db/v_tpg.cpp:1236)                                                            | pipeline prj/sol/.autopilot/db/v_tpg.cpp:568 |
| ARRAY_PARTITION | dim=1 type=cyclic factor=3 variable=tpgSinTableArray_9bit | variable tpgSinTableArray_9bit in v_tpg (FPGA_PDS.gen/sources_1/bd/hdmi_tx_bd/ip/hdmi_tx_bd_v_tpg_0_0/src/v_tpg_zoneplate.h:2110) | pipeline prj/sol/.autopilot/db/v_tpg.cpp:568 |
| INLINE          |                                                           | function in tpgpatternbox (prj/sol/.autopilot/db/v_tpg.cpp:1871)                                                                  | pipeline prj/sol/.autopilot/db/v_tpg.cpp:777 |
+-----------------+-----------------------------------------------------------+-----------------------------------------------------------------------------------------------------------------------------------+----------------------------------------------+

* Valid Pragma Syntax
+----------------------+-----------------------------------------------------------+-------------------------------------------------------------------------------------------------------------------------------------------------------------+
| Type                 | Options                                                   | Location                                                                                                                                                    |
+----------------------+-----------------------------------------------------------+-------------------------------------------------------------------------------------------------------------------------------------------------------------+
| INLINE               |                                                           | in axigetbitfields (../../FPGA_PDS.gen/sources_1/bd/hdmi_tx_bd/ip/hdmi_tx_bd_v_tpg_0_0/src/hls/hls_axi_io.h:61)                                             |
| INLINE               |                                                           | in axigetbitfields (../../FPGA_PDS.gen/sources_1/bd/hdmi_tx_bd/ip/hdmi_tx_bd_v_tpg_0_0/src/hls/hls_axi_io.h:68)                                             |
| INLINE               |                                                           | in axigetbitfields (../../FPGA_PDS.gen/sources_1/bd/hdmi_tx_bd/ip/hdmi_tx_bd_v_tpg_0_0/src/hls/hls_axi_io.h:76)                                             |
| INLINE               |                                                           | in axigetbitfields (../../FPGA_PDS.gen/sources_1/bd/hdmi_tx_bd/ip/hdmi_tx_bd_v_tpg_0_0/src/hls/hls_axi_io.h:84)                                             |
| INLINE               |                                                           | in axisetbitfields (../../FPGA_PDS.gen/sources_1/bd/hdmi_tx_bd/ip/hdmi_tx_bd_v_tpg_0_0/src/hls/hls_axi_io.h:90)                                             |
| INLINE               |                                                           | in axisetbitfields (../../FPGA_PDS.gen/sources_1/bd/hdmi_tx_bd/ip/hdmi_tx_bd_v_tpg_0_0/src/hls/hls_axi_io.h:97)                                             |
| INLINE               |                                                           | in axisetbitfields (../../FPGA_PDS.gen/sources_1/bd/hdmi_tx_bd/ip/hdmi_tx_bd_v_tpg_0_0/src/hls/hls_axi_io.h:105)                                            |
| INLINE               |                                                           | in axisetbitfields (../../FPGA_PDS.gen/sources_1/bd/hdmi_tx_bd/ip/hdmi_tx_bd_v_tpg_0_0/src/hls/hls_axi_io.h:113)                                            |
| INLINE               |                                                           | in apply (../../FPGA_PDS.gen/sources_1/bd/hdmi_tx_bd/ip/hdmi_tx_bd_v_tpg_0_0/src/hls/hls_video_arithm.h:131)                                                |
| INLINE               |                                                           | in apply (../../FPGA_PDS.gen/sources_1/bd/hdmi_tx_bd/ip/hdmi_tx_bd_v_tpg_0_0/src/hls/hls_video_arithm.h:145)                                                |
| INLINE               |                                                           | in apply (../../FPGA_PDS.gen/sources_1/bd/hdmi_tx_bd/ip/hdmi_tx_bd_v_tpg_0_0/src/hls/hls_video_arithm.h:159)                                                |
| INLINE               |                                                           | in kernel_and_apply (../../FPGA_PDS.gen/sources_1/bd/hdmi_tx_bd/ip/hdmi_tx_bd_v_tpg_0_0/src/hls/hls_video_arithm.h:171)                                     |
| INLINE               |                                                           | in kernel_and_apply (../../FPGA_PDS.gen/sources_1/bd/hdmi_tx_bd/ip/hdmi_tx_bd_v_tpg_0_0/src/hls/hls_video_arithm.h:177)                                     |
| INLINE               |                                                           | in apply (../../FPGA_PDS.gen/sources_1/bd/hdmi_tx_bd/ip/hdmi_tx_bd_v_tpg_0_0/src/hls/hls_video_arithm.h:189)                                                |
| INLINE               |                                                           | in apply (../../FPGA_PDS.gen/sources_1/bd/hdmi_tx_bd/ip/hdmi_tx_bd_v_tpg_0_0/src/hls/hls_video_arithm.h:198)                                                |
| INLINE               |                                                           | in apply (../../FPGA_PDS.gen/sources_1/bd/hdmi_tx_bd/ip/hdmi_tx_bd_v_tpg_0_0/src/hls/hls_video_arithm.h:207)                                                |
| INLINE               |                                                           | in apply (../../FPGA_PDS.gen/sources_1/bd/hdmi_tx_bd/ip/hdmi_tx_bd_v_tpg_0_0/src/hls/hls_video_arithm.h:216)                                                |
| INLINE               |                                                           | in apply (../../FPGA_PDS.gen/sources_1/bd/hdmi_tx_bd/ip/hdmi_tx_bd_v_tpg_0_0/src/hls/hls_video_arithm.h:230)                                                |
| INLINE               |                                                           | in apply (../../FPGA_PDS.gen/sources_1/bd/hdmi_tx_bd/ip/hdmi_tx_bd_v_tpg_0_0/src/hls/hls_video_arithm.h:241)                                                |
| INLINE               |                                                           | in apply (../../FPGA_PDS.gen/sources_1/bd/hdmi_tx_bd/ip/hdmi_tx_bd_v_tpg_0_0/src/hls/hls_video_arithm.h:252)                                                |
| INLINE               |                                                           | in apply (../../FPGA_PDS.gen/sources_1/bd/hdmi_tx_bd/ip/hdmi_tx_bd_v_tpg_0_0/src/hls/hls_video_arithm.h:263)                                                |
| INLINE               |                                                           | in apply (../../FPGA_PDS.gen/sources_1/bd/hdmi_tx_bd/ip/hdmi_tx_bd_v_tpg_0_0/src/hls/hls_video_arithm.h:276)                                                |
| INLINE               |                                                           | in apply (../../FPGA_PDS.gen/sources_1/bd/hdmi_tx_bd/ip/hdmi_tx_bd_v_tpg_0_0/src/hls/hls_video_arithm.h:288)                                                |
| INLINE               |                                                           | in apply (../../FPGA_PDS.gen/sources_1/bd/hdmi_tx_bd/ip/hdmi_tx_bd_v_tpg_0_0/src/hls/hls_video_arithm.h:304)                                                |
| INLINE               |                                                           | in apply (../../FPGA_PDS.gen/sources_1/bd/hdmi_tx_bd/ip/hdmi_tx_bd_v_tpg_0_0/src/hls/hls_video_arithm.h:334)                                                |
| INLINE               |                                                           | in apply (../../FPGA_PDS.gen/sources_1/bd/hdmi_tx_bd/ip/hdmi_tx_bd_v_tpg_0_0/src/hls/hls_video_arithm.h:343)                                                |
| LOOP_FLATTEN         | off                                                       | in arithm_pro (../../FPGA_PDS.gen/sources_1/bd/hdmi_tx_bd/ip/hdmi_tx_bd_v_tpg_0_0/src/hls/hls_video_arithm.h:370)                                           |
| PIPELINE             | ii=1                                                      | in arithm_pro (../../FPGA_PDS.gen/sources_1/bd/hdmi_tx_bd/ip/hdmi_tx_bd_v_tpg_0_0/src/hls/hls_video_arithm.h:371)                                           |
| LOOP_FLATTEN         | off                                                       | in arithm_pro (../../FPGA_PDS.gen/sources_1/bd/hdmi_tx_bd/ip/hdmi_tx_bd_v_tpg_0_0/src/hls/hls_video_arithm.h:402)                                           |
| PIPELINE             | ii=1                                                      | in arithm_pro (../../FPGA_PDS.gen/sources_1/bd/hdmi_tx_bd/ip/hdmi_tx_bd_v_tpg_0_0/src/hls/hls_video_arithm.h:403)                                           |
| LOOP_FLATTEN         | off                                                       | in arithm_pro (../../FPGA_PDS.gen/sources_1/bd/hdmi_tx_bd/ip/hdmi_tx_bd_v_tpg_0_0/src/hls/hls_video_arithm.h:442)                                           |
| PIPELINE             | ii=1                                                      | in arithm_pro (../../FPGA_PDS.gen/sources_1/bd/hdmi_tx_bd/ip/hdmi_tx_bd_v_tpg_0_0/src/hls/hls_video_arithm.h:443)                                           |
| LOOP_FLATTEN         | off                                                       | in arithm_pro (../../FPGA_PDS.gen/sources_1/bd/hdmi_tx_bd/ip/hdmi_tx_bd_v_tpg_0_0/src/hls/hls_video_arithm.h:474)                                           |
| PIPELINE             | ii=1                                                      | in arithm_pro (../../FPGA_PDS.gen/sources_1/bd/hdmi_tx_bd/ip/hdmi_tx_bd_v_tpg_0_0/src/hls/hls_video_arithm.h:475)                                           |
| LOOP_FLATTEN         | off                                                       | in arithm_pro (../../FPGA_PDS.gen/sources_1/bd/hdmi_tx_bd/ip/hdmi_tx_bd_v_tpg_0_0/src/hls/hls_video_arithm.h:506)                                           |
| PIPELINE             | ii=1                                                      | in arithm_pro (../../FPGA_PDS.gen/sources_1/bd/hdmi_tx_bd/ip/hdmi_tx_bd_v_tpg_0_0/src/hls/hls_video_arithm.h:507)                                           |
| UNROLL               |                                                           | in arithm_pro (../../FPGA_PDS.gen/sources_1/bd/hdmi_tx_bd/ip/hdmi_tx_bd_v_tpg_0_0/src/hls/hls_video_arithm.h:538)                                           |
| LOOP_FLATTEN         | off                                                       | in arithm_pro (../../FPGA_PDS.gen/sources_1/bd/hdmi_tx_bd/ip/hdmi_tx_bd_v_tpg_0_0/src/hls/hls_video_arithm.h:545)                                           |
| PIPELINE             | ii=1                                                      | in arithm_pro (../../FPGA_PDS.gen/sources_1/bd/hdmi_tx_bd/ip/hdmi_tx_bd_v_tpg_0_0/src/hls/hls_video_arithm.h:546)                                           |
| UNROLL               |                                                           | in arithm_pro (../../FPGA_PDS.gen/sources_1/bd/hdmi_tx_bd/ip/hdmi_tx_bd_v_tpg_0_0/src/hls/hls_video_arithm.h:570)                                           |
| LOOP_FLATTEN         | off                                                       | in arithm_pro (../../FPGA_PDS.gen/sources_1/bd/hdmi_tx_bd/ip/hdmi_tx_bd_v_tpg_0_0/src/hls/hls_video_arithm.h:579)                                           |
| PIPELINE             | ii=1                                                      | in arithm_pro (../../FPGA_PDS.gen/sources_1/bd/hdmi_tx_bd/ip/hdmi_tx_bd_v_tpg_0_0/src/hls/hls_video_arithm.h:580)                                           |
| ARRAY_PARTITION      | variable=dst_buffer complete dim=1                        | in reduce_opr (../../FPGA_PDS.gen/sources_1/bd/hdmi_tx_bd/ip/hdmi_tx_bd_v_tpg_0_0/src/hls/hls_video_arithm.h:602)                                           |
| ARRAY_PARTITION      | variable=dst_buffer complete dim=2                        | in reduce_opr (../../FPGA_PDS.gen/sources_1/bd/hdmi_tx_bd/ip/hdmi_tx_bd_v_tpg_0_0/src/hls/hls_video_arithm.h:603)                                           |
| UNROLL               |                                                           | in reduce_opr (../../FPGA_PDS.gen/sources_1/bd/hdmi_tx_bd/ip/hdmi_tx_bd_v_tpg_0_0/src/hls/hls_video_arithm.h:610)                                           |
| LOOP_FLATTEN         | off                                                       | in reduce_opr (../../FPGA_PDS.gen/sources_1/bd/hdmi_tx_bd/ip/hdmi_tx_bd_v_tpg_0_0/src/hls/hls_video_arithm.h:615)                                           |
| PIPELINE             | ii=1                                                      | in reduce_opr (../../FPGA_PDS.gen/sources_1/bd/hdmi_tx_bd/ip/hdmi_tx_bd_v_tpg_0_0/src/hls/hls_video_arithm.h:616)                                           |
| UNROLL               |                                                           | in mins (../../FPGA_PDS.gen/sources_1/bd/hdmi_tx_bd/ip/hdmi_tx_bd_v_tpg_0_0/src/hls/hls_video_arithm.h:719)                                                 |
| UNROLL               |                                                           | in maxs (../../FPGA_PDS.gen/sources_1/bd/hdmi_tx_bd/ip/hdmi_tx_bd_v_tpg_0_0/src/hls/hls_video_arithm.h:739)                                                 |
| UNROLL               |                                                           | in zero (../../FPGA_PDS.gen/sources_1/bd/hdmi_tx_bd/ip/hdmi_tx_bd_v_tpg_0_0/src/hls/hls_video_arithm.h:943)                                                 |
| UNROLL               |                                                           | in zero (../../FPGA_PDS.gen/sources_1/bd/hdmi_tx_bd/ip/hdmi_tx_bd_v_tpg_0_0/src/hls/hls_video_arithm.h:955)                                                 |
| UNROLL               |                                                           | in cmps (../../FPGA_PDS.gen/sources_1/bd/hdmi_tx_bd/ip/hdmi_tx_bd_v_tpg_0_0/src/hls/hls_video_arithm.h:1026)                                                |
| LOOP_FLATTEN         | off                                                       | in range (../../FPGA_PDS.gen/sources_1/bd/hdmi_tx_bd/ip/hdmi_tx_bd_v_tpg_0_0/src/hls/hls_video_arithm.h:1102)                                               |
| PIPELINE             | ii=1                                                      | in range (../../FPGA_PDS.gen/sources_1/bd/hdmi_tx_bd/ip/hdmi_tx_bd_v_tpg_0_0/src/hls/hls_video_arithm.h:1103)                                               |
| UNROLL               |                                                           | in sum (../../FPGA_PDS.gen/sources_1/bd/hdmi_tx_bd/ip/hdmi_tx_bd_v_tpg_0_0/src/hls/hls_video_arithm.h:1122)                                                 |
| UNROLL               |                                                           | in avg (../../FPGA_PDS.gen/sources_1/bd/hdmi_tx_bd/ip/hdmi_tx_bd_v_tpg_0_0/src/hls/hls_video_arithm.h:1138)                                                 |
| UNROLL               |                                                           | in avg (../../FPGA_PDS.gen/sources_1/bd/hdmi_tx_bd/ip/hdmi_tx_bd_v_tpg_0_0/src/hls/hls_video_arithm.h:1156)                                                 |
| INLINE               |                                                           | in get_max_min (../../FPGA_PDS.gen/sources_1/bd/hdmi_tx_bd/ip/hdmi_tx_bd_v_tpg_0_0/src/hls/hls_video_arithm.h:1233)                                         |
| LOOP_FLATTEN         | off                                                       | in get_max_min (../../FPGA_PDS.gen/sources_1/bd/hdmi_tx_bd/ip/hdmi_tx_bd_v_tpg_0_0/src/hls/hls_video_arithm.h:1248)                                         |
| PIPELINE             | ii=1                                                      | in get_max_min (../../FPGA_PDS.gen/sources_1/bd/hdmi_tx_bd/ip/hdmi_tx_bd_v_tpg_0_0/src/hls/hls_video_arithm.h:1249)                                         |
| INLINE               |                                                           | in get_max_min (../../FPGA_PDS.gen/sources_1/bd/hdmi_tx_bd/ip/hdmi_tx_bd_v_tpg_0_0/src/hls/hls_video_arithm.h:1276)                                         |
| LOOP_FLATTEN         | off                                                       | in get_max_min (../../FPGA_PDS.gen/sources_1/bd/hdmi_tx_bd/ip/hdmi_tx_bd_v_tpg_0_0/src/hls/hls_video_arithm.h:1292)                                         |
| PIPELINE             | ii=1                                                      | in get_max_min (../../FPGA_PDS.gen/sources_1/bd/hdmi_tx_bd/ip/hdmi_tx_bd_v_tpg_0_0/src/hls/hls_video_arithm.h:1293)                                         |
| INLINE               |                                                           | in get_max_min (../../FPGA_PDS.gen/sources_1/bd/hdmi_tx_bd/ip/hdmi_tx_bd_v_tpg_0_0/src/hls/hls_video_arithm.h:1328)                                         |
| LOOP_FLATTEN         | off                                                       | in get_max_min (../../FPGA_PDS.gen/sources_1/bd/hdmi_tx_bd/ip/hdmi_tx_bd_v_tpg_0_0/src/hls/hls_video_arithm.h:1343)                                         |
| PIPELINE             | ii=1                                                      | in get_max_min (../../FPGA_PDS.gen/sources_1/bd/hdmi_tx_bd/ip/hdmi_tx_bd_v_tpg_0_0/src/hls/hls_video_arithm.h:1344)                                         |
| INLINE               |                                                           | in get_max_min (../../FPGA_PDS.gen/sources_1/bd/hdmi_tx_bd/ip/hdmi_tx_bd_v_tpg_0_0/src/hls/hls_video_arithm.h:1393)                                         |
| LOOP_FLATTEN         | off                                                       | in get_max_min (../../FPGA_PDS.gen/sources_1/bd/hdmi_tx_bd/ip/hdmi_tx_bd_v_tpg_0_0/src/hls/hls_video_arithm.h:1409)                                         |
| PIPELINE             | ii=1                                                      | in get_max_min (../../FPGA_PDS.gen/sources_1/bd/hdmi_tx_bd/ip/hdmi_tx_bd_v_tpg_0_0/src/hls/hls_video_arithm.h:1410)                                         |
| LOOP_FLATTEN         | off                                                       | in threshold (../../FPGA_PDS.gen/sources_1/bd/hdmi_tx_bd/ip/hdmi_tx_bd_v_tpg_0_0/src/hls/hls_video_arithm.h:1505)                                           |
| PIPELINE             | ii=1                                                      | in threshold (../../FPGA_PDS.gen/sources_1/bd/hdmi_tx_bd/ip/hdmi_tx_bd_v_tpg_0_0/src/hls/hls_video_arithm.h:1506)                                           |
| LOOP_FLATTEN         | off                                                       | in consume (../../FPGA_PDS.gen/sources_1/bd/hdmi_tx_bd/ip/hdmi_tx_bd_v_tpg_0_0/src/hls/hls_video_arithm.h:1546)                                             |
| PIPELINE             | ii=1                                                      | in consume (../../FPGA_PDS.gen/sources_1/bd/hdmi_tx_bd/ip/hdmi_tx_bd_v_tpg_0_0/src/hls/hls_video_arithm.h:1547)                                             |
| LOOP_FLATTEN         | off                                                       | in duplicate (../../FPGA_PDS.gen/sources_1/bd/hdmi_tx_bd/ip/hdmi_tx_bd_v_tpg_0_0/src/hls/hls_video_arithm.h:1573)                                           |
| PIPELINE             | ii=1                                                      | in duplicate (../../FPGA_PDS.gen/sources_1/bd/hdmi_tx_bd/ip/hdmi_tx_bd_v_tpg_0_0/src/hls/hls_video_arithm.h:1574)                                           |
| LOOP_FLATTEN         | off                                                       | in split (../../FPGA_PDS.gen/sources_1/bd/hdmi_tx_bd/ip/hdmi_tx_bd_v_tpg_0_0/src/hls/hls_video_arithm.h:1604)                                               |
| PIPELINE             | ii=1                                                      | in split (../../FPGA_PDS.gen/sources_1/bd/hdmi_tx_bd/ip/hdmi_tx_bd_v_tpg_0_0/src/hls/hls_video_arithm.h:1605)                                               |
| LOOP_FLATTEN         | off                                                       | in split (../../FPGA_PDS.gen/sources_1/bd/hdmi_tx_bd/ip/hdmi_tx_bd_v_tpg_0_0/src/hls/hls_video_arithm.h:1637)                                               |
| PIPELINE             | ii=1                                                      | in split (../../FPGA_PDS.gen/sources_1/bd/hdmi_tx_bd/ip/hdmi_tx_bd_v_tpg_0_0/src/hls/hls_video_arithm.h:1638)                                               |
| LOOP_FLATTEN         | off                                                       | in split (../../FPGA_PDS.gen/sources_1/bd/hdmi_tx_bd/ip/hdmi_tx_bd_v_tpg_0_0/src/hls/hls_video_arithm.h:1673)                                               |
| PIPELINE             | ii=1                                                      | in split (../../FPGA_PDS.gen/sources_1/bd/hdmi_tx_bd/ip/hdmi_tx_bd_v_tpg_0_0/src/hls/hls_video_arithm.h:1674)                                               |
| LOOP_FLATTEN         | off                                                       | in merge (../../FPGA_PDS.gen/sources_1/bd/hdmi_tx_bd/ip/hdmi_tx_bd_v_tpg_0_0/src/hls/hls_video_arithm.h:1706)                                               |
| PIPELINE             | ii=1                                                      | in merge (../../FPGA_PDS.gen/sources_1/bd/hdmi_tx_bd/ip/hdmi_tx_bd_v_tpg_0_0/src/hls/hls_video_arithm.h:1707)                                               |
| LOOP_FLATTEN         | off                                                       | in merge (../../FPGA_PDS.gen/sources_1/bd/hdmi_tx_bd/ip/hdmi_tx_bd_v_tpg_0_0/src/hls/hls_video_arithm.h:1739)                                               |
| PIPELINE             | ii=1                                                      | in merge (../../FPGA_PDS.gen/sources_1/bd/hdmi_tx_bd/ip/hdmi_tx_bd_v_tpg_0_0/src/hls/hls_video_arithm.h:1740)                                               |
| LOOP_FLATTEN         | off                                                       | in merge (../../FPGA_PDS.gen/sources_1/bd/hdmi_tx_bd/ip/hdmi_tx_bd_v_tpg_0_0/src/hls/hls_video_arithm.h:1775)                                               |
| PIPELINE             | ii=1                                                      | in merge (../../FPGA_PDS.gen/sources_1/bd/hdmi_tx_bd/ip/hdmi_tx_bd_v_tpg_0_0/src/hls/hls_video_arithm.h:1776)                                               |
| INLINE               |                                                           | in scalar<n, t> (../../FPGA_PDS.gen/sources_1/bd/hdmi_tx_bd/ip/hdmi_tx_bd_v_tpg_0_0/src/hls/hls_video_core.h:197)                                           |
| ARRAY_PARTITION      | variable=val dim=1 complete                               | in scalar<n, t> (../../FPGA_PDS.gen/sources_1/bd/hdmi_tx_bd/ip/hdmi_tx_bd_v_tpg_0_0/src/hls/hls_video_core.h:198)                                           |
| INLINE               |                                                           | in scalar<n, t> (../../FPGA_PDS.gen/sources_1/bd/hdmi_tx_bd/ip/hdmi_tx_bd_v_tpg_0_0/src/hls/hls_video_core.h:202)                                           |
| ARRAY_PARTITION      | variable=val dim=1 complete                               | in scalar<n, t> (../../FPGA_PDS.gen/sources_1/bd/hdmi_tx_bd/ip/hdmi_tx_bd_v_tpg_0_0/src/hls/hls_video_core.h:203)                                           |
| INLINE               |                                                           | in scalar<n, t> (../../FPGA_PDS.gen/sources_1/bd/hdmi_tx_bd/ip/hdmi_tx_bd_v_tpg_0_0/src/hls/hls_video_core.h:208)                                           |
| ARRAY_PARTITION      | variable=val dim=1 complete                               | in scalar<n, t> (../../FPGA_PDS.gen/sources_1/bd/hdmi_tx_bd/ip/hdmi_tx_bd_v_tpg_0_0/src/hls/hls_video_core.h:209)                                           |
| INLINE               |                                                           | in scalar<n, t> (../../FPGA_PDS.gen/sources_1/bd/hdmi_tx_bd/ip/hdmi_tx_bd_v_tpg_0_0/src/hls/hls_video_core.h:214)                                           |
| ARRAY_PARTITION      | variable=val dim=1 complete                               | in scalar<n, t> (../../FPGA_PDS.gen/sources_1/bd/hdmi_tx_bd/ip/hdmi_tx_bd_v_tpg_0_0/src/hls/hls_video_core.h:215)                                           |
| INLINE               |                                                           | in scalar<n, t> (../../FPGA_PDS.gen/sources_1/bd/hdmi_tx_bd/ip/hdmi_tx_bd_v_tpg_0_0/src/hls/hls_video_core.h:220)                                           |
| ARRAY_PARTITION      | variable=val dim=1 complete                               | in scalar<n, t> (../../FPGA_PDS.gen/sources_1/bd/hdmi_tx_bd/ip/hdmi_tx_bd_v_tpg_0_0/src/hls/hls_video_core.h:221)                                           |
| INLINE               |                                                           | in operator= (../../FPGA_PDS.gen/sources_1/bd/hdmi_tx_bd/ip/hdmi_tx_bd_v_tpg_0_0/src/hls/hls_video_core.h:231)                                              |
| UNROLL               |                                                           | in operator= (../../FPGA_PDS.gen/sources_1/bd/hdmi_tx_bd/ip/hdmi_tx_bd_v_tpg_0_0/src/hls/hls_video_core.h:233)                                              |
| INLINE               |                                                           | in operator= (../../FPGA_PDS.gen/sources_1/bd/hdmi_tx_bd/ip/hdmi_tx_bd_v_tpg_0_0/src/hls/hls_video_core.h:252)                                              |
| UNROLL               |                                                           | in operator= (../../FPGA_PDS.gen/sources_1/bd/hdmi_tx_bd/ip/hdmi_tx_bd_v_tpg_0_0/src/hls/hls_video_core.h:254)                                              |
| INLINE               |                                                           | in operator+ (../../FPGA_PDS.gen/sources_1/bd/hdmi_tx_bd/ip/hdmi_tx_bd_v_tpg_0_0/src/hls/hls_video_core.h:261)                                              |
| UNROLL               |                                                           | in operator+ (../../FPGA_PDS.gen/sources_1/bd/hdmi_tx_bd/ip/hdmi_tx_bd_v_tpg_0_0/src/hls/hls_video_core.h:264)                                              |
| INLINE               |                                                           | in operator+ (../../FPGA_PDS.gen/sources_1/bd/hdmi_tx_bd/ip/hdmi_tx_bd_v_tpg_0_0/src/hls/hls_video_core.h:272)                                              |
| UNROLL               |                                                           | in operator+ (../../FPGA_PDS.gen/sources_1/bd/hdmi_tx_bd/ip/hdmi_tx_bd_v_tpg_0_0/src/hls/hls_video_core.h:275)                                              |
| INLINE               |                                                           | in operator- (../../FPGA_PDS.gen/sources_1/bd/hdmi_tx_bd/ip/hdmi_tx_bd_v_tpg_0_0/src/hls/hls_video_core.h:283)                                              |
| UNROLL               |                                                           | in operator- (../../FPGA_PDS.gen/sources_1/bd/hdmi_tx_bd/ip/hdmi_tx_bd_v_tpg_0_0/src/hls/hls_video_core.h:286)                                              |
| INLINE               |                                                           | in operator- (../../FPGA_PDS.gen/sources_1/bd/hdmi_tx_bd/ip/hdmi_tx_bd_v_tpg_0_0/src/hls/hls_video_core.h:294)                                              |
| UNROLL               |                                                           | in operator- (../../FPGA_PDS.gen/sources_1/bd/hdmi_tx_bd/ip/hdmi_tx_bd_v_tpg_0_0/src/hls/hls_video_core.h:297)                                              |
| INLINE               |                                                           | in operator* (../../FPGA_PDS.gen/sources_1/bd/hdmi_tx_bd/ip/hdmi_tx_bd_v_tpg_0_0/src/hls/hls_video_core.h:306)                                              |
| UNROLL               |                                                           | in operator* (../../FPGA_PDS.gen/sources_1/bd/hdmi_tx_bd/ip/hdmi_tx_bd_v_tpg_0_0/src/hls/hls_video_core.h:309)                                              |
| INLINE               |                                                           | in operator* (../../FPGA_PDS.gen/sources_1/bd/hdmi_tx_bd/ip/hdmi_tx_bd_v_tpg_0_0/src/hls/hls_video_core.h:317)                                              |
| UNROLL               |                                                           | in operator* (../../FPGA_PDS.gen/sources_1/bd/hdmi_tx_bd/ip/hdmi_tx_bd_v_tpg_0_0/src/hls/hls_video_core.h:320)                                              |
| INLINE               |                                                           | in operator/ (../../FPGA_PDS.gen/sources_1/bd/hdmi_tx_bd/ip/hdmi_tx_bd_v_tpg_0_0/src/hls/hls_video_core.h:329)                                              |
| UNROLL               |                                                           | in operator/ (../../FPGA_PDS.gen/sources_1/bd/hdmi_tx_bd/ip/hdmi_tx_bd_v_tpg_0_0/src/hls/hls_video_core.h:332)                                              |
| INLINE               |                                                           | in operator/ (../../FPGA_PDS.gen/sources_1/bd/hdmi_tx_bd/ip/hdmi_tx_bd_v_tpg_0_0/src/hls/hls_video_core.h:340)                                              |
| UNROLL               |                                                           | in operator/ (../../FPGA_PDS.gen/sources_1/bd/hdmi_tx_bd/ip/hdmi_tx_bd_v_tpg_0_0/src/hls/hls_video_core.h:343)                                              |
| INLINE               |                                                           | in scalar_to_yuv422_8 (../../FPGA_PDS.gen/sources_1/bd/hdmi_tx_bd/ip/hdmi_tx_bd_v_tpg_0_0/src/hls/hls_video_core.h:355)                                     |
| INLINE               |                                                           | in yuv422_8_to_scalar (../../FPGA_PDS.gen/sources_1/bd/hdmi_tx_bd/ip/hdmi_tx_bd_v_tpg_0_0/src/hls/hls_video_core.h:363)                                     |
| INLINE               |                                                           | in scalar_to_yuv444_8 (../../FPGA_PDS.gen/sources_1/bd/hdmi_tx_bd/ip/hdmi_tx_bd_v_tpg_0_0/src/hls/hls_video_core.h:373)                                     |
| INLINE               |                                                           | in yuv444_8_to_scalar (../../FPGA_PDS.gen/sources_1/bd/hdmi_tx_bd/ip/hdmi_tx_bd_v_tpg_0_0/src/hls/hls_video_core.h:382)                                     |
| INLINE               |                                                           | in scalar_to_rgb_8 (../../FPGA_PDS.gen/sources_1/bd/hdmi_tx_bd/ip/hdmi_tx_bd_v_tpg_0_0/src/hls/hls_video_core.h:393)                                        |
| INLINE               |                                                           | in rgb_8_to_scalar (../../FPGA_PDS.gen/sources_1/bd/hdmi_tx_bd/ip/hdmi_tx_bd_v_tpg_0_0/src/hls/hls_video_core.h:402)                                        |
| INLINE               |                                                           | in scalar_to_yuva422_8 (../../FPGA_PDS.gen/sources_1/bd/hdmi_tx_bd/ip/hdmi_tx_bd_v_tpg_0_0/src/hls/hls_video_core.h:413)                                    |
| INLINE               |                                                           | in yuva422_8_to_scalar (../../FPGA_PDS.gen/sources_1/bd/hdmi_tx_bd/ip/hdmi_tx_bd_v_tpg_0_0/src/hls/hls_video_core.h:422)                                    |
| INLINE               |                                                           | in scalar_to_yuva444_8 (../../FPGA_PDS.gen/sources_1/bd/hdmi_tx_bd/ip/hdmi_tx_bd_v_tpg_0_0/src/hls/hls_video_core.h:433)                                    |
| INLINE               |                                                           | in yuva444_8_to_scalar (../../FPGA_PDS.gen/sources_1/bd/hdmi_tx_bd/ip/hdmi_tx_bd_v_tpg_0_0/src/hls/hls_video_core.h:443)                                    |
| INLINE               |                                                           | in scalar_to_rgba_8 (../../FPGA_PDS.gen/sources_1/bd/hdmi_tx_bd/ip/hdmi_tx_bd_v_tpg_0_0/src/hls/hls_video_core.h:455)                                       |
| INLINE               |                                                           | in rgba_8_to_scalar (../../FPGA_PDS.gen/sources_1/bd/hdmi_tx_bd/ip/hdmi_tx_bd_v_tpg_0_0/src/hls/hls_video_core.h:465)                                       |
| INLINE               |                                                           | in scalar_to_yuva420_8 (../../FPGA_PDS.gen/sources_1/bd/hdmi_tx_bd/ip/hdmi_tx_bd_v_tpg_0_0/src/hls/hls_video_core.h:477)                                    |
| INLINE               |                                                           | in yuva420_8_to_scalar (../../FPGA_PDS.gen/sources_1/bd/hdmi_tx_bd/ip/hdmi_tx_bd_v_tpg_0_0/src/hls/hls_video_core.h:485)                                    |
| INLINE               |                                                           | in scalar_to_yuvd422_8 (../../FPGA_PDS.gen/sources_1/bd/hdmi_tx_bd/ip/hdmi_tx_bd_v_tpg_0_0/src/hls/hls_video_core.h:495)                                    |
| INLINE               |                                                           | in yuvd422_8_to_scalar (../../FPGA_PDS.gen/sources_1/bd/hdmi_tx_bd/ip/hdmi_tx_bd_v_tpg_0_0/src/hls/hls_video_core.h:504)                                    |
| INLINE               |                                                           | in scalar_to_yuvd444_8 (../../FPGA_PDS.gen/sources_1/bd/hdmi_tx_bd/ip/hdmi_tx_bd_v_tpg_0_0/src/hls/hls_video_core.h:515)                                    |
| INLINE               |                                                           | in yuvd444_8_to_scalar (../../FPGA_PDS.gen/sources_1/bd/hdmi_tx_bd/ip/hdmi_tx_bd_v_tpg_0_0/src/hls/hls_video_core.h:525)                                    |
| INLINE               |                                                           | in scalar_to_rgbd_8 (../../FPGA_PDS.gen/sources_1/bd/hdmi_tx_bd/ip/hdmi_tx_bd_v_tpg_0_0/src/hls/hls_video_core.h:537)                                       |
| INLINE               |                                                           | in rgbd_8_to_scalar (../../FPGA_PDS.gen/sources_1/bd/hdmi_tx_bd/ip/hdmi_tx_bd_v_tpg_0_0/src/hls/hls_video_core.h:547)                                       |
| INLINE               |                                                           | in scalar_to_bayer_8 (../../FPGA_PDS.gen/sources_1/bd/hdmi_tx_bd/ip/hdmi_tx_bd_v_tpg_0_0/src/hls/hls_video_core.h:559)                                      |
| INLINE               |                                                           | in bayer_8_to_scalar (../../FPGA_PDS.gen/sources_1/bd/hdmi_tx_bd/ip/hdmi_tx_bd_v_tpg_0_0/src/hls/hls_video_core.h:566)                                      |
| INLINE               |                                                           | in scalar_to_luma_8 (../../FPGA_PDS.gen/sources_1/bd/hdmi_tx_bd/ip/hdmi_tx_bd_v_tpg_0_0/src/hls/hls_video_core.h:575)                                       |
| INLINE               |                                                           | in luma_8_to_scalar (../../FPGA_PDS.gen/sources_1/bd/hdmi_tx_bd/ip/hdmi_tx_bd_v_tpg_0_0/src/hls/hls_video_core.h:582)                                       |
| INLINE               |                                                           | in read (../../FPGA_PDS.gen/sources_1/bd/hdmi_tx_bd/ip/hdmi_tx_bd_v_tpg_0_0/src/hls/hls_video_core.h:604)                                                   |
| INLINE               |                                                           | in write (../../FPGA_PDS.gen/sources_1/bd/hdmi_tx_bd/ip/hdmi_tx_bd_v_tpg_0_0/src/hls/hls_video_core.h:611)                                                  |
| AGGREGATE            | variable=data_stream                                      | in write (../../FPGA_PDS.gen/sources_1/bd/hdmi_tx_bd/ip/hdmi_tx_bd_v_tpg_0_0/src/hls/hls_video_core.h:612)                                                  |
| PROTOCOL             | floating                                                  | in write (../../FPGA_PDS.gen/sources_1/bd/hdmi_tx_bd/ip/hdmi_tx_bd_v_tpg_0_0/src/hls/hls_video_core.h:618)                                                  |
| UNROLL               |                                                           | in write (../../FPGA_PDS.gen/sources_1/bd/hdmi_tx_bd/ip/hdmi_tx_bd_v_tpg_0_0/src/hls/hls_video_core.h:620)                                                  |
| INLINE               |                                                           | in operator>> (../../FPGA_PDS.gen/sources_1/bd/hdmi_tx_bd/ip/hdmi_tx_bd_v_tpg_0_0/src/hls/hls_video_core.h:629)                                             |
| INLINE               |                                                           | in operator<< (../../FPGA_PDS.gen/sources_1/bd/hdmi_tx_bd/ip/hdmi_tx_bd_v_tpg_0_0/src/hls/hls_video_core.h:636)                                             |
| INLINE               |                                                           | in mat<rows, cols, t> (../../FPGA_PDS.gen/sources_1/bd/hdmi_tx_bd/ip/hdmi_tx_bd_v_tpg_0_0/src/hls/hls_video_core.h:654)                                     |
| INLINE               |                                                           | in mat<rows, cols, t> (../../FPGA_PDS.gen/sources_1/bd/hdmi_tx_bd/ip/hdmi_tx_bd_v_tpg_0_0/src/hls/hls_video_core.h:660)                                     |
| INLINE               |                                                           | in mat<rows, cols, t> (../../FPGA_PDS.gen/sources_1/bd/hdmi_tx_bd/ip/hdmi_tx_bd_v_tpg_0_0/src/hls/hls_video_core.h:666)                                     |
| INLINE               |                                                           | in init (../../FPGA_PDS.gen/sources_1/bd/hdmi_tx_bd/ip/hdmi_tx_bd_v_tpg_0_0/src/hls/hls_video_core.h:672)                                                   |
| INLINE               |                                                           | in assignto (../../FPGA_PDS.gen/sources_1/bd/hdmi_tx_bd/ip/hdmi_tx_bd_v_tpg_0_0/src/hls/hls_video_core.h:681)                                               |
| INLINE               |                                                           | in read (../../FPGA_PDS.gen/sources_1/bd/hdmi_tx_bd/ip/hdmi_tx_bd_v_tpg_0_0/src/hls/hls_video_core.h:688)                                                   |
| PROTOCOL             | floating                                                  | in read (../../FPGA_PDS.gen/sources_1/bd/hdmi_tx_bd/ip/hdmi_tx_bd_v_tpg_0_0/src/hls/hls_video_core.h:695)                                                   |
| UNROLL               |                                                           | in read (../../FPGA_PDS.gen/sources_1/bd/hdmi_tx_bd/ip/hdmi_tx_bd_v_tpg_0_0/src/hls/hls_video_core.h:697)                                                   |
| INLINE               |                                                           | in read (../../FPGA_PDS.gen/sources_1/bd/hdmi_tx_bd/ip/hdmi_tx_bd_v_tpg_0_0/src/hls/hls_video_core.h:706)                                                   |
| INLINE               |                                                           | in write (../../FPGA_PDS.gen/sources_1/bd/hdmi_tx_bd/ip/hdmi_tx_bd_v_tpg_0_0/src/hls/hls_video_core.h:712)                                                  |
| AGGREGATE            | variable=data_stream                                      | in write (../../FPGA_PDS.gen/sources_1/bd/hdmi_tx_bd/ip/hdmi_tx_bd_v_tpg_0_0/src/hls/hls_video_core.h:713)                                                  |
| PROTOCOL             | floating                                                  | in write (../../FPGA_PDS.gen/sources_1/bd/hdmi_tx_bd/ip/hdmi_tx_bd_v_tpg_0_0/src/hls/hls_video_core.h:719)                                                  |
| UNROLL               |                                                           | in write (../../FPGA_PDS.gen/sources_1/bd/hdmi_tx_bd/ip/hdmi_tx_bd_v_tpg_0_0/src/hls/hls_video_core.h:721)                                                  |
| INLINE               |                                                           | in operator>> (../../FPGA_PDS.gen/sources_1/bd/hdmi_tx_bd/ip/hdmi_tx_bd_v_tpg_0_0/src/hls/hls_video_core.h:729)                                             |
| INLINE               |                                                           | in operator<< (../../FPGA_PDS.gen/sources_1/bd/hdmi_tx_bd/ip/hdmi_tx_bd_v_tpg_0_0/src/hls/hls_video_core.h:735)                                             |
| INLINE               |                                                           | in empty (../../FPGA_PDS.gen/sources_1/bd/hdmi_tx_bd/ip/hdmi_tx_bd_v_tpg_0_0/src/hls/hls_video_core.h:741)                                                  |
| UNROLL               |                                                           | in empty (../../FPGA_PDS.gen/sources_1/bd/hdmi_tx_bd/ip/hdmi_tx_bd_v_tpg_0_0/src/hls/hls_video_core.h:744)                                                  |
| INLINE               |                                                           | in type (../../FPGA_PDS.gen/sources_1/bd/hdmi_tx_bd/ip/hdmi_tx_bd_v_tpg_0_0/src/hls/hls_video_core.h:756)                                                   |
| INLINE               |                                                           | in depth (../../FPGA_PDS.gen/sources_1/bd/hdmi_tx_bd/ip/hdmi_tx_bd_v_tpg_0_0/src/hls/hls_video_core.h:762)                                                  |
| INLINE               |                                                           | in channels (../../FPGA_PDS.gen/sources_1/bd/hdmi_tx_bd/ip/hdmi_tx_bd_v_tpg_0_0/src/hls/hls_video_core.h:767)                                               |
| INLINE               |                                                           | in fast_pixel_diff (../../FPGA_PDS.gen/sources_1/bd/hdmi_tx_bd/ip/hdmi_tx_bd_v_tpg_0_0/src/hls/hls_video_fast.h:63)                                         |
| INLINE               |                                                           | in corescore (../../FPGA_PDS.gen/sources_1/bd/hdmi_tx_bd/ip/hdmi_tx_bd_v_tpg_0_0/src/hls/hls_video_fast.h:105)                                              |
| ARRAY_PARTITION      | variable=flag_d_min2 dim=0                                | in corescore (../../FPGA_PDS.gen/sources_1/bd/hdmi_tx_bd/ip/hdmi_tx_bd_v_tpg_0_0/src/hls/hls_video_fast.h:113)                                              |
| ARRAY_PARTITION      | variable=flag_d_max2 dim=0                                | in corescore (../../FPGA_PDS.gen/sources_1/bd/hdmi_tx_bd/ip/hdmi_tx_bd_v_tpg_0_0/src/hls/hls_video_fast.h:114)                                              |
| ARRAY_PARTITION      | variable=flag_d_min4 dim=0                                | in corescore (../../FPGA_PDS.gen/sources_1/bd/hdmi_tx_bd/ip/hdmi_tx_bd_v_tpg_0_0/src/hls/hls_video_fast.h:115)                                              |
| ARRAY_PARTITION      | variable=flag_d_max4 dim=0                                | in corescore (../../FPGA_PDS.gen/sources_1/bd/hdmi_tx_bd/ip/hdmi_tx_bd_v_tpg_0_0/src/hls/hls_video_fast.h:116)                                              |
| ARRAY_PARTITION      | variable=flag_val dim=0                                   | in fast_judge (../../FPGA_PDS.gen/sources_1/bd/hdmi_tx_bd/ip/hdmi_tx_bd_v_tpg_0_0/src/hls/hls_video_fast.h:174)                                             |
| ARRAY_PARTITION      | variable=flag_d dim=0                                     | in fast_judge (../../FPGA_PDS.gen/sources_1/bd/hdmi_tx_bd/ip/hdmi_tx_bd_v_tpg_0_0/src/hls/hls_video_fast.h:175)                                             |
| INLINE               |                                                           | in fast_judge (../../FPGA_PDS.gen/sources_1/bd/hdmi_tx_bd/ip/hdmi_tx_bd_v_tpg_0_0/src/hls/hls_video_fast.h:177)                                             |
| INLINE               |                                                           | in fast_nonmax (../../FPGA_PDS.gen/sources_1/bd/hdmi_tx_bd/ip/hdmi_tx_bd_v_tpg_0_0/src/hls/hls_video_fast.h:207)                                            |
| ARRAY_PARTITION      | variable=flag_val dim=0                                   | in fast_t_opr (../../FPGA_PDS.gen/sources_1/bd/hdmi_tx_bd/ip/hdmi_tx_bd_v_tpg_0_0/src/hls/hls_video_fast.h:249)                                             |
| ARRAY_PARTITION      | variable=flag_d dim=0                                     | in fast_t_opr (../../FPGA_PDS.gen/sources_1/bd/hdmi_tx_bd/ip/hdmi_tx_bd_v_tpg_0_0/src/hls/hls_video_fast.h:250)                                             |
| LOOP_FLATTEN         | off                                                       | in fast_t_opr (../../FPGA_PDS.gen/sources_1/bd/hdmi_tx_bd/ip/hdmi_tx_bd_v_tpg_0_0/src/hls/hls_video_fast.h:260)                                             |
| PIPELINE             | ii=1                                                      | in fast_t_opr (../../FPGA_PDS.gen/sources_1/bd/hdmi_tx_bd/ip/hdmi_tx_bd_v_tpg_0_0/src/hls/hls_video_fast.h:261)                                             |
| INLINE               |                                                           | in fastx (../../FPGA_PDS.gen/sources_1/bd/hdmi_tx_bd/ip/hdmi_tx_bd_v_tpg_0_0/src/hls/hls_video_fast.h:338)                                                  |
| ARRAY_PARTITION      | variable=flag_val dim=0                                   | in fast_t_opr (../../FPGA_PDS.gen/sources_1/bd/hdmi_tx_bd/ip/hdmi_tx_bd_v_tpg_0_0/src/hls/hls_video_fast.h:366)                                             |
| ARRAY_PARTITION      | variable=flag_d dim=0                                     | in fast_t_opr (../../FPGA_PDS.gen/sources_1/bd/hdmi_tx_bd/ip/hdmi_tx_bd_v_tpg_0_0/src/hls/hls_video_fast.h:367)                                             |
| LOOP_FLATTEN         | off                                                       | in fast_t_opr (../../FPGA_PDS.gen/sources_1/bd/hdmi_tx_bd/ip/hdmi_tx_bd_v_tpg_0_0/src/hls/hls_video_fast.h:377)                                             |
| PIPELINE             | ii=1                                                      | in fast_t_opr (../../FPGA_PDS.gen/sources_1/bd/hdmi_tx_bd/ip/hdmi_tx_bd_v_tpg_0_0/src/hls/hls_video_fast.h:378)                                             |
| INLINE               |                                                           | in fastx (../../FPGA_PDS.gen/sources_1/bd/hdmi_tx_bd/ip/hdmi_tx_bd_v_tpg_0_0/src/hls/hls_video_fast.h:460)                                                  |
| LOOP_FLATTEN         | off                                                       | in paintmask (../../FPGA_PDS.gen/sources_1/bd/hdmi_tx_bd/ip/hdmi_tx_bd_v_tpg_0_0/src/hls/hls_video_fast.h:488)                                              |
| PIPELINE             | ii=1                                                      | in paintmask (../../FPGA_PDS.gen/sources_1/bd/hdmi_tx_bd/ip/hdmi_tx_bd_v_tpg_0_0/src/hls/hls_video_fast.h:489)                                              |
| ARRAY_PARTITION      | variable=rect complete dim=1                              | in haarfeature (../../FPGA_PDS.gen/sources_1/bd/hdmi_tx_bd/ip/hdmi_tx_bd_v_tpg_0_0/src/hls/hls_video_haar.h:73)                                             |
| ARRAY_PARTITION      | variable=haar_feature complete dim=1                      | in haarclassifier<feature_max> (../../FPGA_PDS.gen/sources_1/bd/hdmi_tx_bd/ip/hdmi_tx_bd_v_tpg_0_0/src/hls/hls_video_haar.h:84)                             |
| ARRAY_PARTITION      | variable=classifier complete dim=1                        | in haarstageclassifier<stage, classifier_all, feature_max> (../../FPGA_PDS.gen/sources_1/bd/hdmi_tx_bd/ip/hdmi_tx_bd_v_tpg_0_0/src/hls/hls_video_haar.h:99) |
| INLINE               |                                                           | in intergral_win (../../FPGA_PDS.gen/sources_1/bd/hdmi_tx_bd/ip/hdmi_tx_bd_v_tpg_0_0/src/hls/hls_video_haar.h:188)                                          |
| INLINE               | off                                                       | in icvevalhidhaarclassifier (../../FPGA_PDS.gen/sources_1/bd/hdmi_tx_bd/ip/hdmi_tx_bd_v_tpg_0_0/src/hls/hls_video_haar.h:205)                               |
| FUNCTION_INSTANTIATE | variable=classifier                                       | in icvevalhidhaarclassifier (../../FPGA_PDS.gen/sources_1/bd/hdmi_tx_bd/ip/hdmi_tx_bd_v_tpg_0_0/src/hls/hls_video_haar.h:206)                               |
| INLINE               |                                                           | in runhaarclassifiercascade (../../FPGA_PDS.gen/sources_1/bd/hdmi_tx_bd/ip/hdmi_tx_bd_v_tpg_0_0/src/hls/hls_video_haar.h:241)                               |
| LOOP_FLATTEN         | off                                                       | in haarclassifierobject_opr (../../FPGA_PDS.gen/sources_1/bd/hdmi_tx_bd/ip/hdmi_tx_bd_v_tpg_0_0/src/hls/hls_video_haar.h:298)                               |
| PIPELINE             |                                                           | in haarclassifierobject_opr (../../FPGA_PDS.gen/sources_1/bd/hdmi_tx_bd/ip/hdmi_tx_bd_v_tpg_0_0/src/hls/hls_video_haar.h:299)                               |
| DEPENDENCE           | array inter false                                         | in haarclassifierobject_opr (../../FPGA_PDS.gen/sources_1/bd/hdmi_tx_bd/ip/hdmi_tx_bd_v_tpg_0_0/src/hls/hls_video_haar.h:300)                               |
| EXPRESSION_BALANCE   | off                                                       | in haarclassifierobject_opr (../../FPGA_PDS.gen/sources_1/bd/hdmi_tx_bd/ip/hdmi_tx_bd_v_tpg_0_0/src/hls/hls_video_haar.h:303)                               |
| INLINE               |                                                           | in haarclassifierobject (../../FPGA_PDS.gen/sources_1/bd/hdmi_tx_bd/ip/hdmi_tx_bd_v_tpg_0_0/src/hls/hls_video_haar.h:412)                                   |
| PIPELINE             |                                                           | in combin_mask (../../FPGA_PDS.gen/sources_1/bd/hdmi_tx_bd/ip/hdmi_tx_bd_v_tpg_0_0/src/hls/hls_video_haar.h:476)                                            |
| INLINE               |                                                           | in haarclassifierobject_group (../../FPGA_PDS.gen/sources_1/bd/hdmi_tx_bd/ip/hdmi_tx_bd_v_tpg_0_0/src/hls/hls_video_haar.h:517)                             |
| INLINE               |                                                           | in ismax (../../FPGA_PDS.gen/sources_1/bd/hdmi_tx_bd/ip/hdmi_tx_bd_v_tpg_0_0/src/hls/hls_video_harris.h:102)                                                |
| LOOP_TRIPCOUNT       | MAX=ROWS                                                  | in findmax (../../FPGA_PDS.gen/sources_1/bd/hdmi_tx_bd/ip/hdmi_tx_bd_v_tpg_0_0/src/hls/hls_video_harris.h:129)                                              |
| DEPENDENCE           | ARRAY INTER FALSE                                         | in findmax (../../FPGA_PDS.gen/sources_1/bd/hdmi_tx_bd/ip/hdmi_tx_bd_v_tpg_0_0/src/hls/hls_video_harris.h:132)                                              |
| LOOP_TRIPCOUNT       | MAX=COLS                                                  | in findmax (../../FPGA_PDS.gen/sources_1/bd/hdmi_tx_bd/ip/hdmi_tx_bd_v_tpg_0_0/src/hls/hls_video_harris.h:133)                                              |
| LOOP_FLATTEN         | off                                                       | in findmax (../../FPGA_PDS.gen/sources_1/bd/hdmi_tx_bd/ip/hdmi_tx_bd_v_tpg_0_0/src/hls/hls_video_harris.h:134)                                              |
| PIPELINE             | ii=1                                                      | in findmax (../../FPGA_PDS.gen/sources_1/bd/hdmi_tx_bd/ip/hdmi_tx_bd_v_tpg_0_0/src/hls/hls_video_harris.h:135)                                              |
| LOOP_TRIPCOUNT       | MAX=ROWS                                                  | in calcim (../../FPGA_PDS.gen/sources_1/bd/hdmi_tx_bd/ip/hdmi_tx_bd_v_tpg_0_0/src/hls/hls_video_harris.h:198)                                               |
| DEPENDENCE           | ARRAY INTER FALSE                                         | in calcim (../../FPGA_PDS.gen/sources_1/bd/hdmi_tx_bd/ip/hdmi_tx_bd_v_tpg_0_0/src/hls/hls_video_harris.h:201)                                               |
| LOOP_TRIPCOUNT       | MAX=COLS                                                  | in calcim (../../FPGA_PDS.gen/sources_1/bd/hdmi_tx_bd/ip/hdmi_tx_bd_v_tpg_0_0/src/hls/hls_video_harris.h:202)                                               |
| LOOP_FLATTEN         | off                                                       | in calcim (../../FPGA_PDS.gen/sources_1/bd/hdmi_tx_bd/ip/hdmi_tx_bd_v_tpg_0_0/src/hls/hls_video_harris.h:203)                                               |
| PIPELINE             | ii=1                                                      | in calcim (../../FPGA_PDS.gen/sources_1/bd/hdmi_tx_bd/ip/hdmi_tx_bd_v_tpg_0_0/src/hls/hls_video_harris.h:204)                                               |
| INLINE               |                                                           | in harris_opr (../../FPGA_PDS.gen/sources_1/bd/hdmi_tx_bd/ip/hdmi_tx_bd_v_tpg_0_0/src/hls/hls_video_harris.h:228)                                           |
| DATAFLOW             |                                                           | in harris_opr (../../FPGA_PDS.gen/sources_1/bd/hdmi_tx_bd/ip/hdmi_tx_bd_v_tpg_0_0/src/hls/hls_video_harris.h:229)                                           |
| INLINE               |                                                           | in cornerharris (../../FPGA_PDS.gen/sources_1/bd/hdmi_tx_bd/ip/hdmi_tx_bd_v_tpg_0_0/src/hls/hls_video_harris.h:284)                                         |
| INLINE               |                                                           | in harris (../../FPGA_PDS.gen/sources_1/bd/hdmi_tx_bd/ip/hdmi_tx_bd_v_tpg_0_0/src/hls/hls_video_harris.h:325)                                               |
| UNROLL               |                                                           | in equalize (../../FPGA_PDS.gen/sources_1/bd/hdmi_tx_bd/ip/hdmi_tx_bd_v_tpg_0_0/src/hls/hls_video_histogram.h:78)                                           |
| PIPELINE             |                                                           | in equalize (../../FPGA_PDS.gen/sources_1/bd/hdmi_tx_bd/ip/hdmi_tx_bd_v_tpg_0_0/src/hls/hls_video_histogram.h:94)                                           |
| LOOP_FLATTEN         | OFF                                                       | in equalize (../../FPGA_PDS.gen/sources_1/bd/hdmi_tx_bd/ip/hdmi_tx_bd_v_tpg_0_0/src/hls/hls_video_histogram.h:95)                                           |
| DEPENDENCE           | array inter false                                         | in equalize (../../FPGA_PDS.gen/sources_1/bd/hdmi_tx_bd/ip/hdmi_tx_bd_v_tpg_0_0/src/hls/hls_video_histogram.h:96)                                           |
| LATENCY              | min=0 max=1                                               | in equalize (../../FPGA_PDS.gen/sources_1/bd/hdmi_tx_bd/ip/hdmi_tx_bd_v_tpg_0_0/src/hls/hls_video_histogram.h:112)                                          |
| PIPELINE             |                                                           | in equalize (../../FPGA_PDS.gen/sources_1/bd/hdmi_tx_bd/ip/hdmi_tx_bd_v_tpg_0_0/src/hls/hls_video_histogram.h:157)                                          |
| PIPELINE             |                                                           | in equalize (../../FPGA_PDS.gen/sources_1/bd/hdmi_tx_bd/ip/hdmi_tx_bd_v_tpg_0_0/src/hls/hls_video_histogram.h:168)                                          |
| INLINE               |                                                           | in equalizehist (../../FPGA_PDS.gen/sources_1/bd/hdmi_tx_bd/ip/hdmi_tx_bd_v_tpg_0_0/src/hls/hls_video_histogram.h:192)                                      |
| ARRAY_PARTITION      | variable=addr complete dim=0                              | in houghpolar (../../FPGA_PDS.gen/sources_1/bd/hdmi_tx_bd/ip/hdmi_tx_bd_v_tpg_0_0/src/hls/hls_video_hough.h:118)                                            |
| ARRAY_PARTITION      | variable=accbuf complete dim=0                            | in houghpolar (../../FPGA_PDS.gen/sources_1/bd/hdmi_tx_bd/ip/hdmi_tx_bd_v_tpg_0_0/src/hls/hls_video_hough.h:119)                                            |
| ARRAY_PARTITION      | variable=sinval complete dim=0                            | in houghpolar (../../FPGA_PDS.gen/sources_1/bd/hdmi_tx_bd/ip/hdmi_tx_bd_v_tpg_0_0/src/hls/hls_video_hough.h:125)                                            |
| ARRAY_PARTITION      | variable=cosval complete dim=0                            | in houghpolar (../../FPGA_PDS.gen/sources_1/bd/hdmi_tx_bd/ip/hdmi_tx_bd_v_tpg_0_0/src/hls/hls_video_hough.h:126)                                            |
| PIPELINE             |                                                           | in houghpolar (../../FPGA_PDS.gen/sources_1/bd/hdmi_tx_bd/ip/hdmi_tx_bd_v_tpg_0_0/src/hls/hls_video_hough.h:131)                                            |
| PIPELINE             |                                                           | in houghpolar (../../FPGA_PDS.gen/sources_1/bd/hdmi_tx_bd/ip/hdmi_tx_bd_v_tpg_0_0/src/hls/hls_video_hough.h:149)                                            |
| DEPENDENCE           | array inter false                                         | in houghpolar (../../FPGA_PDS.gen/sources_1/bd/hdmi_tx_bd/ip/hdmi_tx_bd_v_tpg_0_0/src/hls/hls_video_hough.h:150)                                            |
| ARRAY_PARTITION      | variable=&accum_buf complete dim=1                        | in sort_insert (../../FPGA_PDS.gen/sources_1/bd/hdmi_tx_bd/ip/hdmi_tx_bd_v_tpg_0_0/src/hls/hls_video_hough.h:192)                                           |
| ARRAY_PARTITION      | variable=lines_val complete dim=1                         | in sort_insert (../../FPGA_PDS.gen/sources_1/bd/hdmi_tx_bd/ip/hdmi_tx_bd_v_tpg_0_0/src/hls/hls_video_hough.h:193)                                           |
| ARRAY_PARTITION      | variable=lines complete dim=0                             | in sort_insert (../../FPGA_PDS.gen/sources_1/bd/hdmi_tx_bd/ip/hdmi_tx_bd_v_tpg_0_0/src/hls/hls_video_hough.h:194)                                           |
| ARRAY_PARTITION      | variable=&accum_win complete dim=0                        | in sort_insert (../../FPGA_PDS.gen/sources_1/bd/hdmi_tx_bd/ip/hdmi_tx_bd_v_tpg_0_0/src/hls/hls_video_hough.h:195)                                           |
| ARRAY_PARTITION      | variable=lines_flag complete dim=0                        | in sort_insert (../../FPGA_PDS.gen/sources_1/bd/hdmi_tx_bd/ip/hdmi_tx_bd_v_tpg_0_0/src/hls/hls_video_hough.h:196)                                           |
| DEPENDENCE           | array intra false                                         | in sort_insert (../../FPGA_PDS.gen/sources_1/bd/hdmi_tx_bd/ip/hdmi_tx_bd_v_tpg_0_0/src/hls/hls_video_hough.h:212)                                           |
| DEPENDENCE           | array inter false                                         | in sort_insert (../../FPGA_PDS.gen/sources_1/bd/hdmi_tx_bd/ip/hdmi_tx_bd_v_tpg_0_0/src/hls/hls_video_hough.h:213)                                           |
| PIPELINE             |                                                           | in sort_insert (../../FPGA_PDS.gen/sources_1/bd/hdmi_tx_bd/ip/hdmi_tx_bd_v_tpg_0_0/src/hls/hls_video_hough.h:214)                                           |
| ARRAY_PARTITION      | variable=_accum complete dim=1                            | in houghlines2 (../../FPGA_PDS.gen/sources_1/bd/hdmi_tx_bd/ip/hdmi_tx_bd_v_tpg_0_0/src/hls/hls_video_hough.h:334)                                           |
| INLINE               |                                                           | in borderinterpolate (../../FPGA_PDS.gen/sources_1/bd/hdmi_tx_bd/ip/hdmi_tx_bd_v_tpg_0_0/src/hls/hls_video_imgbase.h:129)                                   |
| INLINE               |                                                           | in normalizeanchor (../../FPGA_PDS.gen/sources_1/bd/hdmi_tx_bd/ip/hdmi_tx_bd_v_tpg_0_0/src/hls/hls_video_imgbase.h:175)                                     |
| LOOP_TRIPCOUNT       | min=20 max=2000                                           | in duplicateimagen (../../FPGA_PDS.gen/sources_1/bd/hdmi_tx_bd/ip/hdmi_tx_bd_v_tpg_0_0/src/hls/hls_video_imgbase.h:202)                                     |
| LOOP_TRIPCOUNT       | min=20 max=2000                                           | in duplicateimagen (../../FPGA_PDS.gen/sources_1/bd/hdmi_tx_bd/ip/hdmi_tx_bd_v_tpg_0_0/src/hls/hls_video_imgbase.h:204)                                     |
| PIPELINE             |                                                           | in duplicateimagen (../../FPGA_PDS.gen/sources_1/bd/hdmi_tx_bd/ip/hdmi_tx_bd_v_tpg_0_0/src/hls/hls_video_imgbase.h:206)                                     |
| INLINE               |                                                           | in apply (../../FPGA_PDS.gen/sources_1/bd/hdmi_tx_bd/ip/hdmi_tx_bd_v_tpg_0_0/src/hls/hls_video_imgproc.h:166)                                               |
| INLINE               |                                                           | in apply (../../FPGA_PDS.gen/sources_1/bd/hdmi_tx_bd/ip/hdmi_tx_bd_v_tpg_0_0/src/hls/hls_video_imgproc.h:192)                                               |
| INLINE               |                                                           | in apply (../../FPGA_PDS.gen/sources_1/bd/hdmi_tx_bd/ip/hdmi_tx_bd_v_tpg_0_0/src/hls/hls_video_imgproc.h:294)                                               |
| INLINE               |                                                           | in apply (../../FPGA_PDS.gen/sources_1/bd/hdmi_tx_bd/ip/hdmi_tx_bd_v_tpg_0_0/src/hls/hls_video_imgproc.h:316)                                               |
| INLINE               |                                                           | in getstructuringelement (../../FPGA_PDS.gen/sources_1/bd/hdmi_tx_bd/ip/hdmi_tx_bd_v_tpg_0_0/src/hls/hls_video_imgproc.h:330)                               |
| INLINE               |                                                           | in fill_pixelkernel (../../FPGA_PDS.gen/sources_1/bd/hdmi_tx_bd/ip/hdmi_tx_bd_v_tpg_0_0/src/hls/hls_video_imgproc.h:387)                                    |
| INLINE               |                                                           | in filter (../../FPGA_PDS.gen/sources_1/bd/hdmi_tx_bd/ip/hdmi_tx_bd_v_tpg_0_0/src/hls/hls_video_imgproc.h:410)                                              |
| ARRAY_PARTITION      | variable=col_buf complete dim=0                           | in filter (../../FPGA_PDS.gen/sources_1/bd/hdmi_tx_bd/ip/hdmi_tx_bd_v_tpg_0_0/src/hls/hls_video_imgproc.h:427)                                              |
| ARRAY_PARTITION      | variable=&kernel complete dim=0                           | in filter (../../FPGA_PDS.gen/sources_1/bd/hdmi_tx_bd/ip/hdmi_tx_bd_v_tpg_0_0/src/hls/hls_video_imgproc.h:428)                                              |
| ARRAY_PARTITION      | variable=src_kernel_win complete dim=0                    | in filter (../../FPGA_PDS.gen/sources_1/bd/hdmi_tx_bd/ip/hdmi_tx_bd_v_tpg_0_0/src/hls/hls_video_imgproc.h:429)                                              |
| ARRAY_PARTITION      | variable=k_buf complete dim=1                             | in filter (../../FPGA_PDS.gen/sources_1/bd/hdmi_tx_bd/ip/hdmi_tx_bd_v_tpg_0_0/src/hls/hls_video_imgproc.h:430)                                              |
| ARRAY_PARTITION      | variable=right_border_buf complete dim=0                  | in filter (../../FPGA_PDS.gen/sources_1/bd/hdmi_tx_bd/ip/hdmi_tx_bd_v_tpg_0_0/src/hls/hls_video_imgproc.h:431)                                              |
| DEPENDENCE           | array inter false                                         | in filter (../../FPGA_PDS.gen/sources_1/bd/hdmi_tx_bd/ip/hdmi_tx_bd_v_tpg_0_0/src/hls/hls_video_imgproc.h:461)                                              |
| LOOP_FLATTEN         | OFF                                                       | in filter (../../FPGA_PDS.gen/sources_1/bd/hdmi_tx_bd/ip/hdmi_tx_bd_v_tpg_0_0/src/hls/hls_video_imgproc.h:462)                                              |
| PIPELINE             |                                                           | in filter (../../FPGA_PDS.gen/sources_1/bd/hdmi_tx_bd/ip/hdmi_tx_bd_v_tpg_0_0/src/hls/hls_video_imgproc.h:463)                                              |
| INLINE               |                                                           | in get_parameters (../../FPGA_PDS.gen/sources_1/bd/hdmi_tx_bd/ip/hdmi_tx_bd_v_tpg_0_0/src/hls/hls_video_imgproc.h:541)                                      |
| INLINE               |                                                           | in filter (../../FPGA_PDS.gen/sources_1/bd/hdmi_tx_bd/ip/hdmi_tx_bd_v_tpg_0_0/src/hls/hls_video_imgproc.h:603)                                              |
| ARRAY_PARTITION      | variable=&kernel complete dim=0                           | in filter (../../FPGA_PDS.gen/sources_1/bd/hdmi_tx_bd/ip/hdmi_tx_bd_v_tpg_0_0/src/hls/hls_video_imgproc.h:612)                                              |
| ARRAY_PARTITION      | variable=src_kernel_win complete dim=0                    | in filter (../../FPGA_PDS.gen/sources_1/bd/hdmi_tx_bd/ip/hdmi_tx_bd_v_tpg_0_0/src/hls/hls_video_imgproc.h:613)                                              |
| ARRAY_PARTITION      | variable=k_buf complete dim=1                             | in filter (../../FPGA_PDS.gen/sources_1/bd/hdmi_tx_bd/ip/hdmi_tx_bd_v_tpg_0_0/src/hls/hls_video_imgproc.h:614)                                              |
| ARRAY_PARTITION      | variable=col_buf complete dim=0                           | in filter (../../FPGA_PDS.gen/sources_1/bd/hdmi_tx_bd/ip/hdmi_tx_bd_v_tpg_0_0/src/hls/hls_video_imgproc.h:615)                                              |
| LOOP_FLATTEN         | OFF                                                       | in filter (../../FPGA_PDS.gen/sources_1/bd/hdmi_tx_bd/ip/hdmi_tx_bd_v_tpg_0_0/src/hls/hls_video_imgproc.h:642)                                              |
| PIPELINE             |                                                           | in filter (../../FPGA_PDS.gen/sources_1/bd/hdmi_tx_bd/ip/hdmi_tx_bd_v_tpg_0_0/src/hls/hls_video_imgproc.h:643)                                              |
| ARRAY_PARTITION      | variable=col_buf complete dim=0                           | in column_filter (../../FPGA_PDS.gen/sources_1/bd/hdmi_tx_bd/ip/hdmi_tx_bd_v_tpg_0_0/src/hls/hls_video_imgproc.h:730)                                       |
| ARRAY_PARTITION      | variable=&kernelY complete dim=0                          | in column_filter (../../FPGA_PDS.gen/sources_1/bd/hdmi_tx_bd/ip/hdmi_tx_bd_v_tpg_0_0/src/hls/hls_video_imgproc.h:731)                                       |
| ARRAY_PARTITION      | variable=src_kernel_winY complete dim=0                   | in column_filter (../../FPGA_PDS.gen/sources_1/bd/hdmi_tx_bd/ip/hdmi_tx_bd_v_tpg_0_0/src/hls/hls_video_imgproc.h:732)                                       |
| ARRAY_PARTITION      | variable=k_buf complete dim=1                             | in column_filter (../../FPGA_PDS.gen/sources_1/bd/hdmi_tx_bd/ip/hdmi_tx_bd_v_tpg_0_0/src/hls/hls_video_imgproc.h:733)                                       |
| DEPENDENCE           | array inter false                                         | in column_filter (../../FPGA_PDS.gen/sources_1/bd/hdmi_tx_bd/ip/hdmi_tx_bd_v_tpg_0_0/src/hls/hls_video_imgproc.h:776)                                       |
| LOOP_FLATTEN         | OFF                                                       | in column_filter (../../FPGA_PDS.gen/sources_1/bd/hdmi_tx_bd/ip/hdmi_tx_bd_v_tpg_0_0/src/hls/hls_video_imgproc.h:777)                                       |
| PIPELINE             |                                                           | in column_filter (../../FPGA_PDS.gen/sources_1/bd/hdmi_tx_bd/ip/hdmi_tx_bd_v_tpg_0_0/src/hls/hls_video_imgproc.h:778)                                       |
| ARRAY_PARTITION      | variable=&kernelX complete dim=0                          | in row_filter (../../FPGA_PDS.gen/sources_1/bd/hdmi_tx_bd/ip/hdmi_tx_bd_v_tpg_0_0/src/hls/hls_video_imgproc.h:864)                                          |
| ARRAY_PARTITION      | variable=src_kernel_winX complete dim=0                   | in row_filter (../../FPGA_PDS.gen/sources_1/bd/hdmi_tx_bd/ip/hdmi_tx_bd_v_tpg_0_0/src/hls/hls_video_imgproc.h:865)                                          |
| ARRAY_PARTITION      | variable=src_kernel_winX_temp complete dim=0              | in row_filter (../../FPGA_PDS.gen/sources_1/bd/hdmi_tx_bd/ip/hdmi_tx_bd_v_tpg_0_0/src/hls/hls_video_imgproc.h:866)                                          |
| ARRAY_PARTITION      | variable=row_buf complete dim=0                           | in row_filter (../../FPGA_PDS.gen/sources_1/bd/hdmi_tx_bd/ip/hdmi_tx_bd_v_tpg_0_0/src/hls/hls_video_imgproc.h:867)                                          |
| ARRAY_PARTITION      | variable=l_border_buf complete dim=1                      | in row_filter (../../FPGA_PDS.gen/sources_1/bd/hdmi_tx_bd/ip/hdmi_tx_bd_v_tpg_0_0/src/hls/hls_video_imgproc.h:868)                                          |
| ARRAY_PARTITION      | variable=r_border_buf complete dim=1                      | in row_filter (../../FPGA_PDS.gen/sources_1/bd/hdmi_tx_bd/ip/hdmi_tx_bd_v_tpg_0_0/src/hls/hls_video_imgproc.h:869)                                          |
| DEPENDENCE           | array inter false                                         | in row_filter (../../FPGA_PDS.gen/sources_1/bd/hdmi_tx_bd/ip/hdmi_tx_bd_v_tpg_0_0/src/hls/hls_video_imgproc.h:925)                                          |
| LOOP_FLATTEN         | OFF                                                       | in row_filter (../../FPGA_PDS.gen/sources_1/bd/hdmi_tx_bd/ip/hdmi_tx_bd_v_tpg_0_0/src/hls/hls_video_imgproc.h:926)                                          |
| PIPELINE             |                                                           | in row_filter (../../FPGA_PDS.gen/sources_1/bd/hdmi_tx_bd/ip/hdmi_tx_bd_v_tpg_0_0/src/hls/hls_video_imgproc.h:927)                                          |
| INLINE               |                                                           | in filter (../../FPGA_PDS.gen/sources_1/bd/hdmi_tx_bd/ip/hdmi_tx_bd_v_tpg_0_0/src/hls/hls_video_imgproc.h:993)                                              |
| DATAFLOW             |                                                           | in filter (../../FPGA_PDS.gen/sources_1/bd/hdmi_tx_bd/ip/hdmi_tx_bd_v_tpg_0_0/src/hls/hls_video_imgproc.h:994)                                              |
| INLINE               |                                                           | in filter (../../FPGA_PDS.gen/sources_1/bd/hdmi_tx_bd/ip/hdmi_tx_bd_v_tpg_0_0/src/hls/hls_video_imgproc.h:1016)                                             |
| INLINE               |                                                           | in filter (../../FPGA_PDS.gen/sources_1/bd/hdmi_tx_bd/ip/hdmi_tx_bd_v_tpg_0_0/src/hls/hls_video_imgproc.h:1037)                                             |
| ARRAY_PARTITION      | variable=&kernelX complete dim=0                          | in filter (../../FPGA_PDS.gen/sources_1/bd/hdmi_tx_bd/ip/hdmi_tx_bd_v_tpg_0_0/src/hls/hls_video_imgproc.h:1048)                                             |
| ARRAY_PARTITION      | variable=&kernelY complete dim=0                          | in filter (../../FPGA_PDS.gen/sources_1/bd/hdmi_tx_bd/ip/hdmi_tx_bd_v_tpg_0_0/src/hls/hls_video_imgproc.h:1049)                                             |
| ARRAY_PARTITION      | variable=src_kernel_winX complete dim=0                   | in filter (../../FPGA_PDS.gen/sources_1/bd/hdmi_tx_bd/ip/hdmi_tx_bd_v_tpg_0_0/src/hls/hls_video_imgproc.h:1050)                                             |
| ARRAY_PARTITION      | variable=src_kernel_winX_temp complete dim=0              | in filter (../../FPGA_PDS.gen/sources_1/bd/hdmi_tx_bd/ip/hdmi_tx_bd_v_tpg_0_0/src/hls/hls_video_imgproc.h:1051)                                             |
| ARRAY_PARTITION      | variable=src_kernel_winY complete dim=0                   | in filter (../../FPGA_PDS.gen/sources_1/bd/hdmi_tx_bd/ip/hdmi_tx_bd_v_tpg_0_0/src/hls/hls_video_imgproc.h:1052)                                             |
| ARRAY_PARTITION      | variable=k_buf complete dim=1                             | in filter (../../FPGA_PDS.gen/sources_1/bd/hdmi_tx_bd/ip/hdmi_tx_bd_v_tpg_0_0/src/hls/hls_video_imgproc.h:1053)                                             |
| LOOP_FLATTEN         | OFF                                                       | in filter (../../FPGA_PDS.gen/sources_1/bd/hdmi_tx_bd/ip/hdmi_tx_bd_v_tpg_0_0/src/hls/hls_video_imgproc.h:1074)                                             |
| PIPELINE             |                                                           | in filter (../../FPGA_PDS.gen/sources_1/bd/hdmi_tx_bd/ip/hdmi_tx_bd_v_tpg_0_0/src/hls/hls_video_imgproc.h:1075)                                             |
| INLINE               |                                                           | in filter (../../FPGA_PDS.gen/sources_1/bd/hdmi_tx_bd/ip/hdmi_tx_bd_v_tpg_0_0/src/hls/hls_video_imgproc.h:1144)                                             |
| DATAFLOW             |                                                           | in filter_opr_iter (../../FPGA_PDS.gen/sources_1/bd/hdmi_tx_bd/ip/hdmi_tx_bd_v_tpg_0_0/src/hls/hls_video_imgproc.h:1171)                                    |
| ARRAY_PARTITION      | dim=1 type=complete variable=internal                     | in filter_opr_iter (../../FPGA_PDS.gen/sources_1/bd/hdmi_tx_bd/ip/hdmi_tx_bd_v_tpg_0_0/src/hls/hls_video_imgproc.h:1173)                                    |
| UNROLL               |                                                           | in filter_opr_iter (../../FPGA_PDS.gen/sources_1/bd/hdmi_tx_bd/ip/hdmi_tx_bd_v_tpg_0_0/src/hls/hls_video_imgproc.h:1177)                                    |
| INLINE               |                                                           | in morp_opr (../../FPGA_PDS.gen/sources_1/bd/hdmi_tx_bd/ip/hdmi_tx_bd_v_tpg_0_0/src/hls/hls_video_imgproc.h:1188)                                           |
| INLINE               |                                                           | in morp_opr (../../FPGA_PDS.gen/sources_1/bd/hdmi_tx_bd/ip/hdmi_tx_bd_v_tpg_0_0/src/hls/hls_video_imgproc.h:1210)                                           |
| INLINE               |                                                           | in erode (../../FPGA_PDS.gen/sources_1/bd/hdmi_tx_bd/ip/hdmi_tx_bd_v_tpg_0_0/src/hls/hls_video_imgproc.h:1255)                                              |
| INLINE               |                                                           | in dilate (../../FPGA_PDS.gen/sources_1/bd/hdmi_tx_bd/ip/hdmi_tx_bd_v_tpg_0_0/src/hls/hls_video_imgproc.h:1282)                                             |
| INLINE               |                                                           | in convert (../../FPGA_PDS.gen/sources_1/bd/hdmi_tx_bd/ip/hdmi_tx_bd_v_tpg_0_0/src/hls/hls_video_imgproc.h:1507)                                            |
| INLINE               |                                                           | in max (../../FPGA_PDS.gen/sources_1/bd/hdmi_tx_bd/ip/hdmi_tx_bd_v_tpg_0_0/src/hls/hls_video_imgproc.h:1523)                                                |
| INLINE               |                                                           | in min (../../FPGA_PDS.gen/sources_1/bd/hdmi_tx_bd/ip/hdmi_tx_bd_v_tpg_0_0/src/hls/hls_video_imgproc.h:1532)                                                |
| INLINE               |                                                           | in apply (../../FPGA_PDS.gen/sources_1/bd/hdmi_tx_bd/ip/hdmi_tx_bd_v_tpg_0_0/src/hls/hls_video_imgproc.h:1569)                                              |
| INLINE               |                                                           | in apply (../../FPGA_PDS.gen/sources_1/bd/hdmi_tx_bd/ip/hdmi_tx_bd_v_tpg_0_0/src/hls/hls_video_imgproc.h:1580)                                              |
| INLINE               |                                                           | in apply (../../FPGA_PDS.gen/sources_1/bd/hdmi_tx_bd/ip/hdmi_tx_bd_v_tpg_0_0/src/hls/hls_video_imgproc.h:1721)                                              |
| INLINE               |                                                           | in apply (../../FPGA_PDS.gen/sources_1/bd/hdmi_tx_bd/ip/hdmi_tx_bd_v_tpg_0_0/src/hls/hls_video_imgproc.h:1786)                                              |
| ARRAY_PARTITION      | variable=tab dim=0 complete                               | in apply (../../FPGA_PDS.gen/sources_1/bd/hdmi_tx_bd/ip/hdmi_tx_bd_v_tpg_0_0/src/hls/hls_video_imgproc.h:1797)                                              |
| INLINE               |                                                           | in apply (../../FPGA_PDS.gen/sources_1/bd/hdmi_tx_bd/ip/hdmi_tx_bd_v_tpg_0_0/src/hls/hls_video_imgproc.h:1836)                                              |
| INLINE               |                                                           | in apply (../../FPGA_PDS.gen/sources_1/bd/hdmi_tx_bd/ip/hdmi_tx_bd_v_tpg_0_0/src/hls/hls_video_imgproc.h:1919)                                              |
| ARRAY_PARTITION      | variable=tab dim=0 complete                               | in apply (../../FPGA_PDS.gen/sources_1/bd/hdmi_tx_bd/ip/hdmi_tx_bd_v_tpg_0_0/src/hls/hls_video_imgproc.h:1930)                                              |
| LOOP_FLATTEN         | OFF                                                       | in cvtcolor (../../FPGA_PDS.gen/sources_1/bd/hdmi_tx_bd/ip/hdmi_tx_bd_v_tpg_0_0/src/hls/hls_video_imgproc.h:1985)                                           |
| PIPELINE             |                                                           | in cvtcolor (../../FPGA_PDS.gen/sources_1/bd/hdmi_tx_bd/ip/hdmi_tx_bd_v_tpg_0_0/src/hls/hls_video_imgproc.h:1986)                                           |
| LOOP_FLATTEN         | OFF                                                       | in integral (../../FPGA_PDS.gen/sources_1/bd/hdmi_tx_bd/ip/hdmi_tx_bd_v_tpg_0_0/src/hls/hls_video_imgproc.h:2012)                                           |
| PIPELINE             |                                                           | in integral (../../FPGA_PDS.gen/sources_1/bd/hdmi_tx_bd/ip/hdmi_tx_bd_v_tpg_0_0/src/hls/hls_video_imgproc.h:2013)                                           |
| LOOP_FLATTEN         | OFF                                                       | in integral (../../FPGA_PDS.gen/sources_1/bd/hdmi_tx_bd/ip/hdmi_tx_bd_v_tpg_0_0/src/hls/hls_video_imgproc.h:2052)                                           |
| PIPELINE             |                                                           | in integral (../../FPGA_PDS.gen/sources_1/bd/hdmi_tx_bd/ip/hdmi_tx_bd_v_tpg_0_0/src/hls/hls_video_imgproc.h:2053)                                           |
| INLINE               | off                                                       | in init_scale_coefficients (../../FPGA_PDS.gen/sources_1/bd/hdmi_tx_bd/ip/hdmi_tx_bd_v_tpg_0_0/src/hls/hls_video_imgproc.h:2089)                            |
| INLINE               |                                                           | in scale_operator (../../FPGA_PDS.gen/sources_1/bd/hdmi_tx_bd/ip/hdmi_tx_bd_v_tpg_0_0/src/hls/hls_video_imgproc.h:2120)                                     |
| ARRAY_PARTITION      | variable= temp_in dim=0 complete                          | in resize_opr_bicubic (../../FPGA_PDS.gen/sources_1/bd/hdmi_tx_bd/ip/hdmi_tx_bd_v_tpg_0_0/src/hls/hls_video_imgproc.h:2160)                                 |
| ARRAY_PARTITION      | variable= temp_out dim=0 complete                         | in resize_opr_bicubic (../../FPGA_PDS.gen/sources_1/bd/hdmi_tx_bd/ip/hdmi_tx_bd_v_tpg_0_0/src/hls/hls_video_imgproc.h:2161)                                 |
| ARRAY_PARTITION      | variable= h_fir dim=0 complete                            | in resize_opr_bicubic (../../FPGA_PDS.gen/sources_1/bd/hdmi_tx_bd/ip/hdmi_tx_bd_v_tpg_0_0/src/hls/hls_video_imgproc.h:2162)                                 |
| ARRAY_PARTITION      | variable= v_fir dim=0 complete                            | in resize_opr_bicubic (../../FPGA_PDS.gen/sources_1/bd/hdmi_tx_bd/ip/hdmi_tx_bd_v_tpg_0_0/src/hls/hls_video_imgproc.h:2163)                                 |
| ARRAY_PARTITION      | variable=hcoeffs dim=2 complete                           | in resize_opr_bicubic (../../FPGA_PDS.gen/sources_1/bd/hdmi_tx_bd/ip/hdmi_tx_bd_v_tpg_0_0/src/hls/hls_video_imgproc.h:2164)                                 |
| ARRAY_PARTITION      | variable=vcoeffs dim=2 complete                           | in resize_opr_bicubic (../../FPGA_PDS.gen/sources_1/bd/hdmi_tx_bd/ip/hdmi_tx_bd_v_tpg_0_0/src/hls/hls_video_imgproc.h:2165)                                 |
| PIPELINE             |                                                           | in resize_opr_bicubic (../../FPGA_PDS.gen/sources_1/bd/hdmi_tx_bd/ip/hdmi_tx_bd_v_tpg_0_0/src/hls/hls_video_imgproc.h:2187)                                 |
| LOOP_FLATTEN         | off                                                       | in resize_opr_bicubic (../../FPGA_PDS.gen/sources_1/bd/hdmi_tx_bd/ip/hdmi_tx_bd_v_tpg_0_0/src/hls/hls_video_imgproc.h:2188)                                 |
| DEPENDENCE           | array inter false                                         | in resize_opr_bicubic (../../FPGA_PDS.gen/sources_1/bd/hdmi_tx_bd/ip/hdmi_tx_bd_v_tpg_0_0/src/hls/hls_video_imgproc.h:2189)                                 |
| LOOP_FLATTEN         | OFF                                                       | in resize_opr_linear (../../FPGA_PDS.gen/sources_1/bd/hdmi_tx_bd/ip/hdmi_tx_bd_v_tpg_0_0/src/hls/hls_video_imgproc.h:2331)                                  |
| DEPENDENCE           | array inter false                                         | in resize_opr_linear (../../FPGA_PDS.gen/sources_1/bd/hdmi_tx_bd/ip/hdmi_tx_bd_v_tpg_0_0/src/hls/hls_video_imgproc.h:2332)                                  |
| PIPELINE             |                                                           | in resize_opr_linear (../../FPGA_PDS.gen/sources_1/bd/hdmi_tx_bd/ip/hdmi_tx_bd_v_tpg_0_0/src/hls/hls_video_imgproc.h:2333)                                  |
| LOOP_FLATTEN         | OFF                                                       | in convertscale (../../FPGA_PDS.gen/sources_1/bd/hdmi_tx_bd/ip/hdmi_tx_bd_v_tpg_0_0/src/hls/hls_video_imgproc.h:2515)                                       |
| PIPELINE             |                                                           | in convertscale (../../FPGA_PDS.gen/sources_1/bd/hdmi_tx_bd/ip/hdmi_tx_bd_v_tpg_0_0/src/hls/hls_video_imgproc.h:2516)                                       |
| LOOP_FLATTEN         | OFF                                                       | in convertscaleabs (../../FPGA_PDS.gen/sources_1/bd/hdmi_tx_bd/ip/hdmi_tx_bd_v_tpg_0_0/src/hls/hls_video_imgproc.h:2544)                                    |
| PIPELINE             |                                                           | in convertscaleabs (../../FPGA_PDS.gen/sources_1/bd/hdmi_tx_bd/ip/hdmi_tx_bd_v_tpg_0_0/src/hls/hls_video_imgproc.h:2545)                                    |
| INLINE               | off                                                       | in getgaussiankernel (../../FPGA_PDS.gen/sources_1/bd/hdmi_tx_bd/ip/hdmi_tx_bd_v_tpg_0_0/src/hls/hls_video_imgproc.h:2653)                                  |
| INLINE               |                                                           | in pyrup_opr (../../FPGA_PDS.gen/sources_1/bd/hdmi_tx_bd/ip/hdmi_tx_bd_v_tpg_0_0/src/hls/hls_video_imgproc.h:2790)                                          |
| ARRAY_PARTITION      | variable=col_buf complete dim=0                           | in pyrup_opr (../../FPGA_PDS.gen/sources_1/bd/hdmi_tx_bd/ip/hdmi_tx_bd_v_tpg_0_0/src/hls/hls_video_imgproc.h:2801)                                          |
| ARRAY_PARTITION      | variable=&kernel complete dim=0                           | in pyrup_opr (../../FPGA_PDS.gen/sources_1/bd/hdmi_tx_bd/ip/hdmi_tx_bd_v_tpg_0_0/src/hls/hls_video_imgproc.h:2802)                                          |
| ARRAY_PARTITION      | variable=src_kernel_win complete dim=0                    | in pyrup_opr (../../FPGA_PDS.gen/sources_1/bd/hdmi_tx_bd/ip/hdmi_tx_bd_v_tpg_0_0/src/hls/hls_video_imgproc.h:2803)                                          |
| ARRAY_PARTITION      | variable=k_buf complete dim=1                             | in pyrup_opr (../../FPGA_PDS.gen/sources_1/bd/hdmi_tx_bd/ip/hdmi_tx_bd_v_tpg_0_0/src/hls/hls_video_imgproc.h:2804)                                          |
| ARRAY_PARTITION      | variable=right_border_buf complete dim=0                  | in pyrup_opr (../../FPGA_PDS.gen/sources_1/bd/hdmi_tx_bd/ip/hdmi_tx_bd_v_tpg_0_0/src/hls/hls_video_imgproc.h:2805)                                          |
| LOOP_FLATTEN         | OFF                                                       | in pyrup_opr (../../FPGA_PDS.gen/sources_1/bd/hdmi_tx_bd/ip/hdmi_tx_bd_v_tpg_0_0/src/hls/hls_video_imgproc.h:2817)                                          |
| DEPENDENCE           | array inter false                                         | in pyrup_opr (../../FPGA_PDS.gen/sources_1/bd/hdmi_tx_bd/ip/hdmi_tx_bd_v_tpg_0_0/src/hls/hls_video_imgproc.h:2818)                                          |
| PIPELINE             |                                                           | in pyrup_opr (../../FPGA_PDS.gen/sources_1/bd/hdmi_tx_bd/ip/hdmi_tx_bd_v_tpg_0_0/src/hls/hls_video_imgproc.h:2819)                                          |
| INLINE               |                                                           | in pyrdown_opr (../../FPGA_PDS.gen/sources_1/bd/hdmi_tx_bd/ip/hdmi_tx_bd_v_tpg_0_0/src/hls/hls_video_imgproc.h:2986)                                        |
| ARRAY_PARTITION      | variable=col_buf complete dim=0                           | in pyrdown_opr (../../FPGA_PDS.gen/sources_1/bd/hdmi_tx_bd/ip/hdmi_tx_bd_v_tpg_0_0/src/hls/hls_video_imgproc.h:2997)                                        |
| ARRAY_PARTITION      | variable=&kernel complete dim=0                           | in pyrdown_opr (../../FPGA_PDS.gen/sources_1/bd/hdmi_tx_bd/ip/hdmi_tx_bd_v_tpg_0_0/src/hls/hls_video_imgproc.h:2998)                                        |
| ARRAY_PARTITION      | variable=src_kernel_win complete dim=0                    | in pyrdown_opr (../../FPGA_PDS.gen/sources_1/bd/hdmi_tx_bd/ip/hdmi_tx_bd_v_tpg_0_0/src/hls/hls_video_imgproc.h:2999)                                        |
| ARRAY_PARTITION      | variable=k_buf complete dim=1                             | in pyrdown_opr (../../FPGA_PDS.gen/sources_1/bd/hdmi_tx_bd/ip/hdmi_tx_bd_v_tpg_0_0/src/hls/hls_video_imgproc.h:3000)                                        |
| ARRAY_PARTITION      | variable=right_border_buf complete dim=0                  | in pyrdown_opr (../../FPGA_PDS.gen/sources_1/bd/hdmi_tx_bd/ip/hdmi_tx_bd_v_tpg_0_0/src/hls/hls_video_imgproc.h:3001)                                        |
| LOOP_FLATTEN         | OFF                                                       | in pyrdown_opr (../../FPGA_PDS.gen/sources_1/bd/hdmi_tx_bd/ip/hdmi_tx_bd_v_tpg_0_0/src/hls/hls_video_imgproc.h:3018)                                        |
| DEPENDENCE           | array inter false                                         | in pyrdown_opr (../../FPGA_PDS.gen/sources_1/bd/hdmi_tx_bd/ip/hdmi_tx_bd_v_tpg_0_0/src/hls/hls_video_imgproc.h:3019)                                        |
| PIPELINE             |                                                           | in pyrdown_opr (../../FPGA_PDS.gen/sources_1/bd/hdmi_tx_bd/ip/hdmi_tx_bd_v_tpg_0_0/src/hls/hls_video_imgproc.h:3020)                                        |
| PIPELINE             | ii=1                                                      | in axivideo2mat (../../FPGA_PDS.gen/sources_1/bd/hdmi_tx_bd/ip/hdmi_tx_bd_v_tpg_0_0/src/hls/hls_video_io.h:80)                                              |
| LOOP_TRIPCOUNT       | avg=0 max=0                                               | in axivideo2mat (../../FPGA_PDS.gen/sources_1/bd/hdmi_tx_bd/ip/hdmi_tx_bd_v_tpg_0_0/src/hls/hls_video_io.h:81)                                              |
| LOOP_FLATTEN         | off                                                       | in axivideo2mat (../../FPGA_PDS.gen/sources_1/bd/hdmi_tx_bd/ip/hdmi_tx_bd_v_tpg_0_0/src/hls/hls_video_io.h:88)                                              |
| PIPELINE             | ii=1                                                      | in axivideo2mat (../../FPGA_PDS.gen/sources_1/bd/hdmi_tx_bd/ip/hdmi_tx_bd_v_tpg_0_0/src/hls/hls_video_io.h:89)                                              |
| PIPELINE             | ii=1                                                      | in axivideo2mat (../../FPGA_PDS.gen/sources_1/bd/hdmi_tx_bd/ip/hdmi_tx_bd_v_tpg_0_0/src/hls/hls_video_io.h:111)                                             |
| LOOP_TRIPCOUNT       | avg=0 max=0                                               | in axivideo2mat (../../FPGA_PDS.gen/sources_1/bd/hdmi_tx_bd/ip/hdmi_tx_bd_v_tpg_0_0/src/hls/hls_video_io.h:112)                                             |
| LOOP_FLATTEN         | off                                                       | in mat2axivideo (../../FPGA_PDS.gen/sources_1/bd/hdmi_tx_bd/ip/hdmi_tx_bd_v_tpg_0_0/src/hls/hls_video_io.h:141)                                             |
| PIPELINE             | ii=1                                                      | in mat2axivideo (../../FPGA_PDS.gen/sources_1/bd/hdmi_tx_bd/ip/hdmi_tx_bd_v_tpg_0_0/src/hls/hls_video_io.h:142)                                             |
| LOOP_FLATTEN         | off                                                       | in array2mat (../../FPGA_PDS.gen/sources_1/bd/hdmi_tx_bd/ip/hdmi_tx_bd_v_tpg_0_0/src/hls/hls_video_io.h:190)                                                |
| PIPELINE             | ii=1                                                      | in array2mat (../../FPGA_PDS.gen/sources_1/bd/hdmi_tx_bd/ip/hdmi_tx_bd_v_tpg_0_0/src/hls/hls_video_io.h:191)                                                |
| UNROLL               |                                                           | in array2mat (../../FPGA_PDS.gen/sources_1/bd/hdmi_tx_bd/ip/hdmi_tx_bd_v_tpg_0_0/src/hls/hls_video_io.h:197)                                                |
| LOOP_FLATTEN         | off                                                       | in mat2array (../../FPGA_PDS.gen/sources_1/bd/hdmi_tx_bd/ip/hdmi_tx_bd_v_tpg_0_0/src/hls/hls_video_io.h:256)                                                |
| PIPELINE             | ii=1                                                      | in mat2array (../../FPGA_PDS.gen/sources_1/bd/hdmi_tx_bd/ip/hdmi_tx_bd_v_tpg_0_0/src/hls/hls_video_io.h:257)                                                |
| UNROLL               |                                                           | in mat2array (../../FPGA_PDS.gen/sources_1/bd/hdmi_tx_bd/ip/hdmi_tx_bd_v_tpg_0_0/src/hls/hls_video_io.h:262)                                                |
| ARRAY_PARTITION      | variable=val dim=1 complete                               | in window<rows, cols, t> (../../FPGA_PDS.gen/sources_1/bd/hdmi_tx_bd/ip/hdmi_tx_bd_v_tpg_0_0/src/hls/hls_video_mem.h:66)                                    |
| ARRAY_PARTITION      | variable=val dim=2 complete                               | in window<rows, cols, t> (../../FPGA_PDS.gen/sources_1/bd/hdmi_tx_bd/ip/hdmi_tx_bd_v_tpg_0_0/src/hls/hls_video_mem.h:67)                                    |
| INLINE               |                                                           | in shift_pixels_left (../../FPGA_PDS.gen/sources_1/bd/hdmi_tx_bd/ip/hdmi_tx_bd_v_tpg_0_0/src/hls/hls_video_mem.h:128)                                       |
| UNROLL               |                                                           | in shift_pixels_left (../../FPGA_PDS.gen/sources_1/bd/hdmi_tx_bd/ip/hdmi_tx_bd_v_tpg_0_0/src/hls/hls_video_mem.h:138)                                       |
| UNROLL               |                                                           | in shift_pixels_left (../../FPGA_PDS.gen/sources_1/bd/hdmi_tx_bd/ip/hdmi_tx_bd_v_tpg_0_0/src/hls/hls_video_mem.h:140)                                       |
| INLINE               |                                                           | in shift_pixels_right (../../FPGA_PDS.gen/sources_1/bd/hdmi_tx_bd/ip/hdmi_tx_bd_v_tpg_0_0/src/hls/hls_video_mem.h:166)                                      |
| UNROLL               |                                                           | in shift_pixels_right (../../FPGA_PDS.gen/sources_1/bd/hdmi_tx_bd/ip/hdmi_tx_bd_v_tpg_0_0/src/hls/hls_video_mem.h:176)                                      |
| UNROLL               |                                                           | in shift_pixels_right (../../FPGA_PDS.gen/sources_1/bd/hdmi_tx_bd/ip/hdmi_tx_bd_v_tpg_0_0/src/hls/hls_video_mem.h:178)                                      |
| INLINE               |                                                           | in shift_pixels_up (../../FPGA_PDS.gen/sources_1/bd/hdmi_tx_bd/ip/hdmi_tx_bd_v_tpg_0_0/src/hls/hls_video_mem.h:204)                                         |
| UNROLL               |                                                           | in shift_pixels_up (../../FPGA_PDS.gen/sources_1/bd/hdmi_tx_bd/ip/hdmi_tx_bd_v_tpg_0_0/src/hls/hls_video_mem.h:214)                                         |
| UNROLL               |                                                           | in shift_pixels_up (../../FPGA_PDS.gen/sources_1/bd/hdmi_tx_bd/ip/hdmi_tx_bd_v_tpg_0_0/src/hls/hls_video_mem.h:216)                                         |
| INLINE               |                                                           | in shift_pixels_down (../../FPGA_PDS.gen/sources_1/bd/hdmi_tx_bd/ip/hdmi_tx_bd_v_tpg_0_0/src/hls/hls_video_mem.h:242)                                       |
| UNROLL               |                                                           | in shift_pixels_down (../../FPGA_PDS.gen/sources_1/bd/hdmi_tx_bd/ip/hdmi_tx_bd_v_tpg_0_0/src/hls/hls_video_mem.h:252)                                       |
| UNROLL               |                                                           | in shift_pixels_down (../../FPGA_PDS.gen/sources_1/bd/hdmi_tx_bd/ip/hdmi_tx_bd_v_tpg_0_0/src/hls/hls_video_mem.h:254)                                       |
| INLINE               |                                                           | in insert_pixel (../../FPGA_PDS.gen/sources_1/bd/hdmi_tx_bd/ip/hdmi_tx_bd_v_tpg_0_0/src/hls/hls_video_mem.h:279)                                            |
| INLINE               |                                                           | in insert_row (../../FPGA_PDS.gen/sources_1/bd/hdmi_tx_bd/ip/hdmi_tx_bd_v_tpg_0_0/src/hls/hls_video_mem.h:311)                                              |
| UNROLL               |                                                           | in insert_row (../../FPGA_PDS.gen/sources_1/bd/hdmi_tx_bd/ip/hdmi_tx_bd_v_tpg_0_0/src/hls/hls_video_mem.h:321)                                              |
| INLINE               |                                                           | in insert_top_row (../../FPGA_PDS.gen/sources_1/bd/hdmi_tx_bd/ip/hdmi_tx_bd_v_tpg_0_0/src/hls/hls_video_mem.h:346)                                          |
| INLINE               |                                                           | in insert_bottom_row (../../FPGA_PDS.gen/sources_1/bd/hdmi_tx_bd/ip/hdmi_tx_bd_v_tpg_0_0/src/hls/hls_video_mem.h:377)                                       |
| INLINE               |                                                           | in insert_col (../../FPGA_PDS.gen/sources_1/bd/hdmi_tx_bd/ip/hdmi_tx_bd_v_tpg_0_0/src/hls/hls_video_mem.h:408)                                              |
| UNROLL               |                                                           | in insert_col (../../FPGA_PDS.gen/sources_1/bd/hdmi_tx_bd/ip/hdmi_tx_bd_v_tpg_0_0/src/hls/hls_video_mem.h:418)                                              |
| INLINE               |                                                           | in insert_left_col (../../FPGA_PDS.gen/sources_1/bd/hdmi_tx_bd/ip/hdmi_tx_bd_v_tpg_0_0/src/hls/hls_video_mem.h:443)                                         |
| INLINE               |                                                           | in insert_right_col (../../FPGA_PDS.gen/sources_1/bd/hdmi_tx_bd/ip/hdmi_tx_bd_v_tpg_0_0/src/hls/hls_video_mem.h:474)                                        |
| INLINE               |                                                           | in getval (../../FPGA_PDS.gen/sources_1/bd/hdmi_tx_bd/ip/hdmi_tx_bd_v_tpg_0_0/src/hls/hls_video_mem.h:505)                                                  |
| INLINE               |                                                           | in operator() (../../FPGA_PDS.gen/sources_1/bd/hdmi_tx_bd/ip/hdmi_tx_bd_v_tpg_0_0/src/hls/hls_video_mem.h:514)                                              |
| INLINE               |                                                           | in shift_left (../../FPGA_PDS.gen/sources_1/bd/hdmi_tx_bd/ip/hdmi_tx_bd_v_tpg_0_0/src/hls/hls_video_mem.h:546)                                              |
| INLINE               |                                                           | in shift_right (../../FPGA_PDS.gen/sources_1/bd/hdmi_tx_bd/ip/hdmi_tx_bd_v_tpg_0_0/src/hls/hls_video_mem.h:556)                                             |
| INLINE               |                                                           | in shift_up (../../FPGA_PDS.gen/sources_1/bd/hdmi_tx_bd/ip/hdmi_tx_bd_v_tpg_0_0/src/hls/hls_video_mem.h:566)                                                |
| INLINE               |                                                           | in shift_down (../../FPGA_PDS.gen/sources_1/bd/hdmi_tx_bd/ip/hdmi_tx_bd_v_tpg_0_0/src/hls/hls_video_mem.h:576)                                              |
| INLINE               |                                                           | in insert (../../FPGA_PDS.gen/sources_1/bd/hdmi_tx_bd/ip/hdmi_tx_bd_v_tpg_0_0/src/hls/hls_video_mem.h:586)                                                  |
| INLINE               |                                                           | in insert_top (../../FPGA_PDS.gen/sources_1/bd/hdmi_tx_bd/ip/hdmi_tx_bd_v_tpg_0_0/src/hls/hls_video_mem.h:596)                                              |
| INLINE               |                                                           | in insert_bottom (../../FPGA_PDS.gen/sources_1/bd/hdmi_tx_bd/ip/hdmi_tx_bd_v_tpg_0_0/src/hls/hls_video_mem.h:606)                                           |
| INLINE               |                                                           | in insert_left (../../FPGA_PDS.gen/sources_1/bd/hdmi_tx_bd/ip/hdmi_tx_bd_v_tpg_0_0/src/hls/hls_video_mem.h:616)                                             |
| INLINE               |                                                           | in insert_right (../../FPGA_PDS.gen/sources_1/bd/hdmi_tx_bd/ip/hdmi_tx_bd_v_tpg_0_0/src/hls/hls_video_mem.h:626)                                            |
| INLINE               |                                                           | in linebuffer<rows, cols, type-parameter-0-2, 0> (../../FPGA_PDS.gen/sources_1/bd/hdmi_tx_bd/ip/hdmi_tx_bd_v_tpg_0_0/src/hls/hls_video_mem.h:638)           |
| ARRAY_PARTITION      | variable=val dim=1 complete                               | in linebuffer<rows, cols, type-parameter-0-2, 0> (../../FPGA_PDS.gen/sources_1/bd/hdmi_tx_bd/ip/hdmi_tx_bd_v_tpg_0_0/src/hls/hls_video_mem.h:639)           |
| DEPENDENCE           | variable=val inter false                                  | in linebuffer<rows, cols, type-parameter-0-2, 0> (../../FPGA_PDS.gen/sources_1/bd/hdmi_tx_bd/ip/hdmi_tx_bd_v_tpg_0_0/src/hls/hls_video_mem.h:640)           |
| DEPENDENCE           | variable=val intra false                                  | in linebuffer<rows, cols, type-parameter-0-2, 0> (../../FPGA_PDS.gen/sources_1/bd/hdmi_tx_bd/ip/hdmi_tx_bd_v_tpg_0_0/src/hls/hls_video_mem.h:641)           |
| INLINE               |                                                           | in shift_pixels_down (../../FPGA_PDS.gen/sources_1/bd/hdmi_tx_bd/ip/hdmi_tx_bd_v_tpg_0_0/src/hls/hls_video_mem.h:692)                                       |
| UNROLL               |                                                           | in shift_pixels_down (../../FPGA_PDS.gen/sources_1/bd/hdmi_tx_bd/ip/hdmi_tx_bd_v_tpg_0_0/src/hls/hls_video_mem.h:703)                                       |
| INLINE               |                                                           | in shift_pixels_up (../../FPGA_PDS.gen/sources_1/bd/hdmi_tx_bd/ip/hdmi_tx_bd_v_tpg_0_0/src/hls/hls_video_mem.h:732)                                         |
| UNROLL               |                                                           | in shift_pixels_up (../../FPGA_PDS.gen/sources_1/bd/hdmi_tx_bd/ip/hdmi_tx_bd_v_tpg_0_0/src/hls/hls_video_mem.h:743)                                         |
| INLINE               |                                                           | in insert_bottom_row (../../FPGA_PDS.gen/sources_1/bd/hdmi_tx_bd/ip/hdmi_tx_bd_v_tpg_0_0/src/hls/hls_video_mem.h:771)                                       |
| INLINE               |                                                           | in insert_top_row (../../FPGA_PDS.gen/sources_1/bd/hdmi_tx_bd/ip/hdmi_tx_bd_v_tpg_0_0/src/hls/hls_video_mem.h:803)                                          |
| INLINE               |                                                           | in get_col (../../FPGA_PDS.gen/sources_1/bd/hdmi_tx_bd/ip/hdmi_tx_bd_v_tpg_0_0/src/hls/hls_video_mem.h:835)                                                 |
| UNROLL               |                                                           | in get_col (../../FPGA_PDS.gen/sources_1/bd/hdmi_tx_bd/ip/hdmi_tx_bd_v_tpg_0_0/src/hls/hls_video_mem.h:839)                                                 |
| INLINE               |                                                           | in getval (../../FPGA_PDS.gen/sources_1/bd/hdmi_tx_bd/ip/hdmi_tx_bd_v_tpg_0_0/src/hls/hls_video_mem.h:848)                                                  |
| INLINE               |                                                           | in operator() (../../FPGA_PDS.gen/sources_1/bd/hdmi_tx_bd/ip/hdmi_tx_bd_v_tpg_0_0/src/hls/hls_video_mem.h:857)                                              |
| INLINE               |                                                           | in shift_down (../../FPGA_PDS.gen/sources_1/bd/hdmi_tx_bd/ip/hdmi_tx_bd_v_tpg_0_0/src/hls/hls_video_mem.h:867)                                              |
| INLINE               |                                                           | in shift_up (../../FPGA_PDS.gen/sources_1/bd/hdmi_tx_bd/ip/hdmi_tx_bd_v_tpg_0_0/src/hls/hls_video_mem.h:877)                                                |
| INLINE               |                                                           | in insert_bottom (../../FPGA_PDS.gen/sources_1/bd/hdmi_tx_bd/ip/hdmi_tx_bd_v_tpg_0_0/src/hls/hls_video_mem.h:887)                                           |
| INLINE               |                                                           | in insert_top (../../FPGA_PDS.gen/sources_1/bd/hdmi_tx_bd/ip/hdmi_tx_bd_v_tpg_0_0/src/hls/hls_video_mem.h:897)                                              |
| ARRAY_RESHAPE        | variable=val dim=1                                        | in linebuffer<rows, cols, type-parameter-0-2, 1> (../../FPGA_PDS.gen/sources_1/bd/hdmi_tx_bd/ip/hdmi_tx_bd_v_tpg_0_0/src/hls/hls_video_mem.h:926)           |
| DEPENDENCE           | variable=val inter false                                  | in linebuffer<rows, cols, type-parameter-0-2, 1> (../../FPGA_PDS.gen/sources_1/bd/hdmi_tx_bd/ip/hdmi_tx_bd_v_tpg_0_0/src/hls/hls_video_mem.h:927)           |
| DEPENDENCE           | variable=val intra false                                  | in linebuffer<rows, cols, type-parameter-0-2, 1> (../../FPGA_PDS.gen/sources_1/bd/hdmi_tx_bd/ip/hdmi_tx_bd_v_tpg_0_0/src/hls/hls_video_mem.h:928)           |
| INLINE               |                                                           | in shift_pixels_down (../../FPGA_PDS.gen/sources_1/bd/hdmi_tx_bd/ip/hdmi_tx_bd_v_tpg_0_0/src/hls/hls_video_mem.h:980)                                       |
| UNROLL               |                                                           | in shift_pixels_down (../../FPGA_PDS.gen/sources_1/bd/hdmi_tx_bd/ip/hdmi_tx_bd_v_tpg_0_0/src/hls/hls_video_mem.h:991)                                       |
| INLINE               |                                                           | in shift_pixels_up (../../FPGA_PDS.gen/sources_1/bd/hdmi_tx_bd/ip/hdmi_tx_bd_v_tpg_0_0/src/hls/hls_video_mem.h:1020)                                        |
| UNROLL               |                                                           | in shift_pixels_up (../../FPGA_PDS.gen/sources_1/bd/hdmi_tx_bd/ip/hdmi_tx_bd_v_tpg_0_0/src/hls/hls_video_mem.h:1031)                                        |
| INLINE               |                                                           | in insert_bottom_row (../../FPGA_PDS.gen/sources_1/bd/hdmi_tx_bd/ip/hdmi_tx_bd_v_tpg_0_0/src/hls/hls_video_mem.h:1059)                                      |
| INLINE               |                                                           | in insert_top_row (../../FPGA_PDS.gen/sources_1/bd/hdmi_tx_bd/ip/hdmi_tx_bd_v_tpg_0_0/src/hls/hls_video_mem.h:1091)                                         |
| INLINE               |                                                           | in get_col (../../FPGA_PDS.gen/sources_1/bd/hdmi_tx_bd/ip/hdmi_tx_bd_v_tpg_0_0/src/hls/hls_video_mem.h:1123)                                                |
| UNROLL               |                                                           | in get_col (../../FPGA_PDS.gen/sources_1/bd/hdmi_tx_bd/ip/hdmi_tx_bd_v_tpg_0_0/src/hls/hls_video_mem.h:1127)                                                |
| INLINE               |                                                           | in getval (../../FPGA_PDS.gen/sources_1/bd/hdmi_tx_bd/ip/hdmi_tx_bd_v_tpg_0_0/src/hls/hls_video_mem.h:1136)                                                 |
| INLINE               |                                                           | in operator() (../../FPGA_PDS.gen/sources_1/bd/hdmi_tx_bd/ip/hdmi_tx_bd_v_tpg_0_0/src/hls/hls_video_mem.h:1145)                                             |
| INLINE               |                                                           | in shift_down (../../FPGA_PDS.gen/sources_1/bd/hdmi_tx_bd/ip/hdmi_tx_bd_v_tpg_0_0/src/hls/hls_video_mem.h:1155)                                             |
| INLINE               |                                                           | in shift_up (../../FPGA_PDS.gen/sources_1/bd/hdmi_tx_bd/ip/hdmi_tx_bd_v_tpg_0_0/src/hls/hls_video_mem.h:1165)                                               |
| INLINE               |                                                           | in insert_bottom (../../FPGA_PDS.gen/sources_1/bd/hdmi_tx_bd/ip/hdmi_tx_bd_v_tpg_0_0/src/hls/hls_video_mem.h:1175)                                          |
| INLINE               |                                                           | in insert_top (../../FPGA_PDS.gen/sources_1/bd/hdmi_tx_bd/ip/hdmi_tx_bd_v_tpg_0_0/src/hls/hls_video_mem.h:1185)                                             |
| ARRAY_PARTITION      | variable=tmp complete dim=0                               | in prefilternorm (../../FPGA_PDS.gen/sources_1/bd/hdmi_tx_bd/ip/hdmi_tx_bd_v_tpg_0_0/src/hls/hls_video_stereobm.h:167)                                      |
| ARRAY_PARTITION      | variable=tmp complete dim=0                               | in prefilternorm (../../FPGA_PDS.gen/sources_1/bd/hdmi_tx_bd/ip/hdmi_tx_bd_v_tpg_0_0/src/hls/hls_video_stereobm.h:169)                                      |
| LOOP_FLATTEN         | off                                                       | in prefilternorm (../../FPGA_PDS.gen/sources_1/bd/hdmi_tx_bd/ip/hdmi_tx_bd_v_tpg_0_0/src/hls/hls_video_stereobm.h:181)                                      |
| PIPELINE             | ii=1                                                      | in prefilternorm (../../FPGA_PDS.gen/sources_1/bd/hdmi_tx_bd/ip/hdmi_tx_bd_v_tpg_0_0/src/hls/hls_video_stereobm.h:182)                                      |
| PIPELINE             | ii=1                                                      | in clip (../../FPGA_PDS.gen/sources_1/bd/hdmi_tx_bd/ip/hdmi_tx_bd_v_tpg_0_0/src/hls/hls_video_stereobm.h:232)                                               |
| INLINE               |                                                           | in absdiff (../../FPGA_PDS.gen/sources_1/bd/hdmi_tx_bd/ip/hdmi_tx_bd_v_tpg_0_0/src/hls/hls_video_stereobm.h:245)                                            |
| INLINE               |                                                           | in updatetexture (../../FPGA_PDS.gen/sources_1/bd/hdmi_tx_bd/ip/hdmi_tx_bd_v_tpg_0_0/src/hls/hls_video_stereobm.h:268)                                      |
| INLINE               |                                                           | in sad_compute_inc (../../FPGA_PDS.gen/sources_1/bd/hdmi_tx_bd/ip/hdmi_tx_bd_v_tpg_0_0/src/hls/hls_video_stereobm.h:285)                                    |
| INLINE               |                                                           | in find (../../FPGA_PDS.gen/sources_1/bd/hdmi_tx_bd/ip/hdmi_tx_bd_v_tpg_0_0/src/hls/hls_video_stereobm.h:310)                                               |
| ARRAY_PARTITION      | variable=a complete dim=0                                 | in find (../../FPGA_PDS.gen/sources_1/bd/hdmi_tx_bd/ip/hdmi_tx_bd_v_tpg_0_0/src/hls/hls_video_stereobm.h:311)                                               |
| INLINE               |                                                           | in find (../../FPGA_PDS.gen/sources_1/bd/hdmi_tx_bd/ip/hdmi_tx_bd_v_tpg_0_0/src/hls/hls_video_stereobm.h:339)                                               |
| ARRAY_PARTITION      | variable=a complete dim=0                                 | in find (../../FPGA_PDS.gen/sources_1/bd/hdmi_tx_bd/ip/hdmi_tx_bd_v_tpg_0_0/src/hls/hls_video_stereobm.h:340)                                               |
| INLINE               |                                                           | in find (../../FPGA_PDS.gen/sources_1/bd/hdmi_tx_bd/ip/hdmi_tx_bd_v_tpg_0_0/src/hls/hls_video_stereobm.h:351)                                               |
| ARRAY_PARTITION      | variable=a complete dim=0                                 | in find (../../FPGA_PDS.gen/sources_1/bd/hdmi_tx_bd/ip/hdmi_tx_bd_v_tpg_0_0/src/hls/hls_video_stereobm.h:352)                                               |
| ARRAY_PARTITION      | variable=l_tmp complete dim=0                             | in sadblockmatching (../../FPGA_PDS.gen/sources_1/bd/hdmi_tx_bd/ip/hdmi_tx_bd_v_tpg_0_0/src/hls/hls_video_stereobm.h:390)                                   |
| ARRAY_PARTITION      | variable=r_tmp complete dim=0                             | in sadblockmatching (../../FPGA_PDS.gen/sources_1/bd/hdmi_tx_bd/ip/hdmi_tx_bd_v_tpg_0_0/src/hls/hls_video_stereobm.h:392)                                   |
| ARRAY_PARTITION      | variable=sad complete dim=0                               | in sadblockmatching (../../FPGA_PDS.gen/sources_1/bd/hdmi_tx_bd/ip/hdmi_tx_bd_v_tpg_0_0/src/hls/hls_video_stereobm.h:395)                                   |
| ARRAY_PARTITION      | variable=sad_cols complete dim=0                          | in sadblockmatching (../../FPGA_PDS.gen/sources_1/bd/hdmi_tx_bd/ip/hdmi_tx_bd_v_tpg_0_0/src/hls/hls_video_stereobm.h:397)                                   |
| LOOP_FLATTEN         | off                                                       | in sadblockmatching (../../FPGA_PDS.gen/sources_1/bd/hdmi_tx_bd/ip/hdmi_tx_bd_v_tpg_0_0/src/hls/hls_video_stereobm.h:414)                                   |
| PIPELINE             | ii=1                                                      | in sadblockmatching (../../FPGA_PDS.gen/sources_1/bd/hdmi_tx_bd/ip/hdmi_tx_bd_v_tpg_0_0/src/hls/hls_video_stereobm.h:415)                                   |
| UNROLL               |                                                           | in sadblockmatching (../../FPGA_PDS.gen/sources_1/bd/hdmi_tx_bd/ip/hdmi_tx_bd_v_tpg_0_0/src/hls/hls_video_stereobm.h:419)                                   |
| UNROLL               |                                                           | in sadblockmatching (../../FPGA_PDS.gen/sources_1/bd/hdmi_tx_bd/ip/hdmi_tx_bd_v_tpg_0_0/src/hls/hls_video_stereobm.h:422)                                   |
| DATAFLOW             |                                                           | in findstereocorrespondencebm (../../FPGA_PDS.gen/sources_1/bd/hdmi_tx_bd/ip/hdmi_tx_bd_v_tpg_0_0/src/hls/hls_video_stereobm.h:578)                         |
| LOOP_FLATTEN         | OFF                                                       | in remap_nearest (../../FPGA_PDS.gen/sources_1/bd/hdmi_tx_bd/ip/hdmi_tx_bd_v_tpg_0_0/src/hls/hls_video_undistort.h:243)                                     |
| PIPELINE             | ii=1                                                      | in remap_nearest (../../FPGA_PDS.gen/sources_1/bd/hdmi_tx_bd/ip/hdmi_tx_bd_v_tpg_0_0/src/hls/hls_video_undistort.h:246)                                     |
| DEPENDENCE           | array inter false                                         | in remap_nearest (../../FPGA_PDS.gen/sources_1/bd/hdmi_tx_bd/ip/hdmi_tx_bd_v_tpg_0_0/src/hls/hls_video_undistort.h:247)                                     |
| ARRAY_PARTITION      | complete variable=buf dim=2                               | in remap_linear (../../FPGA_PDS.gen/sources_1/bd/hdmi_tx_bd/ip/hdmi_tx_bd_v_tpg_0_0/src/hls/hls_video_undistort.h:288)                                      |
| ARRAY_PARTITION      | complete variable=buf dim=4                               | in remap_linear (../../FPGA_PDS.gen/sources_1/bd/hdmi_tx_bd/ip/hdmi_tx_bd_v_tpg_0_0/src/hls/hls_video_undistort.h:289)                                      |
| LOOP_FLATTEN         | OFF                                                       | in remap_linear (../../FPGA_PDS.gen/sources_1/bd/hdmi_tx_bd/ip/hdmi_tx_bd_v_tpg_0_0/src/hls/hls_video_undistort.h:303)                                      |
| PIPELINE             | ii=1                                                      | in remap_linear (../../FPGA_PDS.gen/sources_1/bd/hdmi_tx_bd/ip/hdmi_tx_bd_v_tpg_0_0/src/hls/hls_video_undistort.h:306)                                      |
| DEPENDENCE           | array inter false                                         | in remap_linear (../../FPGA_PDS.gen/sources_1/bd/hdmi_tx_bd/ip/hdmi_tx_bd_v_tpg_0_0/src/hls/hls_video_undistort.h:307)                                      |
| ARRAY_PARTITION      | variable=distCoeffs complete                              | in initundistortrectifymapinverse (../../FPGA_PDS.gen/sources_1/bd/hdmi_tx_bd/ip/hdmi_tx_bd_v_tpg_0_0/src/hls/hls_video_undistort.h:687)                    |
| PIPELINE             | ii=1                                                      | in initundistortrectifymapinverse (../../FPGA_PDS.gen/sources_1/bd/hdmi_tx_bd/ip/hdmi_tx_bd_v_tpg_0_0/src/hls/hls_video_undistort.h:701)                    |
| DATAFLOW             |                                                           | in v_tpghlsdataflow (prj/sol/.autopilot/db/v_tpg.cpp:332)                                                                                                   |
| STREAM               | variable=bckgndYUV depth=16                               | in v_tpghlsdataflow (prj/sol/.autopilot/db/v_tpg.cpp:334)                                                                                                   |
| STREAM               | variable=ovrlayYUV depth=16                               | in v_tpghlsdataflow (prj/sol/.autopilot/db/v_tpg.cpp:335)                                                                                                   |
| STREAM               | variable=srcYUV depth=16                                  | in v_tpghlsdataflow (prj/sol/.autopilot/db/v_tpg.cpp:338)                                                                                                   |
| INTERFACE            | axis port=m_axis_video register                           | in v_tpg (prj/sol/.autopilot/db/v_tpg.cpp:431)                                                                                                              |
| INTERFACE            | s_axilite port=height bundle=CTRL offset=0x10             | in v_tpg (prj/sol/.autopilot/db/v_tpg.cpp:433)                                                                                                              |
| INTERFACE            | s_axilite port=width bundle=CTRL offset=0x18              | in v_tpg (prj/sol/.autopilot/db/v_tpg.cpp:434)                                                                                                              |
| INTERFACE            | s_axilite port=passthruStartX bundle=CTRL offset=0xa0     | in v_tpg (prj/sol/.autopilot/db/v_tpg.cpp:437)                                                                                                              |
| INTERFACE            | s_axilite port=passthruStartY bundle=CTRL offset=0xa8     | in v_tpg (prj/sol/.autopilot/db/v_tpg.cpp:438)                                                                                                              |
| INTERFACE            | s_axilite port=passthruEndX bundle=CTRL offset=0xb0       | in v_tpg (prj/sol/.autopilot/db/v_tpg.cpp:439)                                                                                                              |
| INTERFACE            | s_axilite port=passthruEndY bundle=CTRL offset=0xb8       | in v_tpg (prj/sol/.autopilot/db/v_tpg.cpp:440)                                                                                                              |
| INTERFACE            | s_axilite port=enableInput bundle=CTRL offset=0x98        | in v_tpg (prj/sol/.autopilot/db/v_tpg.cpp:441)                                                                                                              |
| INTERFACE            | s_axilite port=bckgndId bundle=CTRL offset=0x20           | in v_tpg (prj/sol/.autopilot/db/v_tpg.cpp:444)                                                                                                              |
| INTERFACE            | s_axilite port=ovrlayId bundle=CTRL offset=0x28           | in v_tpg (prj/sol/.autopilot/db/v_tpg.cpp:445)                                                                                                              |
| INTERFACE            | s_axilite port=maskId bundle=CTRL offset=0x30             | in v_tpg (prj/sol/.autopilot/db/v_tpg.cpp:446)                                                                                                              |
| INTERFACE            | s_axilite port=motionSpeed bundle=CTRL offset=0x38        | in v_tpg (prj/sol/.autopilot/db/v_tpg.cpp:447)                                                                                                              |
| INTERFACE            | s_axilite port=colorFormat bundle=CTRL offset=0x40        | in v_tpg (prj/sol/.autopilot/db/v_tpg.cpp:448)                                                                                                              |
| INTERFACE            | s_axilite port=crossHairX bundle=CTRL offset=0x48         | in v_tpg (prj/sol/.autopilot/db/v_tpg.cpp:449)                                                                                                              |
| INTERFACE            | s_axilite port=crossHairY bundle=CTRL offset=0x50         | in v_tpg (prj/sol/.autopilot/db/v_tpg.cpp:450)                                                                                                              |
| INTERFACE            | s_axilite port=ZplateHorContStart bundle=CTRL offset=0x58 | in v_tpg (prj/sol/.autopilot/db/v_tpg.cpp:451)                                                                                                              |
| INTERFACE            | s_axilite port=ZplateHorContDelta bundle=CTRL offset=0x60 | in v_tpg (prj/sol/.autopilot/db/v_tpg.cpp:452)                                                                                                              |
| INTERFACE            | s_axilite port=ZplateVerContStart bundle=CTRL offset=0x68 | in v_tpg (prj/sol/.autopilot/db/v_tpg.cpp:453)                                                                                                              |
| INTERFACE            | s_axilite port=ZplateVerContDelta bundle=CTRL offset=0x70 | in v_tpg (prj/sol/.autopilot/db/v_tpg.cpp:454)                                                                                                              |
| INTERFACE            | s_axilite port=boxSize bundle=CTRL offset=0x78            | in v_tpg (prj/sol/.autopilot/db/v_tpg.cpp:455)                                                                                                              |
| INTERFACE            | s_axilite port=boxColorR bundle=CTRL offset=0x80          | in v_tpg (prj/sol/.autopilot/db/v_tpg.cpp:456)                                                                                                              |
| INTERFACE            | s_axilite port=boxColorG bundle=CTRL offset=0x88          | in v_tpg (prj/sol/.autopilot/db/v_tpg.cpp:457)                                                                                                              |
| INTERFACE            | s_axilite port=boxColorB bundle=CTRL offset=0x90          | in v_tpg (prj/sol/.autopilot/db/v_tpg.cpp:458)                                                                                                              |
| INTERFACE            | s_axilite port=dpDynamicRange bundle=CTRL offset=0xc0     | in v_tpg (prj/sol/.autopilot/db/v_tpg.cpp:459)                                                                                                              |
| INTERFACE            | s_axilite port=dpYUVCoef bundle=CTRL offset=0xc8          | in v_tpg (prj/sol/.autopilot/db/v_tpg.cpp:460)                                                                                                              |
| INTERFACE            | s_axilite port=field_id bundle=CTRL offset=0xd0           | in v_tpg (prj/sol/.autopilot/db/v_tpg.cpp:461)                                                                                                              |
| INTERFACE            | s_axilite port=bck_motion_en bundle=CTRL offset=0xd8      | in v_tpg (prj/sol/.autopilot/db/v_tpg.cpp:462)                                                                                                              |
| INTERFACE            | s_axilite port=return bundle=CTRL                         | in v_tpg (prj/sol/.autopilot/db/v_tpg.cpp:463)                                                                                                              |
| STABLE               | variable=width                                            | in v_tpg (prj/sol/.autopilot/db/v_tpg.cpp:465)                                                                                                              |
| STABLE               | variable=height                                           | in v_tpg (prj/sol/.autopilot/db/v_tpg.cpp:466)                                                                                                              |
| STABLE               | variable=field_id                                         | in v_tpg (prj/sol/.autopilot/db/v_tpg.cpp:467)                                                                                                              |
| STABLE               | variable=bck_motion_en                                    | in v_tpg (prj/sol/.autopilot/db/v_tpg.cpp:468)                                                                                                              |
| INTERFACE            | ap_none port=fid                                          | in v_tpg (prj/sol/.autopilot/db/v_tpg.cpp:469)                                                                                                              |
| STABLE               | variable=fid_in                                           | in v_tpg (prj/sol/.autopilot/db/v_tpg.cpp:470)                                                                                                              |
| STABLE               | variable=passthruStartX                                   | in v_tpg (prj/sol/.autopilot/db/v_tpg.cpp:473)                                                                                                              |
| STABLE               | variable=passthruStartY                                   | in v_tpg (prj/sol/.autopilot/db/v_tpg.cpp:474)                                                                                                              |
| STABLE               | variable=passthruEndX                                     | in v_tpg (prj/sol/.autopilot/db/v_tpg.cpp:475)                                                                                                              |
| STABLE               | variable=passthruEndY                                     | in v_tpg (prj/sol/.autopilot/db/v_tpg.cpp:476)                                                                                                              |
| STABLE               | variable=enableInput                                      | in v_tpg (prj/sol/.autopilot/db/v_tpg.cpp:477)                                                                                                              |
| STABLE               | variable=bckgndId                                         | in v_tpg (prj/sol/.autopilot/db/v_tpg.cpp:480)                                                                                                              |
| STABLE               | variable=ovrlayId                                         | in v_tpg (prj/sol/.autopilot/db/v_tpg.cpp:481)                                                                                                              |
| STABLE               | variable=maskId                                           | in v_tpg (prj/sol/.autopilot/db/v_tpg.cpp:482)                                                                                                              |
| STABLE               | variable=motionSpeed                                      | in v_tpg (prj/sol/.autopilot/db/v_tpg.cpp:483)                                                                                                              |
| STABLE               | variable=colorFormat                                      | in v_tpg (prj/sol/.autopilot/db/v_tpg.cpp:484)                                                                                                              |
| STABLE               | variable=crossHairX                                       | in v_tpg (prj/sol/.autopilot/db/v_tpg.cpp:485)                                                                                                              |
| STABLE               | variable=crossHairY                                       | in v_tpg (prj/sol/.autopilot/db/v_tpg.cpp:486)                                                                                                              |
| STABLE               | variable=ZplateHorContStart                               | in v_tpg (prj/sol/.autopilot/db/v_tpg.cpp:487)                                                                                                              |
| STABLE               | variable=ZplateHorContDelta                               | in v_tpg (prj/sol/.autopilot/db/v_tpg.cpp:488)                                                                                                              |
| STABLE               | variable=ZplateVerContStart                               | in v_tpg (prj/sol/.autopilot/db/v_tpg.cpp:489)                                                                                                              |
| STABLE               | variable=ZplateVerContDelta                               | in v_tpg (prj/sol/.autopilot/db/v_tpg.cpp:490)                                                                                                              |
| STABLE               | variable=boxSize                                          | in v_tpg (prj/sol/.autopilot/db/v_tpg.cpp:491)                                                                                                              |
| STABLE               | variable=boxColorR                                        | in v_tpg (prj/sol/.autopilot/db/v_tpg.cpp:492)                                                                                                              |
| STABLE               | variable=boxColorG                                        | in v_tpg (prj/sol/.autopilot/db/v_tpg.cpp:493)                                                                                                              |
| STABLE               | variable=boxColorB                                        | in v_tpg (prj/sol/.autopilot/db/v_tpg.cpp:494)                                                                                                              |
| STABLE               | variable=dpDynamicRange                                   | in v_tpg (prj/sol/.autopilot/db/v_tpg.cpp:495)                                                                                                              |
| STABLE               | variable=dpYUVCoef                                        | in v_tpg (prj/sol/.autopilot/db/v_tpg.cpp:496)                                                                                                              |
| LOOP_FLATTEN         | OFF                                                       | in tpgbackground (prj/sol/.autopilot/db/v_tpg.cpp:567)                                                                                                      |
| PIPELINE             | ii=1                                                      | in tpgbackground (prj/sol/.autopilot/db/v_tpg.cpp:568)                                                                                                      |
| LOOP_FLATTEN         | OFF                                                       | in tpgforeground (prj/sol/.autopilot/db/v_tpg.cpp:776)                                                                                                      |
| PIPELINE             | ii=1                                                      | in tpgforeground (prj/sol/.autopilot/db/v_tpg.cpp:777)                                                                                                      |
| PIPELINE             | ii=1                                                      | in axivideo2multipixstream (prj/sol/.autopilot/db/v_tpg.cpp:839)                                                                                            |
| LOOP_TRIPCOUNT       | avg=0 max=0                                               | in axivideo2multipixstream (prj/sol/.autopilot/db/v_tpg.cpp:840)                                                                                            |
| LOOP_FLATTEN         | off                                                       | in axivideo2multipixstream (prj/sol/.autopilot/db/v_tpg.cpp:852)                                                                                            |
| PIPELINE             | ii=1                                                      | in axivideo2multipixstream (prj/sol/.autopilot/db/v_tpg.cpp:853)                                                                                            |
| ARRAY_PARTITION      | variable=map complete dim=0                               | in axivideo2multipixstream (prj/sol/.autopilot/db/v_tpg.cpp:876)                                                                                            |
| PIPELINE             | ii=1                                                      | in axivideo2multipixstream (prj/sol/.autopilot/db/v_tpg.cpp:899)                                                                                            |
| LOOP_TRIPCOUNT       | avg=0 max=0                                               | in axivideo2multipixstream (prj/sol/.autopilot/db/v_tpg.cpp:900)                                                                                            |
| LOOP_FLATTEN         | off                                                       | in multipixstream2axivideo (prj/sol/.autopilot/db/v_tpg.cpp:983)                                                                                            |
| PIPELINE             | ii=1                                                      | in multipixstream2axivideo (prj/sol/.autopilot/db/v_tpg.cpp:984)                                                                                            |
+----------------------+-----------------------------------------------------------+-------------------------------------------------------------------------------------------------------------------------------------------------------------+


