

================================================================
== Vitis HLS Report for 'tpgBackground_Pipeline_VITIS_LOOP_565_2'
================================================================
* Date:           Wed Jun  3 12:59:08 2026

* Version:        2025.2 (Build 6295257 on Nov 14 2025)
* Project:        prj
* Solution:       sol (Vivado IP Flow Target)
* Product family: artixuplus
* Target device:  xcau15p-ffvb676-2-e


================================================================
== Performance Estimates
================================================================
+ Timing: 
    * Summary: 
    +--------+----------+----------+------------+
    |  Clock |  Target  | Estimated| Uncertainty|
    +--------+----------+----------+------------+
    |ap_clk  |  10.00 ns|  7.199 ns|     2.70 ns|
    +--------+----------+----------+------------+

+ Latency: 
    * Summary: 
    +---------+---------+----------+----------+-----+-----+-------------------+
    |  Latency (cycles) |  Latency (absolute) |  Interval |      Pipeline     |
    |   min   |   max   |    min   |    max   | min | max |        Type       |
    +---------+---------+----------+----------+-----+-----+-------------------+
    |       21|    32788|  0.210 us|  0.328 ms|    0|    0|  loop pipeline stp|
    +---------+---------+----------+----------+-----+-----+-------------------+

    + Detail: 
        * Instance: 
        N/A

        * Loop: 
        +--------------------+---------+---------+----------+-----------+-----------+-----------+----------+
        |                    |  Latency (cycles) | Iteration|  Initiation Interval  |    Trip   |          |
        |      Loop Name     |   min   |   max   |  Latency |  achieved |   target  |   Count   | Pipelined|
        +--------------------+---------+---------+----------+-----------+-----------+-----------+----------+
        |- VITIS_LOOP_565_2  |       19|    32786|        20|          1|          1|  1 ~ 32768|       yes|
        +--------------------+---------+---------+----------+-----------+-----------+-----------+----------+

============================================================
+ Verbose Summary: Synthesis Manager
============================================================
InlineROM: 1
ExposeGlobal: 0
============================================================
+ Verbose Summary: CDFG Model
============================================================
IsTopModel: 0
ResetActiveHigh: 1
IsCombinational: 0
IsDatapathOnly: 0
HasWiredReturn: 1
HasMFsm: 2
HasVarLatency: 1
IsPipeline: 0
IsRtlPipelined: 0
IsInstanceOverlapped: 0
IsDontTouch: 0
HasImplIP: 0
IsGatedGlobalClock: 0

+ Individual pipeline summary: 
  * Pipeline-0: initiation interval (II) = 1, depth = 20


============================================================
+ Verbose Summary: Schedule
============================================================
* Number of FSM states : 20
* Pipeline : 1
  Pipeline-0 : II = 1, D = 20, States = { 1 2 3 4 5 6 7 8 9 10 11 12 13 14 15 16 17 18 19 20 }
* Dataflow Pipeline: 0

* FSM state transitions: 
1 --> 2 
2 --> 3 
3 --> 4 
4 --> 5 
5 --> 6 
6 --> 7 
7 --> 8 
8 --> 9 
9 --> 10 
10 --> 11 
11 --> 12 
12 --> 13 
13 --> 14 
14 --> 15 
15 --> 16 
16 --> 17 
17 --> 18 
18 --> 19 
19 --> 20 
20 --> 

* FSM state operations: 

State 1 <SV = 0> <Delay = 3.81>
ST_1 : Operation 23 [1/1] (0.00ns)   --->   "%x = alloca i32 1" [prj/sol/.autopilot/db/v_tpg.cpp:549]   --->   Operation 23 'alloca' 'x' <Predicate = true> <Delay = 0.00>
ST_1 : Operation 24 [1/1] (0.00ns)   --->   "%rampVal_2_flag_1 = alloca i32 1"   --->   Operation 24 'alloca' 'rampVal_2_flag_1' <Predicate = true> <Delay = 0.00>
ST_1 : Operation 25 [1/1] (0.00ns)   --->   "%hdata_flag_1 = alloca i32 1"   --->   Operation 25 'alloca' 'hdata_flag_1' <Predicate = true> <Delay = 0.00>
ST_1 : Operation 26 [1/1] (0.00ns)   --->   "%rampVal_3_flag_1 = alloca i32 1"   --->   Operation 26 'alloca' 'rampVal_3_flag_1' <Predicate = true> <Delay = 0.00>
ST_1 : Operation 27 [1/1] (0.00ns)   --->   "%specstablecontent_ln0 = specstablecontent void @_ssdm_op_SpecStableContent, i16 %zext_ln736, i1 1, void @p_str"   --->   Operation 27 'specstablecontent' 'specstablecontent_ln0' <Predicate = true> <Delay = 0.00>
ST_1 : Operation 28 [1/1] (0.00ns)   --->   "%specstablecontent_ln0 = specstablecontent void @_ssdm_op_SpecStableContent, i16 %zext_ln563, i1 1, void @p_str"   --->   Operation 28 'specstablecontent' 'specstablecontent_ln0' <Predicate = true> <Delay = 0.00>
ST_1 : Operation 29 [1/1] (0.00ns)   --->   "%add_ln1533_read = read i8 @_ssdm_op_Read.ap_auto.i8, i8 %add_ln1533"   --->   Operation 29 'read' 'add_ln1533_read' <Predicate = true> <Delay = 0.00>
ST_1 : Operation 30 [1/1] (0.00ns)   --->   "%whiYuv_3_load_read = read i8 @_ssdm_op_Read.ap_auto.i8, i8 %whiYuv_3_load"   --->   Operation 30 'read' 'whiYuv_3_load_read' <Predicate = true> <Delay = 0.00>
ST_1 : Operation 31 [1/1] (0.00ns)   --->   "%icmp_ln1449_1_read = read i1 @_ssdm_op_Read.ap_auto.i1, i1 %icmp_ln1449_1"   --->   Operation 31 'read' 'icmp_ln1449_1_read' <Predicate = true> <Delay = 0.00>
ST_1 : Operation 32 [1/1] (0.00ns)   --->   "%add_ln1473_read = read i17 @_ssdm_op_Read.ap_auto.i17, i17 %add_ln1473"   --->   Operation 32 'read' 'add_ln1473_read' <Predicate = true> <Delay = 0.00>
ST_1 : Operation 33 [1/1] (0.00ns)   --->   "%blkYuv_1_load_read = read i8 @_ssdm_op_Read.ap_auto.i8, i8 %blkYuv_1_load"   --->   Operation 33 'read' 'blkYuv_1_load_read' <Predicate = true> <Delay = 0.00>
ST_1 : Operation 34 [1/1] (0.00ns)   --->   "%add_ln1386_read = read i11 @_ssdm_op_Read.ap_auto.i11, i11 %add_ln1386"   --->   Operation 34 'read' 'add_ln1386_read' <Predicate = true> <Delay = 0.00>
ST_1 : Operation 35 [1/1] (0.00ns)   --->   "%barWidthMinSamples_read = read i10 @_ssdm_op_Read.ap_auto.i10, i10 %barWidthMinSamples"   --->   Operation 35 'read' 'barWidthMinSamples_read' <Predicate = true> <Delay = 0.00>
ST_1 : Operation 36 [1/1] (0.00ns)   --->   "%ZplateVerContDelta_val_read = read i16 @_ssdm_op_Read.ap_auto.i16, i16 %ZplateVerContDelta_val"   --->   Operation 36 'read' 'ZplateVerContDelta_val_read' <Predicate = true> <Delay = 0.00>
ST_1 : Operation 37 [1/1] (0.00ns)   --->   "%icmp_ln1337_read = read i1 @_ssdm_op_Read.ap_auto.i1, i1 %icmp_ln1337"   --->   Operation 37 'read' 'icmp_ln1337_read' <Predicate = true> <Delay = 0.00>
ST_1 : Operation 38 [1/1] (0.00ns)   --->   "%ZplateVerContStart_val_read = read i16 @_ssdm_op_Read.ap_auto.i16, i16 %ZplateVerContStart_val"   --->   Operation 38 'read' 'ZplateVerContStart_val_read' <Predicate = true> <Delay = 0.00>
ST_1 : Operation 39 [1/1] (0.00ns)   --->   "%ZplateHorContDelta_val_read = read i16 @_ssdm_op_Read.ap_auto.i16, i16 %ZplateHorContDelta_val"   --->   Operation 39 'read' 'ZplateHorContDelta_val_read' <Predicate = true> <Delay = 0.00>
ST_1 : Operation 40 [1/1] (0.00ns)   --->   "%ZplateHorContStart_val_read = read i16 @_ssdm_op_Read.ap_auto.i16, i16 %ZplateHorContStart_val"   --->   Operation 40 'read' 'ZplateHorContStart_val_read' <Predicate = true> <Delay = 0.00>
ST_1 : Operation 41 [1/1] (0.00ns)   --->   "%shl_ln_read = read i16 @_ssdm_op_Read.ap_auto.i16, i16 %shl_ln"   --->   Operation 41 'read' 'shl_ln_read' <Predicate = true> <Delay = 0.00>
ST_1 : Operation 42 [1/1] (0.00ns)   --->   "%tmp = read i8 @_ssdm_op_Read.ap_auto.i8, i8 %empty"   --->   Operation 42 'read' 'tmp' <Predicate = true> <Delay = 0.00>
ST_1 : Operation 43 [1/1] (0.00ns)   --->   "%whiYuv_load_read = read i8 @_ssdm_op_Read.ap_auto.i8, i8 %whiYuv_load"   --->   Operation 43 'read' 'whiYuv_load_read' <Predicate = true> <Delay = 0.00>
ST_1 : Operation 44 [1/1] (0.00ns)   --->   "%blkYuv_load_read = read i8 @_ssdm_op_Read.ap_auto.i8, i8 %blkYuv_load"   --->   Operation 44 'read' 'blkYuv_load_read' <Predicate = true> <Delay = 0.00>
ST_1 : Operation 45 [1/1] (0.00ns)   --->   "%bluYuv_load_read = read i8 @_ssdm_op_Read.ap_auto.i8, i8 %bluYuv_load"   --->   Operation 45 'read' 'bluYuv_load_read' <Predicate = true> <Delay = 0.00>
ST_1 : Operation 46 [1/1] (0.00ns)   --->   "%grnYuv_load_read = read i8 @_ssdm_op_Read.ap_auto.i8, i8 %grnYuv_load"   --->   Operation 46 'read' 'grnYuv_load_read' <Predicate = true> <Delay = 0.00>
ST_1 : Operation 47 [1/1] (0.00ns)   --->   "%redYuv_load_read = read i8 @_ssdm_op_Read.ap_auto.i8, i8 %redYuv_load"   --->   Operation 47 'read' 'redYuv_load_read' <Predicate = true> <Delay = 0.00>
ST_1 : Operation 48 [1/1] (0.00ns)   --->   "%zext_ln1120_1_read = read i8 @_ssdm_op_Read.ap_auto.i8, i8 %zext_ln1120_1"   --->   Operation 48 'read' 'zext_ln1120_1_read' <Predicate = true> <Delay = 0.00>
ST_1 : Operation 49 [1/1] (0.00ns)   --->   "%patternId_val_read = read i8 @_ssdm_op_Read.ap_auto.i8, i8 %patternId_val"   --->   Operation 49 'read' 'patternId_val_read' <Predicate = true> <Delay = 0.00>
ST_1 : Operation 50 [1/1] (0.00ns)   --->   "%passthruEndX_val_read = read i16 @_ssdm_op_Read.ap_auto.i16, i16 %passthruEndX_val"   --->   Operation 50 'read' 'passthruEndX_val_read' <Predicate = true> <Delay = 0.00>
ST_1 : Operation 51 [1/1] (0.00ns)   --->   "%passthruStartX_val_read = read i16 @_ssdm_op_Read.ap_auto.i16, i16 %passthruStartX_val"   --->   Operation 51 'read' 'passthruStartX_val_read' <Predicate = true> <Delay = 0.00>
ST_1 : Operation 52 [1/1] (0.00ns)   --->   "%icmp_ln736_read = read i1 @_ssdm_op_Read.ap_auto.i1, i1 %icmp_ln736"   --->   Operation 52 'read' 'icmp_ln736_read' <Predicate = true> <Delay = 0.00>
ST_1 : Operation 53 [1/1] (0.00ns)   --->   "%rev_read = read i1 @_ssdm_op_Read.ap_auto.i1, i1 %rev"   --->   Operation 53 'read' 'rev_read' <Predicate = true> <Delay = 0.00>
ST_1 : Operation 54 [1/1] (0.00ns)   --->   "%zext_ln563_read = read i16 @_ssdm_op_Read.ap_auto.i16, i16 %zext_ln563"   --->   Operation 54 'read' 'zext_ln563_read' <Predicate = true> <Delay = 0.00>
ST_1 : Operation 55 [1/1] (0.00ns)   --->   "%zext_ln736_read = read i16 @_ssdm_op_Read.ap_auto.i16, i16 %zext_ln736"   --->   Operation 55 'read' 'zext_ln736_read' <Predicate = true> <Delay = 0.00>
ST_1 : Operation 56 [1/1] (0.00ns)   --->   "%rampStart_1_read = read i8 @_ssdm_op_Read.ap_auto.i8, i8 %rampStart_1"   --->   Operation 56 'read' 'rampStart_1_read' <Predicate = true> <Delay = 0.00>
ST_1 : Operation 57 [1/1] (0.00ns)   --->   "%select_ln1503_read = read i8 @_ssdm_op_Read.ap_auto.i8, i8 %select_ln1503"   --->   Operation 57 'read' 'select_ln1503_read' <Predicate = true> <Delay = 0.00>
ST_1 : Operation 58 [1/1] (0.00ns)   --->   "%select_ln1518_read = read i8 @_ssdm_op_Read.ap_auto.i8, i8 %select_ln1518"   --->   Operation 58 'read' 'select_ln1518_read' <Predicate = true> <Delay = 0.00>
ST_1 : Operation 59 [1/1] (0.00ns)   --->   "%outpix_24_read = read i8 @_ssdm_op_Read.ap_auto.i8, i8 %outpix_24"   --->   Operation 59 'read' 'outpix_24_read' <Predicate = true> <Delay = 0.00>
ST_1 : Operation 60 [1/1] (0.00ns)   --->   "%width_val_read = read i16 @_ssdm_op_Read.ap_auto.i16, i16 %width_val"   --->   Operation 60 'read' 'width_val_read' <Predicate = true> <Delay = 0.00>
ST_1 : Operation 61 [1/1] (0.00ns)   --->   "%enableInput_val_read = read i8 @_ssdm_op_Read.ap_auto.i8, i8 %enableInput_val"   --->   Operation 61 'read' 'enableInput_val_read' <Predicate = true> <Delay = 0.00>
ST_1 : Operation 62 [1/1] (0.00ns)   --->   "%barWidth_read = read i11 @_ssdm_op_Read.ap_auto.i11, i11 %barWidth"   --->   Operation 62 'read' 'barWidth_read' <Predicate = true> <Delay = 0.00>
ST_1 : Operation 63 [1/1] (0.00ns)   --->   "%y_read = read i16 @_ssdm_op_Read.ap_auto.i16, i16 %y"   --->   Operation 63 'read' 'y_read' <Predicate = true> <Delay = 0.00>
ST_1 : Operation 64 [1/1] (0.00ns)   --->   "%Sel_read = read i2 @_ssdm_op_Read.ap_auto.i2, i2 %Sel"   --->   Operation 64 'read' 'Sel_read' <Predicate = true> <Delay = 0.00>
ST_1 : Operation 65 [1/1] (0.00ns)   --->   "%tmp_21 = read i7 @_ssdm_op_Read.ap_auto.i7, i7 %empty_46"   --->   Operation 65 'read' 'tmp_21' <Predicate = true> <Delay = 0.00>
ST_1 : Operation 66 [1/1] (0.00ns)   --->   "%dpYUVCoef_val_read = read i8 @_ssdm_op_Read.ap_auto.i8, i8 %dpYUVCoef_val"   --->   Operation 66 'read' 'dpYUVCoef_val_read' <Predicate = true> <Delay = 0.00>
ST_1 : Operation 67 [1/1] (0.00ns)   --->   "%colorFormat_val_read = read i8 @_ssdm_op_Read.ap_auto.i8, i8 %colorFormat_val"   --->   Operation 67 'read' 'colorFormat_val_read' <Predicate = true> <Delay = 0.00>
ST_1 : Operation 68 [1/1] (0.00ns)   --->   "%dpDynamicRange_val_read = read i8 @_ssdm_op_Read.ap_auto.i8, i8 %dpDynamicRange_val"   --->   Operation 68 'read' 'dpDynamicRange_val_read' <Predicate = true> <Delay = 0.00>
ST_1 : Operation 69 [1/1] (0.00ns)   --->   "%rampVal_2_flag_0_read = read i1 @_ssdm_op_Read.ap_auto.i1, i1 %rampVal_2_flag_0"   --->   Operation 69 'read' 'rampVal_2_flag_0_read' <Predicate = true> <Delay = 0.00>
ST_1 : Operation 70 [1/1] (0.00ns)   --->   "%hdata_flag_0_read = read i1 @_ssdm_op_Read.ap_auto.i1, i1 %hdata_flag_0"   --->   Operation 70 'read' 'hdata_flag_0_read' <Predicate = true> <Delay = 0.00>
ST_1 : Operation 71 [1/1] (0.00ns)   --->   "%rampVal_3_flag_0_read = read i1 @_ssdm_op_Read.ap_auto.i1, i1 %rampVal_3_flag_0"   --->   Operation 71 'read' 'rampVal_3_flag_0_read' <Predicate = true> <Delay = 0.00>
ST_1 : Operation 72 [1/1] (0.00ns)   --->   "%zext_ln1120_1_cast = zext i8 %zext_ln1120_1_read"   --->   Operation 72 'zext' 'zext_ln1120_1_cast' <Predicate = true> <Delay = 0.00>
ST_1 : Operation 73 [1/1] (0.00ns)   --->   "%zext_ln563_cast = zext i16 %zext_ln563_read"   --->   Operation 73 'zext' 'zext_ln563_cast' <Predicate = true> <Delay = 0.00>
ST_1 : Operation 74 [1/1] (0.00ns)   --->   "%zext_ln736_cast = zext i16 %zext_ln736_read"   --->   Operation 74 'zext' 'zext_ln736_cast' <Predicate = true> <Delay = 0.00>
ST_1 : Operation 75 [1/1] (0.00ns)   --->   "%specstablecontent_ln0 = specstablecontent void @_ssdm_op_SpecStableContent, i16 %width_val, i1 1, void @p_str"   --->   Operation 75 'specstablecontent' 'specstablecontent_ln0' <Predicate = true> <Delay = 0.00>
ST_1 : Operation 76 [1/1] (0.00ns)   --->   "%specstablecontent_ln0 = specstablecontent void @_ssdm_op_SpecStableContent, i16 %passthruStartX_val, i1 1, void @p_str"   --->   Operation 76 'specstablecontent' 'specstablecontent_ln0' <Predicate = true> <Delay = 0.00>
ST_1 : Operation 77 [1/1] (0.00ns)   --->   "%specstablecontent_ln0 = specstablecontent void @_ssdm_op_SpecStableContent, i16 %passthruEndX_val, i1 1, void @p_str"   --->   Operation 77 'specstablecontent' 'specstablecontent_ln0' <Predicate = true> <Delay = 0.00>
ST_1 : Operation 78 [1/1] (0.00ns)   --->   "%specstablecontent_ln0 = specstablecontent void @_ssdm_op_SpecStableContent, i8 %enableInput_val, i1 1, void @p_str"   --->   Operation 78 'specstablecontent' 'specstablecontent_ln0' <Predicate = true> <Delay = 0.00>
ST_1 : Operation 79 [1/1] (0.00ns)   --->   "%specstablecontent_ln0 = specstablecontent void @_ssdm_op_SpecStableContent, i8 %patternId_val, i1 1, void @p_str"   --->   Operation 79 'specstablecontent' 'specstablecontent_ln0' <Predicate = true> <Delay = 0.00>
ST_1 : Operation 80 [1/1] (0.00ns)   --->   "%specstablecontent_ln0 = specstablecontent void @_ssdm_op_SpecStableContent, i8 %colorFormat_val, i1 1, void @p_str"   --->   Operation 80 'specstablecontent' 'specstablecontent_ln0' <Predicate = true> <Delay = 0.00>
ST_1 : Operation 81 [1/1] (0.00ns)   --->   "%specstablecontent_ln0 = specstablecontent void @_ssdm_op_SpecStableContent, i16 %ZplateHorContStart_val, i1 1, void @p_str"   --->   Operation 81 'specstablecontent' 'specstablecontent_ln0' <Predicate = true> <Delay = 0.00>
ST_1 : Operation 82 [1/1] (0.00ns)   --->   "%specstablecontent_ln0 = specstablecontent void @_ssdm_op_SpecStableContent, i16 %ZplateHorContDelta_val, i1 1, void @p_str"   --->   Operation 82 'specstablecontent' 'specstablecontent_ln0' <Predicate = true> <Delay = 0.00>
ST_1 : Operation 83 [1/1] (0.00ns)   --->   "%specstablecontent_ln0 = specstablecontent void @_ssdm_op_SpecStableContent, i16 %ZplateVerContStart_val, i1 1, void @p_str"   --->   Operation 83 'specstablecontent' 'specstablecontent_ln0' <Predicate = true> <Delay = 0.00>
ST_1 : Operation 84 [1/1] (0.00ns)   --->   "%specstablecontent_ln0 = specstablecontent void @_ssdm_op_SpecStableContent, i16 %ZplateVerContDelta_val, i1 1, void @p_str"   --->   Operation 84 'specstablecontent' 'specstablecontent_ln0' <Predicate = true> <Delay = 0.00>
ST_1 : Operation 85 [1/1] (0.00ns)   --->   "%specstablecontent_ln0 = specstablecontent void @_ssdm_op_SpecStableContent, i8 %dpDynamicRange_val, i1 1, void @p_str"   --->   Operation 85 'specstablecontent' 'specstablecontent_ln0' <Predicate = true> <Delay = 0.00>
ST_1 : Operation 86 [1/1] (0.00ns)   --->   "%specstablecontent_ln0 = specstablecontent void @_ssdm_op_SpecStableContent, i8 %dpYUVCoef_val, i1 1, void @p_str"   --->   Operation 86 'specstablecontent' 'specstablecontent_ln0' <Predicate = true> <Delay = 0.00>
ST_1 : Operation 87 [1/1] (0.00ns)   --->   "%specinterface_ln0 = specinterface void @_ssdm_op_SpecInterface, i48 %srcYUV, void @empty_35, i32 0, i32 0, void @empty_15, i32 0, i32 0, void @empty_15, void @empty_15, void @empty_15, i32 0, i32 0, i32 0, i32 0, void @empty_15, void @empty_15, i32 4294967295, i32 0, i32 0, i32 0"   --->   Operation 87 'specinterface' 'specinterface_ln0' <Predicate = true> <Delay = 0.00>
ST_1 : Operation 88 [1/1] (0.00ns)   --->   "%specinterface_ln0 = specinterface void @_ssdm_op_SpecInterface, i48 %bckgndYUV, void @empty_35, i32 0, i32 0, void @empty_15, i32 0, i32 0, void @empty_15, void @empty_15, void @empty_15, i32 0, i32 0, i32 0, i32 0, void @empty_15, void @empty_15, i32 4294967295, i32 0, i32 0, i32 0"   --->   Operation 88 'specinterface' 'specinterface_ln0' <Predicate = true> <Delay = 0.00>
ST_1 : Operation 89 [1/1] (0.76ns)   --->   "%icmp_ln1782 = icmp_eq  i8 %dpDynamicRange_val_read, i8 0" [prj/sol/.autopilot/db/v_tpg.cpp:1782->prj/sol/.autopilot/db/v_tpg.cpp:721]   --->   Operation 89 'icmp' 'icmp_ln1782' <Predicate = true> <Delay = 0.76> <CoreInst = "Cmp">   --->   Core 9 'Cmp' <Latency = 0> <II = 1> <Delay = 0.76> <FuncUnit> <Opcode : 'seteq' 'setne' 'setle' 'setge' 'setlt' 'setgt'> <InPorts = 2> <OutPorts = 1>
ST_1 : Operation 90 [1/1] (0.76ns)   --->   "%icmp_ln1144 = icmp_eq  i8 %colorFormat_val_read, i8 1" [prj/sol/.autopilot/db/v_tpg.cpp:1144->prj/sol/.autopilot/db/v_tpg.cpp:609]   --->   Operation 90 'icmp' 'icmp_ln1144' <Predicate = true> <Delay = 0.76> <CoreInst = "Cmp">   --->   Core 9 'Cmp' <Latency = 0> <II = 1> <Delay = 0.76> <FuncUnit> <Opcode : 'seteq' 'setne' 'setle' 'setge' 'setlt' 'setgt'> <InPorts = 2> <OutPorts = 1>
ST_1 : Operation 91 [1/1] (0.76ns)   --->   "%icmp_ln1122 = icmp_eq  i8 %colorFormat_val_read, i8 0" [prj/sol/.autopilot/db/v_tpg.cpp:1122->prj/sol/.autopilot/db/v_tpg.cpp:601]   --->   Operation 91 'icmp' 'icmp_ln1122' <Predicate = true> <Delay = 0.76> <CoreInst = "Cmp">   --->   Core 9 'Cmp' <Latency = 0> <II = 1> <Delay = 0.76> <FuncUnit> <Opcode : 'seteq' 'setne' 'setle' 'setge' 'setlt' 'setgt'> <InPorts = 2> <OutPorts = 1>
ST_1 : Operation 92 [1/1] (0.76ns)   --->   "%icmp_ln1797 = icmp_eq  i8 %dpYUVCoef_val_read, i8 0" [prj/sol/.autopilot/db/v_tpg.cpp:1797->prj/sol/.autopilot/db/v_tpg.cpp:721]   --->   Operation 92 'icmp' 'icmp_ln1797' <Predicate = true> <Delay = 0.76> <CoreInst = "Cmp">   --->   Core 9 'Cmp' <Latency = 0> <II = 1> <Delay = 0.76> <FuncUnit> <Opcode : 'seteq' 'setne' 'setle' 'setge' 'setlt' 'setgt'> <InPorts = 2> <OutPorts = 1>
ST_1 : Operation 93 [1/1] (0.77ns)   --->   "%icmp_ln1862 = icmp_ne  i7 %tmp_21, i7 0" [prj/sol/.autopilot/db/v_tpg.cpp:1862->prj/sol/.autopilot/db/v_tpg.cpp:703]   --->   Operation 93 'icmp' 'icmp_ln1862' <Predicate = true> <Delay = 0.77> <CoreInst = "Cmp">   --->   Core 9 'Cmp' <Latency = 0> <II = 1> <Delay = 0.77> <FuncUnit> <Opcode : 'seteq' 'setne' 'setle' 'setge' 'setlt' 'setgt'> <InPorts = 2> <OutPorts = 1>
ST_1 : Operation 94 [1/1] (0.00ns)   --->   "%zext_ln565 = zext i2 %Sel_read" [prj/sol/.autopilot/db/v_tpg.cpp:565]   --->   Operation 94 'zext' 'zext_ln565' <Predicate = true> <Delay = 0.00>
ST_1 : Operation 95 [1/1] (0.85ns)   --->   "%icmp_ln1449 = icmp_eq  i16 %y_read, i16 0" [prj/sol/.autopilot/db/v_tpg.cpp:1449->prj/sol/.autopilot/db/v_tpg.cpp:673]   --->   Operation 95 'icmp' 'icmp_ln1449' <Predicate = true> <Delay = 0.85> <CoreInst = "Cmp">   --->   Core 9 'Cmp' <Latency = 0> <II = 1> <Delay = 0.85> <FuncUnit> <Opcode : 'seteq' 'setne' 'setle' 'setge' 'setlt' 'setgt'> <InPorts = 2> <OutPorts = 1>
ST_1 : Operation 96 [1/1] (0.00ns)   --->   "%zext_ln1373 = zext i11 %barWidth_read" [prj/sol/.autopilot/db/v_tpg.cpp:1373->prj/sol/.autopilot/db/v_tpg.cpp:665]   --->   Operation 96 'zext' 'zext_ln1373' <Predicate = true> <Delay = 0.00>
ST_1 : Operation 97 [1/1] (0.76ns)   --->   "%icmp_ln570 = icmp_ne  i8 %enableInput_val_read, i8 0" [prj/sol/.autopilot/db/v_tpg.cpp:570]   --->   Operation 97 'icmp' 'icmp_ln570' <Predicate = true> <Delay = 0.76> <CoreInst = "Cmp">   --->   Core 9 'Cmp' <Latency = 0> <II = 1> <Delay = 0.76> <FuncUnit> <Opcode : 'seteq' 'setne' 'setle' 'setge' 'setlt' 'setgt'> <InPorts = 2> <OutPorts = 1>
ST_1 : Operation 98 [1/1] (0.00ns)   --->   "%zext_ln1122 = zext i16 %width_val_read" [prj/sol/.autopilot/db/v_tpg.cpp:1122->prj/sol/.autopilot/db/v_tpg.cpp:601]   --->   Operation 98 'zext' 'zext_ln1122' <Predicate = true> <Delay = 0.00>
ST_1 : Operation 99 [1/1] (0.42ns)   --->   "%store_ln0 = store i1 %rampVal_3_flag_0_read, i1 %rampVal_3_flag_1"   --->   Operation 99 'store' 'store_ln0' <Predicate = true> <Delay = 0.42>
ST_1 : Operation 100 [1/1] (0.42ns)   --->   "%store_ln0 = store i1 %hdata_flag_0_read, i1 %hdata_flag_1"   --->   Operation 100 'store' 'store_ln0' <Predicate = true> <Delay = 0.42>
ST_1 : Operation 101 [1/1] (0.42ns)   --->   "%store_ln0 = store i1 %rampVal_2_flag_0_read, i1 %rampVal_2_flag_1"   --->   Operation 101 'store' 'store_ln0' <Predicate = true> <Delay = 0.42>
ST_1 : Operation 102 [1/1] (0.42ns)   --->   "%store_ln549 = store i17 0, i17 %x" [prj/sol/.autopilot/db/v_tpg.cpp:549]   --->   Operation 102 'store' 'store_ln549' <Predicate = true> <Delay = 0.42>
ST_1 : Operation 103 [1/1] (0.00ns)   --->   "%br_ln565 = br void %for.body6" [prj/sol/.autopilot/db/v_tpg.cpp:565]   --->   Operation 103 'br' 'br_ln565' <Predicate = true> <Delay = 0.00>
ST_1 : Operation 104 [1/1] (0.00ns)   --->   "%x_3 = load i17 %x" [prj/sol/.autopilot/db/v_tpg.cpp:565]   --->   Operation 104 'load' 'x_3' <Predicate = true> <Delay = 0.00>
ST_1 : Operation 105 [1/1] (0.86ns)   --->   "%icmp_ln565 = icmp_ult  i17 %x_3, i17 %zext_ln1122" [prj/sol/.autopilot/db/v_tpg.cpp:565]   --->   Operation 105 'icmp' 'icmp_ln565' <Predicate = true> <Delay = 0.86> <CoreInst = "Cmp">   --->   Core 9 'Cmp' <Latency = 0> <II = 1> <Delay = 0.86> <FuncUnit> <Opcode : 'seteq' 'setne' 'setle' 'setge' 'setlt' 'setgt'> <InPorts = 2> <OutPorts = 1>
ST_1 : Operation 106 [1/1] (0.00ns)   --->   "%br_ln565 = br i1 %icmp_ln565, void %for.inc103.exitStub, void %for.body6.split" [prj/sol/.autopilot/db/v_tpg.cpp:565]   --->   Operation 106 'br' 'br_ln565' <Predicate = true> <Delay = 0.00>
ST_1 : Operation 107 [1/1] (0.00ns)   --->   "%x_4 = trunc i17 %x_3" [prj/sol/.autopilot/db/v_tpg.cpp:565]   --->   Operation 107 'trunc' 'x_4' <Predicate = (icmp_ln565)> <Delay = 0.00>
ST_1 : Operation 108 [1/1] (0.85ns)   --->   "%icmp_ln1072 = icmp_eq  i16 %x_4, i16 0" [prj/sol/.autopilot/db/v_tpg.cpp:1072->prj/sol/.autopilot/db/v_tpg.cpp:585]   --->   Operation 108 'icmp' 'icmp_ln1072' <Predicate = (icmp_ln565)> <Delay = 0.85> <CoreInst = "Cmp">   --->   Core 9 'Cmp' <Latency = 0> <II = 1> <Delay = 0.85> <FuncUnit> <Opcode : 'seteq' 'setne' 'setle' 'setge' 'setlt' 'setgt'> <InPorts = 2> <OutPorts = 1>
ST_1 : Operation 109 [1/1] (0.00ns)   --->   "%br_ln570 = br i1 %icmp_ln570, void %if.end, void %if.then" [prj/sol/.autopilot/db/v_tpg.cpp:570]   --->   Operation 109 'br' 'br_ln570' <Predicate = (icmp_ln565)> <Delay = 0.00>
ST_1 : Operation 110 [1/1] (0.76ns)   --->   "%switch_ln573 = switch i8 %patternId_val_read, void %sw.epilog_ifconv, i8 0, void %sw.bb, i8 1, void %sw.bb10, i8 2, void %sw.bb11, i8 3, void %sw.bb13, i8 4, void %sw.bb15, i8 5, void %sw.bb17, i8 6, void %sw.bb19, i8 7, void %sw.bb21, i8 8, void %sw.bb23, i8 9, void %sw.bb25, i8 10, void %sw.bb27, i8 11, void %sw.bb29, i8 12, void %sw.bb31, i8 13, void %sw.bb33_ifconv, i8 14, void %sw.bb35, i8 15, void %sw.bb37, i8 16, void %sw.bb39, i8 17, void %sw.bb41, i8 18, void %sw.bb43, i8 19, void %sw.bb45" [prj/sol/.autopilot/db/v_tpg.cpp:573]   --->   Operation 110 'switch' 'switch_ln573' <Predicate = (icmp_ln565)> <Delay = 0.76>
ST_1 : Operation 111 [1/1] (0.00ns) (grouped into LUT with out node icmp_ln1746)   --->   "%or_ln1746 = or i16 %x_4, i16 %y_read" [prj/sol/.autopilot/db/v_tpg.cpp:1746->prj/sol/.autopilot/db/v_tpg.cpp:721]   --->   Operation 111 'or' 'or_ln1746' <Predicate = (icmp_ln565 & patternId_val_read == 19)> <Delay = 0.00> <CoreInst = "LogicGate">   --->   Core 74 'LogicGate' <Latency = 0> <II = 1> <Delay = 0.36> <FuncUnit> <Opcode : 'and' 'or' 'xor'> <InPorts = 2> <OutPorts = 1>
ST_1 : Operation 112 [1/1] (0.85ns) (out node of the LUT)   --->   "%icmp_ln1746 = icmp_eq  i16 %or_ln1746, i16 0" [prj/sol/.autopilot/db/v_tpg.cpp:1746->prj/sol/.autopilot/db/v_tpg.cpp:721]   --->   Operation 112 'icmp' 'icmp_ln1746' <Predicate = (icmp_ln565 & patternId_val_read == 19)> <Delay = 0.85> <CoreInst = "Cmp">   --->   Core 9 'Cmp' <Latency = 0> <II = 1> <Delay = 0.85> <FuncUnit> <Opcode : 'seteq' 'setne' 'setle' 'setge' 'setlt' 'setgt'> <InPorts = 2> <OutPorts = 1>
ST_1 : Operation 113 [1/1] (0.00ns)   --->   "%br_ln1746 = br i1 %icmp_ln1746, void %if.else.i3, void %if.then.i2" [prj/sol/.autopilot/db/v_tpg.cpp:1746->prj/sol/.autopilot/db/v_tpg.cpp:721]   --->   Operation 113 'br' 'br_ln1746' <Predicate = (icmp_ln565 & patternId_val_read == 19)> <Delay = 0.00>
ST_1 : Operation 114 [1/1] (0.42ns)   --->   "%store_ln1748 = store i6 0, i6 %yCount_1" [prj/sol/.autopilot/db/v_tpg.cpp:1748->prj/sol/.autopilot/db/v_tpg.cpp:721]   --->   Operation 114 'store' 'store_ln1748' <Predicate = (icmp_ln565 & patternId_val_read == 19 & icmp_ln1746)> <Delay = 0.42>
ST_1 : Operation 115 [1/1] (0.47ns)   --->   "%store_ln1766 = store i10 0, i10 %tpgPatternDPColorSquare_unsigned_short_unsigned_short_unsigned_char_unsigned_1" [prj/sol/.autopilot/db/v_tpg.cpp:1766->prj/sol/.autopilot/db/v_tpg.cpp:721]   --->   Operation 115 'store' 'store_ln1766' <Predicate = (icmp_ln565 & patternId_val_read == 19 & icmp_ln1072)> <Delay = 0.47>
ST_1 : Operation 116 [1/1] (0.47ns)   --->   "%store_ln1766 = store i10 1, i10 %tpgPatternDPColorSquare_unsigned_short_unsigned_short_unsigned_char_unsigned_s" [prj/sol/.autopilot/db/v_tpg.cpp:1766->prj/sol/.autopilot/db/v_tpg.cpp:721]   --->   Operation 116 'store' 'store_ln1766' <Predicate = (icmp_ln565 & patternId_val_read == 19 & icmp_ln1072)> <Delay = 0.47>
ST_1 : Operation 117 [1/1] (0.00ns)   --->   "%br_ln1797 = br i1 %icmp_ln1797, void %if.else166.1.i_ifconv, void %if.then122.1.i_ifconv" [prj/sol/.autopilot/db/v_tpg.cpp:1797->prj/sol/.autopilot/db/v_tpg.cpp:721]   --->   Operation 117 'br' 'br_ln1797' <Predicate = (icmp_ln565 & patternId_val_read == 19 & !icmp_ln1122)> <Delay = 0.00>
ST_1 : Operation 118 [1/1] (0.00ns)   --->   "%br_ln1782 = br i1 %icmp_ln1782, void %if.else84.1.i, void %if.then55.1.i" [prj/sol/.autopilot/db/v_tpg.cpp:1782->prj/sol/.autopilot/db/v_tpg.cpp:721]   --->   Operation 118 'br' 'br_ln1782' <Predicate = (icmp_ln565 & patternId_val_read == 19 & icmp_ln1122)> <Delay = 0.00>
ST_1 : Operation 119 [1/1] (0.00ns)   --->   "%x_6 = trunc i17 %x_3" [prj/sol/.autopilot/db/v_tpg.cpp:707]   --->   Operation 119 'trunc' 'x_6' <Predicate = (icmp_ln565 & patternId_val_read == 17)> <Delay = 0.00>
ST_1 : Operation 120 [1/1] (0.76ns)   --->   "%icmp_ln1629 = icmp_eq  i8 %x_6, i8 0" [prj/sol/.autopilot/db/v_tpg.cpp:1629->prj/sol/.autopilot/db/v_tpg.cpp:707]   --->   Operation 120 'icmp' 'icmp_ln1629' <Predicate = (icmp_ln565 & patternId_val_read == 17)> <Delay = 0.76> <CoreInst = "Cmp">   --->   Core 9 'Cmp' <Latency = 0> <II = 1> <Delay = 0.76> <FuncUnit> <Opcode : 'seteq' 'setne' 'setle' 'setge' 'setlt' 'setgt'> <InPorts = 2> <OutPorts = 1>
ST_1 : Operation 121 [1/1] (0.00ns) (grouped into LUT with out node icmp_ln1563)   --->   "%or_ln1563 = or i16 %x_4, i16 %y_read" [prj/sol/.autopilot/db/v_tpg.cpp:1563->prj/sol/.autopilot/db/v_tpg.cpp:697]   --->   Operation 121 'or' 'or_ln1563' <Predicate = (icmp_ln565 & patternId_val_read == 15)> <Delay = 0.00> <CoreInst = "LogicGate">   --->   Core 74 'LogicGate' <Latency = 0> <II = 1> <Delay = 0.36> <FuncUnit> <Opcode : 'and' 'or' 'xor'> <InPorts = 2> <OutPorts = 1>
ST_1 : Operation 122 [1/1] (0.85ns) (out node of the LUT)   --->   "%icmp_ln1563 = icmp_eq  i16 %or_ln1563, i16 0" [prj/sol/.autopilot/db/v_tpg.cpp:1563->prj/sol/.autopilot/db/v_tpg.cpp:697]   --->   Operation 122 'icmp' 'icmp_ln1563' <Predicate = (icmp_ln565 & patternId_val_read == 15)> <Delay = 0.85> <CoreInst = "Cmp">   --->   Core 9 'Cmp' <Latency = 0> <II = 1> <Delay = 0.85> <FuncUnit> <Opcode : 'seteq' 'setne' 'setle' 'setge' 'setlt' 'setgt'> <InPorts = 2> <OutPorts = 1>
ST_1 : Operation 123 [1/1] (0.00ns)   --->   "%br_ln1563 = br i1 %icmp_ln1563, void %if.else.i19, void %if.then.i17" [prj/sol/.autopilot/db/v_tpg.cpp:1563->prj/sol/.autopilot/db/v_tpg.cpp:697]   --->   Operation 123 'br' 'br_ln1563' <Predicate = (icmp_ln565 & patternId_val_read == 15)> <Delay = 0.00>
ST_1 : Operation 124 [1/1] (0.42ns)   --->   "%store_ln1565 = store i10 0, i10 %yCount_3" [prj/sol/.autopilot/db/v_tpg.cpp:1565->prj/sol/.autopilot/db/v_tpg.cpp:697]   --->   Operation 124 'store' 'store_ln1565' <Predicate = (icmp_ln565 & patternId_val_read == 15 & icmp_ln1563)> <Delay = 0.42>
ST_1 : Operation 125 [1/1] (0.47ns)   --->   "%store_ln1584 = store i10 0, i10 %tpgPatternCheckerBoard_unsigned_short_unsigned_short_unsigned_short_unsigned_1" [prj/sol/.autopilot/db/v_tpg.cpp:1584->prj/sol/.autopilot/db/v_tpg.cpp:697]   --->   Operation 125 'store' 'store_ln1584' <Predicate = (icmp_ln565 & patternId_val_read == 15 & icmp_ln1072)> <Delay = 0.47>
ST_1 : Operation 126 [1/1] (0.47ns)   --->   "%store_ln1584 = store i10 1, i10 %tpgPatternCheckerBoard_unsigned_short_unsigned_short_unsigned_short_unsigned_s" [prj/sol/.autopilot/db/v_tpg.cpp:1584->prj/sol/.autopilot/db/v_tpg.cpp:697]   --->   Operation 126 'store' 'store_ln1584' <Predicate = (icmp_ln565 & patternId_val_read == 15 & icmp_ln1072)> <Delay = 0.47>
ST_1 : Operation 127 [1/1] (0.00ns)   --->   "%x_7 = trunc i17 %x_3" [prj/sol/.autopilot/db/v_tpg.cpp:681]   --->   Operation 127 'trunc' 'x_7' <Predicate = (icmp_ln565 & patternId_val_read == 13)> <Delay = 0.00>
ST_1 : Operation 128 [1/1] (0.79ns)   --->   "%add_ln1281 = add i11 %x_7, i11 1364" [prj/sol/.autopilot/db/v_tpg.cpp:1281->prj/sol/.autopilot/db/v_tpg.cpp:681]   --->   Operation 128 'add' 'add_ln1281' <Predicate = (icmp_ln565 & patternId_val_read == 13)> <Delay = 0.79> <CoreInst = "Adder">   --->   Core 1 'Adder' <Latency = 0> <II = 1> <Delay = 0.79> <FuncUnit> <Opcode : 'add' 'sub'> <InPorts = 2> <OutPorts = 1>
ST_1 : Operation 129 [1/1] (0.79ns)   --->   "%add_ln1281_1 = add i11 %x_7, i11 682" [prj/sol/.autopilot/db/v_tpg.cpp:1281->prj/sol/.autopilot/db/v_tpg.cpp:681]   --->   Operation 129 'add' 'add_ln1281_1' <Predicate = (icmp_ln565 & patternId_val_read == 13)> <Delay = 0.79> <CoreInst = "Adder">   --->   Core 1 'Adder' <Latency = 0> <II = 1> <Delay = 0.79> <FuncUnit> <Opcode : 'add' 'sub'> <InPorts = 2> <OutPorts = 1>
ST_1 : Operation 130 [15/15] (1.23ns)   --->   "%urem_ln1281 = urem i11 %x_7, i11 3" [prj/sol/.autopilot/db/v_tpg.cpp:1281->prj/sol/.autopilot/db/v_tpg.cpp:681]   --->   Operation 130 'urem' 'urem_ln1281' <Predicate = (icmp_ln565 & patternId_val_read == 13)> <Delay = 1.23> <CoreInst = "Divider">   --->   Core 6 'Divider' <Latency = 14> <II = 1> <Delay = 1.23> <FuncUnit> <Opcode : 'udiv' 'sdiv' 'urem' 'srem'> <InPorts = 2> <OutPorts = 1>
ST_1 : Operation 131 [15/15] (1.23ns)   --->   "%urem_ln1285 = urem i11 %add_ln1281_1, i11 3" [prj/sol/.autopilot/db/v_tpg.cpp:1285->prj/sol/.autopilot/db/v_tpg.cpp:681]   --->   Operation 131 'urem' 'urem_ln1285' <Predicate = (icmp_ln565 & patternId_val_read == 13)> <Delay = 1.23> <CoreInst = "Divider">   --->   Core 6 'Divider' <Latency = 14> <II = 1> <Delay = 1.23> <FuncUnit> <Opcode : 'udiv' 'sdiv' 'urem' 'srem'> <InPorts = 2> <OutPorts = 1>
ST_1 : Operation 132 [15/15] (1.23ns)   --->   "%urem_ln1289 = urem i11 %add_ln1281, i11 3" [prj/sol/.autopilot/db/v_tpg.cpp:1289->prj/sol/.autopilot/db/v_tpg.cpp:681]   --->   Operation 132 'urem' 'urem_ln1289' <Predicate = (icmp_ln565 & patternId_val_read == 13)> <Delay = 1.23> <CoreInst = "Divider">   --->   Core 6 'Divider' <Latency = 14> <II = 1> <Delay = 1.23> <FuncUnit> <Opcode : 'udiv' 'sdiv' 'urem' 'srem'> <InPorts = 2> <OutPorts = 1>
ST_1 : Operation 133 [1/1] (0.00ns)   --->   "%tmp_9 = partselect i10 @_ssdm_op_PartSelect.i10.i17.i32.i32, i17 %x_3, i32 1, i32 10" [prj/sol/.autopilot/db/v_tpg.cpp:1279->prj/sol/.autopilot/db/v_tpg.cpp:681]   --->   Operation 133 'partselect' 'tmp_9' <Predicate = (icmp_ln565 & patternId_val_read == 13)> <Delay = 0.00>
ST_1 : Operation 134 [1/1] (0.00ns)   --->   "%xk_1 = bitconcatenate i11 @_ssdm_op_BitConcatenate.i11.i10.i1, i10 %tmp_9, i1 1" [prj/sol/.autopilot/db/v_tpg.cpp:1279->prj/sol/.autopilot/db/v_tpg.cpp:681]   --->   Operation 134 'bitconcatenate' 'xk_1' <Predicate = (icmp_ln565 & patternId_val_read == 13)> <Delay = 0.00>
ST_1 : Operation 135 [1/1] (0.79ns)   --->   "%add_ln1281_3 = add i11 %xk_1, i11 1364" [prj/sol/.autopilot/db/v_tpg.cpp:1281->prj/sol/.autopilot/db/v_tpg.cpp:681]   --->   Operation 135 'add' 'add_ln1281_3' <Predicate = (icmp_ln565 & patternId_val_read == 13)> <Delay = 0.79> <CoreInst = "Adder">   --->   Core 1 'Adder' <Latency = 0> <II = 1> <Delay = 0.79> <FuncUnit> <Opcode : 'add' 'sub'> <InPorts = 2> <OutPorts = 1>
ST_1 : Operation 136 [1/1] (0.79ns)   --->   "%add_ln1281_4 = add i11 %xk_1, i11 682" [prj/sol/.autopilot/db/v_tpg.cpp:1281->prj/sol/.autopilot/db/v_tpg.cpp:681]   --->   Operation 136 'add' 'add_ln1281_4' <Predicate = (icmp_ln565 & patternId_val_read == 13)> <Delay = 0.79> <CoreInst = "Adder">   --->   Core 1 'Adder' <Latency = 0> <II = 1> <Delay = 0.79> <FuncUnit> <Opcode : 'add' 'sub'> <InPorts = 2> <OutPorts = 1>
ST_1 : Operation 137 [15/15] (1.23ns)   --->   "%urem_ln1281_1 = urem i11 %xk_1, i11 3" [prj/sol/.autopilot/db/v_tpg.cpp:1281->prj/sol/.autopilot/db/v_tpg.cpp:681]   --->   Operation 137 'urem' 'urem_ln1281_1' <Predicate = (icmp_ln565 & patternId_val_read == 13)> <Delay = 1.23> <CoreInst = "Divider">   --->   Core 6 'Divider' <Latency = 14> <II = 1> <Delay = 1.23> <FuncUnit> <Opcode : 'udiv' 'sdiv' 'urem' 'srem'> <InPorts = 2> <OutPorts = 1>
ST_1 : Operation 138 [15/15] (1.23ns)   --->   "%urem_ln1285_1 = urem i11 %add_ln1281_4, i11 3" [prj/sol/.autopilot/db/v_tpg.cpp:1285->prj/sol/.autopilot/db/v_tpg.cpp:681]   --->   Operation 138 'urem' 'urem_ln1285_1' <Predicate = (icmp_ln565 & patternId_val_read == 13)> <Delay = 1.23> <CoreInst = "Divider">   --->   Core 6 'Divider' <Latency = 14> <II = 1> <Delay = 1.23> <FuncUnit> <Opcode : 'udiv' 'sdiv' 'urem' 'srem'> <InPorts = 2> <OutPorts = 1>
ST_1 : Operation 139 [15/15] (1.23ns)   --->   "%urem_ln1289_1 = urem i11 %add_ln1281_3, i11 3" [prj/sol/.autopilot/db/v_tpg.cpp:1289->prj/sol/.autopilot/db/v_tpg.cpp:681]   --->   Operation 139 'urem' 'urem_ln1289_1' <Predicate = (icmp_ln565 & patternId_val_read == 13)> <Delay = 1.23> <CoreInst = "Divider">   --->   Core 6 'Divider' <Latency = 14> <II = 1> <Delay = 1.23> <FuncUnit> <Opcode : 'udiv' 'sdiv' 'urem' 'srem'> <InPorts = 2> <OutPorts = 1>
ST_1 : Operation 140 [1/1] (0.00ns)   --->   "%br_ln1449 = br i1 %icmp_ln1449, void %lor.lhs.false.i, void %land.lhs.true.i" [prj/sol/.autopilot/db/v_tpg.cpp:1449->prj/sol/.autopilot/db/v_tpg.cpp:673]   --->   Operation 140 'br' 'br_ln1449' <Predicate = (icmp_ln565 & patternId_val_read == 12)> <Delay = 0.00>
ST_1 : Operation 141 [1/1] (0.28ns)   --->   "%and_ln1449 = and i1 %icmp_ln1449_1_read, i1 %icmp_ln1072" [prj/sol/.autopilot/db/v_tpg.cpp:1449->prj/sol/.autopilot/db/v_tpg.cpp:673]   --->   Operation 141 'and' 'and_ln1449' <Predicate = (icmp_ln565 & patternId_val_read == 12 & !icmp_ln1449)> <Delay = 0.28> <CoreInst = "LogicGate">   --->   Core 74 'LogicGate' <Latency = 0> <II = 1> <Delay = 0.28> <FuncUnit> <Opcode : 'and' 'or' 'xor'> <InPorts = 2> <OutPorts = 1>
ST_1 : Operation 142 [1/1] (0.00ns)   --->   "%br_ln1449 = br i1 %and_ln1449, void %if.else.i68, void %if.then.i64" [prj/sol/.autopilot/db/v_tpg.cpp:1449->prj/sol/.autopilot/db/v_tpg.cpp:673]   --->   Operation 142 'br' 'br_ln1449' <Predicate = (icmp_ln565 & patternId_val_read == 12 & !icmp_ln1449)> <Delay = 0.00>
ST_1 : Operation 143 [1/1] (0.00ns)   --->   "%br_ln1449 = br i1 %icmp_ln1072, void %if.else.i68, void %if.then.i64" [prj/sol/.autopilot/db/v_tpg.cpp:1449->prj/sol/.autopilot/db/v_tpg.cpp:673]   --->   Operation 143 'br' 'br_ln1449' <Predicate = (icmp_ln565 & patternId_val_read == 12 & icmp_ln1449)> <Delay = 0.00>
ST_1 : Operation 144 [1/1] (0.00ns)   --->   "%br_ln0 = br void %VITIS_LOOP_1465_1.i"   --->   Operation 144 'br' 'br_ln0' <Predicate = (icmp_ln565 & patternId_val_read == 12 & !icmp_ln1449 & !and_ln1449) | (icmp_ln565 & patternId_val_read == 12 & !icmp_ln1072 & icmp_ln1449)> <Delay = 0.00>
ST_1 : Operation 145 [1/1] (0.42ns)   --->   "%store_ln1451 = store i10 0, i10 %yCount_2" [prj/sol/.autopilot/db/v_tpg.cpp:1451->prj/sol/.autopilot/db/v_tpg.cpp:673]   --->   Operation 145 'store' 'store_ln1451' <Predicate = (icmp_ln565 & patternId_val_read == 12 & !icmp_ln1449 & and_ln1449) | (icmp_ln565 & patternId_val_read == 12 & icmp_ln1072 & icmp_ln1449)> <Delay = 0.42>
ST_1 : Operation 146 [1/1] (0.00ns)   --->   "%zext_ln1468 = zext i16 %x_4" [prj/sol/.autopilot/db/v_tpg.cpp:1468->prj/sol/.autopilot/db/v_tpg.cpp:673]   --->   Operation 146 'zext' 'zext_ln1468' <Predicate = (icmp_ln565 & patternId_val_read == 12)> <Delay = 0.00>
ST_1 : Operation 147 [1/1] (0.00ns)   --->   "%br_ln1468 = br i1 %icmp_ln1072, void %if.else31.i74, void %if.then28.i" [prj/sol/.autopilot/db/v_tpg.cpp:1468->prj/sol/.autopilot/db/v_tpg.cpp:673]   --->   Operation 147 'br' 'br_ln1468' <Predicate = (icmp_ln565 & patternId_val_read == 12)> <Delay = 0.00>
ST_1 : Operation 148 [1/1] (0.86ns)   --->   "%icmp_ln1473 = icmp_eq  i17 %add_ln1473_read, i17 %zext_ln1468" [prj/sol/.autopilot/db/v_tpg.cpp:1473->prj/sol/.autopilot/db/v_tpg.cpp:673]   --->   Operation 148 'icmp' 'icmp_ln1473' <Predicate = (icmp_ln565 & patternId_val_read == 12 & !icmp_ln1072)> <Delay = 0.86> <CoreInst = "Cmp">   --->   Core 9 'Cmp' <Latency = 0> <II = 1> <Delay = 0.86> <FuncUnit> <Opcode : 'seteq' 'setne' 'setle' 'setge' 'setlt' 'setgt'> <InPorts = 2> <OutPorts = 1>
ST_1 : Operation 149 [1/1] (0.00ns)   --->   "%br_ln1473 = br i1 %icmp_ln1473, void %if.else41.i, void %if.then37.i" [prj/sol/.autopilot/db/v_tpg.cpp:1473->prj/sol/.autopilot/db/v_tpg.cpp:673]   --->   Operation 149 'br' 'br_ln1473' <Predicate = (icmp_ln565 & patternId_val_read == 12 & !icmp_ln1072)> <Delay = 0.00>
ST_1 : Operation 150 [1/1] (0.00ns)   --->   "%tmp_19 = partselect i15 @_ssdm_op_PartSelect.i15.i17.i32.i32, i17 %x_3, i32 1, i32 15" [prj/sol/.autopilot/db/v_tpg.cpp:1473->prj/sol/.autopilot/db/v_tpg.cpp:673]   --->   Operation 150 'partselect' 'tmp_19' <Predicate = (icmp_ln565 & patternId_val_read == 12 & !icmp_ln1072)> <Delay = 0.00>
ST_1 : Operation 151 [1/1] (0.00ns)   --->   "%or_ln = bitconcatenate i16 @_ssdm_op_BitConcatenate.i16.i15.i1, i15 %tmp_19, i1 1" [prj/sol/.autopilot/db/v_tpg.cpp:1473->prj/sol/.autopilot/db/v_tpg.cpp:673]   --->   Operation 151 'bitconcatenate' 'or_ln' <Predicate = (icmp_ln565 & patternId_val_read == 12 & !icmp_ln1072)> <Delay = 0.00>
ST_1 : Operation 152 [1/1] (0.00ns)   --->   "%zext_ln1473 = zext i16 %or_ln" [prj/sol/.autopilot/db/v_tpg.cpp:1473->prj/sol/.autopilot/db/v_tpg.cpp:673]   --->   Operation 152 'zext' 'zext_ln1473' <Predicate = (icmp_ln565 & patternId_val_read == 12 & !icmp_ln1072)> <Delay = 0.00>
ST_1 : Operation 153 [1/1] (0.86ns)   --->   "%icmp_ln1473_1 = icmp_eq  i17 %zext_ln1473, i17 %add_ln1473_read" [prj/sol/.autopilot/db/v_tpg.cpp:1473->prj/sol/.autopilot/db/v_tpg.cpp:673]   --->   Operation 153 'icmp' 'icmp_ln1473_1' <Predicate = (icmp_ln565 & patternId_val_read == 12 & !icmp_ln1072)> <Delay = 0.86> <CoreInst = "Cmp">   --->   Core 9 'Cmp' <Latency = 0> <II = 1> <Delay = 0.86> <FuncUnit> <Opcode : 'seteq' 'setne' 'setle' 'setge' 'setlt' 'setgt'> <InPorts = 2> <OutPorts = 1>
ST_1 : Operation 154 [1/1] (0.00ns)   --->   "%br_ln1473 = br i1 %icmp_ln1473_1, void %if.else41.1.i, void %if.then37.1.i" [prj/sol/.autopilot/db/v_tpg.cpp:1473->prj/sol/.autopilot/db/v_tpg.cpp:673]   --->   Operation 154 'br' 'br_ln1473' <Predicate = (icmp_ln565 & patternId_val_read == 12 & !icmp_ln1072)> <Delay = 0.00>
ST_1 : Operation 155 [1/1] (0.00ns) (grouped into LUT with out node icmp_ln1381)   --->   "%or_ln1381 = or i16 %x_4, i16 %y_read" [prj/sol/.autopilot/db/v_tpg.cpp:1381->prj/sol/.autopilot/db/v_tpg.cpp:665]   --->   Operation 155 'or' 'or_ln1381' <Predicate = (icmp_ln565 & patternId_val_read == 11)> <Delay = 0.00> <CoreInst = "LogicGate">   --->   Core 74 'LogicGate' <Latency = 0> <II = 1> <Delay = 0.36> <FuncUnit> <Opcode : 'and' 'or' 'xor'> <InPorts = 2> <OutPorts = 1>
ST_1 : Operation 156 [1/1] (0.85ns) (out node of the LUT)   --->   "%icmp_ln1381 = icmp_eq  i16 %or_ln1381, i16 0" [prj/sol/.autopilot/db/v_tpg.cpp:1381->prj/sol/.autopilot/db/v_tpg.cpp:665]   --->   Operation 156 'icmp' 'icmp_ln1381' <Predicate = (icmp_ln565 & patternId_val_read == 11)> <Delay = 0.85> <CoreInst = "Cmp">   --->   Core 9 'Cmp' <Latency = 0> <II = 1> <Delay = 0.85> <FuncUnit> <Opcode : 'seteq' 'setne' 'setle' 'setge' 'setlt' 'setgt'> <InPorts = 2> <OutPorts = 1>
ST_1 : Operation 157 [1/1] (0.00ns)   --->   "%br_ln1381 = br i1 %icmp_ln1381, void %if.else.i103, void %if.then.i99" [prj/sol/.autopilot/db/v_tpg.cpp:1381->prj/sol/.autopilot/db/v_tpg.cpp:665]   --->   Operation 157 'br' 'br_ln1381' <Predicate = (icmp_ln565 & patternId_val_read == 11)> <Delay = 0.00>
ST_1 : Operation 158 [1/1] (0.42ns)   --->   "%store_ln1383 = store i10 0, i10 %yCount" [prj/sol/.autopilot/db/v_tpg.cpp:1383->prj/sol/.autopilot/db/v_tpg.cpp:665]   --->   Operation 158 'store' 'store_ln1383' <Predicate = (icmp_ln565 & patternId_val_read == 11 & icmp_ln1381)> <Delay = 0.42>
ST_1 : Operation 159 [1/1] (0.47ns)   --->   "%store_ln1403 = store i10 0, i10 %tpgPatternTartanColorBars_unsigned_short_unsigned_short_unsigned_short_unsign_1" [prj/sol/.autopilot/db/v_tpg.cpp:1403->prj/sol/.autopilot/db/v_tpg.cpp:665]   --->   Operation 159 'store' 'store_ln1403' <Predicate = (icmp_ln565 & patternId_val_read == 11 & icmp_ln1072)> <Delay = 0.47>
ST_1 : Operation 160 [1/1] (0.47ns)   --->   "%store_ln1403 = store i10 1, i10 %tpgPatternTartanColorBars_unsigned_short_unsigned_short_unsigned_short_unsign" [prj/sol/.autopilot/db/v_tpg.cpp:1403->prj/sol/.autopilot/db/v_tpg.cpp:665]   --->   Operation 160 'store' 'store_ln1403' <Predicate = (icmp_ln565 & patternId_val_read == 11 & icmp_ln1072)> <Delay = 0.47>
ST_1 : Operation 161 [1/1] (0.00ns) (grouped into LUT with out node icmp_ln1330)   --->   "%or_ln1330 = or i16 %x_4, i16 %y_read" [prj/sol/.autopilot/db/v_tpg.cpp:1330->prj/sol/.autopilot/db/v_tpg.cpp:657]   --->   Operation 161 'or' 'or_ln1330' <Predicate = (icmp_ln565 & patternId_val_read == 10)> <Delay = 0.00> <CoreInst = "LogicGate">   --->   Core 74 'LogicGate' <Latency = 0> <II = 1> <Delay = 0.36> <FuncUnit> <Opcode : 'and' 'or' 'xor'> <InPorts = 2> <OutPorts = 1>
ST_1 : Operation 162 [1/1] (0.85ns) (out node of the LUT)   --->   "%icmp_ln1330 = icmp_eq  i16 %or_ln1330, i16 0" [prj/sol/.autopilot/db/v_tpg.cpp:1330->prj/sol/.autopilot/db/v_tpg.cpp:657]   --->   Operation 162 'icmp' 'icmp_ln1330' <Predicate = (icmp_ln565 & patternId_val_read == 10)> <Delay = 0.85> <CoreInst = "Cmp">   --->   Core 9 'Cmp' <Latency = 0> <II = 1> <Delay = 0.85> <FuncUnit> <Opcode : 'seteq' 'setne' 'setle' 'setge' 'setlt' 'setgt'> <InPorts = 2> <OutPorts = 1>
ST_1 : Operation 163 [1/1] (0.00ns)   --->   "%br_ln1330 = br i1 %icmp_ln1330, void %if.else.i495, void %if.then.i494" [prj/sol/.autopilot/db/v_tpg.cpp:1330->prj/sol/.autopilot/db/v_tpg.cpp:657]   --->   Operation 163 'br' 'br_ln1330' <Predicate = (icmp_ln565 & patternId_val_read == 10)> <Delay = 0.00>
ST_1 : Operation 164 [1/1] (0.28ns)   --->   "%and_ln1337 = and i1 %icmp_ln1072, i1 %icmp_ln1337_read" [prj/sol/.autopilot/db/v_tpg.cpp:1337->prj/sol/.autopilot/db/v_tpg.cpp:657]   --->   Operation 164 'and' 'and_ln1337' <Predicate = (icmp_ln565 & patternId_val_read == 10 & !icmp_ln1330)> <Delay = 0.28> <CoreInst = "LogicGate">   --->   Core 74 'LogicGate' <Latency = 0> <II = 1> <Delay = 0.28> <FuncUnit> <Opcode : 'and' 'or' 'xor'> <InPorts = 2> <OutPorts = 1>
ST_1 : Operation 165 [1/1] (0.00ns)   --->   "%br_ln1337 = br i1 %and_ln1337, void %_Z19tpgPatternZonePlatettttttth.exit, void %if.then13.i" [prj/sol/.autopilot/db/v_tpg.cpp:1337->prj/sol/.autopilot/db/v_tpg.cpp:657]   --->   Operation 165 'br' 'br_ln1337' <Predicate = (icmp_ln565 & patternId_val_read == 10 & !icmp_ln1330)> <Delay = 0.00>
ST_1 : Operation 166 [1/1] (0.42ns)   --->   "%store_ln1332 = store i16 %shl_ln_read, i16 %zonePlateVAddr" [prj/sol/.autopilot/db/v_tpg.cpp:1332->prj/sol/.autopilot/db/v_tpg.cpp:657]   --->   Operation 166 'store' 'store_ln1332' <Predicate = (icmp_ln565 & patternId_val_read == 10 & icmp_ln1330)> <Delay = 0.42>
ST_1 : Operation 167 [1/1] (0.42ns)   --->   "%store_ln1333 = store i16 %ZplateVerContStart_val_read, i16 %zonePlateVDelta" [prj/sol/.autopilot/db/v_tpg.cpp:1333->prj/sol/.autopilot/db/v_tpg.cpp:657]   --->   Operation 167 'store' 'store_ln1333' <Predicate = (icmp_ln565 & patternId_val_read == 10 & icmp_ln1330)> <Delay = 0.42>
ST_1 : Operation 168 [1/1] (0.42ns)   --->   "%store_ln0 = store i16 %shl_ln_read, i16 %zonePlateVAddr_loc_1_out"   --->   Operation 168 'store' 'store_ln0' <Predicate = (icmp_ln565 & patternId_val_read == 10 & icmp_ln1330)> <Delay = 0.42>
ST_1 : Operation 169 [1/1] (0.00ns)   --->   "%br_ln1336 = br void %_Z19tpgPatternZonePlatettttttth.exit" [prj/sol/.autopilot/db/v_tpg.cpp:1336->prj/sol/.autopilot/db/v_tpg.cpp:657]   --->   Operation 169 'br' 'br_ln1336' <Predicate = (icmp_ln565 & patternId_val_read == 10 & icmp_ln1330)> <Delay = 0.00>
ST_1 : Operation 170 [1/1] (0.00ns)   --->   "%zext_ln1347 = zext i16 %x_4" [prj/sol/.autopilot/db/v_tpg.cpp:1347->prj/sol/.autopilot/db/v_tpg.cpp:657]   --->   Operation 170 'zext' 'zext_ln1347' <Predicate = (icmp_ln565 & patternId_val_read == 10)> <Delay = 0.00>
ST_1 : Operation 171 [1/1] (2.39ns) (grouped into DSP with root node mul_ln1347)   --->   "%add_ln1347 = add i17 %zext_ln1347, i17 131071" [prj/sol/.autopilot/db/v_tpg.cpp:1347->prj/sol/.autopilot/db/v_tpg.cpp:657]   --->   Operation 171 'add' 'add_ln1347' <Predicate = (icmp_ln565 & patternId_val_read == 10)> <Delay = 2.39> <CoreInst = "DSP48">   --->   Core 124 'DSP48' <Latency = 3> <II = 1> <Delay = 0.53> <IPBlock> <Opcode : 'add' 'sub' 'mul' 'select'> <InPorts = 0> <OutPorts = 1> <Sync> <CReg>
ST_1 : Operation 172 [4/4] (0.99ns) (root node of the DSP)   --->   "%mul_ln1347 = mul i17 %add_ln1347, i17 %zext_ln1347" [prj/sol/.autopilot/db/v_tpg.cpp:1347->prj/sol/.autopilot/db/v_tpg.cpp:657]   --->   Operation 172 'mul' 'mul_ln1347' <Predicate = (icmp_ln565 & patternId_val_read == 10)> <Delay = 0.99> <CoreInst = "DSP48">   --->   Core 124 'DSP48' <Latency = 3> <II = 1> <Delay = 0.53> <IPBlock> <Opcode : 'add' 'sub' 'mul' 'select'> <InPorts = 0> <OutPorts = 1> <Sync> <CReg>
ST_1 : Operation 173 [3/3] (0.99ns) (grouped into DSP with root node add_ln1351_2)   --->   "%mul_ln1347_1 = mul i16 %x_4, i16 %ZplateHorContStart_val_read" [prj/sol/.autopilot/db/v_tpg.cpp:1347->prj/sol/.autopilot/db/v_tpg.cpp:657]   --->   Operation 173 'mul' 'mul_ln1347_1' <Predicate = (icmp_ln565 & patternId_val_read == 10)> <Delay = 0.99> <CoreInst = "DSP48">   --->   Core 124 'DSP48' <Latency = 3> <II = 1> <Delay = 0.53> <IPBlock> <Opcode : 'add' 'sub' 'mul' 'select'> <InPorts = 0> <OutPorts = 1> <Sync> <CReg>
ST_1 : Operation 174 [1/1] (0.00ns)   --->   "%br_ln1245 = br i1 %icmp_ln1072, void %if.else.i161, void %if.then.i159" [prj/sol/.autopilot/db/v_tpg.cpp:1245->prj/sol/.autopilot/db/v_tpg.cpp:649]   --->   Operation 174 'br' 'br_ln1245' <Predicate = (icmp_ln565 & patternId_val_read == 9)> <Delay = 0.00>
ST_1 : Operation 175 [1/1] (0.47ns)   --->   "%store_ln1248 = store i11 0, i11 %tpgPatternColorBars_unsigned_short_unsigned_short_unsigned_char_int_xBar" [prj/sol/.autopilot/db/v_tpg.cpp:1248->prj/sol/.autopilot/db/v_tpg.cpp:649]   --->   Operation 175 'store' 'store_ln1248' <Predicate = (icmp_ln565 & patternId_val_read == 9 & icmp_ln1072)> <Delay = 0.47>
ST_1 : Operation 176 [1/1] (0.47ns)   --->   "%store_ln1248 = store i11 1, i11 %tpgPatternColorBars_unsigned_short_unsigned_short_unsigned_char_int_xBar_9" [prj/sol/.autopilot/db/v_tpg.cpp:1248->prj/sol/.autopilot/db/v_tpg.cpp:649]   --->   Operation 176 'store' 'store_ln1248' <Predicate = (icmp_ln565 & patternId_val_read == 9 & icmp_ln1072)> <Delay = 0.47>
ST_1 : Operation 177 [1/1] (0.00ns) (grouped into LUT with out node icmp_ln1095)   --->   "%or_ln1095 = or i16 %x_4, i16 %y_read" [prj/sol/.autopilot/db/v_tpg.cpp:1095->prj/sol/.autopilot/db/v_tpg.cpp:593]   --->   Operation 177 'or' 'or_ln1095' <Predicate = (icmp_ln565 & patternId_val_read == 2)> <Delay = 0.00> <CoreInst = "LogicGate">   --->   Core 74 'LogicGate' <Latency = 0> <II = 1> <Delay = 0.36> <FuncUnit> <Opcode : 'and' 'or' 'xor'> <InPorts = 2> <OutPorts = 1>
ST_1 : Operation 178 [1/1] (0.85ns) (out node of the LUT)   --->   "%icmp_ln1095 = icmp_eq  i16 %or_ln1095, i16 0" [prj/sol/.autopilot/db/v_tpg.cpp:1095->prj/sol/.autopilot/db/v_tpg.cpp:593]   --->   Operation 178 'icmp' 'icmp_ln1095' <Predicate = (icmp_ln565 & patternId_val_read == 2)> <Delay = 0.85> <CoreInst = "Cmp">   --->   Core 9 'Cmp' <Latency = 0> <II = 1> <Delay = 0.85> <FuncUnit> <Opcode : 'seteq' 'setne' 'setle' 'setge' 'setlt' 'setgt'> <InPorts = 2> <OutPorts = 1>
ST_1 : Operation 179 [1/1] (0.00ns)   --->   "%br_ln1095 = br i1 %icmp_ln1095, void %if.else.i, void %if.then.i399" [prj/sol/.autopilot/db/v_tpg.cpp:1095->prj/sol/.autopilot/db/v_tpg.cpp:593]   --->   Operation 179 'br' 'br_ln1095' <Predicate = (icmp_ln565 & patternId_val_read == 2)> <Delay = 0.00>
ST_1 : Operation 180 [1/1] (0.00ns)   --->   "%br_ln1099 = br i1 %icmp_ln1072, void %_Z22tpgPatternVerticalRampttth.exit, void %if.then5.i" [prj/sol/.autopilot/db/v_tpg.cpp:1099->prj/sol/.autopilot/db/v_tpg.cpp:593]   --->   Operation 180 'br' 'br_ln1099' <Predicate = (icmp_ln565 & patternId_val_read == 2 & !icmp_ln1095)> <Delay = 0.00>
ST_1 : Operation 181 [1/1] (0.86ns)   --->   "%icmp_ln736_1 = icmp_ult  i17 %x_3, i17 %zext_ln736_cast" [prj/sol/.autopilot/db/v_tpg.cpp:736]   --->   Operation 181 'icmp' 'icmp_ln736_1' <Predicate = (icmp_ln565)> <Delay = 0.86> <CoreInst = "Cmp">   --->   Core 9 'Cmp' <Latency = 0> <II = 1> <Delay = 0.86> <FuncUnit> <Opcode : 'seteq' 'setne' 'setle' 'setge' 'setlt' 'setgt'> <InPorts = 2> <OutPorts = 1>
ST_1 : Operation 182 [1/1] (0.86ns)   --->   "%icmp_ln736_2 = icmp_ult  i17 %x_3, i17 %zext_ln563_cast" [prj/sol/.autopilot/db/v_tpg.cpp:736]   --->   Operation 182 'icmp' 'icmp_ln736_2' <Predicate = (icmp_ln565)> <Delay = 0.86> <CoreInst = "Cmp">   --->   Core 9 'Cmp' <Latency = 0> <II = 1> <Delay = 0.86> <FuncUnit> <Opcode : 'seteq' 'setne' 'setle' 'setge' 'setlt' 'setgt'> <InPorts = 2> <OutPorts = 1>
ST_1 : Operation 183 [1/1] (0.00ns) (grouped into LUT with out node or_ln736_2)   --->   "%xor_ln736 = xor i1 %icmp_ln736_2, i1 1" [prj/sol/.autopilot/db/v_tpg.cpp:736]   --->   Operation 183 'xor' 'xor_ln736' <Predicate = (icmp_ln565)> <Delay = 0.00> <CoreInst = "LogicGate">   --->   Core 74 'LogicGate' <Latency = 0> <II = 1> <Delay = 0.28> <FuncUnit> <Opcode : 'and' 'or' 'xor'> <InPorts = 2> <OutPorts = 1>
ST_1 : Operation 184 [1/1] (0.00ns) (grouped into LUT with out node or_ln736_2)   --->   "%or_ln736_1 = or i1 %icmp_ln736_read, i1 %icmp_ln736_1" [prj/sol/.autopilot/db/v_tpg.cpp:736]   --->   Operation 184 'or' 'or_ln736_1' <Predicate = (icmp_ln565)> <Delay = 0.00> <CoreInst = "LogicGate">   --->   Core 74 'LogicGate' <Latency = 0> <II = 1> <Delay = 0.28> <FuncUnit> <Opcode : 'and' 'or' 'xor'> <InPorts = 2> <OutPorts = 1>
ST_1 : Operation 185 [1/1] (0.00ns) (grouped into LUT with out node or_ln736_2)   --->   "%or_ln736 = or i1 %xor_ln736, i1 %rev_read" [prj/sol/.autopilot/db/v_tpg.cpp:736]   --->   Operation 185 'or' 'or_ln736' <Predicate = (icmp_ln565)> <Delay = 0.00> <CoreInst = "LogicGate">   --->   Core 74 'LogicGate' <Latency = 0> <II = 1> <Delay = 0.28> <FuncUnit> <Opcode : 'and' 'or' 'xor'> <InPorts = 2> <OutPorts = 1>
ST_1 : Operation 186 [1/1] (0.28ns) (out node of the LUT)   --->   "%or_ln736_2 = or i1 %or_ln736, i1 %or_ln736_1" [prj/sol/.autopilot/db/v_tpg.cpp:736]   --->   Operation 186 'or' 'or_ln736_2' <Predicate = (icmp_ln565)> <Delay = 0.28> <CoreInst = "LogicGate">   --->   Core 74 'LogicGate' <Latency = 0> <II = 1> <Delay = 0.28> <FuncUnit> <Opcode : 'and' 'or' 'xor'> <InPorts = 2> <OutPorts = 1>
ST_1 : Operation 187 [1/1] (0.00ns)   --->   "%tmp_20 = partselect i15 @_ssdm_op_PartSelect.i15.i17.i32.i32, i17 %x_3, i32 1, i32 15" [prj/sol/.autopilot/db/v_tpg.cpp:736]   --->   Operation 187 'partselect' 'tmp_20' <Predicate = (icmp_ln565)> <Delay = 0.00>
ST_1 : Operation 188 [1/1] (0.00ns)   --->   "%or_ln736_3 = bitconcatenate i16 @_ssdm_op_BitConcatenate.i16.i15.i1, i15 %tmp_20, i1 1" [prj/sol/.autopilot/db/v_tpg.cpp:736]   --->   Operation 188 'bitconcatenate' 'or_ln736_3' <Predicate = (icmp_ln565)> <Delay = 0.00>
ST_1 : Operation 189 [1/1] (0.85ns)   --->   "%icmp_ln736_3 = icmp_ult  i16 %or_ln736_3, i16 %passthruStartX_val_read" [prj/sol/.autopilot/db/v_tpg.cpp:736]   --->   Operation 189 'icmp' 'icmp_ln736_3' <Predicate = (icmp_ln565)> <Delay = 0.85> <CoreInst = "Cmp">   --->   Core 9 'Cmp' <Latency = 0> <II = 1> <Delay = 0.85> <FuncUnit> <Opcode : 'seteq' 'setne' 'setle' 'setge' 'setlt' 'setgt'> <InPorts = 2> <OutPorts = 1>
ST_1 : Operation 190 [1/1] (0.85ns)   --->   "%icmp_ln736_4 = icmp_ult  i16 %or_ln736_3, i16 %passthruEndX_val_read" [prj/sol/.autopilot/db/v_tpg.cpp:736]   --->   Operation 190 'icmp' 'icmp_ln736_4' <Predicate = (icmp_ln565)> <Delay = 0.85> <CoreInst = "Cmp">   --->   Core 9 'Cmp' <Latency = 0> <II = 1> <Delay = 0.85> <FuncUnit> <Opcode : 'seteq' 'setne' 'setle' 'setge' 'setlt' 'setgt'> <InPorts = 2> <OutPorts = 1>
ST_1 : Operation 191 [1/1] (0.00ns) (grouped into LUT with out node or_ln736_6)   --->   "%xor_ln736_1 = xor i1 %icmp_ln736_4, i1 1" [prj/sol/.autopilot/db/v_tpg.cpp:736]   --->   Operation 191 'xor' 'xor_ln736_1' <Predicate = (icmp_ln565)> <Delay = 0.00> <CoreInst = "LogicGate">   --->   Core 74 'LogicGate' <Latency = 0> <II = 1> <Delay = 0.28> <FuncUnit> <Opcode : 'and' 'or' 'xor'> <InPorts = 2> <OutPorts = 1>
ST_1 : Operation 192 [1/1] (0.00ns) (grouped into LUT with out node or_ln736_6)   --->   "%or_ln736_5 = or i1 %icmp_ln736_read, i1 %icmp_ln736_3" [prj/sol/.autopilot/db/v_tpg.cpp:736]   --->   Operation 192 'or' 'or_ln736_5' <Predicate = (icmp_ln565)> <Delay = 0.00> <CoreInst = "LogicGate">   --->   Core 74 'LogicGate' <Latency = 0> <II = 1> <Delay = 0.28> <FuncUnit> <Opcode : 'and' 'or' 'xor'> <InPorts = 2> <OutPorts = 1>
ST_1 : Operation 193 [1/1] (0.00ns) (grouped into LUT with out node or_ln736_6)   --->   "%or_ln736_4 = or i1 %xor_ln736_1, i1 %rev_read" [prj/sol/.autopilot/db/v_tpg.cpp:736]   --->   Operation 193 'or' 'or_ln736_4' <Predicate = (icmp_ln565)> <Delay = 0.00> <CoreInst = "LogicGate">   --->   Core 74 'LogicGate' <Latency = 0> <II = 1> <Delay = 0.28> <FuncUnit> <Opcode : 'and' 'or' 'xor'> <InPorts = 2> <OutPorts = 1>
ST_1 : Operation 194 [1/1] (0.28ns) (out node of the LUT)   --->   "%or_ln736_6 = or i1 %or_ln736_4, i1 %or_ln736_5" [prj/sol/.autopilot/db/v_tpg.cpp:736]   --->   Operation 194 'or' 'or_ln736_6' <Predicate = (icmp_ln565)> <Delay = 0.28> <CoreInst = "LogicGate">   --->   Core 74 'LogicGate' <Latency = 0> <II = 1> <Delay = 0.28> <FuncUnit> <Opcode : 'and' 'or' 'xor'> <InPorts = 2> <OutPorts = 1>
ST_1 : Operation 195 [1/1] (0.86ns)   --->   "%add_ln565 = add i17 %x_3, i17 2" [prj/sol/.autopilot/db/v_tpg.cpp:565]   --->   Operation 195 'add' 'add_ln565' <Predicate = (icmp_ln565)> <Delay = 0.86> <CoreInst = "Adder">   --->   Core 1 'Adder' <Latency = 0> <II = 1> <Delay = 0.86> <FuncUnit> <Opcode : 'add' 'sub'> <InPorts = 2> <OutPorts = 1>
ST_1 : Operation 196 [1/1] (0.42ns)   --->   "%store_ln549 = store i17 %add_ln565, i17 %x" [prj/sol/.autopilot/db/v_tpg.cpp:549]   --->   Operation 196 'store' 'store_ln549' <Predicate = (icmp_ln565)> <Delay = 0.42>

State 2 <SV = 1> <Delay = 2.08>
ST_2 : Operation 197 [1/1] (0.00ns)   --->   "%yCount_1_load = load i6 %yCount_1" [prj/sol/.autopilot/db/v_tpg.cpp:1751->prj/sol/.autopilot/db/v_tpg.cpp:721]   --->   Operation 197 'load' 'yCount_1_load' <Predicate = (patternId_val_read == 19 & !icmp_ln1746)> <Delay = 0.00>
ST_2 : Operation 198 [1/1] (0.78ns)   --->   "%icmp_ln1751 = icmp_ne  i6 %yCount_1_load, i6 63" [prj/sol/.autopilot/db/v_tpg.cpp:1751->prj/sol/.autopilot/db/v_tpg.cpp:721]   --->   Operation 198 'icmp' 'icmp_ln1751' <Predicate = (patternId_val_read == 19 & !icmp_ln1746)> <Delay = 0.78> <CoreInst = "Cmp">   --->   Core 9 'Cmp' <Latency = 0> <II = 1> <Delay = 0.78> <FuncUnit> <Opcode : 'seteq' 'setne' 'setle' 'setge' 'setlt' 'setgt'> <InPorts = 2> <OutPorts = 1>
ST_2 : Operation 199 [1/1] (0.28ns)   --->   "%and_ln1751 = and i1 %icmp_ln1751, i1 %icmp_ln1072" [prj/sol/.autopilot/db/v_tpg.cpp:1751->prj/sol/.autopilot/db/v_tpg.cpp:721]   --->   Operation 199 'and' 'and_ln1751' <Predicate = (patternId_val_read == 19 & !icmp_ln1746)> <Delay = 0.28> <CoreInst = "LogicGate">   --->   Core 74 'LogicGate' <Latency = 0> <II = 1> <Delay = 0.28> <FuncUnit> <Opcode : 'and' 'or' 'xor'> <InPorts = 2> <OutPorts = 1>
ST_2 : Operation 200 [1/1] (0.00ns)   --->   "%br_ln1751 = br i1 %and_ln1751, void %if.else7.i, void %if.then6.i" [prj/sol/.autopilot/db/v_tpg.cpp:1751->prj/sol/.autopilot/db/v_tpg.cpp:721]   --->   Operation 200 'br' 'br_ln1751' <Predicate = (patternId_val_read == 19 & !icmp_ln1746)> <Delay = 0.00>
ST_2 : Operation 201 [1/1] (0.00ns)   --->   "%br_ln1755 = br i1 %icmp_ln1072, void %VITIS_LOOP_1761_1.i, void %if.then10.i" [prj/sol/.autopilot/db/v_tpg.cpp:1755->prj/sol/.autopilot/db/v_tpg.cpp:721]   --->   Operation 201 'br' 'br_ln1755' <Predicate = (patternId_val_read == 19 & !icmp_ln1746 & !and_ln1751)> <Delay = 0.00>
ST_2 : Operation 202 [1/1] (0.42ns)   --->   "%store_ln1757 = store i6 0, i6 %yCount_1" [prj/sol/.autopilot/db/v_tpg.cpp:1757->prj/sol/.autopilot/db/v_tpg.cpp:721]   --->   Operation 202 'store' 'store_ln1757' <Predicate = (patternId_val_read == 19 & !icmp_ln1746 & !and_ln1751 & icmp_ln1072)> <Delay = 0.42>
ST_2 : Operation 203 [1/1] (0.78ns)   --->   "%add_ln1753 = add i6 %yCount_1_load, i6 1" [prj/sol/.autopilot/db/v_tpg.cpp:1753->prj/sol/.autopilot/db/v_tpg.cpp:721]   --->   Operation 203 'add' 'add_ln1753' <Predicate = (patternId_val_read == 19 & !icmp_ln1746 & and_ln1751)> <Delay = 0.78> <CoreInst = "Adder">   --->   Core 1 'Adder' <Latency = 0> <II = 1> <Delay = 0.78> <FuncUnit> <Opcode : 'add' 'sub'> <InPorts = 2> <OutPorts = 1>
ST_2 : Operation 204 [1/1] (0.42ns)   --->   "%store_ln1753 = store i6 %add_ln1753, i6 %yCount_1" [prj/sol/.autopilot/db/v_tpg.cpp:1753->prj/sol/.autopilot/db/v_tpg.cpp:721]   --->   Operation 204 'store' 'store_ln1753' <Predicate = (patternId_val_read == 19 & !icmp_ln1746 & and_ln1751)> <Delay = 0.42>
ST_2 : Operation 205 [1/1] (0.00ns)   --->   "%br_ln1754 = br void %VITIS_LOOP_1761_1.i" [prj/sol/.autopilot/db/v_tpg.cpp:1754->prj/sol/.autopilot/db/v_tpg.cpp:721]   --->   Operation 205 'br' 'br_ln1754' <Predicate = (patternId_val_read == 19 & !icmp_ln1746 & and_ln1751)> <Delay = 0.00>
ST_2 : Operation 206 [1/1] (0.00ns)   --->   "%tpgPatternDPColorSquare_unsigned_short_unsigned_short_unsigned_char_unsigned_9 = load i10 %tpgPatternDPColorSquare_unsigned_short_unsigned_short_unsigned_char_unsigned_1" [prj/sol/.autopilot/db/v_tpg.cpp:1768->prj/sol/.autopilot/db/v_tpg.cpp:721]   --->   Operation 206 'load' 'tpgPatternDPColorSquare_unsigned_short_unsigned_short_unsigned_char_unsigned_9' <Predicate = (patternId_val_read == 19 & !icmp_ln1072)> <Delay = 0.00>
ST_2 : Operation 207 [1/1] (0.00ns)   --->   "%trunc_ln1768 = trunc i10 %tpgPatternDPColorSquare_unsigned_short_unsigned_short_unsigned_char_unsigned_9" [prj/sol/.autopilot/db/v_tpg.cpp:1768->prj/sol/.autopilot/db/v_tpg.cpp:721]   --->   Operation 207 'trunc' 'trunc_ln1768' <Predicate = (patternId_val_read == 19 & !icmp_ln1072)> <Delay = 0.00>
ST_2 : Operation 208 [1/1] (0.78ns)   --->   "%icmp_ln1768 = icmp_ult  i10 %tpgPatternDPColorSquare_unsigned_short_unsigned_short_unsigned_char_unsigned_9, i10 62" [prj/sol/.autopilot/db/v_tpg.cpp:1768->prj/sol/.autopilot/db/v_tpg.cpp:721]   --->   Operation 208 'icmp' 'icmp_ln1768' <Predicate = (patternId_val_read == 19 & !icmp_ln1072)> <Delay = 0.78> <CoreInst = "Cmp">   --->   Core 9 'Cmp' <Latency = 0> <II = 1> <Delay = 0.78> <FuncUnit> <Opcode : 'seteq' 'setne' 'setle' 'setge' 'setlt' 'setgt'> <InPorts = 2> <OutPorts = 1>
ST_2 : Operation 209 [1/1] (0.00ns)   --->   "%br_ln1768 = br i1 %icmp_ln1768, void %if.else31.i, void %if.then27.i" [prj/sol/.autopilot/db/v_tpg.cpp:1768->prj/sol/.autopilot/db/v_tpg.cpp:721]   --->   Operation 209 'br' 'br_ln1768' <Predicate = (patternId_val_read == 19 & !icmp_ln1072)> <Delay = 0.00>
ST_2 : Operation 210 [1/1] (0.78ns)   --->   "%add_ln1774 = add i10 %tpgPatternDPColorSquare_unsigned_short_unsigned_short_unsigned_char_unsigned_9, i10 962" [prj/sol/.autopilot/db/v_tpg.cpp:1774->prj/sol/.autopilot/db/v_tpg.cpp:721]   --->   Operation 210 'add' 'add_ln1774' <Predicate = (patternId_val_read == 19 & !icmp_ln1072 & !icmp_ln1768)> <Delay = 0.78> <CoreInst = "Adder">   --->   Core 1 'Adder' <Latency = 0> <II = 1> <Delay = 0.78> <FuncUnit> <Opcode : 'add' 'sub'> <InPorts = 2> <OutPorts = 1>
ST_2 : Operation 211 [1/1] (0.47ns)   --->   "%store_ln1774 = store i10 %add_ln1774, i10 %tpgPatternDPColorSquare_unsigned_short_unsigned_short_unsigned_char_unsigned_1" [prj/sol/.autopilot/db/v_tpg.cpp:1774->prj/sol/.autopilot/db/v_tpg.cpp:721]   --->   Operation 211 'store' 'store_ln1774' <Predicate = (patternId_val_read == 19 & !icmp_ln1072 & !icmp_ln1768)> <Delay = 0.47>
ST_2 : Operation 212 [1/1] (0.78ns)   --->   "%add_ln1770 = add i6 %trunc_ln1768, i6 2" [prj/sol/.autopilot/db/v_tpg.cpp:1770->prj/sol/.autopilot/db/v_tpg.cpp:721]   --->   Operation 212 'add' 'add_ln1770' <Predicate = (patternId_val_read == 19 & !icmp_ln1072 & icmp_ln1768)> <Delay = 0.78> <CoreInst = "Adder">   --->   Core 1 'Adder' <Latency = 0> <II = 1> <Delay = 0.78> <FuncUnit> <Opcode : 'add' 'sub'> <InPorts = 2> <OutPorts = 1>
ST_2 : Operation 213 [1/1] (0.00ns)   --->   "%zext_ln1770 = zext i6 %add_ln1770" [prj/sol/.autopilot/db/v_tpg.cpp:1770->prj/sol/.autopilot/db/v_tpg.cpp:721]   --->   Operation 213 'zext' 'zext_ln1770' <Predicate = (patternId_val_read == 19 & !icmp_ln1072 & icmp_ln1768)> <Delay = 0.00>
ST_2 : Operation 214 [1/1] (0.47ns)   --->   "%store_ln1770 = store i10 %zext_ln1770, i10 %tpgPatternDPColorSquare_unsigned_short_unsigned_short_unsigned_char_unsigned_1" [prj/sol/.autopilot/db/v_tpg.cpp:1770->prj/sol/.autopilot/db/v_tpg.cpp:721]   --->   Operation 214 'store' 'store_ln1770' <Predicate = (patternId_val_read == 19 & !icmp_ln1072 & icmp_ln1768)> <Delay = 0.47>
ST_2 : Operation 215 [1/1] (0.00ns)   --->   "%br_ln1771 = br void %if.end44.i_ifconv" [prj/sol/.autopilot/db/v_tpg.cpp:1771->prj/sol/.autopilot/db/v_tpg.cpp:721]   --->   Operation 215 'br' 'br_ln1771' <Predicate = (patternId_val_read == 19 & !icmp_ln1072 & icmp_ln1768)> <Delay = 0.00>
ST_2 : Operation 216 [1/1] (0.00ns)   --->   "%tpgPatternDPColorSquare_unsigned_short_unsigned_short_unsigned_char_unsigned_7 = load i10 %tpgPatternDPColorSquare_unsigned_short_unsigned_short_unsigned_char_unsigned_s" [prj/sol/.autopilot/db/v_tpg.cpp:1768->prj/sol/.autopilot/db/v_tpg.cpp:721]   --->   Operation 216 'load' 'tpgPatternDPColorSquare_unsigned_short_unsigned_short_unsigned_char_unsigned_7' <Predicate = (patternId_val_read == 19 & !icmp_ln1072)> <Delay = 0.00>
ST_2 : Operation 217 [1/1] (0.00ns)   --->   "%trunc_ln1768_1 = trunc i10 %tpgPatternDPColorSquare_unsigned_short_unsigned_short_unsigned_char_unsigned_7" [prj/sol/.autopilot/db/v_tpg.cpp:1768->prj/sol/.autopilot/db/v_tpg.cpp:721]   --->   Operation 217 'trunc' 'trunc_ln1768_1' <Predicate = (patternId_val_read == 19 & !icmp_ln1072)> <Delay = 0.00>
ST_2 : Operation 218 [1/1] (0.78ns)   --->   "%icmp_ln1768_1 = icmp_ult  i10 %tpgPatternDPColorSquare_unsigned_short_unsigned_short_unsigned_char_unsigned_7, i10 62" [prj/sol/.autopilot/db/v_tpg.cpp:1768->prj/sol/.autopilot/db/v_tpg.cpp:721]   --->   Operation 218 'icmp' 'icmp_ln1768_1' <Predicate = (patternId_val_read == 19 & !icmp_ln1072)> <Delay = 0.78> <CoreInst = "Cmp">   --->   Core 9 'Cmp' <Latency = 0> <II = 1> <Delay = 0.78> <FuncUnit> <Opcode : 'seteq' 'setne' 'setle' 'setge' 'setlt' 'setgt'> <InPorts = 2> <OutPorts = 1>
ST_2 : Operation 219 [1/1] (0.00ns)   --->   "%br_ln1768 = br i1 %icmp_ln1768_1, void %if.else31.1.i, void %if.then27.1.i" [prj/sol/.autopilot/db/v_tpg.cpp:1768->prj/sol/.autopilot/db/v_tpg.cpp:721]   --->   Operation 219 'br' 'br_ln1768' <Predicate = (patternId_val_read == 19 & !icmp_ln1072)> <Delay = 0.00>
ST_2 : Operation 220 [1/1] (0.78ns)   --->   "%add_ln1774_1 = add i10 %tpgPatternDPColorSquare_unsigned_short_unsigned_short_unsigned_char_unsigned_7, i10 962" [prj/sol/.autopilot/db/v_tpg.cpp:1774->prj/sol/.autopilot/db/v_tpg.cpp:721]   --->   Operation 220 'add' 'add_ln1774_1' <Predicate = (patternId_val_read == 19 & !icmp_ln1072 & !icmp_ln1768_1)> <Delay = 0.78> <CoreInst = "Adder">   --->   Core 1 'Adder' <Latency = 0> <II = 1> <Delay = 0.78> <FuncUnit> <Opcode : 'add' 'sub'> <InPorts = 2> <OutPorts = 1>
ST_2 : Operation 221 [1/1] (0.47ns)   --->   "%store_ln1774 = store i10 %add_ln1774_1, i10 %tpgPatternDPColorSquare_unsigned_short_unsigned_short_unsigned_char_unsigned_s" [prj/sol/.autopilot/db/v_tpg.cpp:1774->prj/sol/.autopilot/db/v_tpg.cpp:721]   --->   Operation 221 'store' 'store_ln1774' <Predicate = (patternId_val_read == 19 & !icmp_ln1072 & !icmp_ln1768_1)> <Delay = 0.47>
ST_2 : Operation 222 [1/1] (0.78ns)   --->   "%add_ln1770_1 = add i6 %trunc_ln1768_1, i6 2" [prj/sol/.autopilot/db/v_tpg.cpp:1770->prj/sol/.autopilot/db/v_tpg.cpp:721]   --->   Operation 222 'add' 'add_ln1770_1' <Predicate = (patternId_val_read == 19 & !icmp_ln1072 & icmp_ln1768_1)> <Delay = 0.78> <CoreInst = "Adder">   --->   Core 1 'Adder' <Latency = 0> <II = 1> <Delay = 0.78> <FuncUnit> <Opcode : 'add' 'sub'> <InPorts = 2> <OutPorts = 1>
ST_2 : Operation 223 [1/1] (0.00ns)   --->   "%zext_ln1770_1 = zext i6 %add_ln1770_1" [prj/sol/.autopilot/db/v_tpg.cpp:1770->prj/sol/.autopilot/db/v_tpg.cpp:721]   --->   Operation 223 'zext' 'zext_ln1770_1' <Predicate = (patternId_val_read == 19 & !icmp_ln1072 & icmp_ln1768_1)> <Delay = 0.00>
ST_2 : Operation 224 [1/1] (0.47ns)   --->   "%store_ln1770 = store i10 %zext_ln1770_1, i10 %tpgPatternDPColorSquare_unsigned_short_unsigned_short_unsigned_char_unsigned_s" [prj/sol/.autopilot/db/v_tpg.cpp:1770->prj/sol/.autopilot/db/v_tpg.cpp:721]   --->   Operation 224 'store' 'store_ln1770' <Predicate = (patternId_val_read == 19 & !icmp_ln1072 & icmp_ln1768_1)> <Delay = 0.47>
ST_2 : Operation 225 [1/1] (0.00ns)   --->   "%br_ln1771 = br void %if.end44.1.i" [prj/sol/.autopilot/db/v_tpg.cpp:1771->prj/sol/.autopilot/db/v_tpg.cpp:721]   --->   Operation 225 'br' 'br_ln1771' <Predicate = (patternId_val_read == 19 & !icmp_ln1072 & icmp_ln1768_1)> <Delay = 0.00>
ST_2 : Operation 226 [1/1] (0.00ns)   --->   "%yCount_3_load = load i10 %yCount_3" [prj/sol/.autopilot/db/v_tpg.cpp:1568->prj/sol/.autopilot/db/v_tpg.cpp:697]   --->   Operation 226 'load' 'yCount_3_load' <Predicate = (patternId_val_read == 15 & !icmp_ln1563)> <Delay = 0.00>
ST_2 : Operation 227 [1/1] (0.00ns)   --->   "%zext_ln1568 = zext i10 %yCount_3_load" [prj/sol/.autopilot/db/v_tpg.cpp:1568->prj/sol/.autopilot/db/v_tpg.cpp:697]   --->   Operation 227 'zext' 'zext_ln1568' <Predicate = (patternId_val_read == 15 & !icmp_ln1563)> <Delay = 0.00>
ST_2 : Operation 228 [1/1] (0.79ns)   --->   "%icmp_ln1568 = icmp_sgt  i11 %add_ln1386_read, i11 %zext_ln1568" [prj/sol/.autopilot/db/v_tpg.cpp:1568->prj/sol/.autopilot/db/v_tpg.cpp:697]   --->   Operation 228 'icmp' 'icmp_ln1568' <Predicate = (patternId_val_read == 15 & !icmp_ln1563)> <Delay = 0.79> <CoreInst = "Cmp">   --->   Core 9 'Cmp' <Latency = 0> <II = 1> <Delay = 0.79> <FuncUnit> <Opcode : 'seteq' 'setne' 'setle' 'setge' 'setlt' 'setgt'> <InPorts = 2> <OutPorts = 1>
ST_2 : Operation 229 [1/1] (0.28ns)   --->   "%and_ln1568 = and i1 %icmp_ln1568, i1 %icmp_ln1072" [prj/sol/.autopilot/db/v_tpg.cpp:1568->prj/sol/.autopilot/db/v_tpg.cpp:697]   --->   Operation 229 'and' 'and_ln1568' <Predicate = (patternId_val_read == 15 & !icmp_ln1563)> <Delay = 0.28> <CoreInst = "LogicGate">   --->   Core 74 'LogicGate' <Latency = 0> <II = 1> <Delay = 0.28> <FuncUnit> <Opcode : 'and' 'or' 'xor'> <InPorts = 2> <OutPorts = 1>
ST_2 : Operation 230 [1/1] (0.00ns)   --->   "%br_ln1568 = br i1 %and_ln1568, void %if.else14.i, void %if.then13.i21" [prj/sol/.autopilot/db/v_tpg.cpp:1568->prj/sol/.autopilot/db/v_tpg.cpp:697]   --->   Operation 230 'br' 'br_ln1568' <Predicate = (patternId_val_read == 15 & !icmp_ln1563)> <Delay = 0.00>
ST_2 : Operation 231 [1/1] (0.00ns)   --->   "%br_ln1572 = br i1 %icmp_ln1072, void %VITIS_LOOP_1578_1.i, void %if.then17.i" [prj/sol/.autopilot/db/v_tpg.cpp:1572->prj/sol/.autopilot/db/v_tpg.cpp:697]   --->   Operation 231 'br' 'br_ln1572' <Predicate = (patternId_val_read == 15 & !icmp_ln1563 & !and_ln1568)> <Delay = 0.00>
ST_2 : Operation 232 [1/1] (0.42ns)   --->   "%store_ln1574 = store i10 0, i10 %yCount_3" [prj/sol/.autopilot/db/v_tpg.cpp:1574->prj/sol/.autopilot/db/v_tpg.cpp:697]   --->   Operation 232 'store' 'store_ln1574' <Predicate = (patternId_val_read == 15 & icmp_ln1072 & !icmp_ln1563 & !and_ln1568)> <Delay = 0.42>
ST_2 : Operation 233 [1/1] (0.78ns)   --->   "%add_ln1570 = add i10 %yCount_3_load, i10 1" [prj/sol/.autopilot/db/v_tpg.cpp:1570->prj/sol/.autopilot/db/v_tpg.cpp:697]   --->   Operation 233 'add' 'add_ln1570' <Predicate = (patternId_val_read == 15 & !icmp_ln1563 & and_ln1568)> <Delay = 0.78> <CoreInst = "Adder">   --->   Core 1 'Adder' <Latency = 0> <II = 1> <Delay = 0.78> <FuncUnit> <Opcode : 'add' 'sub'> <InPorts = 2> <OutPorts = 1>
ST_2 : Operation 234 [1/1] (0.42ns)   --->   "%store_ln1570 = store i10 %add_ln1570, i10 %yCount_3" [prj/sol/.autopilot/db/v_tpg.cpp:1570->prj/sol/.autopilot/db/v_tpg.cpp:697]   --->   Operation 234 'store' 'store_ln1570' <Predicate = (patternId_val_read == 15 & !icmp_ln1563 & and_ln1568)> <Delay = 0.42>
ST_2 : Operation 235 [1/1] (0.00ns)   --->   "%br_ln1571 = br void %VITIS_LOOP_1578_1.i" [prj/sol/.autopilot/db/v_tpg.cpp:1571->prj/sol/.autopilot/db/v_tpg.cpp:697]   --->   Operation 235 'br' 'br_ln1571' <Predicate = (patternId_val_read == 15 & !icmp_ln1563 & and_ln1568)> <Delay = 0.00>
ST_2 : Operation 236 [1/1] (0.00ns)   --->   "%tpgPatternCheckerBoard_unsigned_short_unsigned_short_unsigned_short_unsigned_9 = load i10 %tpgPatternCheckerBoard_unsigned_short_unsigned_short_unsigned_short_unsigned_1" [prj/sol/.autopilot/db/v_tpg.cpp:1586->prj/sol/.autopilot/db/v_tpg.cpp:697]   --->   Operation 236 'load' 'tpgPatternCheckerBoard_unsigned_short_unsigned_short_unsigned_short_unsigned_9' <Predicate = (patternId_val_read == 15 & !icmp_ln1072)> <Delay = 0.00>
ST_2 : Operation 237 [1/1] (0.78ns)   --->   "%icmp_ln1586 = icmp_ult  i10 %tpgPatternCheckerBoard_unsigned_short_unsigned_short_unsigned_short_unsigned_9, i10 %barWidthMinSamples_read" [prj/sol/.autopilot/db/v_tpg.cpp:1586->prj/sol/.autopilot/db/v_tpg.cpp:697]   --->   Operation 237 'icmp' 'icmp_ln1586' <Predicate = (patternId_val_read == 15 & !icmp_ln1072)> <Delay = 0.78> <CoreInst = "Cmp">   --->   Core 9 'Cmp' <Latency = 0> <II = 1> <Delay = 0.78> <FuncUnit> <Opcode : 'seteq' 'setne' 'setle' 'setge' 'setlt' 'setgt'> <InPorts = 2> <OutPorts = 1>
ST_2 : Operation 238 [1/1] (0.00ns)   --->   "%br_ln1586 = br i1 %icmp_ln1586, void %if.else36.i, void %if.then32.i" [prj/sol/.autopilot/db/v_tpg.cpp:1586->prj/sol/.autopilot/db/v_tpg.cpp:697]   --->   Operation 238 'br' 'br_ln1586' <Predicate = (patternId_val_read == 15 & !icmp_ln1072)> <Delay = 0.00>
ST_2 : Operation 239 [1/1] (0.78ns)   --->   "%sub_ln1592 = sub i10 %tpgPatternCheckerBoard_unsigned_short_unsigned_short_unsigned_short_unsigned_9, i10 %barWidthMinSamples_read" [prj/sol/.autopilot/db/v_tpg.cpp:1592->prj/sol/.autopilot/db/v_tpg.cpp:697]   --->   Operation 239 'sub' 'sub_ln1592' <Predicate = (patternId_val_read == 15 & !icmp_ln1072 & !icmp_ln1586)> <Delay = 0.78> <CoreInst = "Adder">   --->   Core 1 'Adder' <Latency = 0> <II = 1> <Delay = 0.78> <FuncUnit> <Opcode : 'add' 'sub'> <InPorts = 2> <OutPorts = 1>
ST_2 : Operation 240 [1/1] (0.47ns)   --->   "%store_ln1592 = store i10 %sub_ln1592, i10 %tpgPatternCheckerBoard_unsigned_short_unsigned_short_unsigned_short_unsigned_1" [prj/sol/.autopilot/db/v_tpg.cpp:1592->prj/sol/.autopilot/db/v_tpg.cpp:697]   --->   Operation 240 'store' 'store_ln1592' <Predicate = (patternId_val_read == 15 & !icmp_ln1072 & !icmp_ln1586)> <Delay = 0.47>
ST_2 : Operation 241 [1/1] (0.78ns)   --->   "%add_ln1588 = add i10 %tpgPatternCheckerBoard_unsigned_short_unsigned_short_unsigned_short_unsigned_9, i10 2" [prj/sol/.autopilot/db/v_tpg.cpp:1588->prj/sol/.autopilot/db/v_tpg.cpp:697]   --->   Operation 241 'add' 'add_ln1588' <Predicate = (patternId_val_read == 15 & !icmp_ln1072 & icmp_ln1586)> <Delay = 0.78> <CoreInst = "Adder">   --->   Core 1 'Adder' <Latency = 0> <II = 1> <Delay = 0.78> <FuncUnit> <Opcode : 'add' 'sub'> <InPorts = 2> <OutPorts = 1>
ST_2 : Operation 242 [1/1] (0.47ns)   --->   "%store_ln1588 = store i10 %add_ln1588, i10 %tpgPatternCheckerBoard_unsigned_short_unsigned_short_unsigned_short_unsigned_1" [prj/sol/.autopilot/db/v_tpg.cpp:1588->prj/sol/.autopilot/db/v_tpg.cpp:697]   --->   Operation 242 'store' 'store_ln1588' <Predicate = (patternId_val_read == 15 & !icmp_ln1072 & icmp_ln1586)> <Delay = 0.47>
ST_2 : Operation 243 [1/1] (0.00ns)   --->   "%br_ln1589 = br void %if.end48.i_ifconv" [prj/sol/.autopilot/db/v_tpg.cpp:1589->prj/sol/.autopilot/db/v_tpg.cpp:697]   --->   Operation 243 'br' 'br_ln1589' <Predicate = (patternId_val_read == 15 & !icmp_ln1072 & icmp_ln1586)> <Delay = 0.00>
ST_2 : Operation 244 [1/1] (0.00ns)   --->   "%tpgPatternCheckerBoard_unsigned_short_unsigned_short_unsigned_short_unsigned_7 = load i10 %tpgPatternCheckerBoard_unsigned_short_unsigned_short_unsigned_short_unsigned_s" [prj/sol/.autopilot/db/v_tpg.cpp:1586->prj/sol/.autopilot/db/v_tpg.cpp:697]   --->   Operation 244 'load' 'tpgPatternCheckerBoard_unsigned_short_unsigned_short_unsigned_short_unsigned_7' <Predicate = (patternId_val_read == 15 & !icmp_ln1072)> <Delay = 0.00>
ST_2 : Operation 245 [1/1] (0.78ns)   --->   "%icmp_ln1586_1 = icmp_ult  i10 %tpgPatternCheckerBoard_unsigned_short_unsigned_short_unsigned_short_unsigned_7, i10 %barWidthMinSamples_read" [prj/sol/.autopilot/db/v_tpg.cpp:1586->prj/sol/.autopilot/db/v_tpg.cpp:697]   --->   Operation 245 'icmp' 'icmp_ln1586_1' <Predicate = (patternId_val_read == 15 & !icmp_ln1072)> <Delay = 0.78> <CoreInst = "Cmp">   --->   Core 9 'Cmp' <Latency = 0> <II = 1> <Delay = 0.78> <FuncUnit> <Opcode : 'seteq' 'setne' 'setle' 'setge' 'setlt' 'setgt'> <InPorts = 2> <OutPorts = 1>
ST_2 : Operation 246 [1/1] (0.00ns)   --->   "%br_ln1586 = br i1 %icmp_ln1586_1, void %if.else36.1.i, void %if.then32.1.i" [prj/sol/.autopilot/db/v_tpg.cpp:1586->prj/sol/.autopilot/db/v_tpg.cpp:697]   --->   Operation 246 'br' 'br_ln1586' <Predicate = (patternId_val_read == 15 & !icmp_ln1072)> <Delay = 0.00>
ST_2 : Operation 247 [1/1] (0.78ns)   --->   "%sub_ln1592_1 = sub i10 %tpgPatternCheckerBoard_unsigned_short_unsigned_short_unsigned_short_unsigned_7, i10 %barWidthMinSamples_read" [prj/sol/.autopilot/db/v_tpg.cpp:1592->prj/sol/.autopilot/db/v_tpg.cpp:697]   --->   Operation 247 'sub' 'sub_ln1592_1' <Predicate = (patternId_val_read == 15 & !icmp_ln1072 & !icmp_ln1586_1)> <Delay = 0.78> <CoreInst = "Adder">   --->   Core 1 'Adder' <Latency = 0> <II = 1> <Delay = 0.78> <FuncUnit> <Opcode : 'add' 'sub'> <InPorts = 2> <OutPorts = 1>
ST_2 : Operation 248 [1/1] (0.47ns)   --->   "%store_ln1592 = store i10 %sub_ln1592_1, i10 %tpgPatternCheckerBoard_unsigned_short_unsigned_short_unsigned_short_unsigned_s" [prj/sol/.autopilot/db/v_tpg.cpp:1592->prj/sol/.autopilot/db/v_tpg.cpp:697]   --->   Operation 248 'store' 'store_ln1592' <Predicate = (patternId_val_read == 15 & !icmp_ln1072 & !icmp_ln1586_1)> <Delay = 0.47>
ST_2 : Operation 249 [1/1] (0.78ns)   --->   "%add_ln1588_1 = add i10 %tpgPatternCheckerBoard_unsigned_short_unsigned_short_unsigned_short_unsigned_7, i10 2" [prj/sol/.autopilot/db/v_tpg.cpp:1588->prj/sol/.autopilot/db/v_tpg.cpp:697]   --->   Operation 249 'add' 'add_ln1588_1' <Predicate = (patternId_val_read == 15 & !icmp_ln1072 & icmp_ln1586_1)> <Delay = 0.78> <CoreInst = "Adder">   --->   Core 1 'Adder' <Latency = 0> <II = 1> <Delay = 0.78> <FuncUnit> <Opcode : 'add' 'sub'> <InPorts = 2> <OutPorts = 1>
ST_2 : Operation 250 [1/1] (0.47ns)   --->   "%store_ln1588 = store i10 %add_ln1588_1, i10 %tpgPatternCheckerBoard_unsigned_short_unsigned_short_unsigned_short_unsigned_s" [prj/sol/.autopilot/db/v_tpg.cpp:1588->prj/sol/.autopilot/db/v_tpg.cpp:697]   --->   Operation 250 'store' 'store_ln1588' <Predicate = (patternId_val_read == 15 & !icmp_ln1072 & icmp_ln1586_1)> <Delay = 0.47>
ST_2 : Operation 251 [1/1] (0.00ns)   --->   "%br_ln1589 = br void %if.end48.1.i" [prj/sol/.autopilot/db/v_tpg.cpp:1589->prj/sol/.autopilot/db/v_tpg.cpp:697]   --->   Operation 251 'br' 'br_ln1589' <Predicate = (patternId_val_read == 15 & !icmp_ln1072 & icmp_ln1586_1)> <Delay = 0.00>
ST_2 : Operation 252 [14/15] (1.23ns)   --->   "%urem_ln1281 = urem i11 %x_7, i11 3" [prj/sol/.autopilot/db/v_tpg.cpp:1281->prj/sol/.autopilot/db/v_tpg.cpp:681]   --->   Operation 252 'urem' 'urem_ln1281' <Predicate = (patternId_val_read == 13)> <Delay = 1.23> <CoreInst = "Divider">   --->   Core 6 'Divider' <Latency = 14> <II = 1> <Delay = 1.23> <FuncUnit> <Opcode : 'udiv' 'sdiv' 'urem' 'srem'> <InPorts = 2> <OutPorts = 1>
ST_2 : Operation 253 [14/15] (1.23ns)   --->   "%urem_ln1285 = urem i11 %add_ln1281_1, i11 3" [prj/sol/.autopilot/db/v_tpg.cpp:1285->prj/sol/.autopilot/db/v_tpg.cpp:681]   --->   Operation 253 'urem' 'urem_ln1285' <Predicate = (patternId_val_read == 13)> <Delay = 1.23> <CoreInst = "Divider">   --->   Core 6 'Divider' <Latency = 14> <II = 1> <Delay = 1.23> <FuncUnit> <Opcode : 'udiv' 'sdiv' 'urem' 'srem'> <InPorts = 2> <OutPorts = 1>
ST_2 : Operation 254 [14/15] (1.23ns)   --->   "%urem_ln1289 = urem i11 %add_ln1281, i11 3" [prj/sol/.autopilot/db/v_tpg.cpp:1289->prj/sol/.autopilot/db/v_tpg.cpp:681]   --->   Operation 254 'urem' 'urem_ln1289' <Predicate = (patternId_val_read == 13)> <Delay = 1.23> <CoreInst = "Divider">   --->   Core 6 'Divider' <Latency = 14> <II = 1> <Delay = 1.23> <FuncUnit> <Opcode : 'udiv' 'sdiv' 'urem' 'srem'> <InPorts = 2> <OutPorts = 1>
ST_2 : Operation 255 [14/15] (1.23ns)   --->   "%urem_ln1281_1 = urem i11 %xk_1, i11 3" [prj/sol/.autopilot/db/v_tpg.cpp:1281->prj/sol/.autopilot/db/v_tpg.cpp:681]   --->   Operation 255 'urem' 'urem_ln1281_1' <Predicate = (patternId_val_read == 13)> <Delay = 1.23> <CoreInst = "Divider">   --->   Core 6 'Divider' <Latency = 14> <II = 1> <Delay = 1.23> <FuncUnit> <Opcode : 'udiv' 'sdiv' 'urem' 'srem'> <InPorts = 2> <OutPorts = 1>
ST_2 : Operation 256 [14/15] (1.23ns)   --->   "%urem_ln1285_1 = urem i11 %add_ln1281_4, i11 3" [prj/sol/.autopilot/db/v_tpg.cpp:1285->prj/sol/.autopilot/db/v_tpg.cpp:681]   --->   Operation 256 'urem' 'urem_ln1285_1' <Predicate = (patternId_val_read == 13)> <Delay = 1.23> <CoreInst = "Divider">   --->   Core 6 'Divider' <Latency = 14> <II = 1> <Delay = 1.23> <FuncUnit> <Opcode : 'udiv' 'sdiv' 'urem' 'srem'> <InPorts = 2> <OutPorts = 1>
ST_2 : Operation 257 [14/15] (1.23ns)   --->   "%urem_ln1289_1 = urem i11 %add_ln1281_3, i11 3" [prj/sol/.autopilot/db/v_tpg.cpp:1289->prj/sol/.autopilot/db/v_tpg.cpp:681]   --->   Operation 257 'urem' 'urem_ln1289_1' <Predicate = (patternId_val_read == 13)> <Delay = 1.23> <CoreInst = "Divider">   --->   Core 6 'Divider' <Latency = 14> <II = 1> <Delay = 1.23> <FuncUnit> <Opcode : 'udiv' 'sdiv' 'urem' 'srem'> <InPorts = 2> <OutPorts = 1>
ST_2 : Operation 258 [2/2] (0.00ns)   --->   "%barWidthMinSamples_delayed = call i10 @reg<ap_uint<10> >, i10 %barWidthMinSamples_read" [prj/sol/.autopilot/db/v_tpg.cpp:1442->prj/sol/.autopilot/db/v_tpg.cpp:673]   --->   Operation 258 'call' 'barWidthMinSamples_delayed' <Predicate = (icmp_ln565 & patternId_val_read == 12)> <Delay = 0.00> <CoreType = "Generic">   --->   Generic Core
ST_2 : Operation 259 [1/1] (0.00ns)   --->   "%yCount_2_load = load i10 %yCount_2" [prj/sol/.autopilot/db/v_tpg.cpp:1454->prj/sol/.autopilot/db/v_tpg.cpp:673]   --->   Operation 259 'load' 'yCount_2_load' <Predicate = (patternId_val_read == 12 & !icmp_ln1449 & !and_ln1449) | (patternId_val_read == 12 & !icmp_ln1072 & icmp_ln1449)> <Delay = 0.00>
ST_2 : Operation 260 [1/1] (0.00ns)   --->   "%zext_ln1454 = zext i10 %yCount_2_load" [prj/sol/.autopilot/db/v_tpg.cpp:1454->prj/sol/.autopilot/db/v_tpg.cpp:673]   --->   Operation 260 'zext' 'zext_ln1454' <Predicate = (patternId_val_read == 12 & !icmp_ln1449 & !and_ln1449) | (patternId_val_read == 12 & !icmp_ln1072 & icmp_ln1449)> <Delay = 0.00>
ST_2 : Operation 261 [1/1] (0.79ns)   --->   "%icmp_ln1454 = icmp_eq  i11 %add_ln1386_read, i11 %zext_ln1454" [prj/sol/.autopilot/db/v_tpg.cpp:1454->prj/sol/.autopilot/db/v_tpg.cpp:673]   --->   Operation 261 'icmp' 'icmp_ln1454' <Predicate = (patternId_val_read == 12 & !icmp_ln1449 & !and_ln1449) | (patternId_val_read == 12 & !icmp_ln1072 & icmp_ln1449)> <Delay = 0.79> <CoreInst = "Cmp">   --->   Core 9 'Cmp' <Latency = 0> <II = 1> <Delay = 0.79> <FuncUnit> <Opcode : 'seteq' 'setne' 'setle' 'setge' 'setlt' 'setgt'> <InPorts = 2> <OutPorts = 1>
ST_2 : Operation 262 [1/1] (0.28ns)   --->   "%and_ln1454 = and i1 %icmp_ln1454, i1 %icmp_ln1072" [prj/sol/.autopilot/db/v_tpg.cpp:1454->prj/sol/.autopilot/db/v_tpg.cpp:673]   --->   Operation 262 'and' 'and_ln1454' <Predicate = (patternId_val_read == 12 & !icmp_ln1449 & !and_ln1449) | (patternId_val_read == 12 & !icmp_ln1072 & icmp_ln1449)> <Delay = 0.28> <CoreInst = "LogicGate">   --->   Core 74 'LogicGate' <Latency = 0> <II = 1> <Delay = 0.28> <FuncUnit> <Opcode : 'and' 'or' 'xor'> <InPorts = 2> <OutPorts = 1>
ST_2 : Operation 263 [1/1] (0.00ns)   --->   "%br_ln1454 = br i1 %and_ln1454, void %if.else19.i, void %if.then17.i69" [prj/sol/.autopilot/db/v_tpg.cpp:1454->prj/sol/.autopilot/db/v_tpg.cpp:673]   --->   Operation 263 'br' 'br_ln1454' <Predicate = (patternId_val_read == 12 & !icmp_ln1449 & !and_ln1449) | (patternId_val_read == 12 & !icmp_ln1072 & icmp_ln1449)> <Delay = 0.00>
ST_2 : Operation 264 [1/1] (0.00ns)   --->   "%br_ln1459 = br i1 %icmp_ln1072, void %if.end.i71, void %if.then22.i" [prj/sol/.autopilot/db/v_tpg.cpp:1459->prj/sol/.autopilot/db/v_tpg.cpp:673]   --->   Operation 264 'br' 'br_ln1459' <Predicate = (patternId_val_read == 12 & !icmp_ln1449 & !and_ln1449 & !and_ln1454) | (patternId_val_read == 12 & !icmp_ln1072 & icmp_ln1449 & !and_ln1454)> <Delay = 0.00>
ST_2 : Operation 265 [1/1] (0.78ns)   --->   "%add_ln1461 = add i10 %yCount_2_load, i10 1" [prj/sol/.autopilot/db/v_tpg.cpp:1461->prj/sol/.autopilot/db/v_tpg.cpp:673]   --->   Operation 265 'add' 'add_ln1461' <Predicate = (patternId_val_read == 12 & icmp_ln1072 & !icmp_ln1449 & !and_ln1449 & !and_ln1454)> <Delay = 0.78> <CoreInst = "Adder">   --->   Core 1 'Adder' <Latency = 0> <II = 1> <Delay = 0.78> <FuncUnit> <Opcode : 'add' 'sub'> <InPorts = 2> <OutPorts = 1>
ST_2 : Operation 266 [1/1] (0.42ns)   --->   "%store_ln1461 = store i10 %add_ln1461, i10 %yCount_2" [prj/sol/.autopilot/db/v_tpg.cpp:1461->prj/sol/.autopilot/db/v_tpg.cpp:673]   --->   Operation 266 'store' 'store_ln1461' <Predicate = (patternId_val_read == 12 & icmp_ln1072 & !icmp_ln1449 & !and_ln1449 & !and_ln1454)> <Delay = 0.42>
ST_2 : Operation 267 [1/1] (0.00ns)   --->   "%br_ln0 = br void %if.end23.i"   --->   Operation 267 'br' 'br_ln0' <Predicate = (patternId_val_read == 12 & !icmp_ln1449 & !and_ln1449 & !and_ln1454) | (patternId_val_read == 12 & !icmp_ln1072 & icmp_ln1449 & !and_ln1454)> <Delay = 0.00>
ST_2 : Operation 268 [1/1] (0.42ns)   --->   "%store_ln1456 = store i10 0, i10 %yCount_2" [prj/sol/.autopilot/db/v_tpg.cpp:1456->prj/sol/.autopilot/db/v_tpg.cpp:673]   --->   Operation 268 'store' 'store_ln1456' <Predicate = (patternId_val_read == 12 & !icmp_ln1449 & !and_ln1449 & and_ln1454) | (patternId_val_read == 12 & !icmp_ln1072 & icmp_ln1449 & and_ln1454)> <Delay = 0.42>
ST_2 : Operation 269 [1/1] (0.47ns)   --->   "%store_ln1476 = store i10 0, i10 %tpgPatternCrossHatch_unsigned_short_unsigned_short_unsigned_short_unsigned_sh_1" [prj/sol/.autopilot/db/v_tpg.cpp:1476->prj/sol/.autopilot/db/v_tpg.cpp:673]   --->   Operation 269 'store' 'store_ln1476' <Predicate = (icmp_ln565 & patternId_val_read == 12 & !icmp_ln1072 & icmp_ln1473)> <Delay = 0.47>
ST_2 : Operation 270 [1/1] (0.42ns)   --->   "%br_ln1477 = br void %if.end64.i" [prj/sol/.autopilot/db/v_tpg.cpp:1477->prj/sol/.autopilot/db/v_tpg.cpp:673]   --->   Operation 270 'br' 'br_ln1477' <Predicate = (icmp_ln565 & patternId_val_read == 12 & !icmp_ln1072 & icmp_ln1473)> <Delay = 0.42>
ST_2 : Operation 271 [1/1] (0.47ns)   --->   "%store_ln1471 = store i10 0, i10 %tpgPatternCrossHatch_unsigned_short_unsigned_short_unsigned_short_unsigned_sh_1" [prj/sol/.autopilot/db/v_tpg.cpp:1471->prj/sol/.autopilot/db/v_tpg.cpp:673]   --->   Operation 271 'store' 'store_ln1471' <Predicate = (icmp_ln565 & patternId_val_read == 12 & icmp_ln1072)> <Delay = 0.47>
ST_2 : Operation 272 [1/1] (0.42ns)   --->   "%br_ln1472 = br void %if.end64.i" [prj/sol/.autopilot/db/v_tpg.cpp:1472->prj/sol/.autopilot/db/v_tpg.cpp:673]   --->   Operation 272 'br' 'br_ln1472' <Predicate = (icmp_ln565 & patternId_val_read == 12 & icmp_ln1072)> <Delay = 0.42>
ST_2 : Operation 273 [1/1] (0.52ns)   --->   "%store_ln1476 = store i10 1, i10 %tpgPatternCrossHatch_unsigned_short_unsigned_short_unsigned_short_unsigned_sh" [prj/sol/.autopilot/db/v_tpg.cpp:1476->prj/sol/.autopilot/db/v_tpg.cpp:673]   --->   Operation 273 'store' 'store_ln1476' <Predicate = (icmp_ln565 & patternId_val_read == 12 & !icmp_ln1072 & icmp_ln1473_1)> <Delay = 0.52>
ST_2 : Operation 274 [1/1] (0.42ns)   --->   "%br_ln1477 = br void %if.end64.1.i" [prj/sol/.autopilot/db/v_tpg.cpp:1477->prj/sol/.autopilot/db/v_tpg.cpp:673]   --->   Operation 274 'br' 'br_ln1477' <Predicate = (icmp_ln565 & patternId_val_read == 12 & !icmp_ln1072 & icmp_ln1473_1)> <Delay = 0.42>
ST_2 : Operation 275 [1/1] (0.52ns)   --->   "%store_ln1471 = store i10 1, i10 %tpgPatternCrossHatch_unsigned_short_unsigned_short_unsigned_short_unsigned_sh" [prj/sol/.autopilot/db/v_tpg.cpp:1471->prj/sol/.autopilot/db/v_tpg.cpp:673]   --->   Operation 275 'store' 'store_ln1471' <Predicate = (icmp_ln565 & patternId_val_read == 12 & icmp_ln1072)> <Delay = 0.52>
ST_2 : Operation 276 [1/1] (0.42ns)   --->   "%br_ln1472 = br void %if.end64.1.i" [prj/sol/.autopilot/db/v_tpg.cpp:1472->prj/sol/.autopilot/db/v_tpg.cpp:673]   --->   Operation 276 'br' 'br_ln1472' <Predicate = (icmp_ln565 & patternId_val_read == 12 & icmp_ln1072)> <Delay = 0.42>
ST_2 : Operation 277 [1/1] (0.00ns)   --->   "%yCount_load = load i10 %yCount" [prj/sol/.autopilot/db/v_tpg.cpp:1386->prj/sol/.autopilot/db/v_tpg.cpp:665]   --->   Operation 277 'load' 'yCount_load' <Predicate = (patternId_val_read == 11 & !icmp_ln1381)> <Delay = 0.00>
ST_2 : Operation 278 [1/1] (0.00ns)   --->   "%zext_ln1386 = zext i10 %yCount_load" [prj/sol/.autopilot/db/v_tpg.cpp:1386->prj/sol/.autopilot/db/v_tpg.cpp:665]   --->   Operation 278 'zext' 'zext_ln1386' <Predicate = (patternId_val_read == 11 & !icmp_ln1381)> <Delay = 0.00>
ST_2 : Operation 279 [1/1] (0.79ns)   --->   "%icmp_ln1386 = icmp_sgt  i11 %add_ln1386_read, i11 %zext_ln1386" [prj/sol/.autopilot/db/v_tpg.cpp:1386->prj/sol/.autopilot/db/v_tpg.cpp:665]   --->   Operation 279 'icmp' 'icmp_ln1386' <Predicate = (patternId_val_read == 11 & !icmp_ln1381)> <Delay = 0.79> <CoreInst = "Cmp">   --->   Core 9 'Cmp' <Latency = 0> <II = 1> <Delay = 0.79> <FuncUnit> <Opcode : 'seteq' 'setne' 'setle' 'setge' 'setlt' 'setgt'> <InPorts = 2> <OutPorts = 1>
ST_2 : Operation 280 [1/1] (0.28ns)   --->   "%and_ln1386 = and i1 %icmp_ln1386, i1 %icmp_ln1072" [prj/sol/.autopilot/db/v_tpg.cpp:1386->prj/sol/.autopilot/db/v_tpg.cpp:665]   --->   Operation 280 'and' 'and_ln1386' <Predicate = (patternId_val_read == 11 & !icmp_ln1381)> <Delay = 0.28> <CoreInst = "LogicGate">   --->   Core 74 'LogicGate' <Latency = 0> <II = 1> <Delay = 0.28> <FuncUnit> <Opcode : 'and' 'or' 'xor'> <InPorts = 2> <OutPorts = 1>
ST_2 : Operation 281 [1/1] (0.00ns)   --->   "%br_ln1386 = br i1 %and_ln1386, void %if.else14.i106, void %if.then13.i105" [prj/sol/.autopilot/db/v_tpg.cpp:1386->prj/sol/.autopilot/db/v_tpg.cpp:665]   --->   Operation 281 'br' 'br_ln1386' <Predicate = (patternId_val_read == 11 & !icmp_ln1381)> <Delay = 0.00>
ST_2 : Operation 282 [1/1] (0.00ns)   --->   "%br_ln1390 = br i1 %icmp_ln1072, void %VITIS_LOOP_1396_1.i, void %if.then17.i108" [prj/sol/.autopilot/db/v_tpg.cpp:1390->prj/sol/.autopilot/db/v_tpg.cpp:665]   --->   Operation 282 'br' 'br_ln1390' <Predicate = (patternId_val_read == 11 & !icmp_ln1381 & !and_ln1386)> <Delay = 0.00>
ST_2 : Operation 283 [1/1] (0.42ns)   --->   "%store_ln1392 = store i10 0, i10 %yCount" [prj/sol/.autopilot/db/v_tpg.cpp:1392->prj/sol/.autopilot/db/v_tpg.cpp:665]   --->   Operation 283 'store' 'store_ln1392' <Predicate = (patternId_val_read == 11 & icmp_ln1072 & !icmp_ln1381 & !and_ln1386)> <Delay = 0.42>
ST_2 : Operation 284 [1/1] (0.78ns)   --->   "%add_ln1388 = add i10 %yCount_load, i10 1" [prj/sol/.autopilot/db/v_tpg.cpp:1388->prj/sol/.autopilot/db/v_tpg.cpp:665]   --->   Operation 284 'add' 'add_ln1388' <Predicate = (patternId_val_read == 11 & !icmp_ln1381 & and_ln1386)> <Delay = 0.78> <CoreInst = "Adder">   --->   Core 1 'Adder' <Latency = 0> <II = 1> <Delay = 0.78> <FuncUnit> <Opcode : 'add' 'sub'> <InPorts = 2> <OutPorts = 1>
ST_2 : Operation 285 [1/1] (0.42ns)   --->   "%store_ln1388 = store i10 %add_ln1388, i10 %yCount" [prj/sol/.autopilot/db/v_tpg.cpp:1388->prj/sol/.autopilot/db/v_tpg.cpp:665]   --->   Operation 285 'store' 'store_ln1388' <Predicate = (patternId_val_read == 11 & !icmp_ln1381 & and_ln1386)> <Delay = 0.42>
ST_2 : Operation 286 [1/1] (0.00ns)   --->   "%br_ln1389 = br void %VITIS_LOOP_1396_1.i" [prj/sol/.autopilot/db/v_tpg.cpp:1389->prj/sol/.autopilot/db/v_tpg.cpp:665]   --->   Operation 286 'br' 'br_ln1389' <Predicate = (patternId_val_read == 11 & !icmp_ln1381 & and_ln1386)> <Delay = 0.00>
ST_2 : Operation 287 [1/1] (0.00ns)   --->   "%tpgPatternTartanColorBars_unsigned_short_unsigned_short_unsigned_short_unsign_9 = load i10 %tpgPatternTartanColorBars_unsigned_short_unsigned_short_unsigned_short_unsign_1" [prj/sol/.autopilot/db/v_tpg.cpp:1405->prj/sol/.autopilot/db/v_tpg.cpp:665]   --->   Operation 287 'load' 'tpgPatternTartanColorBars_unsigned_short_unsigned_short_unsigned_short_unsign_9' <Predicate = (patternId_val_read == 11 & !icmp_ln1072)> <Delay = 0.00>
ST_2 : Operation 288 [1/1] (0.78ns)   --->   "%icmp_ln1405 = icmp_ult  i10 %tpgPatternTartanColorBars_unsigned_short_unsigned_short_unsigned_short_unsign_9, i10 %barWidthMinSamples_read" [prj/sol/.autopilot/db/v_tpg.cpp:1405->prj/sol/.autopilot/db/v_tpg.cpp:665]   --->   Operation 288 'icmp' 'icmp_ln1405' <Predicate = (patternId_val_read == 11 & !icmp_ln1072)> <Delay = 0.78> <CoreInst = "Cmp">   --->   Core 9 'Cmp' <Latency = 0> <II = 1> <Delay = 0.78> <FuncUnit> <Opcode : 'seteq' 'setne' 'setle' 'setge' 'setlt' 'setgt'> <InPorts = 2> <OutPorts = 1>
ST_2 : Operation 289 [1/1] (0.00ns)   --->   "%br_ln1405 = br i1 %icmp_ln1405, void %if.else39.i, void %if.then35.i" [prj/sol/.autopilot/db/v_tpg.cpp:1405->prj/sol/.autopilot/db/v_tpg.cpp:665]   --->   Operation 289 'br' 'br_ln1405' <Predicate = (patternId_val_read == 11 & !icmp_ln1072)> <Delay = 0.00>
ST_2 : Operation 290 [1/1] (0.78ns)   --->   "%sub_ln1411 = sub i10 %tpgPatternTartanColorBars_unsigned_short_unsigned_short_unsigned_short_unsign_9, i10 %barWidthMinSamples_read" [prj/sol/.autopilot/db/v_tpg.cpp:1411->prj/sol/.autopilot/db/v_tpg.cpp:665]   --->   Operation 290 'sub' 'sub_ln1411' <Predicate = (patternId_val_read == 11 & !icmp_ln1072 & !icmp_ln1405)> <Delay = 0.78> <CoreInst = "Adder">   --->   Core 1 'Adder' <Latency = 0> <II = 1> <Delay = 0.78> <FuncUnit> <Opcode : 'add' 'sub'> <InPorts = 2> <OutPorts = 1>
ST_2 : Operation 291 [1/1] (0.47ns)   --->   "%store_ln1411 = store i10 %sub_ln1411, i10 %tpgPatternTartanColorBars_unsigned_short_unsigned_short_unsigned_short_unsign_1" [prj/sol/.autopilot/db/v_tpg.cpp:1411->prj/sol/.autopilot/db/v_tpg.cpp:665]   --->   Operation 291 'store' 'store_ln1411' <Predicate = (patternId_val_read == 11 & !icmp_ln1072 & !icmp_ln1405)> <Delay = 0.47>
ST_2 : Operation 292 [1/1] (0.78ns)   --->   "%add_ln1407 = add i10 %tpgPatternTartanColorBars_unsigned_short_unsigned_short_unsigned_short_unsign_9, i10 2" [prj/sol/.autopilot/db/v_tpg.cpp:1407->prj/sol/.autopilot/db/v_tpg.cpp:665]   --->   Operation 292 'add' 'add_ln1407' <Predicate = (patternId_val_read == 11 & !icmp_ln1072 & icmp_ln1405)> <Delay = 0.78> <CoreInst = "Adder">   --->   Core 1 'Adder' <Latency = 0> <II = 1> <Delay = 0.78> <FuncUnit> <Opcode : 'add' 'sub'> <InPorts = 2> <OutPorts = 1>
ST_2 : Operation 293 [1/1] (0.47ns)   --->   "%store_ln1407 = store i10 %add_ln1407, i10 %tpgPatternTartanColorBars_unsigned_short_unsigned_short_unsigned_short_unsign_1" [prj/sol/.autopilot/db/v_tpg.cpp:1407->prj/sol/.autopilot/db/v_tpg.cpp:665]   --->   Operation 293 'store' 'store_ln1407' <Predicate = (patternId_val_read == 11 & !icmp_ln1072 & icmp_ln1405)> <Delay = 0.47>
ST_2 : Operation 294 [1/1] (0.00ns)   --->   "%br_ln1408 = br void %if.end52.i_ifconv" [prj/sol/.autopilot/db/v_tpg.cpp:1408->prj/sol/.autopilot/db/v_tpg.cpp:665]   --->   Operation 294 'br' 'br_ln1408' <Predicate = (patternId_val_read == 11 & !icmp_ln1072 & icmp_ln1405)> <Delay = 0.00>
ST_2 : Operation 295 [1/1] (0.00ns)   --->   "%tpgPatternTartanColorBars_unsigned_short_unsigned_short_unsigned_short_unsign_7 = load i10 %tpgPatternTartanColorBars_unsigned_short_unsigned_short_unsigned_short_unsign" [prj/sol/.autopilot/db/v_tpg.cpp:1405->prj/sol/.autopilot/db/v_tpg.cpp:665]   --->   Operation 295 'load' 'tpgPatternTartanColorBars_unsigned_short_unsigned_short_unsigned_short_unsign_7' <Predicate = (patternId_val_read == 11 & !icmp_ln1072)> <Delay = 0.00>
ST_2 : Operation 296 [1/1] (0.78ns)   --->   "%icmp_ln1405_1 = icmp_ult  i10 %tpgPatternTartanColorBars_unsigned_short_unsigned_short_unsigned_short_unsign_7, i10 %barWidthMinSamples_read" [prj/sol/.autopilot/db/v_tpg.cpp:1405->prj/sol/.autopilot/db/v_tpg.cpp:665]   --->   Operation 296 'icmp' 'icmp_ln1405_1' <Predicate = (patternId_val_read == 11 & !icmp_ln1072)> <Delay = 0.78> <CoreInst = "Cmp">   --->   Core 9 'Cmp' <Latency = 0> <II = 1> <Delay = 0.78> <FuncUnit> <Opcode : 'seteq' 'setne' 'setle' 'setge' 'setlt' 'setgt'> <InPorts = 2> <OutPorts = 1>
ST_2 : Operation 297 [1/1] (0.00ns)   --->   "%br_ln1405 = br i1 %icmp_ln1405_1, void %if.else39.1.i, void %if.then35.1.i" [prj/sol/.autopilot/db/v_tpg.cpp:1405->prj/sol/.autopilot/db/v_tpg.cpp:665]   --->   Operation 297 'br' 'br_ln1405' <Predicate = (patternId_val_read == 11 & !icmp_ln1072)> <Delay = 0.00>
ST_2 : Operation 298 [1/1] (0.78ns)   --->   "%sub_ln1411_1 = sub i10 %tpgPatternTartanColorBars_unsigned_short_unsigned_short_unsigned_short_unsign_7, i10 %barWidthMinSamples_read" [prj/sol/.autopilot/db/v_tpg.cpp:1411->prj/sol/.autopilot/db/v_tpg.cpp:665]   --->   Operation 298 'sub' 'sub_ln1411_1' <Predicate = (patternId_val_read == 11 & !icmp_ln1072 & !icmp_ln1405_1)> <Delay = 0.78> <CoreInst = "Adder">   --->   Core 1 'Adder' <Latency = 0> <II = 1> <Delay = 0.78> <FuncUnit> <Opcode : 'add' 'sub'> <InPorts = 2> <OutPorts = 1>
ST_2 : Operation 299 [1/1] (0.47ns)   --->   "%store_ln1411 = store i10 %sub_ln1411_1, i10 %tpgPatternTartanColorBars_unsigned_short_unsigned_short_unsigned_short_unsign" [prj/sol/.autopilot/db/v_tpg.cpp:1411->prj/sol/.autopilot/db/v_tpg.cpp:665]   --->   Operation 299 'store' 'store_ln1411' <Predicate = (patternId_val_read == 11 & !icmp_ln1072 & !icmp_ln1405_1)> <Delay = 0.47>
ST_2 : Operation 300 [1/1] (0.78ns)   --->   "%add_ln1407_1 = add i10 %tpgPatternTartanColorBars_unsigned_short_unsigned_short_unsigned_short_unsign_7, i10 2" [prj/sol/.autopilot/db/v_tpg.cpp:1407->prj/sol/.autopilot/db/v_tpg.cpp:665]   --->   Operation 300 'add' 'add_ln1407_1' <Predicate = (patternId_val_read == 11 & !icmp_ln1072 & icmp_ln1405_1)> <Delay = 0.78> <CoreInst = "Adder">   --->   Core 1 'Adder' <Latency = 0> <II = 1> <Delay = 0.78> <FuncUnit> <Opcode : 'add' 'sub'> <InPorts = 2> <OutPorts = 1>
ST_2 : Operation 301 [1/1] (0.47ns)   --->   "%store_ln1407 = store i10 %add_ln1407_1, i10 %tpgPatternTartanColorBars_unsigned_short_unsigned_short_unsigned_short_unsign" [prj/sol/.autopilot/db/v_tpg.cpp:1407->prj/sol/.autopilot/db/v_tpg.cpp:665]   --->   Operation 301 'store' 'store_ln1407' <Predicate = (patternId_val_read == 11 & !icmp_ln1072 & icmp_ln1405_1)> <Delay = 0.47>
ST_2 : Operation 302 [1/1] (0.00ns)   --->   "%br_ln1408 = br void %if.end52.1.i" [prj/sol/.autopilot/db/v_tpg.cpp:1408->prj/sol/.autopilot/db/v_tpg.cpp:665]   --->   Operation 302 'br' 'br_ln1408' <Predicate = (patternId_val_read == 11 & !icmp_ln1072 & icmp_ln1405_1)> <Delay = 0.00>
ST_2 : Operation 303 [1/1] (0.00ns)   --->   "%zonePlateVAddr_loc_1_out_load = load i16 %zonePlateVAddr_loc_1_out" [prj/sol/.autopilot/db/v_tpg.cpp:1341->prj/sol/.autopilot/db/v_tpg.cpp:657]   --->   Operation 303 'load' 'zonePlateVAddr_loc_1_out_load' <Predicate = (patternId_val_read == 10 & !icmp_ln1330 & and_ln1337)> <Delay = 0.00>
ST_2 : Operation 304 [1/1] (0.00ns)   --->   "%zonePlateVDelta_load = load i16 %zonePlateVDelta" [prj/sol/.autopilot/db/v_tpg.cpp:1341->prj/sol/.autopilot/db/v_tpg.cpp:657]   --->   Operation 304 'load' 'zonePlateVDelta_load' <Predicate = (patternId_val_read == 10 & !icmp_ln1330 & and_ln1337)> <Delay = 0.00>
ST_2 : Operation 305 [1/1] (0.85ns)   --->   "%add_ln1341 = add i16 %zonePlateVDelta_load, i16 %zonePlateVAddr_loc_1_out_load" [prj/sol/.autopilot/db/v_tpg.cpp:1341->prj/sol/.autopilot/db/v_tpg.cpp:657]   --->   Operation 305 'add' 'add_ln1341' <Predicate = (patternId_val_read == 10 & !icmp_ln1330 & and_ln1337)> <Delay = 0.85> <CoreInst = "Adder">   --->   Core 1 'Adder' <Latency = 0> <II = 1> <Delay = 0.85> <FuncUnit> <Opcode : 'add' 'sub'> <InPorts = 2> <OutPorts = 1>
ST_2 : Operation 306 [1/1] (0.42ns)   --->   "%store_ln1341 = store i16 %add_ln1341, i16 %zonePlateVAddr" [prj/sol/.autopilot/db/v_tpg.cpp:1341->prj/sol/.autopilot/db/v_tpg.cpp:657]   --->   Operation 306 'store' 'store_ln1341' <Predicate = (patternId_val_read == 10 & !icmp_ln1330 & and_ln1337)> <Delay = 0.42>
ST_2 : Operation 307 [1/1] (0.85ns)   --->   "%add_ln1343 = add i16 %zonePlateVDelta_load, i16 %ZplateVerContDelta_val_read" [prj/sol/.autopilot/db/v_tpg.cpp:1343->prj/sol/.autopilot/db/v_tpg.cpp:657]   --->   Operation 307 'add' 'add_ln1343' <Predicate = (patternId_val_read == 10 & !icmp_ln1330 & and_ln1337)> <Delay = 0.85> <CoreInst = "Adder">   --->   Core 1 'Adder' <Latency = 0> <II = 1> <Delay = 0.85> <FuncUnit> <Opcode : 'add' 'sub'> <InPorts = 2> <OutPorts = 1>
ST_2 : Operation 308 [1/1] (0.42ns)   --->   "%store_ln1343 = store i16 %add_ln1343, i16 %zonePlateVDelta" [prj/sol/.autopilot/db/v_tpg.cpp:1343->prj/sol/.autopilot/db/v_tpg.cpp:657]   --->   Operation 308 'store' 'store_ln1343' <Predicate = (patternId_val_read == 10 & !icmp_ln1330 & and_ln1337)> <Delay = 0.42>
ST_2 : Operation 309 [1/1] (0.42ns)   --->   "%store_ln1341 = store i16 %add_ln1341, i16 %zonePlateVAddr_loc_1_out" [prj/sol/.autopilot/db/v_tpg.cpp:1341->prj/sol/.autopilot/db/v_tpg.cpp:657]   --->   Operation 309 'store' 'store_ln1341' <Predicate = (patternId_val_read == 10 & !icmp_ln1330 & and_ln1337)> <Delay = 0.42>
ST_2 : Operation 310 [1/1] (0.00ns)   --->   "%br_ln1344 = br void %_Z19tpgPatternZonePlatettttttth.exit" [prj/sol/.autopilot/db/v_tpg.cpp:1344->prj/sol/.autopilot/db/v_tpg.cpp:657]   --->   Operation 310 'br' 'br_ln1344' <Predicate = (patternId_val_read == 10 & !icmp_ln1330 & and_ln1337)> <Delay = 0.00>
ST_2 : Operation 311 [1/1] (0.00ns)   --->   "%zonePlateVAddr_loc_1_out_load_1 = load i16 %zonePlateVAddr_loc_1_out" [prj/sol/.autopilot/db/v_tpg.cpp:1351->prj/sol/.autopilot/db/v_tpg.cpp:657]   --->   Operation 311 'load' 'zonePlateVAddr_loc_1_out_load_1' <Predicate = (patternId_val_read == 10)> <Delay = 0.00>
ST_2 : Operation 312 [3/4] (0.99ns) (root node of the DSP)   --->   "%mul_ln1347 = mul i17 %add_ln1347, i17 %zext_ln1347" [prj/sol/.autopilot/db/v_tpg.cpp:1347->prj/sol/.autopilot/db/v_tpg.cpp:657]   --->   Operation 312 'mul' 'mul_ln1347' <Predicate = (patternId_val_read == 10)> <Delay = 0.99> <CoreInst = "DSP48">   --->   Core 124 'DSP48' <Latency = 3> <II = 1> <Delay = 0.53> <IPBlock> <Opcode : 'add' 'sub' 'mul' 'select'> <InPorts = 0> <OutPorts = 1> <Sync> <CReg>
ST_2 : Operation 313 [2/3] (0.99ns) (grouped into DSP with root node add_ln1351_2)   --->   "%mul_ln1347_1 = mul i16 %x_4, i16 %ZplateHorContStart_val_read" [prj/sol/.autopilot/db/v_tpg.cpp:1347->prj/sol/.autopilot/db/v_tpg.cpp:657]   --->   Operation 313 'mul' 'mul_ln1347_1' <Predicate = (patternId_val_read == 10)> <Delay = 0.99> <CoreInst = "DSP48">   --->   Core 124 'DSP48' <Latency = 3> <II = 1> <Delay = 0.53> <IPBlock> <Opcode : 'add' 'sub' 'mul' 'select'> <InPorts = 0> <OutPorts = 1> <Sync> <CReg>
ST_2 : Operation 314 [1/1] (0.00ns)   --->   "%tpgPatternColorBars_unsigned_short_unsigned_short_unsigned_char_int_xBar_load = load i11 %tpgPatternColorBars_unsigned_short_unsigned_short_unsigned_char_int_xBar" [prj/sol/.autopilot/db/v_tpg.cpp:1250->prj/sol/.autopilot/db/v_tpg.cpp:649]   --->   Operation 314 'load' 'tpgPatternColorBars_unsigned_short_unsigned_short_unsigned_char_int_xBar_load' <Predicate = (patternId_val_read == 9 & !icmp_ln1072)> <Delay = 0.00>
ST_2 : Operation 315 [1/1] (0.00ns)   --->   "%zext_ln1250 = zext i11 %tpgPatternColorBars_unsigned_short_unsigned_short_unsigned_char_int_xBar_load" [prj/sol/.autopilot/db/v_tpg.cpp:1250->prj/sol/.autopilot/db/v_tpg.cpp:649]   --->   Operation 315 'zext' 'zext_ln1250' <Predicate = (patternId_val_read == 9 & !icmp_ln1072)> <Delay = 0.00>
ST_2 : Operation 316 [1/1] (0.79ns)   --->   "%add_ln1250 = add i12 %zext_ln1250, i12 2" [prj/sol/.autopilot/db/v_tpg.cpp:1250->prj/sol/.autopilot/db/v_tpg.cpp:649]   --->   Operation 316 'add' 'add_ln1250' <Predicate = (patternId_val_read == 9 & !icmp_ln1072)> <Delay = 0.79> <CoreInst = "Adder">   --->   Core 1 'Adder' <Latency = 0> <II = 1> <Delay = 0.79> <FuncUnit> <Opcode : 'add' 'sub'> <InPorts = 2> <OutPorts = 1>
ST_2 : Operation 317 [1/1] (0.80ns)   --->   "%icmp_ln1250 = icmp_ult  i12 %add_ln1250, i12 %zext_ln1373" [prj/sol/.autopilot/db/v_tpg.cpp:1250->prj/sol/.autopilot/db/v_tpg.cpp:649]   --->   Operation 317 'icmp' 'icmp_ln1250' <Predicate = (patternId_val_read == 9 & !icmp_ln1072)> <Delay = 0.80> <CoreInst = "Cmp">   --->   Core 9 'Cmp' <Latency = 0> <II = 1> <Delay = 0.80> <FuncUnit> <Opcode : 'seteq' 'setne' 'setle' 'setge' 'setlt' 'setgt'> <InPorts = 2> <OutPorts = 1>
ST_2 : Operation 318 [1/1] (0.79ns)   --->   "%add_ln1252 = add i11 %tpgPatternColorBars_unsigned_short_unsigned_short_unsigned_char_int_xBar_load, i11 2" [prj/sol/.autopilot/db/v_tpg.cpp:1252->prj/sol/.autopilot/db/v_tpg.cpp:649]   --->   Operation 318 'add' 'add_ln1252' <Predicate = (patternId_val_read == 9 & !icmp_ln1072)> <Delay = 0.79> <CoreInst = "Adder">   --->   Core 1 'Adder' <Latency = 0> <II = 1> <Delay = 0.79> <FuncUnit> <Opcode : 'add' 'sub'> <InPorts = 2> <OutPorts = 1>
ST_2 : Operation 319 [1/1] (0.00ns)   --->   "%br_ln1250 = br i1 %icmp_ln1250, void %if.else16.i, void %if.then9.i" [prj/sol/.autopilot/db/v_tpg.cpp:1250->prj/sol/.autopilot/db/v_tpg.cpp:649]   --->   Operation 319 'br' 'br_ln1250' <Predicate = (patternId_val_read == 9 & !icmp_ln1072)> <Delay = 0.00>
ST_2 : Operation 320 [1/1] (0.79ns)   --->   "%sub_ln1256 = sub i11 %add_ln1252, i11 %barWidth_read" [prj/sol/.autopilot/db/v_tpg.cpp:1256->prj/sol/.autopilot/db/v_tpg.cpp:649]   --->   Operation 320 'sub' 'sub_ln1256' <Predicate = (patternId_val_read == 9 & !icmp_ln1072 & !icmp_ln1250)> <Delay = 0.79> <CoreInst = "Adder">   --->   Core 1 'Adder' <Latency = 0> <II = 1> <Delay = 0.79> <FuncUnit> <Opcode : 'add' 'sub'> <InPorts = 2> <OutPorts = 1>
ST_2 : Operation 321 [1/1] (0.47ns)   --->   "%store_ln1256 = store i11 %sub_ln1256, i11 %tpgPatternColorBars_unsigned_short_unsigned_short_unsigned_char_int_xBar" [prj/sol/.autopilot/db/v_tpg.cpp:1256->prj/sol/.autopilot/db/v_tpg.cpp:649]   --->   Operation 321 'store' 'store_ln1256' <Predicate = (patternId_val_read == 9 & !icmp_ln1072 & !icmp_ln1250)> <Delay = 0.47>
ST_2 : Operation 322 [1/1] (0.47ns)   --->   "%store_ln1252 = store i11 %add_ln1252, i11 %tpgPatternColorBars_unsigned_short_unsigned_short_unsigned_char_int_xBar" [prj/sol/.autopilot/db/v_tpg.cpp:1252->prj/sol/.autopilot/db/v_tpg.cpp:649]   --->   Operation 322 'store' 'store_ln1252' <Predicate = (patternId_val_read == 9 & !icmp_ln1072 & icmp_ln1250)> <Delay = 0.47>
ST_2 : Operation 323 [1/1] (0.00ns)   --->   "%br_ln1253 = br void %if.end31.i_ifconv" [prj/sol/.autopilot/db/v_tpg.cpp:1253->prj/sol/.autopilot/db/v_tpg.cpp:649]   --->   Operation 323 'br' 'br_ln1253' <Predicate = (patternId_val_read == 9 & !icmp_ln1072 & icmp_ln1250)> <Delay = 0.00>
ST_2 : Operation 324 [1/1] (0.00ns)   --->   "%tpgPatternColorBars_unsigned_short_unsigned_short_unsigned_char_int_xBar_9_lo = load i11 %tpgPatternColorBars_unsigned_short_unsigned_short_unsigned_char_int_xBar_9" [prj/sol/.autopilot/db/v_tpg.cpp:1250->prj/sol/.autopilot/db/v_tpg.cpp:649]   --->   Operation 324 'load' 'tpgPatternColorBars_unsigned_short_unsigned_short_unsigned_char_int_xBar_9_lo' <Predicate = (patternId_val_read == 9 & !icmp_ln1072)> <Delay = 0.00>
ST_2 : Operation 325 [1/1] (0.00ns)   --->   "%zext_ln1250_1 = zext i11 %tpgPatternColorBars_unsigned_short_unsigned_short_unsigned_char_int_xBar_9_lo" [prj/sol/.autopilot/db/v_tpg.cpp:1250->prj/sol/.autopilot/db/v_tpg.cpp:649]   --->   Operation 325 'zext' 'zext_ln1250_1' <Predicate = (patternId_val_read == 9 & !icmp_ln1072)> <Delay = 0.00>
ST_2 : Operation 326 [1/1] (0.79ns)   --->   "%add_ln1250_1 = add i12 %zext_ln1250_1, i12 2" [prj/sol/.autopilot/db/v_tpg.cpp:1250->prj/sol/.autopilot/db/v_tpg.cpp:649]   --->   Operation 326 'add' 'add_ln1250_1' <Predicate = (patternId_val_read == 9 & !icmp_ln1072)> <Delay = 0.79> <CoreInst = "Adder">   --->   Core 1 'Adder' <Latency = 0> <II = 1> <Delay = 0.79> <FuncUnit> <Opcode : 'add' 'sub'> <InPorts = 2> <OutPorts = 1>
ST_2 : Operation 327 [1/1] (0.80ns)   --->   "%icmp_ln1250_1 = icmp_ult  i12 %add_ln1250_1, i12 %zext_ln1373" [prj/sol/.autopilot/db/v_tpg.cpp:1250->prj/sol/.autopilot/db/v_tpg.cpp:649]   --->   Operation 327 'icmp' 'icmp_ln1250_1' <Predicate = (patternId_val_read == 9 & !icmp_ln1072)> <Delay = 0.80> <CoreInst = "Cmp">   --->   Core 9 'Cmp' <Latency = 0> <II = 1> <Delay = 0.80> <FuncUnit> <Opcode : 'seteq' 'setne' 'setle' 'setge' 'setlt' 'setgt'> <InPorts = 2> <OutPorts = 1>
ST_2 : Operation 328 [1/1] (0.79ns)   --->   "%add_ln1256 = add i11 %tpgPatternColorBars_unsigned_short_unsigned_short_unsigned_char_int_xBar_9_lo, i11 2" [prj/sol/.autopilot/db/v_tpg.cpp:1256->prj/sol/.autopilot/db/v_tpg.cpp:649]   --->   Operation 328 'add' 'add_ln1256' <Predicate = (patternId_val_read == 9 & !icmp_ln1072)> <Delay = 0.79> <CoreInst = "Adder">   --->   Core 1 'Adder' <Latency = 0> <II = 1> <Delay = 0.79> <FuncUnit> <Opcode : 'add' 'sub'> <InPorts = 2> <OutPorts = 1>
ST_2 : Operation 329 [1/1] (0.00ns)   --->   "%br_ln1250 = br i1 %icmp_ln1250_1, void %if.else16.1.i, void %if.then9.1.i" [prj/sol/.autopilot/db/v_tpg.cpp:1250->prj/sol/.autopilot/db/v_tpg.cpp:649]   --->   Operation 329 'br' 'br_ln1250' <Predicate = (patternId_val_read == 9 & !icmp_ln1072)> <Delay = 0.00>
ST_2 : Operation 330 [1/1] (0.79ns)   --->   "%sub_ln1256_1 = sub i11 %add_ln1256, i11 %barWidth_read" [prj/sol/.autopilot/db/v_tpg.cpp:1256->prj/sol/.autopilot/db/v_tpg.cpp:649]   --->   Operation 330 'sub' 'sub_ln1256_1' <Predicate = (patternId_val_read == 9 & !icmp_ln1072 & !icmp_ln1250_1)> <Delay = 0.79> <CoreInst = "Adder">   --->   Core 1 'Adder' <Latency = 0> <II = 1> <Delay = 0.79> <FuncUnit> <Opcode : 'add' 'sub'> <InPorts = 2> <OutPorts = 1>
ST_2 : Operation 331 [1/1] (0.47ns)   --->   "%store_ln1256 = store i11 %sub_ln1256_1, i11 %tpgPatternColorBars_unsigned_short_unsigned_short_unsigned_char_int_xBar_9" [prj/sol/.autopilot/db/v_tpg.cpp:1256->prj/sol/.autopilot/db/v_tpg.cpp:649]   --->   Operation 331 'store' 'store_ln1256' <Predicate = (patternId_val_read == 9 & !icmp_ln1072 & !icmp_ln1250_1)> <Delay = 0.47>
ST_2 : Operation 332 [1/1] (0.47ns)   --->   "%store_ln1252 = store i11 %add_ln1256, i11 %tpgPatternColorBars_unsigned_short_unsigned_short_unsigned_char_int_xBar_9" [prj/sol/.autopilot/db/v_tpg.cpp:1252->prj/sol/.autopilot/db/v_tpg.cpp:649]   --->   Operation 332 'store' 'store_ln1252' <Predicate = (patternId_val_read == 9 & !icmp_ln1072 & icmp_ln1250_1)> <Delay = 0.47>
ST_2 : Operation 333 [1/1] (0.00ns)   --->   "%br_ln1253 = br void %if.end31.1.i" [prj/sol/.autopilot/db/v_tpg.cpp:1253->prj/sol/.autopilot/db/v_tpg.cpp:649]   --->   Operation 333 'br' 'br_ln1253' <Predicate = (patternId_val_read == 9 & !icmp_ln1072 & icmp_ln1250_1)> <Delay = 0.00>

State 3 <SV = 2> <Delay = 1.31>
ST_3 : Operation 334 [13/15] (1.23ns)   --->   "%urem_ln1281 = urem i11 %x_7, i11 3" [prj/sol/.autopilot/db/v_tpg.cpp:1281->prj/sol/.autopilot/db/v_tpg.cpp:681]   --->   Operation 334 'urem' 'urem_ln1281' <Predicate = (patternId_val_read == 13)> <Delay = 1.23> <CoreInst = "Divider">   --->   Core 6 'Divider' <Latency = 14> <II = 1> <Delay = 1.23> <FuncUnit> <Opcode : 'udiv' 'sdiv' 'urem' 'srem'> <InPorts = 2> <OutPorts = 1>
ST_3 : Operation 335 [13/15] (1.23ns)   --->   "%urem_ln1285 = urem i11 %add_ln1281_1, i11 3" [prj/sol/.autopilot/db/v_tpg.cpp:1285->prj/sol/.autopilot/db/v_tpg.cpp:681]   --->   Operation 335 'urem' 'urem_ln1285' <Predicate = (patternId_val_read == 13)> <Delay = 1.23> <CoreInst = "Divider">   --->   Core 6 'Divider' <Latency = 14> <II = 1> <Delay = 1.23> <FuncUnit> <Opcode : 'udiv' 'sdiv' 'urem' 'srem'> <InPorts = 2> <OutPorts = 1>
ST_3 : Operation 336 [13/15] (1.23ns)   --->   "%urem_ln1289 = urem i11 %add_ln1281, i11 3" [prj/sol/.autopilot/db/v_tpg.cpp:1289->prj/sol/.autopilot/db/v_tpg.cpp:681]   --->   Operation 336 'urem' 'urem_ln1289' <Predicate = (patternId_val_read == 13)> <Delay = 1.23> <CoreInst = "Divider">   --->   Core 6 'Divider' <Latency = 14> <II = 1> <Delay = 1.23> <FuncUnit> <Opcode : 'udiv' 'sdiv' 'urem' 'srem'> <InPorts = 2> <OutPorts = 1>
ST_3 : Operation 337 [13/15] (1.23ns)   --->   "%urem_ln1281_1 = urem i11 %xk_1, i11 3" [prj/sol/.autopilot/db/v_tpg.cpp:1281->prj/sol/.autopilot/db/v_tpg.cpp:681]   --->   Operation 337 'urem' 'urem_ln1281_1' <Predicate = (patternId_val_read == 13)> <Delay = 1.23> <CoreInst = "Divider">   --->   Core 6 'Divider' <Latency = 14> <II = 1> <Delay = 1.23> <FuncUnit> <Opcode : 'udiv' 'sdiv' 'urem' 'srem'> <InPorts = 2> <OutPorts = 1>
ST_3 : Operation 338 [13/15] (1.23ns)   --->   "%urem_ln1285_1 = urem i11 %add_ln1281_4, i11 3" [prj/sol/.autopilot/db/v_tpg.cpp:1285->prj/sol/.autopilot/db/v_tpg.cpp:681]   --->   Operation 338 'urem' 'urem_ln1285_1' <Predicate = (patternId_val_read == 13)> <Delay = 1.23> <CoreInst = "Divider">   --->   Core 6 'Divider' <Latency = 14> <II = 1> <Delay = 1.23> <FuncUnit> <Opcode : 'udiv' 'sdiv' 'urem' 'srem'> <InPorts = 2> <OutPorts = 1>
ST_3 : Operation 339 [13/15] (1.23ns)   --->   "%urem_ln1289_1 = urem i11 %add_ln1281_3, i11 3" [prj/sol/.autopilot/db/v_tpg.cpp:1289->prj/sol/.autopilot/db/v_tpg.cpp:681]   --->   Operation 339 'urem' 'urem_ln1289_1' <Predicate = (patternId_val_read == 13)> <Delay = 1.23> <CoreInst = "Divider">   --->   Core 6 'Divider' <Latency = 14> <II = 1> <Delay = 1.23> <FuncUnit> <Opcode : 'udiv' 'sdiv' 'urem' 'srem'> <InPorts = 2> <OutPorts = 1>
ST_3 : Operation 340 [1/2] (0.00ns)   --->   "%barWidthMinSamples_delayed = call i10 @reg<ap_uint<10> >, i10 %barWidthMinSamples_read" [prj/sol/.autopilot/db/v_tpg.cpp:1442->prj/sol/.autopilot/db/v_tpg.cpp:673]   --->   Operation 340 'call' 'barWidthMinSamples_delayed' <Predicate = (icmp_ln565 & patternId_val_read == 12)> <Delay = 0.00> <CoreType = "Generic">   --->   Generic Core
ST_3 : Operation 341 [1/1] (0.00ns)   --->   "%tpgPatternCrossHatch_unsigned_short_unsigned_short_unsigned_short_unsigned_sh_3 = load i10 %tpgPatternCrossHatch_unsigned_short_unsigned_short_unsigned_short_unsigned_sh_1" [prj/sol/.autopilot/db/v_tpg.cpp:1478->prj/sol/.autopilot/db/v_tpg.cpp:673]   --->   Operation 341 'load' 'tpgPatternCrossHatch_unsigned_short_unsigned_short_unsigned_short_unsigned_sh_3' <Predicate = (patternId_val_read == 12 & !icmp_ln1072 & !icmp_ln1473)> <Delay = 0.00>
ST_3 : Operation 342 [1/1] (0.78ns)   --->   "%icmp_ln1478 = icmp_ult  i10 %tpgPatternCrossHatch_unsigned_short_unsigned_short_unsigned_short_unsigned_sh_3, i10 %barWidthMinSamples_delayed" [prj/sol/.autopilot/db/v_tpg.cpp:1478->prj/sol/.autopilot/db/v_tpg.cpp:673]   --->   Operation 342 'icmp' 'icmp_ln1478' <Predicate = (patternId_val_read == 12 & !icmp_ln1072 & !icmp_ln1473)> <Delay = 0.78> <CoreInst = "Cmp">   --->   Core 9 'Cmp' <Latency = 0> <II = 1> <Delay = 0.78> <FuncUnit> <Opcode : 'seteq' 'setne' 'setle' 'setge' 'setlt' 'setgt'> <InPorts = 2> <OutPorts = 1>
ST_3 : Operation 343 [1/1] (0.00ns)   --->   "%br_ln1478 = br i1 %icmp_ln1478, void %if.else49.i, void %if.then45.i" [prj/sol/.autopilot/db/v_tpg.cpp:1478->prj/sol/.autopilot/db/v_tpg.cpp:673]   --->   Operation 343 'br' 'br_ln1478' <Predicate = (patternId_val_read == 12 & !icmp_ln1072 & !icmp_ln1473)> <Delay = 0.00>
ST_3 : Operation 344 [1/1] (0.78ns)   --->   "%icmp_ln1483 = icmp_eq  i10 %tpgPatternCrossHatch_unsigned_short_unsigned_short_unsigned_short_unsigned_sh_3, i10 %barWidthMinSamples_delayed" [prj/sol/.autopilot/db/v_tpg.cpp:1483->prj/sol/.autopilot/db/v_tpg.cpp:673]   --->   Operation 344 'icmp' 'icmp_ln1483' <Predicate = (patternId_val_read == 12 & !icmp_ln1072 & !icmp_ln1473 & !icmp_ln1478)> <Delay = 0.78> <CoreInst = "Cmp">   --->   Core 9 'Cmp' <Latency = 0> <II = 1> <Delay = 0.78> <FuncUnit> <Opcode : 'seteq' 'setne' 'setle' 'setge' 'setlt' 'setgt'> <InPorts = 2> <OutPorts = 1>
ST_3 : Operation 345 [1/1] (0.00ns)   --->   "%br_ln1483 = br i1 %icmp_ln1483, void %if.else57.i, void %if.then53.i" [prj/sol/.autopilot/db/v_tpg.cpp:1483->prj/sol/.autopilot/db/v_tpg.cpp:673]   --->   Operation 345 'br' 'br_ln1483' <Predicate = (patternId_val_read == 12 & !icmp_ln1072 & !icmp_ln1473 & !icmp_ln1478)> <Delay = 0.00>
ST_3 : Operation 346 [1/1] (0.78ns)   --->   "%sub_ln1490 = sub i10 %tpgPatternCrossHatch_unsigned_short_unsigned_short_unsigned_short_unsigned_sh_3, i10 %barWidthMinSamples_delayed" [prj/sol/.autopilot/db/v_tpg.cpp:1490->prj/sol/.autopilot/db/v_tpg.cpp:673]   --->   Operation 346 'sub' 'sub_ln1490' <Predicate = (icmp_ln565 & patternId_val_read == 12 & !icmp_ln1072 & !icmp_ln1473 & !icmp_ln1478 & !icmp_ln1483)> <Delay = 0.78> <CoreInst = "Adder">   --->   Core 1 'Adder' <Latency = 0> <II = 1> <Delay = 0.78> <FuncUnit> <Opcode : 'add' 'sub'> <InPorts = 2> <OutPorts = 1>
ST_3 : Operation 347 [1/1] (0.47ns)   --->   "%store_ln1490 = store i10 %sub_ln1490, i10 %tpgPatternCrossHatch_unsigned_short_unsigned_short_unsigned_short_unsigned_sh_1" [prj/sol/.autopilot/db/v_tpg.cpp:1490->prj/sol/.autopilot/db/v_tpg.cpp:673]   --->   Operation 347 'store' 'store_ln1490' <Predicate = (icmp_ln565 & patternId_val_read == 12 & !icmp_ln1072 & !icmp_ln1473 & !icmp_ln1478 & !icmp_ln1483)> <Delay = 0.47>
ST_3 : Operation 348 [1/1] (0.42ns)   --->   "%br_ln0 = br void %if.end64.i"   --->   Operation 348 'br' 'br_ln0' <Predicate = (icmp_ln565 & patternId_val_read == 12 & !icmp_ln1072 & !icmp_ln1473 & !icmp_ln1478 & !icmp_ln1483)> <Delay = 0.42>
ST_3 : Operation 349 [1/1] (0.47ns)   --->   "%store_ln1485 = store i10 0, i10 %tpgPatternCrossHatch_unsigned_short_unsigned_short_unsigned_short_unsigned_sh_1" [prj/sol/.autopilot/db/v_tpg.cpp:1485->prj/sol/.autopilot/db/v_tpg.cpp:673]   --->   Operation 349 'store' 'store_ln1485' <Predicate = (icmp_ln565 & patternId_val_read == 12 & !icmp_ln1072 & !icmp_ln1473 & !icmp_ln1478 & icmp_ln1483)> <Delay = 0.47>
ST_3 : Operation 350 [1/1] (0.42ns)   --->   "%br_ln1487 = br void %if.end64.i" [prj/sol/.autopilot/db/v_tpg.cpp:1487->prj/sol/.autopilot/db/v_tpg.cpp:673]   --->   Operation 350 'br' 'br_ln1487' <Predicate = (icmp_ln565 & patternId_val_read == 12 & !icmp_ln1072 & !icmp_ln1473 & !icmp_ln1478 & icmp_ln1483)> <Delay = 0.42>
ST_3 : Operation 351 [1/1] (0.78ns)   --->   "%add_ln1480 = add i10 %tpgPatternCrossHatch_unsigned_short_unsigned_short_unsigned_short_unsigned_sh_3, i10 2" [prj/sol/.autopilot/db/v_tpg.cpp:1480->prj/sol/.autopilot/db/v_tpg.cpp:673]   --->   Operation 351 'add' 'add_ln1480' <Predicate = (icmp_ln565 & patternId_val_read == 12 & !icmp_ln1072 & !icmp_ln1473 & icmp_ln1478)> <Delay = 0.78> <CoreInst = "Adder">   --->   Core 1 'Adder' <Latency = 0> <II = 1> <Delay = 0.78> <FuncUnit> <Opcode : 'add' 'sub'> <InPorts = 2> <OutPorts = 1>
ST_3 : Operation 352 [1/1] (0.47ns)   --->   "%store_ln1480 = store i10 %add_ln1480, i10 %tpgPatternCrossHatch_unsigned_short_unsigned_short_unsigned_short_unsigned_sh_1" [prj/sol/.autopilot/db/v_tpg.cpp:1480->prj/sol/.autopilot/db/v_tpg.cpp:673]   --->   Operation 352 'store' 'store_ln1480' <Predicate = (icmp_ln565 & patternId_val_read == 12 & !icmp_ln1072 & !icmp_ln1473 & icmp_ln1478)> <Delay = 0.47>
ST_3 : Operation 353 [1/1] (0.42ns)   --->   "%br_ln1482 = br void %if.end64.i" [prj/sol/.autopilot/db/v_tpg.cpp:1482->prj/sol/.autopilot/db/v_tpg.cpp:673]   --->   Operation 353 'br' 'br_ln1482' <Predicate = (icmp_ln565 & patternId_val_read == 12 & !icmp_ln1072 & !icmp_ln1473 & icmp_ln1478)> <Delay = 0.42>
ST_3 : Operation 354 [1/1] (0.00ns)   --->   "%tpgPatternCrossHatch_unsigned_short_unsigned_short_unsigned_short_unsigned_sh_2 = load i10 %tpgPatternCrossHatch_unsigned_short_unsigned_short_unsigned_short_unsigned_sh" [prj/sol/.autopilot/db/v_tpg.cpp:1478->prj/sol/.autopilot/db/v_tpg.cpp:673]   --->   Operation 354 'load' 'tpgPatternCrossHatch_unsigned_short_unsigned_short_unsigned_short_unsigned_sh_2' <Predicate = (patternId_val_read == 12 & !icmp_ln1072 & !icmp_ln1473_1)> <Delay = 0.00>
ST_3 : Operation 355 [1/1] (0.78ns)   --->   "%icmp_ln1478_1 = icmp_ult  i10 %tpgPatternCrossHatch_unsigned_short_unsigned_short_unsigned_short_unsigned_sh_2, i10 %barWidthMinSamples_delayed" [prj/sol/.autopilot/db/v_tpg.cpp:1478->prj/sol/.autopilot/db/v_tpg.cpp:673]   --->   Operation 355 'icmp' 'icmp_ln1478_1' <Predicate = (patternId_val_read == 12 & !icmp_ln1072 & !icmp_ln1473_1)> <Delay = 0.78> <CoreInst = "Cmp">   --->   Core 9 'Cmp' <Latency = 0> <II = 1> <Delay = 0.78> <FuncUnit> <Opcode : 'seteq' 'setne' 'setle' 'setge' 'setlt' 'setgt'> <InPorts = 2> <OutPorts = 1>
ST_3 : Operation 356 [1/1] (0.00ns)   --->   "%br_ln1478 = br i1 %icmp_ln1478_1, void %if.else49.1.i, void %if.then45.1.i" [prj/sol/.autopilot/db/v_tpg.cpp:1478->prj/sol/.autopilot/db/v_tpg.cpp:673]   --->   Operation 356 'br' 'br_ln1478' <Predicate = (patternId_val_read == 12 & !icmp_ln1072 & !icmp_ln1473_1)> <Delay = 0.00>
ST_3 : Operation 357 [1/1] (0.78ns)   --->   "%icmp_ln1483_1 = icmp_eq  i10 %tpgPatternCrossHatch_unsigned_short_unsigned_short_unsigned_short_unsigned_sh_2, i10 %barWidthMinSamples_delayed" [prj/sol/.autopilot/db/v_tpg.cpp:1483->prj/sol/.autopilot/db/v_tpg.cpp:673]   --->   Operation 357 'icmp' 'icmp_ln1483_1' <Predicate = (patternId_val_read == 12 & !icmp_ln1072 & !icmp_ln1473_1 & !icmp_ln1478_1)> <Delay = 0.78> <CoreInst = "Cmp">   --->   Core 9 'Cmp' <Latency = 0> <II = 1> <Delay = 0.78> <FuncUnit> <Opcode : 'seteq' 'setne' 'setle' 'setge' 'setlt' 'setgt'> <InPorts = 2> <OutPorts = 1>
ST_3 : Operation 358 [1/1] (0.00ns)   --->   "%br_ln1483 = br i1 %icmp_ln1483_1, void %if.else57.1.i, void %if.then53.1.i" [prj/sol/.autopilot/db/v_tpg.cpp:1483->prj/sol/.autopilot/db/v_tpg.cpp:673]   --->   Operation 358 'br' 'br_ln1483' <Predicate = (patternId_val_read == 12 & !icmp_ln1072 & !icmp_ln1473_1 & !icmp_ln1478_1)> <Delay = 0.00>
ST_3 : Operation 359 [1/1] (0.78ns)   --->   "%sub_ln1490_1 = sub i10 %tpgPatternCrossHatch_unsigned_short_unsigned_short_unsigned_short_unsigned_sh_2, i10 %barWidthMinSamples_delayed" [prj/sol/.autopilot/db/v_tpg.cpp:1490->prj/sol/.autopilot/db/v_tpg.cpp:673]   --->   Operation 359 'sub' 'sub_ln1490_1' <Predicate = (icmp_ln565 & patternId_val_read == 12 & !icmp_ln1072 & !icmp_ln1473_1 & !icmp_ln1478_1 & !icmp_ln1483_1)> <Delay = 0.78> <CoreInst = "Adder">   --->   Core 1 'Adder' <Latency = 0> <II = 1> <Delay = 0.78> <FuncUnit> <Opcode : 'add' 'sub'> <InPorts = 2> <OutPorts = 1>
ST_3 : Operation 360 [1/1] (0.52ns)   --->   "%store_ln1490 = store i10 %sub_ln1490_1, i10 %tpgPatternCrossHatch_unsigned_short_unsigned_short_unsigned_short_unsigned_sh" [prj/sol/.autopilot/db/v_tpg.cpp:1490->prj/sol/.autopilot/db/v_tpg.cpp:673]   --->   Operation 360 'store' 'store_ln1490' <Predicate = (icmp_ln565 & patternId_val_read == 12 & !icmp_ln1072 & !icmp_ln1473_1 & !icmp_ln1478_1 & !icmp_ln1483_1)> <Delay = 0.52>
ST_3 : Operation 361 [1/1] (0.42ns)   --->   "%br_ln0 = br void %if.end64.1.i"   --->   Operation 361 'br' 'br_ln0' <Predicate = (icmp_ln565 & patternId_val_read == 12 & !icmp_ln1072 & !icmp_ln1473_1 & !icmp_ln1478_1 & !icmp_ln1483_1)> <Delay = 0.42>
ST_3 : Operation 362 [1/1] (0.52ns)   --->   "%store_ln1485 = store i10 0, i10 %tpgPatternCrossHatch_unsigned_short_unsigned_short_unsigned_short_unsigned_sh" [prj/sol/.autopilot/db/v_tpg.cpp:1485->prj/sol/.autopilot/db/v_tpg.cpp:673]   --->   Operation 362 'store' 'store_ln1485' <Predicate = (icmp_ln565 & patternId_val_read == 12 & !icmp_ln1072 & !icmp_ln1473_1 & !icmp_ln1478_1 & icmp_ln1483_1)> <Delay = 0.52>
ST_3 : Operation 363 [1/1] (0.42ns)   --->   "%br_ln1487 = br void %if.end64.1.i" [prj/sol/.autopilot/db/v_tpg.cpp:1487->prj/sol/.autopilot/db/v_tpg.cpp:673]   --->   Operation 363 'br' 'br_ln1487' <Predicate = (icmp_ln565 & patternId_val_read == 12 & !icmp_ln1072 & !icmp_ln1473_1 & !icmp_ln1478_1 & icmp_ln1483_1)> <Delay = 0.42>
ST_3 : Operation 364 [1/1] (0.78ns)   --->   "%add_ln1480_1 = add i10 %tpgPatternCrossHatch_unsigned_short_unsigned_short_unsigned_short_unsigned_sh_2, i10 2" [prj/sol/.autopilot/db/v_tpg.cpp:1480->prj/sol/.autopilot/db/v_tpg.cpp:673]   --->   Operation 364 'add' 'add_ln1480_1' <Predicate = (icmp_ln565 & patternId_val_read == 12 & !icmp_ln1072 & !icmp_ln1473_1 & icmp_ln1478_1)> <Delay = 0.78> <CoreInst = "Adder">   --->   Core 1 'Adder' <Latency = 0> <II = 1> <Delay = 0.78> <FuncUnit> <Opcode : 'add' 'sub'> <InPorts = 2> <OutPorts = 1>
ST_3 : Operation 365 [1/1] (0.52ns)   --->   "%store_ln1480 = store i10 %add_ln1480_1, i10 %tpgPatternCrossHatch_unsigned_short_unsigned_short_unsigned_short_unsigned_sh" [prj/sol/.autopilot/db/v_tpg.cpp:1480->prj/sol/.autopilot/db/v_tpg.cpp:673]   --->   Operation 365 'store' 'store_ln1480' <Predicate = (icmp_ln565 & patternId_val_read == 12 & !icmp_ln1072 & !icmp_ln1473_1 & icmp_ln1478_1)> <Delay = 0.52>
ST_3 : Operation 366 [1/1] (0.42ns)   --->   "%br_ln1482 = br void %if.end64.1.i" [prj/sol/.autopilot/db/v_tpg.cpp:1482->prj/sol/.autopilot/db/v_tpg.cpp:673]   --->   Operation 366 'br' 'br_ln1482' <Predicate = (icmp_ln565 & patternId_val_read == 12 & !icmp_ln1072 & !icmp_ln1473_1 & icmp_ln1478_1)> <Delay = 0.42>
ST_3 : Operation 367 [2/4] (0.99ns) (root node of the DSP)   --->   "%mul_ln1347 = mul i17 %add_ln1347, i17 %zext_ln1347" [prj/sol/.autopilot/db/v_tpg.cpp:1347->prj/sol/.autopilot/db/v_tpg.cpp:657]   --->   Operation 367 'mul' 'mul_ln1347' <Predicate = (patternId_val_read == 10)> <Delay = 0.99> <CoreInst = "DSP48">   --->   Core 124 'DSP48' <Latency = 3> <II = 1> <Delay = 0.53> <IPBlock> <Opcode : 'add' 'sub' 'mul' 'select'> <InPorts = 0> <OutPorts = 1> <Sync> <CReg>
ST_3 : Operation 368 [1/3] (0.00ns) (grouped into DSP with root node add_ln1351_2)   --->   "%mul_ln1347_1 = mul i16 %x_4, i16 %ZplateHorContStart_val_read" [prj/sol/.autopilot/db/v_tpg.cpp:1347->prj/sol/.autopilot/db/v_tpg.cpp:657]   --->   Operation 368 'mul' 'mul_ln1347_1' <Predicate = (patternId_val_read == 10)> <Delay = 0.00> <CoreInst = "DSP48">   --->   Core 124 'DSP48' <Latency = 3> <II = 1> <Delay = 0.53> <IPBlock> <Opcode : 'add' 'sub' 'mul' 'select'> <InPorts = 0> <OutPorts = 1> <Sync> <CReg>
ST_3 : Operation 369 [2/2] (0.64ns) (root node of the DSP)   --->   "%add_ln1351_2 = add i16 %mul_ln1347_1, i16 %zonePlateVAddr_loc_1_out_load_1" [prj/sol/.autopilot/db/v_tpg.cpp:1351->prj/sol/.autopilot/db/v_tpg.cpp:657]   --->   Operation 369 'add' 'add_ln1351_2' <Predicate = (patternId_val_read == 10)> <Delay = 0.64> <CoreInst = "DSP48">   --->   Core 124 'DSP48' <Latency = 3> <II = 1> <Delay = 0.53> <IPBlock> <Opcode : 'add' 'sub' 'mul' 'select'> <InPorts = 0> <OutPorts = 1> <Sync> <CReg>

State 4 <SV = 3> <Delay = 1.23>
ST_4 : Operation 370 [12/15] (1.23ns)   --->   "%urem_ln1281 = urem i11 %x_7, i11 3" [prj/sol/.autopilot/db/v_tpg.cpp:1281->prj/sol/.autopilot/db/v_tpg.cpp:681]   --->   Operation 370 'urem' 'urem_ln1281' <Predicate = (patternId_val_read == 13)> <Delay = 1.23> <CoreInst = "Divider">   --->   Core 6 'Divider' <Latency = 14> <II = 1> <Delay = 1.23> <FuncUnit> <Opcode : 'udiv' 'sdiv' 'urem' 'srem'> <InPorts = 2> <OutPorts = 1>
ST_4 : Operation 371 [12/15] (1.23ns)   --->   "%urem_ln1285 = urem i11 %add_ln1281_1, i11 3" [prj/sol/.autopilot/db/v_tpg.cpp:1285->prj/sol/.autopilot/db/v_tpg.cpp:681]   --->   Operation 371 'urem' 'urem_ln1285' <Predicate = (patternId_val_read == 13)> <Delay = 1.23> <CoreInst = "Divider">   --->   Core 6 'Divider' <Latency = 14> <II = 1> <Delay = 1.23> <FuncUnit> <Opcode : 'udiv' 'sdiv' 'urem' 'srem'> <InPorts = 2> <OutPorts = 1>
ST_4 : Operation 372 [12/15] (1.23ns)   --->   "%urem_ln1289 = urem i11 %add_ln1281, i11 3" [prj/sol/.autopilot/db/v_tpg.cpp:1289->prj/sol/.autopilot/db/v_tpg.cpp:681]   --->   Operation 372 'urem' 'urem_ln1289' <Predicate = (patternId_val_read == 13)> <Delay = 1.23> <CoreInst = "Divider">   --->   Core 6 'Divider' <Latency = 14> <II = 1> <Delay = 1.23> <FuncUnit> <Opcode : 'udiv' 'sdiv' 'urem' 'srem'> <InPorts = 2> <OutPorts = 1>
ST_4 : Operation 373 [12/15] (1.23ns)   --->   "%urem_ln1281_1 = urem i11 %xk_1, i11 3" [prj/sol/.autopilot/db/v_tpg.cpp:1281->prj/sol/.autopilot/db/v_tpg.cpp:681]   --->   Operation 373 'urem' 'urem_ln1281_1' <Predicate = (patternId_val_read == 13)> <Delay = 1.23> <CoreInst = "Divider">   --->   Core 6 'Divider' <Latency = 14> <II = 1> <Delay = 1.23> <FuncUnit> <Opcode : 'udiv' 'sdiv' 'urem' 'srem'> <InPorts = 2> <OutPorts = 1>
ST_4 : Operation 374 [12/15] (1.23ns)   --->   "%urem_ln1285_1 = urem i11 %add_ln1281_4, i11 3" [prj/sol/.autopilot/db/v_tpg.cpp:1285->prj/sol/.autopilot/db/v_tpg.cpp:681]   --->   Operation 374 'urem' 'urem_ln1285_1' <Predicate = (patternId_val_read == 13)> <Delay = 1.23> <CoreInst = "Divider">   --->   Core 6 'Divider' <Latency = 14> <II = 1> <Delay = 1.23> <FuncUnit> <Opcode : 'udiv' 'sdiv' 'urem' 'srem'> <InPorts = 2> <OutPorts = 1>
ST_4 : Operation 375 [12/15] (1.23ns)   --->   "%urem_ln1289_1 = urem i11 %add_ln1281_3, i11 3" [prj/sol/.autopilot/db/v_tpg.cpp:1289->prj/sol/.autopilot/db/v_tpg.cpp:681]   --->   Operation 375 'urem' 'urem_ln1289_1' <Predicate = (patternId_val_read == 13)> <Delay = 1.23> <CoreInst = "Divider">   --->   Core 6 'Divider' <Latency = 14> <II = 1> <Delay = 1.23> <FuncUnit> <Opcode : 'udiv' 'sdiv' 'urem' 'srem'> <InPorts = 2> <OutPorts = 1>
ST_4 : Operation 376 [1/4] (0.00ns) (root node of the DSP)   --->   "%mul_ln1347 = mul i17 %add_ln1347, i17 %zext_ln1347" [prj/sol/.autopilot/db/v_tpg.cpp:1347->prj/sol/.autopilot/db/v_tpg.cpp:657]   --->   Operation 376 'mul' 'mul_ln1347' <Predicate = (patternId_val_read == 10)> <Delay = 0.00> <CoreInst = "DSP48">   --->   Core 124 'DSP48' <Latency = 3> <II = 1> <Delay = 0.53> <IPBlock> <Opcode : 'add' 'sub' 'mul' 'select'> <InPorts = 0> <OutPorts = 1> <Sync> <CReg>
ST_4 : Operation 377 [1/1] (0.00ns)   --->   "%trunc_ln3 = partselect i16 @_ssdm_op_PartSelect.i16.i17.i32.i32, i17 %mul_ln1347, i32 1, i32 16" [prj/sol/.autopilot/db/v_tpg.cpp:1347->prj/sol/.autopilot/db/v_tpg.cpp:657]   --->   Operation 377 'partselect' 'trunc_ln3' <Predicate = (patternId_val_read == 10)> <Delay = 0.00>
ST_4 : Operation 378 [2/2] (0.00ns)   --->   "%tmp_s = call i16 @reg<int>, i16 %trunc_ln3" [prj/sol/.autopilot/db/v_tpg.cpp:1347->prj/sol/.autopilot/db/v_tpg.cpp:657]   --->   Operation 378 'call' 'tmp_s' <Predicate = (icmp_ln565 & patternId_val_read == 10)> <Delay = 0.00> <CoreType = "Generic">   --->   Generic Core
ST_4 : Operation 379 [1/2] (0.64ns) (root node of the DSP)   --->   "%add_ln1351_2 = add i16 %mul_ln1347_1, i16 %zonePlateVAddr_loc_1_out_load_1" [prj/sol/.autopilot/db/v_tpg.cpp:1351->prj/sol/.autopilot/db/v_tpg.cpp:657]   --->   Operation 379 'add' 'add_ln1351_2' <Predicate = (patternId_val_read == 10)> <Delay = 0.64> <CoreInst = "DSP48">   --->   Core 124 'DSP48' <Latency = 3> <II = 1> <Delay = 0.53> <IPBlock> <Opcode : 'add' 'sub' 'mul' 'select'> <InPorts = 0> <OutPorts = 1> <Sync> <CReg>

State 5 <SV = 4> <Delay = 1.23>
ST_5 : Operation 380 [11/15] (1.23ns)   --->   "%urem_ln1281 = urem i11 %x_7, i11 3" [prj/sol/.autopilot/db/v_tpg.cpp:1281->prj/sol/.autopilot/db/v_tpg.cpp:681]   --->   Operation 380 'urem' 'urem_ln1281' <Predicate = (patternId_val_read == 13)> <Delay = 1.23> <CoreInst = "Divider">   --->   Core 6 'Divider' <Latency = 14> <II = 1> <Delay = 1.23> <FuncUnit> <Opcode : 'udiv' 'sdiv' 'urem' 'srem'> <InPorts = 2> <OutPorts = 1>
ST_5 : Operation 381 [11/15] (1.23ns)   --->   "%urem_ln1285 = urem i11 %add_ln1281_1, i11 3" [prj/sol/.autopilot/db/v_tpg.cpp:1285->prj/sol/.autopilot/db/v_tpg.cpp:681]   --->   Operation 381 'urem' 'urem_ln1285' <Predicate = (patternId_val_read == 13)> <Delay = 1.23> <CoreInst = "Divider">   --->   Core 6 'Divider' <Latency = 14> <II = 1> <Delay = 1.23> <FuncUnit> <Opcode : 'udiv' 'sdiv' 'urem' 'srem'> <InPorts = 2> <OutPorts = 1>
ST_5 : Operation 382 [11/15] (1.23ns)   --->   "%urem_ln1289 = urem i11 %add_ln1281, i11 3" [prj/sol/.autopilot/db/v_tpg.cpp:1289->prj/sol/.autopilot/db/v_tpg.cpp:681]   --->   Operation 382 'urem' 'urem_ln1289' <Predicate = (patternId_val_read == 13)> <Delay = 1.23> <CoreInst = "Divider">   --->   Core 6 'Divider' <Latency = 14> <II = 1> <Delay = 1.23> <FuncUnit> <Opcode : 'udiv' 'sdiv' 'urem' 'srem'> <InPorts = 2> <OutPorts = 1>
ST_5 : Operation 383 [11/15] (1.23ns)   --->   "%urem_ln1281_1 = urem i11 %xk_1, i11 3" [prj/sol/.autopilot/db/v_tpg.cpp:1281->prj/sol/.autopilot/db/v_tpg.cpp:681]   --->   Operation 383 'urem' 'urem_ln1281_1' <Predicate = (patternId_val_read == 13)> <Delay = 1.23> <CoreInst = "Divider">   --->   Core 6 'Divider' <Latency = 14> <II = 1> <Delay = 1.23> <FuncUnit> <Opcode : 'udiv' 'sdiv' 'urem' 'srem'> <InPorts = 2> <OutPorts = 1>
ST_5 : Operation 384 [11/15] (1.23ns)   --->   "%urem_ln1285_1 = urem i11 %add_ln1281_4, i11 3" [prj/sol/.autopilot/db/v_tpg.cpp:1285->prj/sol/.autopilot/db/v_tpg.cpp:681]   --->   Operation 384 'urem' 'urem_ln1285_1' <Predicate = (patternId_val_read == 13)> <Delay = 1.23> <CoreInst = "Divider">   --->   Core 6 'Divider' <Latency = 14> <II = 1> <Delay = 1.23> <FuncUnit> <Opcode : 'udiv' 'sdiv' 'urem' 'srem'> <InPorts = 2> <OutPorts = 1>
ST_5 : Operation 385 [11/15] (1.23ns)   --->   "%urem_ln1289_1 = urem i11 %add_ln1281_3, i11 3" [prj/sol/.autopilot/db/v_tpg.cpp:1289->prj/sol/.autopilot/db/v_tpg.cpp:681]   --->   Operation 385 'urem' 'urem_ln1289_1' <Predicate = (patternId_val_read == 13)> <Delay = 1.23> <CoreInst = "Divider">   --->   Core 6 'Divider' <Latency = 14> <II = 1> <Delay = 1.23> <FuncUnit> <Opcode : 'udiv' 'sdiv' 'urem' 'srem'> <InPorts = 2> <OutPorts = 1>
ST_5 : Operation 386 [1/2] (0.00ns)   --->   "%tmp_s = call i16 @reg<int>, i16 %trunc_ln3" [prj/sol/.autopilot/db/v_tpg.cpp:1347->prj/sol/.autopilot/db/v_tpg.cpp:657]   --->   Operation 386 'call' 'tmp_s' <Predicate = (icmp_ln565 & patternId_val_read == 10)> <Delay = 0.00> <CoreType = "Generic">   --->   Generic Core
ST_5 : Operation 387 [3/3] (0.99ns) (grouped into DSP with root node add_ln1351)   --->   "%mul_ln1347_2 = mul i16 %tmp_s, i16 %ZplateHorContDelta_val_read" [prj/sol/.autopilot/db/v_tpg.cpp:1347->prj/sol/.autopilot/db/v_tpg.cpp:657]   --->   Operation 387 'mul' 'mul_ln1347_2' <Predicate = (patternId_val_read == 10)> <Delay = 0.99> <CoreInst = "DSP48">   --->   Core 124 'DSP48' <Latency = 3> <II = 1> <Delay = 0.53> <IPBlock> <Opcode : 'add' 'sub' 'mul' 'select'> <InPorts = 0> <OutPorts = 1> <Sync> <CReg>

State 6 <SV = 5> <Delay = 1.23>
ST_6 : Operation 388 [10/15] (1.23ns)   --->   "%urem_ln1281 = urem i11 %x_7, i11 3" [prj/sol/.autopilot/db/v_tpg.cpp:1281->prj/sol/.autopilot/db/v_tpg.cpp:681]   --->   Operation 388 'urem' 'urem_ln1281' <Predicate = (patternId_val_read == 13)> <Delay = 1.23> <CoreInst = "Divider">   --->   Core 6 'Divider' <Latency = 14> <II = 1> <Delay = 1.23> <FuncUnit> <Opcode : 'udiv' 'sdiv' 'urem' 'srem'> <InPorts = 2> <OutPorts = 1>
ST_6 : Operation 389 [10/15] (1.23ns)   --->   "%urem_ln1285 = urem i11 %add_ln1281_1, i11 3" [prj/sol/.autopilot/db/v_tpg.cpp:1285->prj/sol/.autopilot/db/v_tpg.cpp:681]   --->   Operation 389 'urem' 'urem_ln1285' <Predicate = (patternId_val_read == 13)> <Delay = 1.23> <CoreInst = "Divider">   --->   Core 6 'Divider' <Latency = 14> <II = 1> <Delay = 1.23> <FuncUnit> <Opcode : 'udiv' 'sdiv' 'urem' 'srem'> <InPorts = 2> <OutPorts = 1>
ST_6 : Operation 390 [10/15] (1.23ns)   --->   "%urem_ln1289 = urem i11 %add_ln1281, i11 3" [prj/sol/.autopilot/db/v_tpg.cpp:1289->prj/sol/.autopilot/db/v_tpg.cpp:681]   --->   Operation 390 'urem' 'urem_ln1289' <Predicate = (patternId_val_read == 13)> <Delay = 1.23> <CoreInst = "Divider">   --->   Core 6 'Divider' <Latency = 14> <II = 1> <Delay = 1.23> <FuncUnit> <Opcode : 'udiv' 'sdiv' 'urem' 'srem'> <InPorts = 2> <OutPorts = 1>
ST_6 : Operation 391 [10/15] (1.23ns)   --->   "%urem_ln1281_1 = urem i11 %xk_1, i11 3" [prj/sol/.autopilot/db/v_tpg.cpp:1281->prj/sol/.autopilot/db/v_tpg.cpp:681]   --->   Operation 391 'urem' 'urem_ln1281_1' <Predicate = (patternId_val_read == 13)> <Delay = 1.23> <CoreInst = "Divider">   --->   Core 6 'Divider' <Latency = 14> <II = 1> <Delay = 1.23> <FuncUnit> <Opcode : 'udiv' 'sdiv' 'urem' 'srem'> <InPorts = 2> <OutPorts = 1>
ST_6 : Operation 392 [10/15] (1.23ns)   --->   "%urem_ln1285_1 = urem i11 %add_ln1281_4, i11 3" [prj/sol/.autopilot/db/v_tpg.cpp:1285->prj/sol/.autopilot/db/v_tpg.cpp:681]   --->   Operation 392 'urem' 'urem_ln1285_1' <Predicate = (patternId_val_read == 13)> <Delay = 1.23> <CoreInst = "Divider">   --->   Core 6 'Divider' <Latency = 14> <II = 1> <Delay = 1.23> <FuncUnit> <Opcode : 'udiv' 'sdiv' 'urem' 'srem'> <InPorts = 2> <OutPorts = 1>
ST_6 : Operation 393 [10/15] (1.23ns)   --->   "%urem_ln1289_1 = urem i11 %add_ln1281_3, i11 3" [prj/sol/.autopilot/db/v_tpg.cpp:1289->prj/sol/.autopilot/db/v_tpg.cpp:681]   --->   Operation 393 'urem' 'urem_ln1289_1' <Predicate = (patternId_val_read == 13)> <Delay = 1.23> <CoreInst = "Divider">   --->   Core 6 'Divider' <Latency = 14> <II = 1> <Delay = 1.23> <FuncUnit> <Opcode : 'udiv' 'sdiv' 'urem' 'srem'> <InPorts = 2> <OutPorts = 1>
ST_6 : Operation 394 [2/3] (0.99ns) (grouped into DSP with root node add_ln1351)   --->   "%mul_ln1347_2 = mul i16 %tmp_s, i16 %ZplateHorContDelta_val_read" [prj/sol/.autopilot/db/v_tpg.cpp:1347->prj/sol/.autopilot/db/v_tpg.cpp:657]   --->   Operation 394 'mul' 'mul_ln1347_2' <Predicate = (patternId_val_read == 10)> <Delay = 0.99> <CoreInst = "DSP48">   --->   Core 124 'DSP48' <Latency = 3> <II = 1> <Delay = 0.53> <IPBlock> <Opcode : 'add' 'sub' 'mul' 'select'> <InPorts = 0> <OutPorts = 1> <Sync> <CReg>
ST_6 : Operation 395 [3/3] (0.99ns) (grouped into DSP with root node add_ln1351_1)   --->   "%mul_ln1352 = mul i16 %x_4, i16 %ZplateHorContDelta_val_read" [prj/sol/.autopilot/db/v_tpg.cpp:1352->prj/sol/.autopilot/db/v_tpg.cpp:657]   --->   Operation 395 'mul' 'mul_ln1352' <Predicate = (patternId_val_read == 10)> <Delay = 0.99> <CoreInst = "DSP48">   --->   Core 124 'DSP48' <Latency = 3> <II = 1> <Delay = 0.53> <IPBlock> <Opcode : 'add' 'sub' 'mul' 'select'> <InPorts = 0> <OutPorts = 1> <Sync> <CReg>

State 7 <SV = 6> <Delay = 1.23>
ST_7 : Operation 396 [9/15] (1.23ns)   --->   "%urem_ln1281 = urem i11 %x_7, i11 3" [prj/sol/.autopilot/db/v_tpg.cpp:1281->prj/sol/.autopilot/db/v_tpg.cpp:681]   --->   Operation 396 'urem' 'urem_ln1281' <Predicate = (patternId_val_read == 13)> <Delay = 1.23> <CoreInst = "Divider">   --->   Core 6 'Divider' <Latency = 14> <II = 1> <Delay = 1.23> <FuncUnit> <Opcode : 'udiv' 'sdiv' 'urem' 'srem'> <InPorts = 2> <OutPorts = 1>
ST_7 : Operation 397 [9/15] (1.23ns)   --->   "%urem_ln1285 = urem i11 %add_ln1281_1, i11 3" [prj/sol/.autopilot/db/v_tpg.cpp:1285->prj/sol/.autopilot/db/v_tpg.cpp:681]   --->   Operation 397 'urem' 'urem_ln1285' <Predicate = (patternId_val_read == 13)> <Delay = 1.23> <CoreInst = "Divider">   --->   Core 6 'Divider' <Latency = 14> <II = 1> <Delay = 1.23> <FuncUnit> <Opcode : 'udiv' 'sdiv' 'urem' 'srem'> <InPorts = 2> <OutPorts = 1>
ST_7 : Operation 398 [9/15] (1.23ns)   --->   "%urem_ln1289 = urem i11 %add_ln1281, i11 3" [prj/sol/.autopilot/db/v_tpg.cpp:1289->prj/sol/.autopilot/db/v_tpg.cpp:681]   --->   Operation 398 'urem' 'urem_ln1289' <Predicate = (patternId_val_read == 13)> <Delay = 1.23> <CoreInst = "Divider">   --->   Core 6 'Divider' <Latency = 14> <II = 1> <Delay = 1.23> <FuncUnit> <Opcode : 'udiv' 'sdiv' 'urem' 'srem'> <InPorts = 2> <OutPorts = 1>
ST_7 : Operation 399 [9/15] (1.23ns)   --->   "%urem_ln1281_1 = urem i11 %xk_1, i11 3" [prj/sol/.autopilot/db/v_tpg.cpp:1281->prj/sol/.autopilot/db/v_tpg.cpp:681]   --->   Operation 399 'urem' 'urem_ln1281_1' <Predicate = (patternId_val_read == 13)> <Delay = 1.23> <CoreInst = "Divider">   --->   Core 6 'Divider' <Latency = 14> <II = 1> <Delay = 1.23> <FuncUnit> <Opcode : 'udiv' 'sdiv' 'urem' 'srem'> <InPorts = 2> <OutPorts = 1>
ST_7 : Operation 400 [9/15] (1.23ns)   --->   "%urem_ln1285_1 = urem i11 %add_ln1281_4, i11 3" [prj/sol/.autopilot/db/v_tpg.cpp:1285->prj/sol/.autopilot/db/v_tpg.cpp:681]   --->   Operation 400 'urem' 'urem_ln1285_1' <Predicate = (patternId_val_read == 13)> <Delay = 1.23> <CoreInst = "Divider">   --->   Core 6 'Divider' <Latency = 14> <II = 1> <Delay = 1.23> <FuncUnit> <Opcode : 'udiv' 'sdiv' 'urem' 'srem'> <InPorts = 2> <OutPorts = 1>
ST_7 : Operation 401 [9/15] (1.23ns)   --->   "%urem_ln1289_1 = urem i11 %add_ln1281_3, i11 3" [prj/sol/.autopilot/db/v_tpg.cpp:1289->prj/sol/.autopilot/db/v_tpg.cpp:681]   --->   Operation 401 'urem' 'urem_ln1289_1' <Predicate = (patternId_val_read == 13)> <Delay = 1.23> <CoreInst = "Divider">   --->   Core 6 'Divider' <Latency = 14> <II = 1> <Delay = 1.23> <FuncUnit> <Opcode : 'udiv' 'sdiv' 'urem' 'srem'> <InPorts = 2> <OutPorts = 1>
ST_7 : Operation 402 [1/3] (0.00ns) (grouped into DSP with root node add_ln1351)   --->   "%mul_ln1347_2 = mul i16 %tmp_s, i16 %ZplateHorContDelta_val_read" [prj/sol/.autopilot/db/v_tpg.cpp:1347->prj/sol/.autopilot/db/v_tpg.cpp:657]   --->   Operation 402 'mul' 'mul_ln1347_2' <Predicate = (patternId_val_read == 10)> <Delay = 0.00> <CoreInst = "DSP48">   --->   Core 124 'DSP48' <Latency = 3> <II = 1> <Delay = 0.53> <IPBlock> <Opcode : 'add' 'sub' 'mul' 'select'> <InPorts = 0> <OutPorts = 1> <Sync> <CReg>
ST_7 : Operation 403 [2/2] (0.64ns) (root node of the DSP)   --->   "%add_ln1351 = add i16 %add_ln1351_2, i16 %mul_ln1347_2" [prj/sol/.autopilot/db/v_tpg.cpp:1351->prj/sol/.autopilot/db/v_tpg.cpp:657]   --->   Operation 403 'add' 'add_ln1351' <Predicate = (patternId_val_read == 10)> <Delay = 0.64> <CoreInst = "DSP48">   --->   Core 124 'DSP48' <Latency = 3> <II = 1> <Delay = 0.53> <IPBlock> <Opcode : 'add' 'sub' 'mul' 'select'> <InPorts = 0> <OutPorts = 1> <Sync> <CReg>
ST_7 : Operation 404 [2/3] (0.99ns) (grouped into DSP with root node add_ln1351_1)   --->   "%mul_ln1352 = mul i16 %x_4, i16 %ZplateHorContDelta_val_read" [prj/sol/.autopilot/db/v_tpg.cpp:1352->prj/sol/.autopilot/db/v_tpg.cpp:657]   --->   Operation 404 'mul' 'mul_ln1352' <Predicate = (patternId_val_read == 10)> <Delay = 0.99> <CoreInst = "DSP48">   --->   Core 124 'DSP48' <Latency = 3> <II = 1> <Delay = 0.53> <IPBlock> <Opcode : 'add' 'sub' 'mul' 'select'> <InPorts = 0> <OutPorts = 1> <Sync> <CReg>

State 8 <SV = 7> <Delay = 2.14>
ST_8 : Operation 405 [8/15] (1.23ns)   --->   "%urem_ln1281 = urem i11 %x_7, i11 3" [prj/sol/.autopilot/db/v_tpg.cpp:1281->prj/sol/.autopilot/db/v_tpg.cpp:681]   --->   Operation 405 'urem' 'urem_ln1281' <Predicate = (patternId_val_read == 13)> <Delay = 1.23> <CoreInst = "Divider">   --->   Core 6 'Divider' <Latency = 14> <II = 1> <Delay = 1.23> <FuncUnit> <Opcode : 'udiv' 'sdiv' 'urem' 'srem'> <InPorts = 2> <OutPorts = 1>
ST_8 : Operation 406 [8/15] (1.23ns)   --->   "%urem_ln1285 = urem i11 %add_ln1281_1, i11 3" [prj/sol/.autopilot/db/v_tpg.cpp:1285->prj/sol/.autopilot/db/v_tpg.cpp:681]   --->   Operation 406 'urem' 'urem_ln1285' <Predicate = (patternId_val_read == 13)> <Delay = 1.23> <CoreInst = "Divider">   --->   Core 6 'Divider' <Latency = 14> <II = 1> <Delay = 1.23> <FuncUnit> <Opcode : 'udiv' 'sdiv' 'urem' 'srem'> <InPorts = 2> <OutPorts = 1>
ST_8 : Operation 407 [8/15] (1.23ns)   --->   "%urem_ln1289 = urem i11 %add_ln1281, i11 3" [prj/sol/.autopilot/db/v_tpg.cpp:1289->prj/sol/.autopilot/db/v_tpg.cpp:681]   --->   Operation 407 'urem' 'urem_ln1289' <Predicate = (patternId_val_read == 13)> <Delay = 1.23> <CoreInst = "Divider">   --->   Core 6 'Divider' <Latency = 14> <II = 1> <Delay = 1.23> <FuncUnit> <Opcode : 'udiv' 'sdiv' 'urem' 'srem'> <InPorts = 2> <OutPorts = 1>
ST_8 : Operation 408 [8/15] (1.23ns)   --->   "%urem_ln1281_1 = urem i11 %xk_1, i11 3" [prj/sol/.autopilot/db/v_tpg.cpp:1281->prj/sol/.autopilot/db/v_tpg.cpp:681]   --->   Operation 408 'urem' 'urem_ln1281_1' <Predicate = (patternId_val_read == 13)> <Delay = 1.23> <CoreInst = "Divider">   --->   Core 6 'Divider' <Latency = 14> <II = 1> <Delay = 1.23> <FuncUnit> <Opcode : 'udiv' 'sdiv' 'urem' 'srem'> <InPorts = 2> <OutPorts = 1>
ST_8 : Operation 409 [8/15] (1.23ns)   --->   "%urem_ln1285_1 = urem i11 %add_ln1281_4, i11 3" [prj/sol/.autopilot/db/v_tpg.cpp:1285->prj/sol/.autopilot/db/v_tpg.cpp:681]   --->   Operation 409 'urem' 'urem_ln1285_1' <Predicate = (patternId_val_read == 13)> <Delay = 1.23> <CoreInst = "Divider">   --->   Core 6 'Divider' <Latency = 14> <II = 1> <Delay = 1.23> <FuncUnit> <Opcode : 'udiv' 'sdiv' 'urem' 'srem'> <InPorts = 2> <OutPorts = 1>
ST_8 : Operation 410 [8/15] (1.23ns)   --->   "%urem_ln1289_1 = urem i11 %add_ln1281_3, i11 3" [prj/sol/.autopilot/db/v_tpg.cpp:1289->prj/sol/.autopilot/db/v_tpg.cpp:681]   --->   Operation 410 'urem' 'urem_ln1289_1' <Predicate = (patternId_val_read == 13)> <Delay = 1.23> <CoreInst = "Divider">   --->   Core 6 'Divider' <Latency = 14> <II = 1> <Delay = 1.23> <FuncUnit> <Opcode : 'udiv' 'sdiv' 'urem' 'srem'> <InPorts = 2> <OutPorts = 1>
ST_8 : Operation 411 [1/2] (0.64ns) (root node of the DSP)   --->   "%add_ln1351 = add i16 %add_ln1351_2, i16 %mul_ln1347_2" [prj/sol/.autopilot/db/v_tpg.cpp:1351->prj/sol/.autopilot/db/v_tpg.cpp:657]   --->   Operation 411 'add' 'add_ln1351' <Predicate = (patternId_val_read == 10)> <Delay = 0.64> <CoreInst = "DSP48">   --->   Core 124 'DSP48' <Latency = 3> <II = 1> <Delay = 0.53> <IPBlock> <Opcode : 'add' 'sub' 'mul' 'select'> <InPorts = 0> <OutPorts = 1> <Sync> <CReg>
ST_8 : Operation 412 [1/1] (0.00ns)   --->   "%lshr_ln = partselect i11 @_ssdm_op_PartSelect.i11.i16.i32.i32, i16 %add_ln1351, i32 5, i32 15" [prj/sol/.autopilot/db/v_tpg.cpp:1355->prj/sol/.autopilot/db/v_tpg.cpp:657]   --->   Operation 412 'partselect' 'lshr_ln' <Predicate = (patternId_val_read == 10)> <Delay = 0.00>
ST_8 : Operation 413 [1/3] (0.00ns) (grouped into DSP with root node add_ln1351_1)   --->   "%mul_ln1352 = mul i16 %x_4, i16 %ZplateHorContDelta_val_read" [prj/sol/.autopilot/db/v_tpg.cpp:1352->prj/sol/.autopilot/db/v_tpg.cpp:657]   --->   Operation 413 'mul' 'mul_ln1352' <Predicate = (patternId_val_read == 10)> <Delay = 0.00> <CoreInst = "DSP48">   --->   Core 124 'DSP48' <Latency = 3> <II = 1> <Delay = 0.53> <IPBlock> <Opcode : 'add' 'sub' 'mul' 'select'> <InPorts = 0> <OutPorts = 1> <Sync> <CReg>
ST_8 : Operation 414 [1/1] (0.85ns)   --->   "%add_ln1351_3 = add i16 %add_ln1351, i16 %ZplateHorContStart_val_read" [prj/sol/.autopilot/db/v_tpg.cpp:1351->prj/sol/.autopilot/db/v_tpg.cpp:657]   --->   Operation 414 'add' 'add_ln1351_3' <Predicate = (patternId_val_read == 10)> <Delay = 0.85> <CoreInst = "Adder">   --->   Core 1 'Adder' <Latency = 0> <II = 1> <Delay = 0.85> <FuncUnit> <Opcode : 'add' 'sub'> <InPorts = 2> <OutPorts = 1>
ST_8 : Operation 415 [2/2] (0.64ns) (root node of the DSP)   --->   "%add_ln1351_1 = add i16 %add_ln1351_3, i16 %mul_ln1352" [prj/sol/.autopilot/db/v_tpg.cpp:1351->prj/sol/.autopilot/db/v_tpg.cpp:657]   --->   Operation 415 'add' 'add_ln1351_1' <Predicate = (patternId_val_read == 10)> <Delay = 0.64> <CoreInst = "DSP48">   --->   Core 124 'DSP48' <Latency = 3> <II = 1> <Delay = 0.53> <IPBlock> <Opcode : 'add' 'sub' 'mul' 'select'> <InPorts = 0> <OutPorts = 1> <Sync> <CReg>

State 9 <SV = 8> <Delay = 1.23>
ST_9 : Operation 416 [7/15] (1.23ns)   --->   "%urem_ln1281 = urem i11 %x_7, i11 3" [prj/sol/.autopilot/db/v_tpg.cpp:1281->prj/sol/.autopilot/db/v_tpg.cpp:681]   --->   Operation 416 'urem' 'urem_ln1281' <Predicate = (patternId_val_read == 13)> <Delay = 1.23> <CoreInst = "Divider">   --->   Core 6 'Divider' <Latency = 14> <II = 1> <Delay = 1.23> <FuncUnit> <Opcode : 'udiv' 'sdiv' 'urem' 'srem'> <InPorts = 2> <OutPorts = 1>
ST_9 : Operation 417 [7/15] (1.23ns)   --->   "%urem_ln1285 = urem i11 %add_ln1281_1, i11 3" [prj/sol/.autopilot/db/v_tpg.cpp:1285->prj/sol/.autopilot/db/v_tpg.cpp:681]   --->   Operation 417 'urem' 'urem_ln1285' <Predicate = (patternId_val_read == 13)> <Delay = 1.23> <CoreInst = "Divider">   --->   Core 6 'Divider' <Latency = 14> <II = 1> <Delay = 1.23> <FuncUnit> <Opcode : 'udiv' 'sdiv' 'urem' 'srem'> <InPorts = 2> <OutPorts = 1>
ST_9 : Operation 418 [7/15] (1.23ns)   --->   "%urem_ln1289 = urem i11 %add_ln1281, i11 3" [prj/sol/.autopilot/db/v_tpg.cpp:1289->prj/sol/.autopilot/db/v_tpg.cpp:681]   --->   Operation 418 'urem' 'urem_ln1289' <Predicate = (patternId_val_read == 13)> <Delay = 1.23> <CoreInst = "Divider">   --->   Core 6 'Divider' <Latency = 14> <II = 1> <Delay = 1.23> <FuncUnit> <Opcode : 'udiv' 'sdiv' 'urem' 'srem'> <InPorts = 2> <OutPorts = 1>
ST_9 : Operation 419 [7/15] (1.23ns)   --->   "%urem_ln1281_1 = urem i11 %xk_1, i11 3" [prj/sol/.autopilot/db/v_tpg.cpp:1281->prj/sol/.autopilot/db/v_tpg.cpp:681]   --->   Operation 419 'urem' 'urem_ln1281_1' <Predicate = (patternId_val_read == 13)> <Delay = 1.23> <CoreInst = "Divider">   --->   Core 6 'Divider' <Latency = 14> <II = 1> <Delay = 1.23> <FuncUnit> <Opcode : 'udiv' 'sdiv' 'urem' 'srem'> <InPorts = 2> <OutPorts = 1>
ST_9 : Operation 420 [7/15] (1.23ns)   --->   "%urem_ln1285_1 = urem i11 %add_ln1281_4, i11 3" [prj/sol/.autopilot/db/v_tpg.cpp:1285->prj/sol/.autopilot/db/v_tpg.cpp:681]   --->   Operation 420 'urem' 'urem_ln1285_1' <Predicate = (patternId_val_read == 13)> <Delay = 1.23> <CoreInst = "Divider">   --->   Core 6 'Divider' <Latency = 14> <II = 1> <Delay = 1.23> <FuncUnit> <Opcode : 'udiv' 'sdiv' 'urem' 'srem'> <InPorts = 2> <OutPorts = 1>
ST_9 : Operation 421 [7/15] (1.23ns)   --->   "%urem_ln1289_1 = urem i11 %add_ln1281_3, i11 3" [prj/sol/.autopilot/db/v_tpg.cpp:1289->prj/sol/.autopilot/db/v_tpg.cpp:681]   --->   Operation 421 'urem' 'urem_ln1289_1' <Predicate = (patternId_val_read == 13)> <Delay = 1.23> <CoreInst = "Divider">   --->   Core 6 'Divider' <Latency = 14> <II = 1> <Delay = 1.23> <FuncUnit> <Opcode : 'udiv' 'sdiv' 'urem' 'srem'> <InPorts = 2> <OutPorts = 1>
ST_9 : Operation 422 [1/2] (0.64ns) (root node of the DSP)   --->   "%add_ln1351_1 = add i16 %add_ln1351_3, i16 %mul_ln1352" [prj/sol/.autopilot/db/v_tpg.cpp:1351->prj/sol/.autopilot/db/v_tpg.cpp:657]   --->   Operation 422 'add' 'add_ln1351_1' <Predicate = (patternId_val_read == 10)> <Delay = 0.64> <CoreInst = "DSP48">   --->   Core 124 'DSP48' <Latency = 3> <II = 1> <Delay = 0.53> <IPBlock> <Opcode : 'add' 'sub' 'mul' 'select'> <InPorts = 0> <OutPorts = 1> <Sync> <CReg>
ST_9 : Operation 423 [1/1] (0.00ns)   --->   "%lshr_ln1355_1 = partselect i11 @_ssdm_op_PartSelect.i11.i16.i32.i32, i16 %add_ln1351_1, i32 5, i32 15" [prj/sol/.autopilot/db/v_tpg.cpp:1355->prj/sol/.autopilot/db/v_tpg.cpp:657]   --->   Operation 423 'partselect' 'lshr_ln1355_1' <Predicate = (patternId_val_read == 10)> <Delay = 0.00>

State 10 <SV = 9> <Delay = 1.23>
ST_10 : Operation 424 [6/15] (1.23ns)   --->   "%urem_ln1281 = urem i11 %x_7, i11 3" [prj/sol/.autopilot/db/v_tpg.cpp:1281->prj/sol/.autopilot/db/v_tpg.cpp:681]   --->   Operation 424 'urem' 'urem_ln1281' <Predicate = (patternId_val_read == 13)> <Delay = 1.23> <CoreInst = "Divider">   --->   Core 6 'Divider' <Latency = 14> <II = 1> <Delay = 1.23> <FuncUnit> <Opcode : 'udiv' 'sdiv' 'urem' 'srem'> <InPorts = 2> <OutPorts = 1>
ST_10 : Operation 425 [6/15] (1.23ns)   --->   "%urem_ln1285 = urem i11 %add_ln1281_1, i11 3" [prj/sol/.autopilot/db/v_tpg.cpp:1285->prj/sol/.autopilot/db/v_tpg.cpp:681]   --->   Operation 425 'urem' 'urem_ln1285' <Predicate = (patternId_val_read == 13)> <Delay = 1.23> <CoreInst = "Divider">   --->   Core 6 'Divider' <Latency = 14> <II = 1> <Delay = 1.23> <FuncUnit> <Opcode : 'udiv' 'sdiv' 'urem' 'srem'> <InPorts = 2> <OutPorts = 1>
ST_10 : Operation 426 [6/15] (1.23ns)   --->   "%urem_ln1289 = urem i11 %add_ln1281, i11 3" [prj/sol/.autopilot/db/v_tpg.cpp:1289->prj/sol/.autopilot/db/v_tpg.cpp:681]   --->   Operation 426 'urem' 'urem_ln1289' <Predicate = (patternId_val_read == 13)> <Delay = 1.23> <CoreInst = "Divider">   --->   Core 6 'Divider' <Latency = 14> <II = 1> <Delay = 1.23> <FuncUnit> <Opcode : 'udiv' 'sdiv' 'urem' 'srem'> <InPorts = 2> <OutPorts = 1>
ST_10 : Operation 427 [6/15] (1.23ns)   --->   "%urem_ln1281_1 = urem i11 %xk_1, i11 3" [prj/sol/.autopilot/db/v_tpg.cpp:1281->prj/sol/.autopilot/db/v_tpg.cpp:681]   --->   Operation 427 'urem' 'urem_ln1281_1' <Predicate = (patternId_val_read == 13)> <Delay = 1.23> <CoreInst = "Divider">   --->   Core 6 'Divider' <Latency = 14> <II = 1> <Delay = 1.23> <FuncUnit> <Opcode : 'udiv' 'sdiv' 'urem' 'srem'> <InPorts = 2> <OutPorts = 1>
ST_10 : Operation 428 [6/15] (1.23ns)   --->   "%urem_ln1285_1 = urem i11 %add_ln1281_4, i11 3" [prj/sol/.autopilot/db/v_tpg.cpp:1285->prj/sol/.autopilot/db/v_tpg.cpp:681]   --->   Operation 428 'urem' 'urem_ln1285_1' <Predicate = (patternId_val_read == 13)> <Delay = 1.23> <CoreInst = "Divider">   --->   Core 6 'Divider' <Latency = 14> <II = 1> <Delay = 1.23> <FuncUnit> <Opcode : 'udiv' 'sdiv' 'urem' 'srem'> <InPorts = 2> <OutPorts = 1>
ST_10 : Operation 429 [6/15] (1.23ns)   --->   "%urem_ln1289_1 = urem i11 %add_ln1281_3, i11 3" [prj/sol/.autopilot/db/v_tpg.cpp:1289->prj/sol/.autopilot/db/v_tpg.cpp:681]   --->   Operation 429 'urem' 'urem_ln1289_1' <Predicate = (patternId_val_read == 13)> <Delay = 1.23> <CoreInst = "Divider">   --->   Core 6 'Divider' <Latency = 14> <II = 1> <Delay = 1.23> <FuncUnit> <Opcode : 'udiv' 'sdiv' 'urem' 'srem'> <InPorts = 2> <OutPorts = 1>

State 11 <SV = 10> <Delay = 1.23>
ST_11 : Operation 430 [5/15] (1.23ns)   --->   "%urem_ln1281 = urem i11 %x_7, i11 3" [prj/sol/.autopilot/db/v_tpg.cpp:1281->prj/sol/.autopilot/db/v_tpg.cpp:681]   --->   Operation 430 'urem' 'urem_ln1281' <Predicate = (patternId_val_read == 13)> <Delay = 1.23> <CoreInst = "Divider">   --->   Core 6 'Divider' <Latency = 14> <II = 1> <Delay = 1.23> <FuncUnit> <Opcode : 'udiv' 'sdiv' 'urem' 'srem'> <InPorts = 2> <OutPorts = 1>
ST_11 : Operation 431 [5/15] (1.23ns)   --->   "%urem_ln1285 = urem i11 %add_ln1281_1, i11 3" [prj/sol/.autopilot/db/v_tpg.cpp:1285->prj/sol/.autopilot/db/v_tpg.cpp:681]   --->   Operation 431 'urem' 'urem_ln1285' <Predicate = (patternId_val_read == 13)> <Delay = 1.23> <CoreInst = "Divider">   --->   Core 6 'Divider' <Latency = 14> <II = 1> <Delay = 1.23> <FuncUnit> <Opcode : 'udiv' 'sdiv' 'urem' 'srem'> <InPorts = 2> <OutPorts = 1>
ST_11 : Operation 432 [5/15] (1.23ns)   --->   "%urem_ln1289 = urem i11 %add_ln1281, i11 3" [prj/sol/.autopilot/db/v_tpg.cpp:1289->prj/sol/.autopilot/db/v_tpg.cpp:681]   --->   Operation 432 'urem' 'urem_ln1289' <Predicate = (patternId_val_read == 13)> <Delay = 1.23> <CoreInst = "Divider">   --->   Core 6 'Divider' <Latency = 14> <II = 1> <Delay = 1.23> <FuncUnit> <Opcode : 'udiv' 'sdiv' 'urem' 'srem'> <InPorts = 2> <OutPorts = 1>
ST_11 : Operation 433 [5/15] (1.23ns)   --->   "%urem_ln1281_1 = urem i11 %xk_1, i11 3" [prj/sol/.autopilot/db/v_tpg.cpp:1281->prj/sol/.autopilot/db/v_tpg.cpp:681]   --->   Operation 433 'urem' 'urem_ln1281_1' <Predicate = (patternId_val_read == 13)> <Delay = 1.23> <CoreInst = "Divider">   --->   Core 6 'Divider' <Latency = 14> <II = 1> <Delay = 1.23> <FuncUnit> <Opcode : 'udiv' 'sdiv' 'urem' 'srem'> <InPorts = 2> <OutPorts = 1>
ST_11 : Operation 434 [5/15] (1.23ns)   --->   "%urem_ln1285_1 = urem i11 %add_ln1281_4, i11 3" [prj/sol/.autopilot/db/v_tpg.cpp:1285->prj/sol/.autopilot/db/v_tpg.cpp:681]   --->   Operation 434 'urem' 'urem_ln1285_1' <Predicate = (patternId_val_read == 13)> <Delay = 1.23> <CoreInst = "Divider">   --->   Core 6 'Divider' <Latency = 14> <II = 1> <Delay = 1.23> <FuncUnit> <Opcode : 'udiv' 'sdiv' 'urem' 'srem'> <InPorts = 2> <OutPorts = 1>
ST_11 : Operation 435 [5/15] (1.23ns)   --->   "%urem_ln1289_1 = urem i11 %add_ln1281_3, i11 3" [prj/sol/.autopilot/db/v_tpg.cpp:1289->prj/sol/.autopilot/db/v_tpg.cpp:681]   --->   Operation 435 'urem' 'urem_ln1289_1' <Predicate = (patternId_val_read == 13)> <Delay = 1.23> <CoreInst = "Divider">   --->   Core 6 'Divider' <Latency = 14> <II = 1> <Delay = 1.23> <FuncUnit> <Opcode : 'udiv' 'sdiv' 'urem' 'srem'> <InPorts = 2> <OutPorts = 1>

State 12 <SV = 11> <Delay = 1.23>
ST_12 : Operation 436 [4/15] (1.23ns)   --->   "%urem_ln1281 = urem i11 %x_7, i11 3" [prj/sol/.autopilot/db/v_tpg.cpp:1281->prj/sol/.autopilot/db/v_tpg.cpp:681]   --->   Operation 436 'urem' 'urem_ln1281' <Predicate = (patternId_val_read == 13)> <Delay = 1.23> <CoreInst = "Divider">   --->   Core 6 'Divider' <Latency = 14> <II = 1> <Delay = 1.23> <FuncUnit> <Opcode : 'udiv' 'sdiv' 'urem' 'srem'> <InPorts = 2> <OutPorts = 1>
ST_12 : Operation 437 [4/15] (1.23ns)   --->   "%urem_ln1285 = urem i11 %add_ln1281_1, i11 3" [prj/sol/.autopilot/db/v_tpg.cpp:1285->prj/sol/.autopilot/db/v_tpg.cpp:681]   --->   Operation 437 'urem' 'urem_ln1285' <Predicate = (patternId_val_read == 13)> <Delay = 1.23> <CoreInst = "Divider">   --->   Core 6 'Divider' <Latency = 14> <II = 1> <Delay = 1.23> <FuncUnit> <Opcode : 'udiv' 'sdiv' 'urem' 'srem'> <InPorts = 2> <OutPorts = 1>
ST_12 : Operation 438 [4/15] (1.23ns)   --->   "%urem_ln1289 = urem i11 %add_ln1281, i11 3" [prj/sol/.autopilot/db/v_tpg.cpp:1289->prj/sol/.autopilot/db/v_tpg.cpp:681]   --->   Operation 438 'urem' 'urem_ln1289' <Predicate = (patternId_val_read == 13)> <Delay = 1.23> <CoreInst = "Divider">   --->   Core 6 'Divider' <Latency = 14> <II = 1> <Delay = 1.23> <FuncUnit> <Opcode : 'udiv' 'sdiv' 'urem' 'srem'> <InPorts = 2> <OutPorts = 1>
ST_12 : Operation 439 [4/15] (1.23ns)   --->   "%urem_ln1281_1 = urem i11 %xk_1, i11 3" [prj/sol/.autopilot/db/v_tpg.cpp:1281->prj/sol/.autopilot/db/v_tpg.cpp:681]   --->   Operation 439 'urem' 'urem_ln1281_1' <Predicate = (patternId_val_read == 13)> <Delay = 1.23> <CoreInst = "Divider">   --->   Core 6 'Divider' <Latency = 14> <II = 1> <Delay = 1.23> <FuncUnit> <Opcode : 'udiv' 'sdiv' 'urem' 'srem'> <InPorts = 2> <OutPorts = 1>
ST_12 : Operation 440 [4/15] (1.23ns)   --->   "%urem_ln1285_1 = urem i11 %add_ln1281_4, i11 3" [prj/sol/.autopilot/db/v_tpg.cpp:1285->prj/sol/.autopilot/db/v_tpg.cpp:681]   --->   Operation 440 'urem' 'urem_ln1285_1' <Predicate = (patternId_val_read == 13)> <Delay = 1.23> <CoreInst = "Divider">   --->   Core 6 'Divider' <Latency = 14> <II = 1> <Delay = 1.23> <FuncUnit> <Opcode : 'udiv' 'sdiv' 'urem' 'srem'> <InPorts = 2> <OutPorts = 1>
ST_12 : Operation 441 [4/15] (1.23ns)   --->   "%urem_ln1289_1 = urem i11 %add_ln1281_3, i11 3" [prj/sol/.autopilot/db/v_tpg.cpp:1289->prj/sol/.autopilot/db/v_tpg.cpp:681]   --->   Operation 441 'urem' 'urem_ln1289_1' <Predicate = (patternId_val_read == 13)> <Delay = 1.23> <CoreInst = "Divider">   --->   Core 6 'Divider' <Latency = 14> <II = 1> <Delay = 1.23> <FuncUnit> <Opcode : 'udiv' 'sdiv' 'urem' 'srem'> <InPorts = 2> <OutPorts = 1>

State 13 <SV = 12> <Delay = 1.23>
ST_13 : Operation 442 [3/15] (1.23ns)   --->   "%urem_ln1281 = urem i11 %x_7, i11 3" [prj/sol/.autopilot/db/v_tpg.cpp:1281->prj/sol/.autopilot/db/v_tpg.cpp:681]   --->   Operation 442 'urem' 'urem_ln1281' <Predicate = (patternId_val_read == 13)> <Delay = 1.23> <CoreInst = "Divider">   --->   Core 6 'Divider' <Latency = 14> <II = 1> <Delay = 1.23> <FuncUnit> <Opcode : 'udiv' 'sdiv' 'urem' 'srem'> <InPorts = 2> <OutPorts = 1>
ST_13 : Operation 443 [3/15] (1.23ns)   --->   "%urem_ln1285 = urem i11 %add_ln1281_1, i11 3" [prj/sol/.autopilot/db/v_tpg.cpp:1285->prj/sol/.autopilot/db/v_tpg.cpp:681]   --->   Operation 443 'urem' 'urem_ln1285' <Predicate = (patternId_val_read == 13)> <Delay = 1.23> <CoreInst = "Divider">   --->   Core 6 'Divider' <Latency = 14> <II = 1> <Delay = 1.23> <FuncUnit> <Opcode : 'udiv' 'sdiv' 'urem' 'srem'> <InPorts = 2> <OutPorts = 1>
ST_13 : Operation 444 [3/15] (1.23ns)   --->   "%urem_ln1289 = urem i11 %add_ln1281, i11 3" [prj/sol/.autopilot/db/v_tpg.cpp:1289->prj/sol/.autopilot/db/v_tpg.cpp:681]   --->   Operation 444 'urem' 'urem_ln1289' <Predicate = (patternId_val_read == 13)> <Delay = 1.23> <CoreInst = "Divider">   --->   Core 6 'Divider' <Latency = 14> <II = 1> <Delay = 1.23> <FuncUnit> <Opcode : 'udiv' 'sdiv' 'urem' 'srem'> <InPorts = 2> <OutPorts = 1>
ST_13 : Operation 445 [3/15] (1.23ns)   --->   "%urem_ln1281_1 = urem i11 %xk_1, i11 3" [prj/sol/.autopilot/db/v_tpg.cpp:1281->prj/sol/.autopilot/db/v_tpg.cpp:681]   --->   Operation 445 'urem' 'urem_ln1281_1' <Predicate = (patternId_val_read == 13)> <Delay = 1.23> <CoreInst = "Divider">   --->   Core 6 'Divider' <Latency = 14> <II = 1> <Delay = 1.23> <FuncUnit> <Opcode : 'udiv' 'sdiv' 'urem' 'srem'> <InPorts = 2> <OutPorts = 1>
ST_13 : Operation 446 [3/15] (1.23ns)   --->   "%urem_ln1285_1 = urem i11 %add_ln1281_4, i11 3" [prj/sol/.autopilot/db/v_tpg.cpp:1285->prj/sol/.autopilot/db/v_tpg.cpp:681]   --->   Operation 446 'urem' 'urem_ln1285_1' <Predicate = (patternId_val_read == 13)> <Delay = 1.23> <CoreInst = "Divider">   --->   Core 6 'Divider' <Latency = 14> <II = 1> <Delay = 1.23> <FuncUnit> <Opcode : 'udiv' 'sdiv' 'urem' 'srem'> <InPorts = 2> <OutPorts = 1>
ST_13 : Operation 447 [3/15] (1.23ns)   --->   "%urem_ln1289_1 = urem i11 %add_ln1281_3, i11 3" [prj/sol/.autopilot/db/v_tpg.cpp:1289->prj/sol/.autopilot/db/v_tpg.cpp:681]   --->   Operation 447 'urem' 'urem_ln1289_1' <Predicate = (patternId_val_read == 13)> <Delay = 1.23> <CoreInst = "Divider">   --->   Core 6 'Divider' <Latency = 14> <II = 1> <Delay = 1.23> <FuncUnit> <Opcode : 'udiv' 'sdiv' 'urem' 'srem'> <InPorts = 2> <OutPorts = 1>

State 14 <SV = 13> <Delay = 3.47>
ST_14 : Operation 448 [1/1] (0.00ns)   --->   "%zext_ln1281_2 = zext i11 %x_7" [prj/sol/.autopilot/db/v_tpg.cpp:1281->prj/sol/.autopilot/db/v_tpg.cpp:681]   --->   Operation 448 'zext' 'zext_ln1281_2' <Predicate = (patternId_val_read == 13)> <Delay = 0.00>
ST_14 : Operation 449 [1/1] (2.23ns)   --->   "%mul_ln1281 = mul i23 %zext_ln1281_2, i23 2731" [prj/sol/.autopilot/db/v_tpg.cpp:1281->prj/sol/.autopilot/db/v_tpg.cpp:681]   --->   Operation 449 'mul' 'mul_ln1281' <Predicate = (patternId_val_read == 13)> <Delay = 2.23> <CoreInst = "Multiplier">   --->   Core 3 'Multiplier' <Latency = 0> <II = 1> <Delay = 2.23> <FuncUnit> <Opcode : 'mul'> <InPorts = 2> <OutPorts = 1>
ST_14 : Operation 450 [1/1] (0.00ns)   --->   "%tmp_23 = partselect i10 @_ssdm_op_PartSelect.i10.i23.i32.i32, i23 %mul_ln1281, i32 13, i32 22" [prj/sol/.autopilot/db/v_tpg.cpp:1281->prj/sol/.autopilot/db/v_tpg.cpp:681]   --->   Operation 450 'partselect' 'tmp_23' <Predicate = (patternId_val_read == 13)> <Delay = 0.00>
ST_14 : Operation 451 [1/1] (0.00ns)   --->   "%zext_ln1281 = zext i10 %tmp_23" [prj/sol/.autopilot/db/v_tpg.cpp:1281->prj/sol/.autopilot/db/v_tpg.cpp:681]   --->   Operation 451 'zext' 'zext_ln1281' <Predicate = (patternId_val_read == 13)> <Delay = 0.00>
ST_14 : Operation 452 [2/15] (1.23ns)   --->   "%urem_ln1281 = urem i11 %x_7, i11 3" [prj/sol/.autopilot/db/v_tpg.cpp:1281->prj/sol/.autopilot/db/v_tpg.cpp:681]   --->   Operation 452 'urem' 'urem_ln1281' <Predicate = (patternId_val_read == 13)> <Delay = 1.23> <CoreInst = "Divider">   --->   Core 6 'Divider' <Latency = 14> <II = 1> <Delay = 1.23> <FuncUnit> <Opcode : 'udiv' 'sdiv' 'urem' 'srem'> <InPorts = 2> <OutPorts = 1>
ST_14 : Operation 453 [1/1] (0.00ns)   --->   "%tpgSinTableArray_9bit_0_addr = getelementptr i8 %tpgSinTableArray_9bit_0, i64 0, i64 %zext_ln1281" [prj/sol/.autopilot/db/v_tpg.cpp:1281->prj/sol/.autopilot/db/v_tpg.cpp:681]   --->   Operation 453 'getelementptr' 'tpgSinTableArray_9bit_0_addr' <Predicate = (patternId_val_read == 13)> <Delay = 0.00>
ST_14 : Operation 454 [1/1] (0.00ns)   --->   "%tpgSinTableArray_9bit_1_addr = getelementptr i8 %tpgSinTableArray_9bit_1, i64 0, i64 %zext_ln1281" [prj/sol/.autopilot/db/v_tpg.cpp:1281->prj/sol/.autopilot/db/v_tpg.cpp:681]   --->   Operation 454 'getelementptr' 'tpgSinTableArray_9bit_1_addr' <Predicate = (patternId_val_read == 13)> <Delay = 0.00>
ST_14 : Operation 455 [1/1] (0.00ns)   --->   "%tpgSinTableArray_9bit_2_addr = getelementptr i9 %tpgSinTableArray_9bit_2, i64 0, i64 %zext_ln1281" [prj/sol/.autopilot/db/v_tpg.cpp:1281->prj/sol/.autopilot/db/v_tpg.cpp:681]   --->   Operation 455 'getelementptr' 'tpgSinTableArray_9bit_2_addr' <Predicate = (patternId_val_read == 13)> <Delay = 0.00>
ST_14 : Operation 456 [2/2] (1.23ns)   --->   "%tpgSinTableArray_9bit_0_load = load i10 %tpgSinTableArray_9bit_0_addr" [prj/sol/.autopilot/db/v_tpg.cpp:1281->prj/sol/.autopilot/db/v_tpg.cpp:681]   --->   Operation 456 'load' 'tpgSinTableArray_9bit_0_load' <Predicate = (patternId_val_read == 13)> <Delay = 1.23> <CoreInst = "ROM">   --->   Core 100 'ROM' <Latency = 1> <II = 1> <Delay = 1.23> <Storage> <Opcode : 'load'> <Ports = 0> <Width = 8> <Depth = 683> <ROM>
ST_14 : Operation 457 [2/2] (1.23ns)   --->   "%tpgSinTableArray_9bit_1_load = load i10 %tpgSinTableArray_9bit_1_addr" [prj/sol/.autopilot/db/v_tpg.cpp:1281->prj/sol/.autopilot/db/v_tpg.cpp:681]   --->   Operation 457 'load' 'tpgSinTableArray_9bit_1_load' <Predicate = (patternId_val_read == 13)> <Delay = 1.23> <CoreInst = "ROM">   --->   Core 100 'ROM' <Latency = 1> <II = 1> <Delay = 1.23> <Storage> <Opcode : 'load'> <Ports = 0> <Width = 8> <Depth = 683> <ROM>
ST_14 : Operation 458 [2/2] (1.23ns)   --->   "%tpgSinTableArray_9bit_2_load = load i10 %tpgSinTableArray_9bit_2_addr" [prj/sol/.autopilot/db/v_tpg.cpp:1281->prj/sol/.autopilot/db/v_tpg.cpp:681]   --->   Operation 458 'load' 'tpgSinTableArray_9bit_2_load' <Predicate = (patternId_val_read == 13)> <Delay = 1.23> <CoreInst = "ROM">   --->   Core 100 'ROM' <Latency = 1> <II = 1> <Delay = 1.23> <Storage> <Opcode : 'load'> <Ports = 0> <Width = 9> <Depth = 683> <ROM>
ST_14 : Operation 459 [1/1] (0.00ns)   --->   "%zext_ln1285_2 = zext i11 %add_ln1281_1" [prj/sol/.autopilot/db/v_tpg.cpp:1285->prj/sol/.autopilot/db/v_tpg.cpp:681]   --->   Operation 459 'zext' 'zext_ln1285_2' <Predicate = (patternId_val_read == 13)> <Delay = 0.00>
ST_14 : Operation 460 [1/1] (2.23ns)   --->   "%mul_ln1285 = mul i23 %zext_ln1285_2, i23 2731" [prj/sol/.autopilot/db/v_tpg.cpp:1285->prj/sol/.autopilot/db/v_tpg.cpp:681]   --->   Operation 460 'mul' 'mul_ln1285' <Predicate = (patternId_val_read == 13)> <Delay = 2.23> <CoreInst = "Multiplier">   --->   Core 3 'Multiplier' <Latency = 0> <II = 1> <Delay = 2.23> <FuncUnit> <Opcode : 'mul'> <InPorts = 2> <OutPorts = 1>
ST_14 : Operation 461 [1/1] (0.00ns)   --->   "%tmp_25 = partselect i10 @_ssdm_op_PartSelect.i10.i23.i32.i32, i23 %mul_ln1285, i32 13, i32 22" [prj/sol/.autopilot/db/v_tpg.cpp:1285->prj/sol/.autopilot/db/v_tpg.cpp:681]   --->   Operation 461 'partselect' 'tmp_25' <Predicate = (patternId_val_read == 13)> <Delay = 0.00>
ST_14 : Operation 462 [1/1] (0.00ns)   --->   "%zext_ln1285 = zext i10 %tmp_25" [prj/sol/.autopilot/db/v_tpg.cpp:1285->prj/sol/.autopilot/db/v_tpg.cpp:681]   --->   Operation 462 'zext' 'zext_ln1285' <Predicate = (patternId_val_read == 13)> <Delay = 0.00>
ST_14 : Operation 463 [2/15] (1.23ns)   --->   "%urem_ln1285 = urem i11 %add_ln1281_1, i11 3" [prj/sol/.autopilot/db/v_tpg.cpp:1285->prj/sol/.autopilot/db/v_tpg.cpp:681]   --->   Operation 463 'urem' 'urem_ln1285' <Predicate = (patternId_val_read == 13)> <Delay = 1.23> <CoreInst = "Divider">   --->   Core 6 'Divider' <Latency = 14> <II = 1> <Delay = 1.23> <FuncUnit> <Opcode : 'udiv' 'sdiv' 'urem' 'srem'> <InPorts = 2> <OutPorts = 1>
ST_14 : Operation 464 [1/1] (0.00ns)   --->   "%tpgSinTableArray_9bit_0_addr_1 = getelementptr i8 %tpgSinTableArray_9bit_0, i64 0, i64 %zext_ln1285" [prj/sol/.autopilot/db/v_tpg.cpp:1285->prj/sol/.autopilot/db/v_tpg.cpp:681]   --->   Operation 464 'getelementptr' 'tpgSinTableArray_9bit_0_addr_1' <Predicate = (patternId_val_read == 13)> <Delay = 0.00>
ST_14 : Operation 465 [1/1] (0.00ns)   --->   "%tpgSinTableArray_9bit_1_addr_1 = getelementptr i8 %tpgSinTableArray_9bit_1, i64 0, i64 %zext_ln1285" [prj/sol/.autopilot/db/v_tpg.cpp:1285->prj/sol/.autopilot/db/v_tpg.cpp:681]   --->   Operation 465 'getelementptr' 'tpgSinTableArray_9bit_1_addr_1' <Predicate = (patternId_val_read == 13)> <Delay = 0.00>
ST_14 : Operation 466 [1/1] (0.00ns)   --->   "%tpgSinTableArray_9bit_2_addr_1 = getelementptr i9 %tpgSinTableArray_9bit_2, i64 0, i64 %zext_ln1285" [prj/sol/.autopilot/db/v_tpg.cpp:1285->prj/sol/.autopilot/db/v_tpg.cpp:681]   --->   Operation 466 'getelementptr' 'tpgSinTableArray_9bit_2_addr_1' <Predicate = (patternId_val_read == 13)> <Delay = 0.00>
ST_14 : Operation 467 [2/2] (1.23ns)   --->   "%tpgSinTableArray_9bit_0_load_1 = load i10 %tpgSinTableArray_9bit_0_addr_1" [prj/sol/.autopilot/db/v_tpg.cpp:1285->prj/sol/.autopilot/db/v_tpg.cpp:681]   --->   Operation 467 'load' 'tpgSinTableArray_9bit_0_load_1' <Predicate = (patternId_val_read == 13)> <Delay = 1.23> <CoreInst = "ROM">   --->   Core 100 'ROM' <Latency = 1> <II = 1> <Delay = 1.23> <Storage> <Opcode : 'load'> <Ports = 0> <Width = 8> <Depth = 683> <ROM>
ST_14 : Operation 468 [2/2] (1.23ns)   --->   "%tpgSinTableArray_9bit_1_load_1 = load i10 %tpgSinTableArray_9bit_1_addr_1" [prj/sol/.autopilot/db/v_tpg.cpp:1285->prj/sol/.autopilot/db/v_tpg.cpp:681]   --->   Operation 468 'load' 'tpgSinTableArray_9bit_1_load_1' <Predicate = (patternId_val_read == 13)> <Delay = 1.23> <CoreInst = "ROM">   --->   Core 100 'ROM' <Latency = 1> <II = 1> <Delay = 1.23> <Storage> <Opcode : 'load'> <Ports = 0> <Width = 8> <Depth = 683> <ROM>
ST_14 : Operation 469 [2/2] (1.23ns)   --->   "%tpgSinTableArray_9bit_2_load_1 = load i10 %tpgSinTableArray_9bit_2_addr_1" [prj/sol/.autopilot/db/v_tpg.cpp:1285->prj/sol/.autopilot/db/v_tpg.cpp:681]   --->   Operation 469 'load' 'tpgSinTableArray_9bit_2_load_1' <Predicate = (patternId_val_read == 13)> <Delay = 1.23> <CoreInst = "ROM">   --->   Core 100 'ROM' <Latency = 1> <II = 1> <Delay = 1.23> <Storage> <Opcode : 'load'> <Ports = 0> <Width = 9> <Depth = 683> <ROM>
ST_14 : Operation 470 [1/1] (0.00ns)   --->   "%zext_ln1289_2 = zext i11 %add_ln1281" [prj/sol/.autopilot/db/v_tpg.cpp:1289->prj/sol/.autopilot/db/v_tpg.cpp:681]   --->   Operation 470 'zext' 'zext_ln1289_2' <Predicate = (patternId_val_read == 13)> <Delay = 0.00>
ST_14 : Operation 471 [1/1] (2.23ns)   --->   "%mul_ln1289 = mul i23 %zext_ln1289_2, i23 2731" [prj/sol/.autopilot/db/v_tpg.cpp:1289->prj/sol/.autopilot/db/v_tpg.cpp:681]   --->   Operation 471 'mul' 'mul_ln1289' <Predicate = (patternId_val_read == 13)> <Delay = 2.23> <CoreInst = "Multiplier">   --->   Core 3 'Multiplier' <Latency = 0> <II = 1> <Delay = 2.23> <FuncUnit> <Opcode : 'mul'> <InPorts = 2> <OutPorts = 1>
ST_14 : Operation 472 [1/1] (0.00ns)   --->   "%tmp_29 = partselect i10 @_ssdm_op_PartSelect.i10.i23.i32.i32, i23 %mul_ln1289, i32 13, i32 22" [prj/sol/.autopilot/db/v_tpg.cpp:1289->prj/sol/.autopilot/db/v_tpg.cpp:681]   --->   Operation 472 'partselect' 'tmp_29' <Predicate = (patternId_val_read == 13)> <Delay = 0.00>
ST_14 : Operation 473 [1/1] (0.00ns)   --->   "%zext_ln1289 = zext i10 %tmp_29" [prj/sol/.autopilot/db/v_tpg.cpp:1289->prj/sol/.autopilot/db/v_tpg.cpp:681]   --->   Operation 473 'zext' 'zext_ln1289' <Predicate = (patternId_val_read == 13)> <Delay = 0.00>
ST_14 : Operation 474 [2/15] (1.23ns)   --->   "%urem_ln1289 = urem i11 %add_ln1281, i11 3" [prj/sol/.autopilot/db/v_tpg.cpp:1289->prj/sol/.autopilot/db/v_tpg.cpp:681]   --->   Operation 474 'urem' 'urem_ln1289' <Predicate = (patternId_val_read == 13)> <Delay = 1.23> <CoreInst = "Divider">   --->   Core 6 'Divider' <Latency = 14> <II = 1> <Delay = 1.23> <FuncUnit> <Opcode : 'udiv' 'sdiv' 'urem' 'srem'> <InPorts = 2> <OutPorts = 1>
ST_14 : Operation 475 [1/1] (0.00ns)   --->   "%tpgSinTableArray_9bit_0_addr_2 = getelementptr i8 %tpgSinTableArray_9bit_0, i64 0, i64 %zext_ln1289" [prj/sol/.autopilot/db/v_tpg.cpp:1289->prj/sol/.autopilot/db/v_tpg.cpp:681]   --->   Operation 475 'getelementptr' 'tpgSinTableArray_9bit_0_addr_2' <Predicate = (patternId_val_read == 13)> <Delay = 0.00>
ST_14 : Operation 476 [1/1] (0.00ns)   --->   "%tpgSinTableArray_9bit_1_addr_2 = getelementptr i8 %tpgSinTableArray_9bit_1, i64 0, i64 %zext_ln1289" [prj/sol/.autopilot/db/v_tpg.cpp:1289->prj/sol/.autopilot/db/v_tpg.cpp:681]   --->   Operation 476 'getelementptr' 'tpgSinTableArray_9bit_1_addr_2' <Predicate = (patternId_val_read == 13)> <Delay = 0.00>
ST_14 : Operation 477 [1/1] (0.00ns)   --->   "%tpgSinTableArray_9bit_2_addr_2 = getelementptr i9 %tpgSinTableArray_9bit_2, i64 0, i64 %zext_ln1289" [prj/sol/.autopilot/db/v_tpg.cpp:1289->prj/sol/.autopilot/db/v_tpg.cpp:681]   --->   Operation 477 'getelementptr' 'tpgSinTableArray_9bit_2_addr_2' <Predicate = (patternId_val_read == 13)> <Delay = 0.00>
ST_14 : Operation 478 [2/2] (1.23ns)   --->   "%tpgSinTableArray_9bit_0_load_2 = load i10 %tpgSinTableArray_9bit_0_addr_2" [prj/sol/.autopilot/db/v_tpg.cpp:1289->prj/sol/.autopilot/db/v_tpg.cpp:681]   --->   Operation 478 'load' 'tpgSinTableArray_9bit_0_load_2' <Predicate = (patternId_val_read == 13)> <Delay = 1.23> <CoreInst = "ROM">   --->   Core 100 'ROM' <Latency = 1> <II = 1> <Delay = 1.23> <Storage> <Opcode : 'load'> <Ports = 0> <Width = 8> <Depth = 683> <ROM>
ST_14 : Operation 479 [2/2] (1.23ns)   --->   "%tpgSinTableArray_9bit_1_load_2 = load i10 %tpgSinTableArray_9bit_1_addr_2" [prj/sol/.autopilot/db/v_tpg.cpp:1289->prj/sol/.autopilot/db/v_tpg.cpp:681]   --->   Operation 479 'load' 'tpgSinTableArray_9bit_1_load_2' <Predicate = (patternId_val_read == 13)> <Delay = 1.23> <CoreInst = "ROM">   --->   Core 100 'ROM' <Latency = 1> <II = 1> <Delay = 1.23> <Storage> <Opcode : 'load'> <Ports = 0> <Width = 8> <Depth = 683> <ROM>
ST_14 : Operation 480 [2/2] (1.23ns)   --->   "%tpgSinTableArray_9bit_2_load_2 = load i10 %tpgSinTableArray_9bit_2_addr_2" [prj/sol/.autopilot/db/v_tpg.cpp:1289->prj/sol/.autopilot/db/v_tpg.cpp:681]   --->   Operation 480 'load' 'tpgSinTableArray_9bit_2_load_2' <Predicate = (patternId_val_read == 13)> <Delay = 1.23> <CoreInst = "ROM">   --->   Core 100 'ROM' <Latency = 1> <II = 1> <Delay = 1.23> <Storage> <Opcode : 'load'> <Ports = 0> <Width = 9> <Depth = 683> <ROM>
ST_14 : Operation 481 [1/1] (0.00ns)   --->   "%zext_ln1281_3 = zext i11 %xk_1" [prj/sol/.autopilot/db/v_tpg.cpp:1281->prj/sol/.autopilot/db/v_tpg.cpp:681]   --->   Operation 481 'zext' 'zext_ln1281_3' <Predicate = (patternId_val_read == 13)> <Delay = 0.00>
ST_14 : Operation 482 [1/1] (2.23ns)   --->   "%mul_ln1281_1 = mul i23 %zext_ln1281_3, i23 2731" [prj/sol/.autopilot/db/v_tpg.cpp:1281->prj/sol/.autopilot/db/v_tpg.cpp:681]   --->   Operation 482 'mul' 'mul_ln1281_1' <Predicate = (patternId_val_read == 13)> <Delay = 2.23> <CoreInst = "Multiplier">   --->   Core 3 'Multiplier' <Latency = 0> <II = 1> <Delay = 2.23> <FuncUnit> <Opcode : 'mul'> <InPorts = 2> <OutPorts = 1>
ST_14 : Operation 483 [1/1] (0.00ns)   --->   "%tmp_31 = partselect i10 @_ssdm_op_PartSelect.i10.i23.i32.i32, i23 %mul_ln1281_1, i32 13, i32 22" [prj/sol/.autopilot/db/v_tpg.cpp:1281->prj/sol/.autopilot/db/v_tpg.cpp:681]   --->   Operation 483 'partselect' 'tmp_31' <Predicate = (patternId_val_read == 13)> <Delay = 0.00>
ST_14 : Operation 484 [1/1] (0.00ns)   --->   "%zext_ln1281_1 = zext i10 %tmp_31" [prj/sol/.autopilot/db/v_tpg.cpp:1281->prj/sol/.autopilot/db/v_tpg.cpp:681]   --->   Operation 484 'zext' 'zext_ln1281_1' <Predicate = (patternId_val_read == 13)> <Delay = 0.00>
ST_14 : Operation 485 [2/15] (1.23ns)   --->   "%urem_ln1281_1 = urem i11 %xk_1, i11 3" [prj/sol/.autopilot/db/v_tpg.cpp:1281->prj/sol/.autopilot/db/v_tpg.cpp:681]   --->   Operation 485 'urem' 'urem_ln1281_1' <Predicate = (patternId_val_read == 13)> <Delay = 1.23> <CoreInst = "Divider">   --->   Core 6 'Divider' <Latency = 14> <II = 1> <Delay = 1.23> <FuncUnit> <Opcode : 'udiv' 'sdiv' 'urem' 'srem'> <InPorts = 2> <OutPorts = 1>
ST_14 : Operation 486 [1/1] (0.00ns)   --->   "%tpgSinTableArray_9bit_0_addr_3 = getelementptr i8 %tpgSinTableArray_9bit_0, i64 0, i64 %zext_ln1281_1" [prj/sol/.autopilot/db/v_tpg.cpp:1281->prj/sol/.autopilot/db/v_tpg.cpp:681]   --->   Operation 486 'getelementptr' 'tpgSinTableArray_9bit_0_addr_3' <Predicate = (patternId_val_read == 13)> <Delay = 0.00>
ST_14 : Operation 487 [1/1] (0.00ns)   --->   "%tpgSinTableArray_9bit_1_addr_3 = getelementptr i8 %tpgSinTableArray_9bit_1, i64 0, i64 %zext_ln1281_1" [prj/sol/.autopilot/db/v_tpg.cpp:1281->prj/sol/.autopilot/db/v_tpg.cpp:681]   --->   Operation 487 'getelementptr' 'tpgSinTableArray_9bit_1_addr_3' <Predicate = (patternId_val_read == 13)> <Delay = 0.00>
ST_14 : Operation 488 [1/1] (0.00ns)   --->   "%tpgSinTableArray_9bit_2_addr_3 = getelementptr i9 %tpgSinTableArray_9bit_2, i64 0, i64 %zext_ln1281_1" [prj/sol/.autopilot/db/v_tpg.cpp:1281->prj/sol/.autopilot/db/v_tpg.cpp:681]   --->   Operation 488 'getelementptr' 'tpgSinTableArray_9bit_2_addr_3' <Predicate = (patternId_val_read == 13)> <Delay = 0.00>
ST_14 : Operation 489 [2/2] (1.23ns)   --->   "%tpgSinTableArray_9bit_0_load_3 = load i10 %tpgSinTableArray_9bit_0_addr_3" [prj/sol/.autopilot/db/v_tpg.cpp:1281->prj/sol/.autopilot/db/v_tpg.cpp:681]   --->   Operation 489 'load' 'tpgSinTableArray_9bit_0_load_3' <Predicate = (patternId_val_read == 13)> <Delay = 1.23> <CoreInst = "ROM">   --->   Core 100 'ROM' <Latency = 1> <II = 1> <Delay = 1.23> <Storage> <Opcode : 'load'> <Ports = 0> <Width = 8> <Depth = 683> <ROM>
ST_14 : Operation 490 [2/2] (1.23ns)   --->   "%tpgSinTableArray_9bit_1_load_3 = load i10 %tpgSinTableArray_9bit_1_addr_3" [prj/sol/.autopilot/db/v_tpg.cpp:1281->prj/sol/.autopilot/db/v_tpg.cpp:681]   --->   Operation 490 'load' 'tpgSinTableArray_9bit_1_load_3' <Predicate = (patternId_val_read == 13)> <Delay = 1.23> <CoreInst = "ROM">   --->   Core 100 'ROM' <Latency = 1> <II = 1> <Delay = 1.23> <Storage> <Opcode : 'load'> <Ports = 0> <Width = 8> <Depth = 683> <ROM>
ST_14 : Operation 491 [2/2] (1.23ns)   --->   "%tpgSinTableArray_9bit_2_load_3 = load i10 %tpgSinTableArray_9bit_2_addr_3" [prj/sol/.autopilot/db/v_tpg.cpp:1281->prj/sol/.autopilot/db/v_tpg.cpp:681]   --->   Operation 491 'load' 'tpgSinTableArray_9bit_2_load_3' <Predicate = (patternId_val_read == 13)> <Delay = 1.23> <CoreInst = "ROM">   --->   Core 100 'ROM' <Latency = 1> <II = 1> <Delay = 1.23> <Storage> <Opcode : 'load'> <Ports = 0> <Width = 9> <Depth = 683> <ROM>
ST_14 : Operation 492 [1/1] (0.00ns)   --->   "%zext_ln1285_3 = zext i11 %add_ln1281_4" [prj/sol/.autopilot/db/v_tpg.cpp:1285->prj/sol/.autopilot/db/v_tpg.cpp:681]   --->   Operation 492 'zext' 'zext_ln1285_3' <Predicate = (patternId_val_read == 13)> <Delay = 0.00>
ST_14 : Operation 493 [1/1] (2.23ns)   --->   "%mul_ln1285_1 = mul i23 %zext_ln1285_3, i23 2731" [prj/sol/.autopilot/db/v_tpg.cpp:1285->prj/sol/.autopilot/db/v_tpg.cpp:681]   --->   Operation 493 'mul' 'mul_ln1285_1' <Predicate = (patternId_val_read == 13)> <Delay = 2.23> <CoreInst = "Multiplier">   --->   Core 3 'Multiplier' <Latency = 0> <II = 1> <Delay = 2.23> <FuncUnit> <Opcode : 'mul'> <InPorts = 2> <OutPorts = 1>
ST_14 : Operation 494 [1/1] (0.00ns)   --->   "%tmp_33 = partselect i10 @_ssdm_op_PartSelect.i10.i23.i32.i32, i23 %mul_ln1285_1, i32 13, i32 22" [prj/sol/.autopilot/db/v_tpg.cpp:1285->prj/sol/.autopilot/db/v_tpg.cpp:681]   --->   Operation 494 'partselect' 'tmp_33' <Predicate = (patternId_val_read == 13)> <Delay = 0.00>
ST_14 : Operation 495 [1/1] (0.00ns)   --->   "%zext_ln1285_1 = zext i10 %tmp_33" [prj/sol/.autopilot/db/v_tpg.cpp:1285->prj/sol/.autopilot/db/v_tpg.cpp:681]   --->   Operation 495 'zext' 'zext_ln1285_1' <Predicate = (patternId_val_read == 13)> <Delay = 0.00>
ST_14 : Operation 496 [2/15] (1.23ns)   --->   "%urem_ln1285_1 = urem i11 %add_ln1281_4, i11 3" [prj/sol/.autopilot/db/v_tpg.cpp:1285->prj/sol/.autopilot/db/v_tpg.cpp:681]   --->   Operation 496 'urem' 'urem_ln1285_1' <Predicate = (patternId_val_read == 13)> <Delay = 1.23> <CoreInst = "Divider">   --->   Core 6 'Divider' <Latency = 14> <II = 1> <Delay = 1.23> <FuncUnit> <Opcode : 'udiv' 'sdiv' 'urem' 'srem'> <InPorts = 2> <OutPorts = 1>
ST_14 : Operation 497 [1/1] (0.00ns)   --->   "%tpgSinTableArray_9bit_0_addr_4 = getelementptr i8 %tpgSinTableArray_9bit_0, i64 0, i64 %zext_ln1285_1" [prj/sol/.autopilot/db/v_tpg.cpp:1285->prj/sol/.autopilot/db/v_tpg.cpp:681]   --->   Operation 497 'getelementptr' 'tpgSinTableArray_9bit_0_addr_4' <Predicate = (patternId_val_read == 13)> <Delay = 0.00>
ST_14 : Operation 498 [1/1] (0.00ns)   --->   "%tpgSinTableArray_9bit_1_addr_4 = getelementptr i8 %tpgSinTableArray_9bit_1, i64 0, i64 %zext_ln1285_1" [prj/sol/.autopilot/db/v_tpg.cpp:1285->prj/sol/.autopilot/db/v_tpg.cpp:681]   --->   Operation 498 'getelementptr' 'tpgSinTableArray_9bit_1_addr_4' <Predicate = (patternId_val_read == 13)> <Delay = 0.00>
ST_14 : Operation 499 [1/1] (0.00ns)   --->   "%tpgSinTableArray_9bit_2_addr_4 = getelementptr i9 %tpgSinTableArray_9bit_2, i64 0, i64 %zext_ln1285_1" [prj/sol/.autopilot/db/v_tpg.cpp:1285->prj/sol/.autopilot/db/v_tpg.cpp:681]   --->   Operation 499 'getelementptr' 'tpgSinTableArray_9bit_2_addr_4' <Predicate = (patternId_val_read == 13)> <Delay = 0.00>
ST_14 : Operation 500 [2/2] (1.23ns)   --->   "%tpgSinTableArray_9bit_0_load_4 = load i10 %tpgSinTableArray_9bit_0_addr_4" [prj/sol/.autopilot/db/v_tpg.cpp:1285->prj/sol/.autopilot/db/v_tpg.cpp:681]   --->   Operation 500 'load' 'tpgSinTableArray_9bit_0_load_4' <Predicate = (patternId_val_read == 13)> <Delay = 1.23> <CoreInst = "ROM">   --->   Core 100 'ROM' <Latency = 1> <II = 1> <Delay = 1.23> <Storage> <Opcode : 'load'> <Ports = 0> <Width = 8> <Depth = 683> <ROM>
ST_14 : Operation 501 [2/2] (1.23ns)   --->   "%tpgSinTableArray_9bit_1_load_4 = load i10 %tpgSinTableArray_9bit_1_addr_4" [prj/sol/.autopilot/db/v_tpg.cpp:1285->prj/sol/.autopilot/db/v_tpg.cpp:681]   --->   Operation 501 'load' 'tpgSinTableArray_9bit_1_load_4' <Predicate = (patternId_val_read == 13)> <Delay = 1.23> <CoreInst = "ROM">   --->   Core 100 'ROM' <Latency = 1> <II = 1> <Delay = 1.23> <Storage> <Opcode : 'load'> <Ports = 0> <Width = 8> <Depth = 683> <ROM>
ST_14 : Operation 502 [2/2] (1.23ns)   --->   "%tpgSinTableArray_9bit_2_load_4 = load i10 %tpgSinTableArray_9bit_2_addr_4" [prj/sol/.autopilot/db/v_tpg.cpp:1285->prj/sol/.autopilot/db/v_tpg.cpp:681]   --->   Operation 502 'load' 'tpgSinTableArray_9bit_2_load_4' <Predicate = (patternId_val_read == 13)> <Delay = 1.23> <CoreInst = "ROM">   --->   Core 100 'ROM' <Latency = 1> <II = 1> <Delay = 1.23> <Storage> <Opcode : 'load'> <Ports = 0> <Width = 9> <Depth = 683> <ROM>
ST_14 : Operation 503 [1/1] (0.00ns)   --->   "%zext_ln1289_3 = zext i11 %add_ln1281_3" [prj/sol/.autopilot/db/v_tpg.cpp:1289->prj/sol/.autopilot/db/v_tpg.cpp:681]   --->   Operation 503 'zext' 'zext_ln1289_3' <Predicate = (patternId_val_read == 13)> <Delay = 0.00>
ST_14 : Operation 504 [1/1] (2.23ns)   --->   "%mul_ln1289_1 = mul i23 %zext_ln1289_3, i23 2731" [prj/sol/.autopilot/db/v_tpg.cpp:1289->prj/sol/.autopilot/db/v_tpg.cpp:681]   --->   Operation 504 'mul' 'mul_ln1289_1' <Predicate = (patternId_val_read == 13)> <Delay = 2.23> <CoreInst = "Multiplier">   --->   Core 3 'Multiplier' <Latency = 0> <II = 1> <Delay = 2.23> <FuncUnit> <Opcode : 'mul'> <InPorts = 2> <OutPorts = 1>
ST_14 : Operation 505 [1/1] (0.00ns)   --->   "%tmp_35 = partselect i10 @_ssdm_op_PartSelect.i10.i23.i32.i32, i23 %mul_ln1289_1, i32 13, i32 22" [prj/sol/.autopilot/db/v_tpg.cpp:1289->prj/sol/.autopilot/db/v_tpg.cpp:681]   --->   Operation 505 'partselect' 'tmp_35' <Predicate = (patternId_val_read == 13)> <Delay = 0.00>
ST_14 : Operation 506 [1/1] (0.00ns)   --->   "%zext_ln1289_1 = zext i10 %tmp_35" [prj/sol/.autopilot/db/v_tpg.cpp:1289->prj/sol/.autopilot/db/v_tpg.cpp:681]   --->   Operation 506 'zext' 'zext_ln1289_1' <Predicate = (patternId_val_read == 13)> <Delay = 0.00>
ST_14 : Operation 507 [2/15] (1.23ns)   --->   "%urem_ln1289_1 = urem i11 %add_ln1281_3, i11 3" [prj/sol/.autopilot/db/v_tpg.cpp:1289->prj/sol/.autopilot/db/v_tpg.cpp:681]   --->   Operation 507 'urem' 'urem_ln1289_1' <Predicate = (patternId_val_read == 13)> <Delay = 1.23> <CoreInst = "Divider">   --->   Core 6 'Divider' <Latency = 14> <II = 1> <Delay = 1.23> <FuncUnit> <Opcode : 'udiv' 'sdiv' 'urem' 'srem'> <InPorts = 2> <OutPorts = 1>
ST_14 : Operation 508 [1/1] (0.00ns)   --->   "%tpgSinTableArray_9bit_0_addr_5 = getelementptr i8 %tpgSinTableArray_9bit_0, i64 0, i64 %zext_ln1289_1" [prj/sol/.autopilot/db/v_tpg.cpp:1289->prj/sol/.autopilot/db/v_tpg.cpp:681]   --->   Operation 508 'getelementptr' 'tpgSinTableArray_9bit_0_addr_5' <Predicate = (patternId_val_read == 13)> <Delay = 0.00>
ST_14 : Operation 509 [1/1] (0.00ns)   --->   "%tpgSinTableArray_9bit_1_addr_5 = getelementptr i8 %tpgSinTableArray_9bit_1, i64 0, i64 %zext_ln1289_1" [prj/sol/.autopilot/db/v_tpg.cpp:1289->prj/sol/.autopilot/db/v_tpg.cpp:681]   --->   Operation 509 'getelementptr' 'tpgSinTableArray_9bit_1_addr_5' <Predicate = (patternId_val_read == 13)> <Delay = 0.00>
ST_14 : Operation 510 [1/1] (0.00ns)   --->   "%tpgSinTableArray_9bit_2_addr_5 = getelementptr i9 %tpgSinTableArray_9bit_2, i64 0, i64 %zext_ln1289_1" [prj/sol/.autopilot/db/v_tpg.cpp:1289->prj/sol/.autopilot/db/v_tpg.cpp:681]   --->   Operation 510 'getelementptr' 'tpgSinTableArray_9bit_2_addr_5' <Predicate = (patternId_val_read == 13)> <Delay = 0.00>
ST_14 : Operation 511 [2/2] (1.23ns)   --->   "%tpgSinTableArray_9bit_0_load_5 = load i10 %tpgSinTableArray_9bit_0_addr_5" [prj/sol/.autopilot/db/v_tpg.cpp:1289->prj/sol/.autopilot/db/v_tpg.cpp:681]   --->   Operation 511 'load' 'tpgSinTableArray_9bit_0_load_5' <Predicate = (patternId_val_read == 13)> <Delay = 1.23> <CoreInst = "ROM">   --->   Core 100 'ROM' <Latency = 1> <II = 1> <Delay = 1.23> <Storage> <Opcode : 'load'> <Ports = 0> <Width = 8> <Depth = 683> <ROM>
ST_14 : Operation 512 [2/2] (1.23ns)   --->   "%tpgSinTableArray_9bit_1_load_5 = load i10 %tpgSinTableArray_9bit_1_addr_5" [prj/sol/.autopilot/db/v_tpg.cpp:1289->prj/sol/.autopilot/db/v_tpg.cpp:681]   --->   Operation 512 'load' 'tpgSinTableArray_9bit_1_load_5' <Predicate = (patternId_val_read == 13)> <Delay = 1.23> <CoreInst = "ROM">   --->   Core 100 'ROM' <Latency = 1> <II = 1> <Delay = 1.23> <Storage> <Opcode : 'load'> <Ports = 0> <Width = 8> <Depth = 683> <ROM>
ST_14 : Operation 513 [2/2] (1.23ns)   --->   "%tpgSinTableArray_9bit_2_load_5 = load i10 %tpgSinTableArray_9bit_2_addr_5" [prj/sol/.autopilot/db/v_tpg.cpp:1289->prj/sol/.autopilot/db/v_tpg.cpp:681]   --->   Operation 513 'load' 'tpgSinTableArray_9bit_2_load_5' <Predicate = (patternId_val_read == 13)> <Delay = 1.23> <CoreInst = "ROM">   --->   Core 100 'ROM' <Latency = 1> <II = 1> <Delay = 1.23> <Storage> <Opcode : 'load'> <Ports = 0> <Width = 9> <Depth = 683> <ROM>

State 15 <SV = 14> <Delay = 3.82>
ST_15 : Operation 514 [1/1] (0.42ns)   --->   "%store_ln1749 = store i1 0, i1 %vBarSel_1" [prj/sol/.autopilot/db/v_tpg.cpp:1749->prj/sol/.autopilot/db/v_tpg.cpp:721]   --->   Operation 514 'store' 'store_ln1749' <Predicate = (patternId_val_read == 19 & icmp_ln1746)> <Delay = 0.42>
ST_15 : Operation 515 [1/1] (0.42ns)   --->   "%store_ln1765 = store i3 0, i3 %tpgPatternDPColorSquare_unsigned_short_unsigned_short_unsigned_char_unsigned_3" [prj/sol/.autopilot/db/v_tpg.cpp:1765->prj/sol/.autopilot/db/v_tpg.cpp:721]   --->   Operation 515 'store' 'store_ln1765' <Predicate = (patternId_val_read == 19 & icmp_ln1072)> <Delay = 0.42>
ST_15 : Operation 516 [1/1] (0.42ns)   --->   "%store_ln1765 = store i3 0, i3 %tpgPatternDPColorSquare_unsigned_short_unsigned_short_unsigned_char_unsigned_2" [prj/sol/.autopilot/db/v_tpg.cpp:1765->prj/sol/.autopilot/db/v_tpg.cpp:721]   --->   Operation 516 'store' 'store_ln1765' <Predicate = (patternId_val_read == 19 & icmp_ln1072)> <Delay = 0.42>
ST_15 : Operation 517 [1/1] (0.42ns)   --->   "%store_ln1566 = store i8 0, i8 %vBarSel_2" [prj/sol/.autopilot/db/v_tpg.cpp:1566->prj/sol/.autopilot/db/v_tpg.cpp:697]   --->   Operation 517 'store' 'store_ln1566' <Predicate = (patternId_val_read == 15 & icmp_ln1563)> <Delay = 0.42>
ST_15 : Operation 518 [1/1] (0.42ns)   --->   "%store_ln1583 = store i3 0, i3 %tpgPatternCheckerBoard_unsigned_short_unsigned_short_unsigned_short_unsigned_3" [prj/sol/.autopilot/db/v_tpg.cpp:1583->prj/sol/.autopilot/db/v_tpg.cpp:697]   --->   Operation 518 'store' 'store_ln1583' <Predicate = (patternId_val_read == 15 & icmp_ln1072)> <Delay = 0.42>
ST_15 : Operation 519 [1/1] (0.42ns)   --->   "%store_ln1583 = store i3 0, i3 %tpgPatternCheckerBoard_unsigned_short_unsigned_short_unsigned_short_unsigned_2" [prj/sol/.autopilot/db/v_tpg.cpp:1583->prj/sol/.autopilot/db/v_tpg.cpp:697]   --->   Operation 519 'store' 'store_ln1583' <Predicate = (patternId_val_read == 15 & icmp_ln1072)> <Delay = 0.42>
ST_15 : Operation 520 [1/15] (1.23ns)   --->   "%urem_ln1281 = urem i11 %x_7, i11 3" [prj/sol/.autopilot/db/v_tpg.cpp:1281->prj/sol/.autopilot/db/v_tpg.cpp:681]   --->   Operation 520 'urem' 'urem_ln1281' <Predicate = (patternId_val_read == 13)> <Delay = 1.23> <CoreInst = "Divider">   --->   Core 6 'Divider' <Latency = 14> <II = 1> <Delay = 1.23> <FuncUnit> <Opcode : 'udiv' 'sdiv' 'urem' 'srem'> <InPorts = 2> <OutPorts = 1>
ST_15 : Operation 521 [1/1] (0.00ns)   --->   "%trunc_ln1281 = trunc i2 %urem_ln1281" [prj/sol/.autopilot/db/v_tpg.cpp:1281->prj/sol/.autopilot/db/v_tpg.cpp:681]   --->   Operation 521 'trunc' 'trunc_ln1281' <Predicate = (patternId_val_read == 13)> <Delay = 0.00>
ST_15 : Operation 522 [1/2] ( I:1.23ns O:1.23ns )   --->   "%tpgSinTableArray_9bit_0_load = load i10 %tpgSinTableArray_9bit_0_addr" [prj/sol/.autopilot/db/v_tpg.cpp:1281->prj/sol/.autopilot/db/v_tpg.cpp:681]   --->   Operation 522 'load' 'tpgSinTableArray_9bit_0_load' <Predicate = (patternId_val_read == 13)> <Delay = 1.23> <CoreInst = "ROM">   --->   Core 100 'ROM' <Latency = 1> <II = 1> <Delay = 1.23> <Storage> <Opcode : 'load'> <Ports = 0> <Width = 8> <Depth = 683> <ROM>
ST_15 : Operation 523 [1/1] (0.00ns)   --->   "%tpgSinTableArray_9bit_0_load_cast = sext i8 %tpgSinTableArray_9bit_0_load" [prj/sol/.autopilot/db/v_tpg.cpp:1281->prj/sol/.autopilot/db/v_tpg.cpp:681]   --->   Operation 523 'sext' 'tpgSinTableArray_9bit_0_load_cast' <Predicate = (patternId_val_read == 13)> <Delay = 0.00>
ST_15 : Operation 524 [1/2] ( I:1.23ns O:1.23ns )   --->   "%tpgSinTableArray_9bit_1_load = load i10 %tpgSinTableArray_9bit_1_addr" [prj/sol/.autopilot/db/v_tpg.cpp:1281->prj/sol/.autopilot/db/v_tpg.cpp:681]   --->   Operation 524 'load' 'tpgSinTableArray_9bit_1_load' <Predicate = (patternId_val_read == 13)> <Delay = 1.23> <CoreInst = "ROM">   --->   Core 100 'ROM' <Latency = 1> <II = 1> <Delay = 1.23> <Storage> <Opcode : 'load'> <Ports = 0> <Width = 8> <Depth = 683> <ROM>
ST_15 : Operation 525 [1/1] (0.00ns)   --->   "%tpgSinTableArray_9bit_1_load_cast = sext i8 %tpgSinTableArray_9bit_1_load" [prj/sol/.autopilot/db/v_tpg.cpp:1281->prj/sol/.autopilot/db/v_tpg.cpp:681]   --->   Operation 525 'sext' 'tpgSinTableArray_9bit_1_load_cast' <Predicate = (patternId_val_read == 13)> <Delay = 0.00>
ST_15 : Operation 526 [1/2] ( I:1.23ns O:1.23ns )   --->   "%tpgSinTableArray_9bit_2_load = load i10 %tpgSinTableArray_9bit_2_addr" [prj/sol/.autopilot/db/v_tpg.cpp:1281->prj/sol/.autopilot/db/v_tpg.cpp:681]   --->   Operation 526 'load' 'tpgSinTableArray_9bit_2_load' <Predicate = (patternId_val_read == 13)> <Delay = 1.23> <CoreInst = "ROM">   --->   Core 100 'ROM' <Latency = 1> <II = 1> <Delay = 1.23> <Storage> <Opcode : 'load'> <Ports = 0> <Width = 9> <Depth = 683> <ROM>
ST_15 : Operation 527 [1/1] (0.42ns)   --->   "%tmp_3 = sparsemux i9 @_ssdm_op_SparseMux.ap_auto.3i9.i9.i2, i2 0, i9 %tpgSinTableArray_9bit_0_load_cast, i2 1, i9 %tpgSinTableArray_9bit_1_load_cast, i2 2, i9 %tpgSinTableArray_9bit_2_load, i9 0, i2 %trunc_ln1281" [prj/sol/.autopilot/db/v_tpg.cpp:1281->prj/sol/.autopilot/db/v_tpg.cpp:681]   --->   Operation 527 'sparsemux' 'tmp_3' <Predicate = (patternId_val_read == 13)> <Delay = 0.42> <CoreInst = "OneHotSparseMux_HasDef">   --->   Core 152 'OneHotSparseMux_HasDef' <Latency = 0> <II = 1> <Delay = 0.42> <FuncUnit> <Opcode : 'sparsemux'> <InPorts = 2> <OutPorts = 1>
ST_15 : Operation 528 [1/1] (0.77ns)   --->   "%add_ln1281_2 = add i9 %tmp_3, i9 128" [prj/sol/.autopilot/db/v_tpg.cpp:1281->prj/sol/.autopilot/db/v_tpg.cpp:681]   --->   Operation 528 'add' 'add_ln1281_2' <Predicate = (patternId_val_read == 13)> <Delay = 0.77> <CoreInst = "Adder">   --->   Core 1 'Adder' <Latency = 0> <II = 1> <Delay = 0.77> <FuncUnit> <Opcode : 'add' 'sub'> <InPorts = 2> <OutPorts = 1>
ST_15 : Operation 529 [1/1] (0.00ns)   --->   "%tmp_24 = bitselect i1 @_ssdm_op_BitSelect.i1.i9.i32, i9 %add_ln1281_2, i32 8" [prj/sol/.autopilot/db/v_tpg.cpp:1281->prj/sol/.autopilot/db/v_tpg.cpp:681]   --->   Operation 529 'bitselect' 'tmp_24' <Predicate = (patternId_val_read == 13)> <Delay = 0.00>
ST_15 : Operation 530 [1/1] (0.00ns)   --->   "%trunc_ln1281_1 = trunc i9 %add_ln1281_2" [prj/sol/.autopilot/db/v_tpg.cpp:1281->prj/sol/.autopilot/db/v_tpg.cpp:681]   --->   Operation 530 'trunc' 'trunc_ln1281_1' <Predicate = (patternId_val_read == 13)> <Delay = 0.00>
ST_15 : Operation 531 [1/1] (0.38ns)   --->   "%r = select i1 %tmp_24, i8 255, i8 %trunc_ln1281_1" [prj/sol/.autopilot/db/v_tpg.cpp:1281->prj/sol/.autopilot/db/v_tpg.cpp:681]   --->   Operation 531 'select' 'r' <Predicate = (patternId_val_read == 13)> <Delay = 0.38> <CoreInst = "Sel">   --->   Core 73 'Sel' <Latency = 0> <II = 1> <Delay = 0.38> <FuncUnit> <Opcode : 'select'> <InPorts = 3> <OutPorts = 1>
ST_15 : Operation 532 [1/15] (1.23ns)   --->   "%urem_ln1285 = urem i11 %add_ln1281_1, i11 3" [prj/sol/.autopilot/db/v_tpg.cpp:1285->prj/sol/.autopilot/db/v_tpg.cpp:681]   --->   Operation 532 'urem' 'urem_ln1285' <Predicate = (patternId_val_read == 13)> <Delay = 1.23> <CoreInst = "Divider">   --->   Core 6 'Divider' <Latency = 14> <II = 1> <Delay = 1.23> <FuncUnit> <Opcode : 'udiv' 'sdiv' 'urem' 'srem'> <InPorts = 2> <OutPorts = 1>
ST_15 : Operation 533 [1/1] (0.00ns)   --->   "%trunc_ln1285 = trunc i2 %urem_ln1285" [prj/sol/.autopilot/db/v_tpg.cpp:1285->prj/sol/.autopilot/db/v_tpg.cpp:681]   --->   Operation 533 'trunc' 'trunc_ln1285' <Predicate = (patternId_val_read == 13)> <Delay = 0.00>
ST_15 : Operation 534 [1/2] ( I:1.23ns O:1.23ns )   --->   "%tpgSinTableArray_9bit_0_load_1 = load i10 %tpgSinTableArray_9bit_0_addr_1" [prj/sol/.autopilot/db/v_tpg.cpp:1285->prj/sol/.autopilot/db/v_tpg.cpp:681]   --->   Operation 534 'load' 'tpgSinTableArray_9bit_0_load_1' <Predicate = (patternId_val_read == 13)> <Delay = 1.23> <CoreInst = "ROM">   --->   Core 100 'ROM' <Latency = 1> <II = 1> <Delay = 1.23> <Storage> <Opcode : 'load'> <Ports = 0> <Width = 8> <Depth = 683> <ROM>
ST_15 : Operation 535 [1/1] (0.00ns)   --->   "%tpgSinTableArray_9bit_0_load_1_cast = sext i8 %tpgSinTableArray_9bit_0_load_1" [prj/sol/.autopilot/db/v_tpg.cpp:1285->prj/sol/.autopilot/db/v_tpg.cpp:681]   --->   Operation 535 'sext' 'tpgSinTableArray_9bit_0_load_1_cast' <Predicate = (patternId_val_read == 13)> <Delay = 0.00>
ST_15 : Operation 536 [1/2] ( I:1.23ns O:1.23ns )   --->   "%tpgSinTableArray_9bit_1_load_1 = load i10 %tpgSinTableArray_9bit_1_addr_1" [prj/sol/.autopilot/db/v_tpg.cpp:1285->prj/sol/.autopilot/db/v_tpg.cpp:681]   --->   Operation 536 'load' 'tpgSinTableArray_9bit_1_load_1' <Predicate = (patternId_val_read == 13)> <Delay = 1.23> <CoreInst = "ROM">   --->   Core 100 'ROM' <Latency = 1> <II = 1> <Delay = 1.23> <Storage> <Opcode : 'load'> <Ports = 0> <Width = 8> <Depth = 683> <ROM>
ST_15 : Operation 537 [1/1] (0.00ns)   --->   "%tpgSinTableArray_9bit_1_load_1_cast = sext i8 %tpgSinTableArray_9bit_1_load_1" [prj/sol/.autopilot/db/v_tpg.cpp:1285->prj/sol/.autopilot/db/v_tpg.cpp:681]   --->   Operation 537 'sext' 'tpgSinTableArray_9bit_1_load_1_cast' <Predicate = (patternId_val_read == 13)> <Delay = 0.00>
ST_15 : Operation 538 [1/2] ( I:1.23ns O:1.23ns )   --->   "%tpgSinTableArray_9bit_2_load_1 = load i10 %tpgSinTableArray_9bit_2_addr_1" [prj/sol/.autopilot/db/v_tpg.cpp:1285->prj/sol/.autopilot/db/v_tpg.cpp:681]   --->   Operation 538 'load' 'tpgSinTableArray_9bit_2_load_1' <Predicate = (patternId_val_read == 13)> <Delay = 1.23> <CoreInst = "ROM">   --->   Core 100 'ROM' <Latency = 1> <II = 1> <Delay = 1.23> <Storage> <Opcode : 'load'> <Ports = 0> <Width = 9> <Depth = 683> <ROM>
ST_15 : Operation 539 [1/1] (0.42ns)   --->   "%tmp_4 = sparsemux i9 @_ssdm_op_SparseMux.ap_auto.3i9.i9.i2, i2 0, i9 %tpgSinTableArray_9bit_0_load_1_cast, i2 1, i9 %tpgSinTableArray_9bit_1_load_1_cast, i2 2, i9 %tpgSinTableArray_9bit_2_load_1, i9 0, i2 %trunc_ln1285" [prj/sol/.autopilot/db/v_tpg.cpp:1285->prj/sol/.autopilot/db/v_tpg.cpp:681]   --->   Operation 539 'sparsemux' 'tmp_4' <Predicate = (patternId_val_read == 13)> <Delay = 0.42> <CoreInst = "OneHotSparseMux_HasDef">   --->   Core 152 'OneHotSparseMux_HasDef' <Latency = 0> <II = 1> <Delay = 0.42> <FuncUnit> <Opcode : 'sparsemux'> <InPorts = 2> <OutPorts = 1>
ST_15 : Operation 540 [1/1] (0.77ns)   --->   "%add_ln1285 = add i9 %tmp_4, i9 128" [prj/sol/.autopilot/db/v_tpg.cpp:1285->prj/sol/.autopilot/db/v_tpg.cpp:681]   --->   Operation 540 'add' 'add_ln1285' <Predicate = (patternId_val_read == 13)> <Delay = 0.77> <CoreInst = "Adder">   --->   Core 1 'Adder' <Latency = 0> <II = 1> <Delay = 0.77> <FuncUnit> <Opcode : 'add' 'sub'> <InPorts = 2> <OutPorts = 1>
ST_15 : Operation 541 [1/1] (0.00ns)   --->   "%tmp_28 = bitselect i1 @_ssdm_op_BitSelect.i1.i9.i32, i9 %add_ln1285, i32 8" [prj/sol/.autopilot/db/v_tpg.cpp:1285->prj/sol/.autopilot/db/v_tpg.cpp:681]   --->   Operation 541 'bitselect' 'tmp_28' <Predicate = (patternId_val_read == 13)> <Delay = 0.00>
ST_15 : Operation 542 [1/1] (0.00ns)   --->   "%trunc_ln1285_1 = trunc i9 %add_ln1285" [prj/sol/.autopilot/db/v_tpg.cpp:1285->prj/sol/.autopilot/db/v_tpg.cpp:681]   --->   Operation 542 'trunc' 'trunc_ln1285_1' <Predicate = (patternId_val_read == 13)> <Delay = 0.00>
ST_15 : Operation 543 [1/1] (0.38ns)   --->   "%g = select i1 %tmp_28, i8 255, i8 %trunc_ln1285_1" [prj/sol/.autopilot/db/v_tpg.cpp:1285->prj/sol/.autopilot/db/v_tpg.cpp:681]   --->   Operation 543 'select' 'g' <Predicate = (patternId_val_read == 13)> <Delay = 0.38> <CoreInst = "Sel">   --->   Core 73 'Sel' <Latency = 0> <II = 1> <Delay = 0.38> <FuncUnit> <Opcode : 'select'> <InPorts = 3> <OutPorts = 1>
ST_15 : Operation 544 [1/15] (1.23ns)   --->   "%urem_ln1289 = urem i11 %add_ln1281, i11 3" [prj/sol/.autopilot/db/v_tpg.cpp:1289->prj/sol/.autopilot/db/v_tpg.cpp:681]   --->   Operation 544 'urem' 'urem_ln1289' <Predicate = (patternId_val_read == 13)> <Delay = 1.23> <CoreInst = "Divider">   --->   Core 6 'Divider' <Latency = 14> <II = 1> <Delay = 1.23> <FuncUnit> <Opcode : 'udiv' 'sdiv' 'urem' 'srem'> <InPorts = 2> <OutPorts = 1>
ST_15 : Operation 545 [1/1] (0.00ns)   --->   "%trunc_ln1289 = trunc i2 %urem_ln1289" [prj/sol/.autopilot/db/v_tpg.cpp:1289->prj/sol/.autopilot/db/v_tpg.cpp:681]   --->   Operation 545 'trunc' 'trunc_ln1289' <Predicate = (patternId_val_read == 13)> <Delay = 0.00>
ST_15 : Operation 546 [1/2] ( I:1.23ns O:1.23ns )   --->   "%tpgSinTableArray_9bit_0_load_2 = load i10 %tpgSinTableArray_9bit_0_addr_2" [prj/sol/.autopilot/db/v_tpg.cpp:1289->prj/sol/.autopilot/db/v_tpg.cpp:681]   --->   Operation 546 'load' 'tpgSinTableArray_9bit_0_load_2' <Predicate = (patternId_val_read == 13)> <Delay = 1.23> <CoreInst = "ROM">   --->   Core 100 'ROM' <Latency = 1> <II = 1> <Delay = 1.23> <Storage> <Opcode : 'load'> <Ports = 0> <Width = 8> <Depth = 683> <ROM>
ST_15 : Operation 547 [1/1] (0.00ns)   --->   "%tpgSinTableArray_9bit_0_load_2_cast = sext i8 %tpgSinTableArray_9bit_0_load_2" [prj/sol/.autopilot/db/v_tpg.cpp:1289->prj/sol/.autopilot/db/v_tpg.cpp:681]   --->   Operation 547 'sext' 'tpgSinTableArray_9bit_0_load_2_cast' <Predicate = (patternId_val_read == 13)> <Delay = 0.00>
ST_15 : Operation 548 [1/2] ( I:1.23ns O:1.23ns )   --->   "%tpgSinTableArray_9bit_1_load_2 = load i10 %tpgSinTableArray_9bit_1_addr_2" [prj/sol/.autopilot/db/v_tpg.cpp:1289->prj/sol/.autopilot/db/v_tpg.cpp:681]   --->   Operation 548 'load' 'tpgSinTableArray_9bit_1_load_2' <Predicate = (patternId_val_read == 13)> <Delay = 1.23> <CoreInst = "ROM">   --->   Core 100 'ROM' <Latency = 1> <II = 1> <Delay = 1.23> <Storage> <Opcode : 'load'> <Ports = 0> <Width = 8> <Depth = 683> <ROM>
ST_15 : Operation 549 [1/1] (0.00ns)   --->   "%tpgSinTableArray_9bit_1_load_2_cast = sext i8 %tpgSinTableArray_9bit_1_load_2" [prj/sol/.autopilot/db/v_tpg.cpp:1289->prj/sol/.autopilot/db/v_tpg.cpp:681]   --->   Operation 549 'sext' 'tpgSinTableArray_9bit_1_load_2_cast' <Predicate = (patternId_val_read == 13)> <Delay = 0.00>
ST_15 : Operation 550 [1/2] ( I:1.23ns O:1.23ns )   --->   "%tpgSinTableArray_9bit_2_load_2 = load i10 %tpgSinTableArray_9bit_2_addr_2" [prj/sol/.autopilot/db/v_tpg.cpp:1289->prj/sol/.autopilot/db/v_tpg.cpp:681]   --->   Operation 550 'load' 'tpgSinTableArray_9bit_2_load_2' <Predicate = (patternId_val_read == 13)> <Delay = 1.23> <CoreInst = "ROM">   --->   Core 100 'ROM' <Latency = 1> <II = 1> <Delay = 1.23> <Storage> <Opcode : 'load'> <Ports = 0> <Width = 9> <Depth = 683> <ROM>
ST_15 : Operation 551 [1/1] (0.42ns)   --->   "%tmp_5 = sparsemux i9 @_ssdm_op_SparseMux.ap_auto.3i9.i9.i2, i2 0, i9 %tpgSinTableArray_9bit_0_load_2_cast, i2 1, i9 %tpgSinTableArray_9bit_1_load_2_cast, i2 2, i9 %tpgSinTableArray_9bit_2_load_2, i9 0, i2 %trunc_ln1289" [prj/sol/.autopilot/db/v_tpg.cpp:1289->prj/sol/.autopilot/db/v_tpg.cpp:681]   --->   Operation 551 'sparsemux' 'tmp_5' <Predicate = (patternId_val_read == 13)> <Delay = 0.42> <CoreInst = "OneHotSparseMux_HasDef">   --->   Core 152 'OneHotSparseMux_HasDef' <Latency = 0> <II = 1> <Delay = 0.42> <FuncUnit> <Opcode : 'sparsemux'> <InPorts = 2> <OutPorts = 1>
ST_15 : Operation 552 [1/1] (0.77ns)   --->   "%add_ln1289 = add i9 %tmp_5, i9 128" [prj/sol/.autopilot/db/v_tpg.cpp:1289->prj/sol/.autopilot/db/v_tpg.cpp:681]   --->   Operation 552 'add' 'add_ln1289' <Predicate = (patternId_val_read == 13)> <Delay = 0.77> <CoreInst = "Adder">   --->   Core 1 'Adder' <Latency = 0> <II = 1> <Delay = 0.77> <FuncUnit> <Opcode : 'add' 'sub'> <InPorts = 2> <OutPorts = 1>
ST_15 : Operation 553 [1/1] (0.00ns)   --->   "%tmp_30 = bitselect i1 @_ssdm_op_BitSelect.i1.i9.i32, i9 %add_ln1289, i32 8" [prj/sol/.autopilot/db/v_tpg.cpp:1289->prj/sol/.autopilot/db/v_tpg.cpp:681]   --->   Operation 553 'bitselect' 'tmp_30' <Predicate = (patternId_val_read == 13)> <Delay = 0.00>
ST_15 : Operation 554 [1/1] (0.00ns)   --->   "%trunc_ln1289_1 = trunc i9 %add_ln1289" [prj/sol/.autopilot/db/v_tpg.cpp:1289->prj/sol/.autopilot/db/v_tpg.cpp:681]   --->   Operation 554 'trunc' 'trunc_ln1289_1' <Predicate = (patternId_val_read == 13)> <Delay = 0.00>
ST_15 : Operation 555 [1/1] (0.38ns)   --->   "%b = select i1 %tmp_30, i8 255, i8 %trunc_ln1289_1" [prj/sol/.autopilot/db/v_tpg.cpp:1289->prj/sol/.autopilot/db/v_tpg.cpp:681]   --->   Operation 555 'select' 'b' <Predicate = (patternId_val_read == 13)> <Delay = 0.38> <CoreInst = "Sel">   --->   Core 73 'Sel' <Latency = 0> <II = 1> <Delay = 0.38> <FuncUnit> <Opcode : 'select'> <InPorts = 3> <OutPorts = 1>
ST_15 : Operation 556 [1/15] (1.23ns)   --->   "%urem_ln1281_1 = urem i11 %xk_1, i11 3" [prj/sol/.autopilot/db/v_tpg.cpp:1281->prj/sol/.autopilot/db/v_tpg.cpp:681]   --->   Operation 556 'urem' 'urem_ln1281_1' <Predicate = (patternId_val_read == 13)> <Delay = 1.23> <CoreInst = "Divider">   --->   Core 6 'Divider' <Latency = 14> <II = 1> <Delay = 1.23> <FuncUnit> <Opcode : 'udiv' 'sdiv' 'urem' 'srem'> <InPorts = 2> <OutPorts = 1>
ST_15 : Operation 557 [1/1] (0.00ns)   --->   "%trunc_ln1281_2 = trunc i2 %urem_ln1281_1" [prj/sol/.autopilot/db/v_tpg.cpp:1281->prj/sol/.autopilot/db/v_tpg.cpp:681]   --->   Operation 557 'trunc' 'trunc_ln1281_2' <Predicate = (patternId_val_read == 13)> <Delay = 0.00>
ST_15 : Operation 558 [1/2] ( I:1.23ns O:1.23ns )   --->   "%tpgSinTableArray_9bit_0_load_3 = load i10 %tpgSinTableArray_9bit_0_addr_3" [prj/sol/.autopilot/db/v_tpg.cpp:1281->prj/sol/.autopilot/db/v_tpg.cpp:681]   --->   Operation 558 'load' 'tpgSinTableArray_9bit_0_load_3' <Predicate = (patternId_val_read == 13)> <Delay = 1.23> <CoreInst = "ROM">   --->   Core 100 'ROM' <Latency = 1> <II = 1> <Delay = 1.23> <Storage> <Opcode : 'load'> <Ports = 0> <Width = 8> <Depth = 683> <ROM>
ST_15 : Operation 559 [1/1] (0.00ns)   --->   "%tpgSinTableArray_9bit_0_load_3_cast = sext i8 %tpgSinTableArray_9bit_0_load_3" [prj/sol/.autopilot/db/v_tpg.cpp:1281->prj/sol/.autopilot/db/v_tpg.cpp:681]   --->   Operation 559 'sext' 'tpgSinTableArray_9bit_0_load_3_cast' <Predicate = (patternId_val_read == 13)> <Delay = 0.00>
ST_15 : Operation 560 [1/2] ( I:1.23ns O:1.23ns )   --->   "%tpgSinTableArray_9bit_1_load_3 = load i10 %tpgSinTableArray_9bit_1_addr_3" [prj/sol/.autopilot/db/v_tpg.cpp:1281->prj/sol/.autopilot/db/v_tpg.cpp:681]   --->   Operation 560 'load' 'tpgSinTableArray_9bit_1_load_3' <Predicate = (patternId_val_read == 13)> <Delay = 1.23> <CoreInst = "ROM">   --->   Core 100 'ROM' <Latency = 1> <II = 1> <Delay = 1.23> <Storage> <Opcode : 'load'> <Ports = 0> <Width = 8> <Depth = 683> <ROM>
ST_15 : Operation 561 [1/1] (0.00ns)   --->   "%tpgSinTableArray_9bit_1_load_3_cast = sext i8 %tpgSinTableArray_9bit_1_load_3" [prj/sol/.autopilot/db/v_tpg.cpp:1281->prj/sol/.autopilot/db/v_tpg.cpp:681]   --->   Operation 561 'sext' 'tpgSinTableArray_9bit_1_load_3_cast' <Predicate = (patternId_val_read == 13)> <Delay = 0.00>
ST_15 : Operation 562 [1/2] ( I:1.23ns O:1.23ns )   --->   "%tpgSinTableArray_9bit_2_load_3 = load i10 %tpgSinTableArray_9bit_2_addr_3" [prj/sol/.autopilot/db/v_tpg.cpp:1281->prj/sol/.autopilot/db/v_tpg.cpp:681]   --->   Operation 562 'load' 'tpgSinTableArray_9bit_2_load_3' <Predicate = (patternId_val_read == 13)> <Delay = 1.23> <CoreInst = "ROM">   --->   Core 100 'ROM' <Latency = 1> <II = 1> <Delay = 1.23> <Storage> <Opcode : 'load'> <Ports = 0> <Width = 9> <Depth = 683> <ROM>
ST_15 : Operation 563 [1/1] (0.42ns)   --->   "%tmp_6 = sparsemux i9 @_ssdm_op_SparseMux.ap_auto.3i9.i9.i2, i2 0, i9 %tpgSinTableArray_9bit_0_load_3_cast, i2 1, i9 %tpgSinTableArray_9bit_1_load_3_cast, i2 2, i9 %tpgSinTableArray_9bit_2_load_3, i9 0, i2 %trunc_ln1281_2" [prj/sol/.autopilot/db/v_tpg.cpp:1281->prj/sol/.autopilot/db/v_tpg.cpp:681]   --->   Operation 563 'sparsemux' 'tmp_6' <Predicate = (patternId_val_read == 13)> <Delay = 0.42> <CoreInst = "OneHotSparseMux_HasDef">   --->   Core 152 'OneHotSparseMux_HasDef' <Latency = 0> <II = 1> <Delay = 0.42> <FuncUnit> <Opcode : 'sparsemux'> <InPorts = 2> <OutPorts = 1>
ST_15 : Operation 564 [1/1] (0.77ns)   --->   "%add_ln1281_5 = add i9 %tmp_6, i9 128" [prj/sol/.autopilot/db/v_tpg.cpp:1281->prj/sol/.autopilot/db/v_tpg.cpp:681]   --->   Operation 564 'add' 'add_ln1281_5' <Predicate = (patternId_val_read == 13)> <Delay = 0.77> <CoreInst = "Adder">   --->   Core 1 'Adder' <Latency = 0> <II = 1> <Delay = 0.77> <FuncUnit> <Opcode : 'add' 'sub'> <InPorts = 2> <OutPorts = 1>
ST_15 : Operation 565 [1/1] (0.00ns)   --->   "%tmp_32 = bitselect i1 @_ssdm_op_BitSelect.i1.i9.i32, i9 %add_ln1281_5, i32 8" [prj/sol/.autopilot/db/v_tpg.cpp:1281->prj/sol/.autopilot/db/v_tpg.cpp:681]   --->   Operation 565 'bitselect' 'tmp_32' <Predicate = (patternId_val_read == 13)> <Delay = 0.00>
ST_15 : Operation 566 [1/1] (0.00ns)   --->   "%trunc_ln1281_3 = trunc i9 %add_ln1281_5" [prj/sol/.autopilot/db/v_tpg.cpp:1281->prj/sol/.autopilot/db/v_tpg.cpp:681]   --->   Operation 566 'trunc' 'trunc_ln1281_3' <Predicate = (patternId_val_read == 13)> <Delay = 0.00>
ST_15 : Operation 567 [1/1] (0.38ns)   --->   "%r_2 = select i1 %tmp_32, i8 255, i8 %trunc_ln1281_3" [prj/sol/.autopilot/db/v_tpg.cpp:1281->prj/sol/.autopilot/db/v_tpg.cpp:681]   --->   Operation 567 'select' 'r_2' <Predicate = (patternId_val_read == 13)> <Delay = 0.38> <CoreInst = "Sel">   --->   Core 73 'Sel' <Latency = 0> <II = 1> <Delay = 0.38> <FuncUnit> <Opcode : 'select'> <InPorts = 3> <OutPorts = 1>
ST_15 : Operation 568 [1/15] (1.23ns)   --->   "%urem_ln1285_1 = urem i11 %add_ln1281_4, i11 3" [prj/sol/.autopilot/db/v_tpg.cpp:1285->prj/sol/.autopilot/db/v_tpg.cpp:681]   --->   Operation 568 'urem' 'urem_ln1285_1' <Predicate = (patternId_val_read == 13)> <Delay = 1.23> <CoreInst = "Divider">   --->   Core 6 'Divider' <Latency = 14> <II = 1> <Delay = 1.23> <FuncUnit> <Opcode : 'udiv' 'sdiv' 'urem' 'srem'> <InPorts = 2> <OutPorts = 1>
ST_15 : Operation 569 [1/1] (0.00ns)   --->   "%trunc_ln1285_2 = trunc i2 %urem_ln1285_1" [prj/sol/.autopilot/db/v_tpg.cpp:1285->prj/sol/.autopilot/db/v_tpg.cpp:681]   --->   Operation 569 'trunc' 'trunc_ln1285_2' <Predicate = (patternId_val_read == 13)> <Delay = 0.00>
ST_15 : Operation 570 [1/2] ( I:1.23ns O:1.23ns )   --->   "%tpgSinTableArray_9bit_0_load_4 = load i10 %tpgSinTableArray_9bit_0_addr_4" [prj/sol/.autopilot/db/v_tpg.cpp:1285->prj/sol/.autopilot/db/v_tpg.cpp:681]   --->   Operation 570 'load' 'tpgSinTableArray_9bit_0_load_4' <Predicate = (patternId_val_read == 13)> <Delay = 1.23> <CoreInst = "ROM">   --->   Core 100 'ROM' <Latency = 1> <II = 1> <Delay = 1.23> <Storage> <Opcode : 'load'> <Ports = 0> <Width = 8> <Depth = 683> <ROM>
ST_15 : Operation 571 [1/1] (0.00ns)   --->   "%tpgSinTableArray_9bit_0_load_4_cast = sext i8 %tpgSinTableArray_9bit_0_load_4" [prj/sol/.autopilot/db/v_tpg.cpp:1285->prj/sol/.autopilot/db/v_tpg.cpp:681]   --->   Operation 571 'sext' 'tpgSinTableArray_9bit_0_load_4_cast' <Predicate = (patternId_val_read == 13)> <Delay = 0.00>
ST_15 : Operation 572 [1/2] ( I:1.23ns O:1.23ns )   --->   "%tpgSinTableArray_9bit_1_load_4 = load i10 %tpgSinTableArray_9bit_1_addr_4" [prj/sol/.autopilot/db/v_tpg.cpp:1285->prj/sol/.autopilot/db/v_tpg.cpp:681]   --->   Operation 572 'load' 'tpgSinTableArray_9bit_1_load_4' <Predicate = (patternId_val_read == 13)> <Delay = 1.23> <CoreInst = "ROM">   --->   Core 100 'ROM' <Latency = 1> <II = 1> <Delay = 1.23> <Storage> <Opcode : 'load'> <Ports = 0> <Width = 8> <Depth = 683> <ROM>
ST_15 : Operation 573 [1/1] (0.00ns)   --->   "%tpgSinTableArray_9bit_1_load_4_cast = sext i8 %tpgSinTableArray_9bit_1_load_4" [prj/sol/.autopilot/db/v_tpg.cpp:1285->prj/sol/.autopilot/db/v_tpg.cpp:681]   --->   Operation 573 'sext' 'tpgSinTableArray_9bit_1_load_4_cast' <Predicate = (patternId_val_read == 13)> <Delay = 0.00>
ST_15 : Operation 574 [1/2] ( I:1.23ns O:1.23ns )   --->   "%tpgSinTableArray_9bit_2_load_4 = load i10 %tpgSinTableArray_9bit_2_addr_4" [prj/sol/.autopilot/db/v_tpg.cpp:1285->prj/sol/.autopilot/db/v_tpg.cpp:681]   --->   Operation 574 'load' 'tpgSinTableArray_9bit_2_load_4' <Predicate = (patternId_val_read == 13)> <Delay = 1.23> <CoreInst = "ROM">   --->   Core 100 'ROM' <Latency = 1> <II = 1> <Delay = 1.23> <Storage> <Opcode : 'load'> <Ports = 0> <Width = 9> <Depth = 683> <ROM>
ST_15 : Operation 575 [1/1] (0.42ns)   --->   "%tmp_7 = sparsemux i9 @_ssdm_op_SparseMux.ap_auto.3i9.i9.i2, i2 0, i9 %tpgSinTableArray_9bit_0_load_4_cast, i2 1, i9 %tpgSinTableArray_9bit_1_load_4_cast, i2 2, i9 %tpgSinTableArray_9bit_2_load_4, i9 0, i2 %trunc_ln1285_2" [prj/sol/.autopilot/db/v_tpg.cpp:1285->prj/sol/.autopilot/db/v_tpg.cpp:681]   --->   Operation 575 'sparsemux' 'tmp_7' <Predicate = (patternId_val_read == 13)> <Delay = 0.42> <CoreInst = "OneHotSparseMux_HasDef">   --->   Core 152 'OneHotSparseMux_HasDef' <Latency = 0> <II = 1> <Delay = 0.42> <FuncUnit> <Opcode : 'sparsemux'> <InPorts = 2> <OutPorts = 1>
ST_15 : Operation 576 [1/1] (0.77ns)   --->   "%add_ln1285_1 = add i9 %tmp_7, i9 128" [prj/sol/.autopilot/db/v_tpg.cpp:1285->prj/sol/.autopilot/db/v_tpg.cpp:681]   --->   Operation 576 'add' 'add_ln1285_1' <Predicate = (patternId_val_read == 13)> <Delay = 0.77> <CoreInst = "Adder">   --->   Core 1 'Adder' <Latency = 0> <II = 1> <Delay = 0.77> <FuncUnit> <Opcode : 'add' 'sub'> <InPorts = 2> <OutPorts = 1>
ST_15 : Operation 577 [1/1] (0.00ns)   --->   "%tmp_34 = bitselect i1 @_ssdm_op_BitSelect.i1.i9.i32, i9 %add_ln1285_1, i32 8" [prj/sol/.autopilot/db/v_tpg.cpp:1285->prj/sol/.autopilot/db/v_tpg.cpp:681]   --->   Operation 577 'bitselect' 'tmp_34' <Predicate = (patternId_val_read == 13)> <Delay = 0.00>
ST_15 : Operation 578 [1/1] (0.00ns)   --->   "%trunc_ln1285_3 = trunc i9 %add_ln1285_1" [prj/sol/.autopilot/db/v_tpg.cpp:1285->prj/sol/.autopilot/db/v_tpg.cpp:681]   --->   Operation 578 'trunc' 'trunc_ln1285_3' <Predicate = (patternId_val_read == 13)> <Delay = 0.00>
ST_15 : Operation 579 [1/1] (0.38ns)   --->   "%g_2 = select i1 %tmp_34, i8 255, i8 %trunc_ln1285_3" [prj/sol/.autopilot/db/v_tpg.cpp:1285->prj/sol/.autopilot/db/v_tpg.cpp:681]   --->   Operation 579 'select' 'g_2' <Predicate = (patternId_val_read == 13)> <Delay = 0.38> <CoreInst = "Sel">   --->   Core 73 'Sel' <Latency = 0> <II = 1> <Delay = 0.38> <FuncUnit> <Opcode : 'select'> <InPorts = 3> <OutPorts = 1>
ST_15 : Operation 580 [1/15] (1.23ns)   --->   "%urem_ln1289_1 = urem i11 %add_ln1281_3, i11 3" [prj/sol/.autopilot/db/v_tpg.cpp:1289->prj/sol/.autopilot/db/v_tpg.cpp:681]   --->   Operation 580 'urem' 'urem_ln1289_1' <Predicate = (patternId_val_read == 13)> <Delay = 1.23> <CoreInst = "Divider">   --->   Core 6 'Divider' <Latency = 14> <II = 1> <Delay = 1.23> <FuncUnit> <Opcode : 'udiv' 'sdiv' 'urem' 'srem'> <InPorts = 2> <OutPorts = 1>
ST_15 : Operation 581 [1/1] (0.00ns)   --->   "%trunc_ln1289_2 = trunc i2 %urem_ln1289_1" [prj/sol/.autopilot/db/v_tpg.cpp:1289->prj/sol/.autopilot/db/v_tpg.cpp:681]   --->   Operation 581 'trunc' 'trunc_ln1289_2' <Predicate = (patternId_val_read == 13)> <Delay = 0.00>
ST_15 : Operation 582 [1/2] ( I:1.23ns O:1.23ns )   --->   "%tpgSinTableArray_9bit_0_load_5 = load i10 %tpgSinTableArray_9bit_0_addr_5" [prj/sol/.autopilot/db/v_tpg.cpp:1289->prj/sol/.autopilot/db/v_tpg.cpp:681]   --->   Operation 582 'load' 'tpgSinTableArray_9bit_0_load_5' <Predicate = (patternId_val_read == 13)> <Delay = 1.23> <CoreInst = "ROM">   --->   Core 100 'ROM' <Latency = 1> <II = 1> <Delay = 1.23> <Storage> <Opcode : 'load'> <Ports = 0> <Width = 8> <Depth = 683> <ROM>
ST_15 : Operation 583 [1/1] (0.00ns)   --->   "%tpgSinTableArray_9bit_0_load_5_cast = sext i8 %tpgSinTableArray_9bit_0_load_5" [prj/sol/.autopilot/db/v_tpg.cpp:1289->prj/sol/.autopilot/db/v_tpg.cpp:681]   --->   Operation 583 'sext' 'tpgSinTableArray_9bit_0_load_5_cast' <Predicate = (patternId_val_read == 13)> <Delay = 0.00>
ST_15 : Operation 584 [1/2] ( I:1.23ns O:1.23ns )   --->   "%tpgSinTableArray_9bit_1_load_5 = load i10 %tpgSinTableArray_9bit_1_addr_5" [prj/sol/.autopilot/db/v_tpg.cpp:1289->prj/sol/.autopilot/db/v_tpg.cpp:681]   --->   Operation 584 'load' 'tpgSinTableArray_9bit_1_load_5' <Predicate = (patternId_val_read == 13)> <Delay = 1.23> <CoreInst = "ROM">   --->   Core 100 'ROM' <Latency = 1> <II = 1> <Delay = 1.23> <Storage> <Opcode : 'load'> <Ports = 0> <Width = 8> <Depth = 683> <ROM>
ST_15 : Operation 585 [1/1] (0.00ns)   --->   "%tpgSinTableArray_9bit_1_load_5_cast = sext i8 %tpgSinTableArray_9bit_1_load_5" [prj/sol/.autopilot/db/v_tpg.cpp:1289->prj/sol/.autopilot/db/v_tpg.cpp:681]   --->   Operation 585 'sext' 'tpgSinTableArray_9bit_1_load_5_cast' <Predicate = (patternId_val_read == 13)> <Delay = 0.00>
ST_15 : Operation 586 [1/2] ( I:1.23ns O:1.23ns )   --->   "%tpgSinTableArray_9bit_2_load_5 = load i10 %tpgSinTableArray_9bit_2_addr_5" [prj/sol/.autopilot/db/v_tpg.cpp:1289->prj/sol/.autopilot/db/v_tpg.cpp:681]   --->   Operation 586 'load' 'tpgSinTableArray_9bit_2_load_5' <Predicate = (patternId_val_read == 13)> <Delay = 1.23> <CoreInst = "ROM">   --->   Core 100 'ROM' <Latency = 1> <II = 1> <Delay = 1.23> <Storage> <Opcode : 'load'> <Ports = 0> <Width = 9> <Depth = 683> <ROM>
ST_15 : Operation 587 [1/1] (0.42ns)   --->   "%tmp_8 = sparsemux i9 @_ssdm_op_SparseMux.ap_auto.3i9.i9.i2, i2 0, i9 %tpgSinTableArray_9bit_0_load_5_cast, i2 1, i9 %tpgSinTableArray_9bit_1_load_5_cast, i2 2, i9 %tpgSinTableArray_9bit_2_load_5, i9 0, i2 %trunc_ln1289_2" [prj/sol/.autopilot/db/v_tpg.cpp:1289->prj/sol/.autopilot/db/v_tpg.cpp:681]   --->   Operation 587 'sparsemux' 'tmp_8' <Predicate = (patternId_val_read == 13)> <Delay = 0.42> <CoreInst = "OneHotSparseMux_HasDef">   --->   Core 152 'OneHotSparseMux_HasDef' <Latency = 0> <II = 1> <Delay = 0.42> <FuncUnit> <Opcode : 'sparsemux'> <InPorts = 2> <OutPorts = 1>
ST_15 : Operation 588 [1/1] (0.77ns)   --->   "%add_ln1289_1 = add i9 %tmp_8, i9 128" [prj/sol/.autopilot/db/v_tpg.cpp:1289->prj/sol/.autopilot/db/v_tpg.cpp:681]   --->   Operation 588 'add' 'add_ln1289_1' <Predicate = (patternId_val_read == 13)> <Delay = 0.77> <CoreInst = "Adder">   --->   Core 1 'Adder' <Latency = 0> <II = 1> <Delay = 0.77> <FuncUnit> <Opcode : 'add' 'sub'> <InPorts = 2> <OutPorts = 1>
ST_15 : Operation 589 [1/1] (0.00ns)   --->   "%tmp_36 = bitselect i1 @_ssdm_op_BitSelect.i1.i9.i32, i9 %add_ln1289_1, i32 8" [prj/sol/.autopilot/db/v_tpg.cpp:1289->prj/sol/.autopilot/db/v_tpg.cpp:681]   --->   Operation 589 'bitselect' 'tmp_36' <Predicate = (patternId_val_read == 13)> <Delay = 0.00>
ST_15 : Operation 590 [1/1] (0.00ns)   --->   "%trunc_ln1289_3 = trunc i9 %add_ln1289_1" [prj/sol/.autopilot/db/v_tpg.cpp:1289->prj/sol/.autopilot/db/v_tpg.cpp:681]   --->   Operation 590 'trunc' 'trunc_ln1289_3' <Predicate = (patternId_val_read == 13)> <Delay = 0.00>
ST_15 : Operation 591 [1/1] (0.38ns)   --->   "%b_2 = select i1 %tmp_36, i8 255, i8 %trunc_ln1289_3" [prj/sol/.autopilot/db/v_tpg.cpp:1289->prj/sol/.autopilot/db/v_tpg.cpp:681]   --->   Operation 591 'select' 'b_2' <Predicate = (patternId_val_read == 13)> <Delay = 0.38> <CoreInst = "Sel">   --->   Core 73 'Sel' <Latency = 0> <II = 1> <Delay = 0.38> <FuncUnit> <Opcode : 'select'> <InPorts = 3> <OutPorts = 1>
ST_15 : Operation 592 [1/1] (0.00ns)   --->   "%zext_ln1302 = zext i8 %r" [prj/sol/.autopilot/db/v_tpg.cpp:1302->prj/sol/.autopilot/db/v_tpg.cpp:681]   --->   Operation 592 'zext' 'zext_ln1302' <Predicate = (patternId_val_read == 13)> <Delay = 0.00>
ST_15 : Operation 593 [1/1] (0.00ns)   --->   "%zext_ln1302_1 = zext i8 %g" [prj/sol/.autopilot/db/v_tpg.cpp:1302->prj/sol/.autopilot/db/v_tpg.cpp:681]   --->   Operation 593 'zext' 'zext_ln1302_1' <Predicate = (patternId_val_read == 13)> <Delay = 0.00>
ST_15 : Operation 594 [1/1] (0.00ns)   --->   "%zext_ln1302_2 = zext i8 %b" [prj/sol/.autopilot/db/v_tpg.cpp:1302->prj/sol/.autopilot/db/v_tpg.cpp:681]   --->   Operation 594 'zext' 'zext_ln1302_2' <Predicate = (patternId_val_read == 13 & !icmp_ln1122)> <Delay = 0.00>
ST_15 : Operation 595 [3/3] (0.99ns) (grouped into DSP with root node add_ln1302)   --->   "%mul_ln1302_1 = mul i15 %zext_ln1302, i15 77" [prj/sol/.autopilot/db/v_tpg.cpp:1302->prj/sol/.autopilot/db/v_tpg.cpp:681]   --->   Operation 595 'mul' 'mul_ln1302_1' <Predicate = (patternId_val_read == 13 & !icmp_ln1122)> <Delay = 0.99> <CoreInst = "DSP48">   --->   Core 124 'DSP48' <Latency = 3> <II = 1> <Delay = 0.53> <IPBlock> <Opcode : 'add' 'sub' 'mul' 'select'> <InPorts = 0> <OutPorts = 1> <Sync> <CReg>
ST_15 : Operation 596 [3/3] (0.99ns) (grouped into DSP with root node add_ln1303)   --->   "%mul_ln1303 = mul i15 %zext_ln1302, i15 32725" [prj/sol/.autopilot/db/v_tpg.cpp:1303->prj/sol/.autopilot/db/v_tpg.cpp:681]   --->   Operation 596 'mul' 'mul_ln1303' <Predicate = (patternId_val_read == 13 & !icmp_ln1122)> <Delay = 0.99> <CoreInst = "DSP48">   --->   Core 124 'DSP48' <Latency = 3> <II = 1> <Delay = 0.53> <IPBlock> <Opcode : 'add' 'sub' 'mul' 'select'> <InPorts = 0> <OutPorts = 1> <Sync> <CReg>
ST_15 : Operation 597 [3/3] (0.99ns) (grouped into DSP with root node add_ln1304)   --->   "%mul74_i_neg = mul i16 %zext_ln1302_1, i16 65429" [prj/sol/.autopilot/db/v_tpg.cpp:1302->prj/sol/.autopilot/db/v_tpg.cpp:681]   --->   Operation 597 'mul' 'mul74_i_neg' <Predicate = (patternId_val_read == 13 & !icmp_ln1122)> <Delay = 0.99> <CoreInst = "DSP48">   --->   Core 124 'DSP48' <Latency = 3> <II = 1> <Delay = 0.53> <IPBlock> <Opcode : 'add' 'sub' 'mul' 'select'> <InPorts = 0> <OutPorts = 1> <Sync> <CReg>
ST_15 : Operation 598 [3/3] (0.99ns) (grouped into DSP with root node add_ln1304_1)   --->   "%mul77_i_neg = mul i14 %zext_ln1302_2, i14 16363" [prj/sol/.autopilot/db/v_tpg.cpp:1302->prj/sol/.autopilot/db/v_tpg.cpp:681]   --->   Operation 598 'mul' 'mul77_i_neg' <Predicate = (patternId_val_read == 13 & !icmp_ln1122)> <Delay = 0.99> <CoreInst = "DSP48">   --->   Core 124 'DSP48' <Latency = 3> <II = 1> <Delay = 0.53> <IPBlock> <Opcode : 'add' 'sub' 'mul' 'select'> <InPorts = 0> <OutPorts = 1> <Sync> <CReg>
ST_15 : Operation 599 [1/1] (0.00ns)   --->   "%zext_ln1302_7 = zext i8 %r_2" [prj/sol/.autopilot/db/v_tpg.cpp:1302->prj/sol/.autopilot/db/v_tpg.cpp:681]   --->   Operation 599 'zext' 'zext_ln1302_7' <Predicate = (patternId_val_read == 13)> <Delay = 0.00>
ST_15 : Operation 600 [1/1] (0.00ns)   --->   "%zext_ln1302_8 = zext i8 %g_2" [prj/sol/.autopilot/db/v_tpg.cpp:1302->prj/sol/.autopilot/db/v_tpg.cpp:681]   --->   Operation 600 'zext' 'zext_ln1302_8' <Predicate = (patternId_val_read == 13)> <Delay = 0.00>
ST_15 : Operation 601 [1/1] (0.00ns)   --->   "%zext_ln1302_9 = zext i8 %b_2" [prj/sol/.autopilot/db/v_tpg.cpp:1302->prj/sol/.autopilot/db/v_tpg.cpp:681]   --->   Operation 601 'zext' 'zext_ln1302_9' <Predicate = (patternId_val_read == 13 & !icmp_ln1122)> <Delay = 0.00>
ST_15 : Operation 602 [3/3] (0.99ns) (grouped into DSP with root node add_ln1302_3)   --->   "%mul_ln1302_4 = mul i15 %zext_ln1302_7, i15 77" [prj/sol/.autopilot/db/v_tpg.cpp:1302->prj/sol/.autopilot/db/v_tpg.cpp:681]   --->   Operation 602 'mul' 'mul_ln1302_4' <Predicate = (patternId_val_read == 13 & !icmp_ln1122)> <Delay = 0.99> <CoreInst = "DSP48">   --->   Core 124 'DSP48' <Latency = 3> <II = 1> <Delay = 0.53> <IPBlock> <Opcode : 'add' 'sub' 'mul' 'select'> <InPorts = 0> <OutPorts = 1> <Sync> <CReg>
ST_15 : Operation 603 [3/3] (0.99ns) (grouped into DSP with root node add_ln1303_3)   --->   "%mul_ln1303_1 = mul i15 %zext_ln1302_7, i15 32725" [prj/sol/.autopilot/db/v_tpg.cpp:1303->prj/sol/.autopilot/db/v_tpg.cpp:681]   --->   Operation 603 'mul' 'mul_ln1303_1' <Predicate = (patternId_val_read == 13 & !icmp_ln1122 & icmp_ln1144)> <Delay = 0.99> <CoreInst = "DSP48">   --->   Core 124 'DSP48' <Latency = 3> <II = 1> <Delay = 0.53> <IPBlock> <Opcode : 'add' 'sub' 'mul' 'select'> <InPorts = 0> <OutPorts = 1> <Sync> <CReg>
ST_15 : Operation 604 [3/3] (0.99ns) (grouped into DSP with root node add_ln1304_3)   --->   "%mul74_1_i_neg = mul i16 %zext_ln1302_8, i16 65429" [prj/sol/.autopilot/db/v_tpg.cpp:1302->prj/sol/.autopilot/db/v_tpg.cpp:681]   --->   Operation 604 'mul' 'mul74_1_i_neg' <Predicate = (patternId_val_read == 13 & !icmp_ln1122)> <Delay = 0.99> <CoreInst = "DSP48">   --->   Core 124 'DSP48' <Latency = 3> <II = 1> <Delay = 0.53> <IPBlock> <Opcode : 'add' 'sub' 'mul' 'select'> <InPorts = 0> <OutPorts = 1> <Sync> <CReg>
ST_15 : Operation 605 [3/3] (0.99ns) (grouped into DSP with root node add_ln1304_4)   --->   "%mul77_1_i_neg = mul i14 %zext_ln1302_9, i14 16363" [prj/sol/.autopilot/db/v_tpg.cpp:1302->prj/sol/.autopilot/db/v_tpg.cpp:681]   --->   Operation 605 'mul' 'mul77_1_i_neg' <Predicate = (patternId_val_read == 13 & !icmp_ln1122)> <Delay = 0.99> <CoreInst = "DSP48">   --->   Core 124 'DSP48' <Latency = 3> <II = 1> <Delay = 0.53> <IPBlock> <Opcode : 'add' 'sub' 'mul' 'select'> <InPorts = 0> <OutPorts = 1> <Sync> <CReg>
ST_15 : Operation 606 [1/1] (0.42ns)   --->   "%store_ln1384 = store i3 0, i3 %vBarSel" [prj/sol/.autopilot/db/v_tpg.cpp:1384->prj/sol/.autopilot/db/v_tpg.cpp:665]   --->   Operation 606 'store' 'store_ln1384' <Predicate = (patternId_val_read == 11 & icmp_ln1381)> <Delay = 0.42>
ST_15 : Operation 607 [1/1] (0.42ns)   --->   "%store_ln1402 = store i3 0, i3 %tpgPatternTartanColorBars_unsigned_short_unsigned_short_unsigned_short_unsign_3" [prj/sol/.autopilot/db/v_tpg.cpp:1402->prj/sol/.autopilot/db/v_tpg.cpp:665]   --->   Operation 607 'store' 'store_ln1402' <Predicate = (patternId_val_read == 11 & icmp_ln1072)> <Delay = 0.42>
ST_15 : Operation 608 [1/1] (0.42ns)   --->   "%store_ln1402 = store i3 0, i3 %tpgPatternTartanColorBars_unsigned_short_unsigned_short_unsigned_short_unsign_2" [prj/sol/.autopilot/db/v_tpg.cpp:1402->prj/sol/.autopilot/db/v_tpg.cpp:665]   --->   Operation 608 'store' 'store_ln1402' <Predicate = (patternId_val_read == 11 & icmp_ln1072)> <Delay = 0.42>

State 16 <SV = 15> <Delay = 1.19>
ST_16 : Operation 609 [1/1] (0.00ns)   --->   "%vBarSel_loc_1_out_load = load i8 %vBarSel_loc_1_out" [prj/sol/.autopilot/db/v_tpg.cpp:565]   --->   Operation 609 'load' 'vBarSel_loc_1_out_load' <Predicate = true> <Delay = 0.00>
ST_16 : Operation 610 [1/1] (0.00ns)   --->   "%tpgPatternCheckerBoard_unsigned_short_unsigned_short_unsigned_short_unsigned_4 = load i8 %tpgPatternCheckerBoard_unsigned_short_unsigned_short_unsigned_short_unsigned_9_out" [prj/sol/.autopilot/db/v_tpg.cpp:565]   --->   Operation 610 'load' 'tpgPatternCheckerBoard_unsigned_short_unsigned_short_unsigned_short_unsigned_4' <Predicate = true> <Delay = 0.00>
ST_16 : Operation 611 [1/1] (0.00ns)   --->   "%tpgPatternCheckerBoard_unsigned_short_unsigned_short_unsigned_short_unsigned_5 = load i8 %tpgPatternCheckerBoard_unsigned_short_unsigned_short_unsigned_short_unsigned_8_out" [prj/sol/.autopilot/db/v_tpg.cpp:565]   --->   Operation 611 'load' 'tpgPatternCheckerBoard_unsigned_short_unsigned_short_unsigned_short_unsigned_5' <Predicate = true> <Delay = 0.00>
ST_16 : Operation 612 [1/1] (0.00ns)   --->   "%tpgPatternTartanColorBars_unsigned_short_unsigned_short_unsigned_short_unsign_4 = load i8 %tpgPatternTartanColorBars_unsigned_short_unsigned_short_unsigned_short_unsign_9_out" [prj/sol/.autopilot/db/v_tpg.cpp:565]   --->   Operation 612 'load' 'tpgPatternTartanColorBars_unsigned_short_unsigned_short_unsigned_short_unsign_4' <Predicate = true> <Delay = 0.00>
ST_16 : Operation 613 [1/1] (0.00ns)   --->   "%tpgPatternTartanColorBars_unsigned_short_unsigned_short_unsigned_short_unsign_5 = load i8 %tpgPatternTartanColorBars_unsigned_short_unsigned_short_unsigned_short_unsign_8_out" [prj/sol/.autopilot/db/v_tpg.cpp:565]   --->   Operation 613 'load' 'tpgPatternTartanColorBars_unsigned_short_unsigned_short_unsigned_short_unsign_5' <Predicate = true> <Delay = 0.00>
ST_16 : Operation 614 [1/1] (0.00ns)   --->   "%vBarSel_3_loc_1_out_load = load i8 %vBarSel_3_loc_1_out" [prj/sol/.autopilot/db/v_tpg.cpp:565]   --->   Operation 614 'load' 'vBarSel_3_loc_1_out_load' <Predicate = true> <Delay = 0.00>
ST_16 : Operation 615 [1/1] (0.00ns)   --->   "%tpgPatternDPColorSquare_unsigned_short_unsigned_short_unsigned_char_unsigned_4 = load i8 %tpgPatternDPColorSquare_unsigned_short_unsigned_short_unsigned_char_unsigned_9_out" [prj/sol/.autopilot/db/v_tpg.cpp:565]   --->   Operation 615 'load' 'tpgPatternDPColorSquare_unsigned_short_unsigned_short_unsigned_char_unsigned_4' <Predicate = true> <Delay = 0.00>
ST_16 : Operation 616 [1/1] (0.00ns)   --->   "%tpgPatternDPColorSquare_unsigned_short_unsigned_short_unsigned_char_unsigned_5 = load i8 %tpgPatternDPColorSquare_unsigned_short_unsigned_short_unsigned_char_unsigned_8_out" [prj/sol/.autopilot/db/v_tpg.cpp:565]   --->   Operation 616 'load' 'tpgPatternDPColorSquare_unsigned_short_unsigned_short_unsigned_char_unsigned_5' <Predicate = true> <Delay = 0.00>
ST_16 : Operation 617 [1/1] (0.00ns)   --->   "%trunc_ln565_2 = trunc i8 %tpgPatternDPColorSquare_unsigned_short_unsigned_short_unsigned_char_unsigned_4" [prj/sol/.autopilot/db/v_tpg.cpp:565]   --->   Operation 617 'trunc' 'trunc_ln565_2' <Predicate = true> <Delay = 0.00>
ST_16 : Operation 618 [1/1] (0.00ns)   --->   "%trunc_ln565_3 = trunc i8 %tpgPatternCheckerBoard_unsigned_short_unsigned_short_unsigned_short_unsigned_4" [prj/sol/.autopilot/db/v_tpg.cpp:565]   --->   Operation 618 'trunc' 'trunc_ln565_3' <Predicate = true> <Delay = 0.00>
ST_16 : Operation 619 [1/1] (0.00ns)   --->   "%trunc_ln565_4 = trunc i8 %tpgPatternTartanColorBars_unsigned_short_unsigned_short_unsigned_short_unsign_4" [prj/sol/.autopilot/db/v_tpg.cpp:565]   --->   Operation 619 'trunc' 'trunc_ln565_4' <Predicate = true> <Delay = 0.00>
ST_16 : Operation 620 [1/1] (0.00ns)   --->   "%trunc_ln565_6 = trunc i8 %tpgPatternDPColorSquare_unsigned_short_unsigned_short_unsigned_char_unsigned_5" [prj/sol/.autopilot/db/v_tpg.cpp:565]   --->   Operation 620 'trunc' 'trunc_ln565_6' <Predicate = true> <Delay = 0.00>
ST_16 : Operation 621 [1/1] (0.00ns)   --->   "%trunc_ln565_7 = trunc i8 %tpgPatternCheckerBoard_unsigned_short_unsigned_short_unsigned_short_unsigned_5" [prj/sol/.autopilot/db/v_tpg.cpp:565]   --->   Operation 621 'trunc' 'trunc_ln565_7' <Predicate = true> <Delay = 0.00>
ST_16 : Operation 622 [1/1] (0.00ns)   --->   "%trunc_ln565_8 = trunc i8 %tpgPatternTartanColorBars_unsigned_short_unsigned_short_unsigned_short_unsign_5" [prj/sol/.autopilot/db/v_tpg.cpp:565]   --->   Operation 622 'trunc' 'trunc_ln565_8' <Predicate = true> <Delay = 0.00>
ST_16 : Operation 623 [1/1] (0.00ns)   --->   "%trunc_ln565_9 = trunc i8 %vBarSel_3_loc_1_out_load" [prj/sol/.autopilot/db/v_tpg.cpp:565]   --->   Operation 623 'trunc' 'trunc_ln565_9' <Predicate = true> <Delay = 0.00>
ST_16 : Operation 624 [1/1] (0.00ns)   --->   "%trunc_ln565_10 = trunc i8 %vBarSel_loc_1_out_load" [prj/sol/.autopilot/db/v_tpg.cpp:565]   --->   Operation 624 'trunc' 'trunc_ln565_10' <Predicate = true> <Delay = 0.00>
ST_16 : Operation 625 [1/1] (0.28ns)   --->   "%xor_ln1758 = xor i1 %trunc_ln565_9, i1 1" [prj/sol/.autopilot/db/v_tpg.cpp:1758->prj/sol/.autopilot/db/v_tpg.cpp:721]   --->   Operation 625 'xor' 'xor_ln1758' <Predicate = (patternId_val_read == 19 & !icmp_ln1746 & !and_ln1751 & icmp_ln1072)> <Delay = 0.28> <CoreInst = "LogicGate">   --->   Core 74 'LogicGate' <Latency = 0> <II = 1> <Delay = 0.28> <FuncUnit> <Opcode : 'and' 'or' 'xor'> <InPorts = 2> <OutPorts = 1>
ST_16 : Operation 626 [1/1] (0.00ns)   --->   "%zext_ln1758 = zext i1 %xor_ln1758" [prj/sol/.autopilot/db/v_tpg.cpp:1758->prj/sol/.autopilot/db/v_tpg.cpp:721]   --->   Operation 626 'zext' 'zext_ln1758' <Predicate = (patternId_val_read == 19 & !icmp_ln1746 & !and_ln1751 & icmp_ln1072)> <Delay = 0.00>
ST_16 : Operation 627 [1/1] (0.42ns)   --->   "%store_ln1758 = store i1 %xor_ln1758, i1 %vBarSel_1" [prj/sol/.autopilot/db/v_tpg.cpp:1758->prj/sol/.autopilot/db/v_tpg.cpp:721]   --->   Operation 627 'store' 'store_ln1758' <Predicate = (patternId_val_read == 19 & !icmp_ln1746 & !and_ln1751 & icmp_ln1072)> <Delay = 0.42>
ST_16 : Operation 628 [1/1] (0.42ns)   --->   "%store_ln1758 = store i8 %zext_ln1758, i8 %vBarSel_3_loc_1_out" [prj/sol/.autopilot/db/v_tpg.cpp:1758->prj/sol/.autopilot/db/v_tpg.cpp:721]   --->   Operation 628 'store' 'store_ln1758' <Predicate = (patternId_val_read == 19 & !icmp_ln1746 & !and_ln1751 & icmp_ln1072)> <Delay = 0.42>
ST_16 : Operation 629 [1/1] (0.00ns)   --->   "%br_ln1759 = br void %VITIS_LOOP_1761_1.i" [prj/sol/.autopilot/db/v_tpg.cpp:1759->prj/sol/.autopilot/db/v_tpg.cpp:721]   --->   Operation 629 'br' 'br_ln1759' <Predicate = (patternId_val_read == 19 & !icmp_ln1746 & !and_ln1751 & icmp_ln1072)> <Delay = 0.00>
ST_16 : Operation 630 [1/1] (0.42ns)   --->   "%store_ln0 = store i8 0, i8 %vBarSel_3_loc_1_out"   --->   Operation 630 'store' 'store_ln0' <Predicate = (patternId_val_read == 19 & icmp_ln1746)> <Delay = 0.42>
ST_16 : Operation 631 [1/1] (0.00ns)   --->   "%br_ln1750 = br void %VITIS_LOOP_1761_1.i" [prj/sol/.autopilot/db/v_tpg.cpp:1750->prj/sol/.autopilot/db/v_tpg.cpp:721]   --->   Operation 631 'br' 'br_ln1750' <Predicate = (patternId_val_read == 19 & icmp_ln1746)> <Delay = 0.00>
ST_16 : Operation 632 [1/1] (0.67ns)   --->   "%add_ln1775 = add i3 %trunc_ln565_6, i3 1" [prj/sol/.autopilot/db/v_tpg.cpp:1775->prj/sol/.autopilot/db/v_tpg.cpp:721]   --->   Operation 632 'add' 'add_ln1775' <Predicate = (patternId_val_read == 19 & !icmp_ln1072 & !icmp_ln1768)> <Delay = 0.67> <CoreInst = "Adder">   --->   Core 1 'Adder' <Latency = 0> <II = 1> <Delay = 0.67> <FuncUnit> <Opcode : 'add' 'sub'> <InPorts = 2> <OutPorts = 1>
ST_16 : Operation 633 [1/1] (0.00ns)   --->   "%zext_ln1775 = zext i3 %add_ln1775" [prj/sol/.autopilot/db/v_tpg.cpp:1775->prj/sol/.autopilot/db/v_tpg.cpp:721]   --->   Operation 633 'zext' 'zext_ln1775' <Predicate = (patternId_val_read == 19 & !icmp_ln1072 & !icmp_ln1768)> <Delay = 0.00>
ST_16 : Operation 634 [1/1] (0.42ns)   --->   "%store_ln1775 = store i3 %add_ln1775, i3 %tpgPatternDPColorSquare_unsigned_short_unsigned_short_unsigned_char_unsigned_3" [prj/sol/.autopilot/db/v_tpg.cpp:1775->prj/sol/.autopilot/db/v_tpg.cpp:721]   --->   Operation 634 'store' 'store_ln1775' <Predicate = (patternId_val_read == 19 & !icmp_ln1072 & !icmp_ln1768)> <Delay = 0.42>
ST_16 : Operation 635 [1/1] (0.42ns)   --->   "%store_ln1775 = store i8 %zext_ln1775, i8 %tpgPatternDPColorSquare_unsigned_short_unsigned_short_unsigned_char_unsigned_8_out" [prj/sol/.autopilot/db/v_tpg.cpp:1775->prj/sol/.autopilot/db/v_tpg.cpp:721]   --->   Operation 635 'store' 'store_ln1775' <Predicate = (patternId_val_read == 19 & !icmp_ln1072 & !icmp_ln1768)> <Delay = 0.42>
ST_16 : Operation 636 [1/1] (0.00ns)   --->   "%br_ln0 = br void %if.end44.i_ifconv"   --->   Operation 636 'br' 'br_ln0' <Predicate = (patternId_val_read == 19 & !icmp_ln1072 & !icmp_ln1768)> <Delay = 0.00>
ST_16 : Operation 637 [1/1] (0.42ns)   --->   "%store_ln0 = store i8 0, i8 %tpgPatternDPColorSquare_unsigned_short_unsigned_short_unsigned_char_unsigned_8_out"   --->   Operation 637 'store' 'store_ln0' <Predicate = (patternId_val_read == 19 & icmp_ln1072)> <Delay = 0.42>
ST_16 : Operation 638 [1/1] (0.00ns)   --->   "%br_ln1767 = br void %if.end44.i_ifconv" [prj/sol/.autopilot/db/v_tpg.cpp:1767->prj/sol/.autopilot/db/v_tpg.cpp:721]   --->   Operation 638 'br' 'br_ln1767' <Predicate = (patternId_val_read == 19 & icmp_ln1072)> <Delay = 0.00>
ST_16 : Operation 639 [1/1] (0.67ns)   --->   "%add_ln1775_1 = add i3 %trunc_ln565_2, i3 1" [prj/sol/.autopilot/db/v_tpg.cpp:1775->prj/sol/.autopilot/db/v_tpg.cpp:721]   --->   Operation 639 'add' 'add_ln1775_1' <Predicate = (patternId_val_read == 19 & !icmp_ln1072 & !icmp_ln1768_1)> <Delay = 0.67> <CoreInst = "Adder">   --->   Core 1 'Adder' <Latency = 0> <II = 1> <Delay = 0.67> <FuncUnit> <Opcode : 'add' 'sub'> <InPorts = 2> <OutPorts = 1>
ST_16 : Operation 640 [1/1] (0.00ns)   --->   "%zext_ln1775_1 = zext i3 %add_ln1775_1" [prj/sol/.autopilot/db/v_tpg.cpp:1775->prj/sol/.autopilot/db/v_tpg.cpp:721]   --->   Operation 640 'zext' 'zext_ln1775_1' <Predicate = (patternId_val_read == 19 & !icmp_ln1072 & !icmp_ln1768_1)> <Delay = 0.00>
ST_16 : Operation 641 [1/1] (0.42ns)   --->   "%store_ln1775 = store i3 %add_ln1775_1, i3 %tpgPatternDPColorSquare_unsigned_short_unsigned_short_unsigned_char_unsigned_2" [prj/sol/.autopilot/db/v_tpg.cpp:1775->prj/sol/.autopilot/db/v_tpg.cpp:721]   --->   Operation 641 'store' 'store_ln1775' <Predicate = (patternId_val_read == 19 & !icmp_ln1072 & !icmp_ln1768_1)> <Delay = 0.42>
ST_16 : Operation 642 [1/1] (0.42ns)   --->   "%store_ln1775 = store i8 %zext_ln1775_1, i8 %tpgPatternDPColorSquare_unsigned_short_unsigned_short_unsigned_char_unsigned_9_out" [prj/sol/.autopilot/db/v_tpg.cpp:1775->prj/sol/.autopilot/db/v_tpg.cpp:721]   --->   Operation 642 'store' 'store_ln1775' <Predicate = (patternId_val_read == 19 & !icmp_ln1072 & !icmp_ln1768_1)> <Delay = 0.42>
ST_16 : Operation 643 [1/1] (0.00ns)   --->   "%br_ln0 = br void %if.end44.1.i"   --->   Operation 643 'br' 'br_ln0' <Predicate = (patternId_val_read == 19 & !icmp_ln1072 & !icmp_ln1768_1)> <Delay = 0.00>
ST_16 : Operation 644 [1/1] (0.42ns)   --->   "%store_ln0 = store i8 0, i8 %tpgPatternDPColorSquare_unsigned_short_unsigned_short_unsigned_char_unsigned_9_out"   --->   Operation 644 'store' 'store_ln0' <Predicate = (patternId_val_read == 19 & icmp_ln1072)> <Delay = 0.42>
ST_16 : Operation 645 [1/1] (0.00ns)   --->   "%br_ln1767 = br void %if.end44.1.i" [prj/sol/.autopilot/db/v_tpg.cpp:1767->prj/sol/.autopilot/db/v_tpg.cpp:721]   --->   Operation 645 'br' 'br_ln1767' <Predicate = (patternId_val_read == 19 & icmp_ln1072)> <Delay = 0.00>
ST_16 : Operation 646 [1/1] (0.00ns)   --->   "%vBarSel_2_loc_1_out_load = load i8 %vBarSel_2_loc_1_out" [prj/sol/.autopilot/db/v_tpg.cpp:1575->prj/sol/.autopilot/db/v_tpg.cpp:697]   --->   Operation 646 'load' 'vBarSel_2_loc_1_out_load' <Predicate = (patternId_val_read == 15 & icmp_ln1072 & !icmp_ln1563 & !and_ln1568)> <Delay = 0.00>
ST_16 : Operation 647 [1/1] (0.76ns)   --->   "%add_ln1575 = add i8 %vBarSel_2_loc_1_out_load, i8 1" [prj/sol/.autopilot/db/v_tpg.cpp:1575->prj/sol/.autopilot/db/v_tpg.cpp:697]   --->   Operation 647 'add' 'add_ln1575' <Predicate = (patternId_val_read == 15 & icmp_ln1072 & !icmp_ln1563 & !and_ln1568)> <Delay = 0.76> <CoreInst = "Adder">   --->   Core 1 'Adder' <Latency = 0> <II = 1> <Delay = 0.76> <FuncUnit> <Opcode : 'add' 'sub'> <InPorts = 2> <OutPorts = 1>
ST_16 : Operation 648 [1/1] (0.42ns)   --->   "%store_ln1575 = store i8 %add_ln1575, i8 %vBarSel_2" [prj/sol/.autopilot/db/v_tpg.cpp:1575->prj/sol/.autopilot/db/v_tpg.cpp:697]   --->   Operation 648 'store' 'store_ln1575' <Predicate = (patternId_val_read == 15 & icmp_ln1072 & !icmp_ln1563 & !and_ln1568)> <Delay = 0.42>
ST_16 : Operation 649 [1/1] (0.42ns)   --->   "%store_ln1575 = store i8 %add_ln1575, i8 %vBarSel_2_loc_1_out" [prj/sol/.autopilot/db/v_tpg.cpp:1575->prj/sol/.autopilot/db/v_tpg.cpp:697]   --->   Operation 649 'store' 'store_ln1575' <Predicate = (patternId_val_read == 15 & icmp_ln1072 & !icmp_ln1563 & !and_ln1568)> <Delay = 0.42>
ST_16 : Operation 650 [1/1] (0.00ns)   --->   "%br_ln1576 = br void %VITIS_LOOP_1578_1.i" [prj/sol/.autopilot/db/v_tpg.cpp:1576->prj/sol/.autopilot/db/v_tpg.cpp:697]   --->   Operation 650 'br' 'br_ln1576' <Predicate = (patternId_val_read == 15 & icmp_ln1072 & !icmp_ln1563 & !and_ln1568)> <Delay = 0.00>
ST_16 : Operation 651 [1/1] (0.42ns)   --->   "%store_ln0 = store i8 0, i8 %vBarSel_2_loc_1_out"   --->   Operation 651 'store' 'store_ln0' <Predicate = (patternId_val_read == 15 & icmp_ln1563)> <Delay = 0.42>
ST_16 : Operation 652 [1/1] (0.00ns)   --->   "%br_ln1567 = br void %VITIS_LOOP_1578_1.i" [prj/sol/.autopilot/db/v_tpg.cpp:1567->prj/sol/.autopilot/db/v_tpg.cpp:697]   --->   Operation 652 'br' 'br_ln1567' <Predicate = (patternId_val_read == 15 & icmp_ln1563)> <Delay = 0.00>
ST_16 : Operation 653 [1/1] (0.67ns)   --->   "%add_ln1593 = add i3 %trunc_ln565_7, i3 1" [prj/sol/.autopilot/db/v_tpg.cpp:1593->prj/sol/.autopilot/db/v_tpg.cpp:697]   --->   Operation 653 'add' 'add_ln1593' <Predicate = (patternId_val_read == 15 & !icmp_ln1072 & !icmp_ln1586)> <Delay = 0.67> <CoreInst = "Adder">   --->   Core 1 'Adder' <Latency = 0> <II = 1> <Delay = 0.67> <FuncUnit> <Opcode : 'add' 'sub'> <InPorts = 2> <OutPorts = 1>
ST_16 : Operation 654 [1/1] (0.00ns)   --->   "%zext_ln1593 = zext i3 %add_ln1593" [prj/sol/.autopilot/db/v_tpg.cpp:1593->prj/sol/.autopilot/db/v_tpg.cpp:697]   --->   Operation 654 'zext' 'zext_ln1593' <Predicate = (patternId_val_read == 15 & !icmp_ln1072 & !icmp_ln1586)> <Delay = 0.00>
ST_16 : Operation 655 [1/1] (0.42ns)   --->   "%store_ln1593 = store i3 %add_ln1593, i3 %tpgPatternCheckerBoard_unsigned_short_unsigned_short_unsigned_short_unsigned_3" [prj/sol/.autopilot/db/v_tpg.cpp:1593->prj/sol/.autopilot/db/v_tpg.cpp:697]   --->   Operation 655 'store' 'store_ln1593' <Predicate = (patternId_val_read == 15 & !icmp_ln1072 & !icmp_ln1586)> <Delay = 0.42>
ST_16 : Operation 656 [1/1] (0.42ns)   --->   "%store_ln1593 = store i8 %zext_ln1593, i8 %tpgPatternCheckerBoard_unsigned_short_unsigned_short_unsigned_short_unsigned_8_out" [prj/sol/.autopilot/db/v_tpg.cpp:1593->prj/sol/.autopilot/db/v_tpg.cpp:697]   --->   Operation 656 'store' 'store_ln1593' <Predicate = (patternId_val_read == 15 & !icmp_ln1072 & !icmp_ln1586)> <Delay = 0.42>
ST_16 : Operation 657 [1/1] (0.00ns)   --->   "%br_ln0 = br void %if.end48.i_ifconv"   --->   Operation 657 'br' 'br_ln0' <Predicate = (patternId_val_read == 15 & !icmp_ln1072 & !icmp_ln1586)> <Delay = 0.00>
ST_16 : Operation 658 [1/1] (0.42ns)   --->   "%store_ln0 = store i8 0, i8 %tpgPatternCheckerBoard_unsigned_short_unsigned_short_unsigned_short_unsigned_8_out"   --->   Operation 658 'store' 'store_ln0' <Predicate = (patternId_val_read == 15 & icmp_ln1072)> <Delay = 0.42>
ST_16 : Operation 659 [1/1] (0.00ns)   --->   "%br_ln1585 = br void %if.end48.i_ifconv" [prj/sol/.autopilot/db/v_tpg.cpp:1585->prj/sol/.autopilot/db/v_tpg.cpp:697]   --->   Operation 659 'br' 'br_ln1585' <Predicate = (patternId_val_read == 15 & icmp_ln1072)> <Delay = 0.00>
ST_16 : Operation 660 [1/1] (0.67ns)   --->   "%add_ln1593_1 = add i3 %trunc_ln565_3, i3 1" [prj/sol/.autopilot/db/v_tpg.cpp:1593->prj/sol/.autopilot/db/v_tpg.cpp:697]   --->   Operation 660 'add' 'add_ln1593_1' <Predicate = (patternId_val_read == 15 & !icmp_ln1072 & !icmp_ln1586_1)> <Delay = 0.67> <CoreInst = "Adder">   --->   Core 1 'Adder' <Latency = 0> <II = 1> <Delay = 0.67> <FuncUnit> <Opcode : 'add' 'sub'> <InPorts = 2> <OutPorts = 1>
ST_16 : Operation 661 [1/1] (0.00ns)   --->   "%zext_ln1593_1 = zext i3 %add_ln1593_1" [prj/sol/.autopilot/db/v_tpg.cpp:1593->prj/sol/.autopilot/db/v_tpg.cpp:697]   --->   Operation 661 'zext' 'zext_ln1593_1' <Predicate = (patternId_val_read == 15 & !icmp_ln1072 & !icmp_ln1586_1)> <Delay = 0.00>
ST_16 : Operation 662 [1/1] (0.42ns)   --->   "%store_ln1593 = store i3 %add_ln1593_1, i3 %tpgPatternCheckerBoard_unsigned_short_unsigned_short_unsigned_short_unsigned_2" [prj/sol/.autopilot/db/v_tpg.cpp:1593->prj/sol/.autopilot/db/v_tpg.cpp:697]   --->   Operation 662 'store' 'store_ln1593' <Predicate = (patternId_val_read == 15 & !icmp_ln1072 & !icmp_ln1586_1)> <Delay = 0.42>
ST_16 : Operation 663 [1/1] (0.42ns)   --->   "%store_ln1593 = store i8 %zext_ln1593_1, i8 %tpgPatternCheckerBoard_unsigned_short_unsigned_short_unsigned_short_unsigned_9_out" [prj/sol/.autopilot/db/v_tpg.cpp:1593->prj/sol/.autopilot/db/v_tpg.cpp:697]   --->   Operation 663 'store' 'store_ln1593' <Predicate = (patternId_val_read == 15 & !icmp_ln1072 & !icmp_ln1586_1)> <Delay = 0.42>
ST_16 : Operation 664 [1/1] (0.00ns)   --->   "%br_ln0 = br void %if.end48.1.i"   --->   Operation 664 'br' 'br_ln0' <Predicate = (patternId_val_read == 15 & !icmp_ln1072 & !icmp_ln1586_1)> <Delay = 0.00>
ST_16 : Operation 665 [1/1] (0.42ns)   --->   "%store_ln0 = store i8 0, i8 %tpgPatternCheckerBoard_unsigned_short_unsigned_short_unsigned_short_unsigned_9_out"   --->   Operation 665 'store' 'store_ln0' <Predicate = (patternId_val_read == 15 & icmp_ln1072)> <Delay = 0.42>
ST_16 : Operation 666 [1/1] (0.00ns)   --->   "%br_ln1585 = br void %if.end48.1.i" [prj/sol/.autopilot/db/v_tpg.cpp:1585->prj/sol/.autopilot/db/v_tpg.cpp:697]   --->   Operation 666 'br' 'br_ln1585' <Predicate = (patternId_val_read == 15 & icmp_ln1072)> <Delay = 0.00>
ST_16 : Operation 667 [2/3] (0.99ns) (grouped into DSP with root node add_ln1302)   --->   "%mul_ln1302_1 = mul i15 %zext_ln1302, i15 77" [prj/sol/.autopilot/db/v_tpg.cpp:1302->prj/sol/.autopilot/db/v_tpg.cpp:681]   --->   Operation 667 'mul' 'mul_ln1302_1' <Predicate = (patternId_val_read == 13 & !icmp_ln1122)> <Delay = 0.99> <CoreInst = "DSP48">   --->   Core 124 'DSP48' <Latency = 3> <II = 1> <Delay = 0.53> <IPBlock> <Opcode : 'add' 'sub' 'mul' 'select'> <InPorts = 0> <OutPorts = 1> <Sync> <CReg>
ST_16 : Operation 668 [3/3] (0.99ns) (grouped into DSP with root node add_ln1302_1)   --->   "%mul_ln1302_2 = mul i16 %zext_ln1302_1, i16 150" [prj/sol/.autopilot/db/v_tpg.cpp:1302->prj/sol/.autopilot/db/v_tpg.cpp:681]   --->   Operation 668 'mul' 'mul_ln1302_2' <Predicate = (patternId_val_read == 13 & !icmp_ln1122)> <Delay = 0.99> <CoreInst = "DSP48">   --->   Core 124 'DSP48' <Latency = 3> <II = 1> <Delay = 0.53> <IPBlock> <Opcode : 'add' 'sub' 'mul' 'select'> <InPorts = 0> <OutPorts = 1> <Sync> <CReg>
ST_16 : Operation 669 [2/3] (0.99ns) (grouped into DSP with root node add_ln1303)   --->   "%mul_ln1303 = mul i15 %zext_ln1302, i15 32725" [prj/sol/.autopilot/db/v_tpg.cpp:1303->prj/sol/.autopilot/db/v_tpg.cpp:681]   --->   Operation 669 'mul' 'mul_ln1303' <Predicate = (patternId_val_read == 13 & !icmp_ln1122)> <Delay = 0.99> <CoreInst = "DSP48">   --->   Core 124 'DSP48' <Latency = 3> <II = 1> <Delay = 0.53> <IPBlock> <Opcode : 'add' 'sub' 'mul' 'select'> <InPorts = 0> <OutPorts = 1> <Sync> <CReg>
ST_16 : Operation 670 [3/3] (0.99ns) (grouped into DSP with root node add_ln1303_1)   --->   "%mul65_i_neg = mul i16 %zext_ln1302_1, i16 65451" [prj/sol/.autopilot/db/v_tpg.cpp:1302->prj/sol/.autopilot/db/v_tpg.cpp:681]   --->   Operation 670 'mul' 'mul65_i_neg' <Predicate = (patternId_val_read == 13 & !icmp_ln1122)> <Delay = 0.99> <CoreInst = "DSP48">   --->   Core 124 'DSP48' <Latency = 3> <II = 1> <Delay = 0.53> <IPBlock> <Opcode : 'add' 'sub' 'mul' 'select'> <InPorts = 0> <OutPorts = 1> <Sync> <CReg>
ST_16 : Operation 671 [2/3] (0.99ns) (grouped into DSP with root node add_ln1304)   --->   "%mul74_i_neg = mul i16 %zext_ln1302_1, i16 65429" [prj/sol/.autopilot/db/v_tpg.cpp:1302->prj/sol/.autopilot/db/v_tpg.cpp:681]   --->   Operation 671 'mul' 'mul74_i_neg' <Predicate = (patternId_val_read == 13 & !icmp_ln1122)> <Delay = 0.99> <CoreInst = "DSP48">   --->   Core 124 'DSP48' <Latency = 3> <II = 1> <Delay = 0.53> <IPBlock> <Opcode : 'add' 'sub' 'mul' 'select'> <InPorts = 0> <OutPorts = 1> <Sync> <CReg>
ST_16 : Operation 672 [2/3] (0.99ns) (grouped into DSP with root node add_ln1304_1)   --->   "%mul77_i_neg = mul i14 %zext_ln1302_2, i14 16363" [prj/sol/.autopilot/db/v_tpg.cpp:1302->prj/sol/.autopilot/db/v_tpg.cpp:681]   --->   Operation 672 'mul' 'mul77_i_neg' <Predicate = (patternId_val_read == 13 & !icmp_ln1122)> <Delay = 0.99> <CoreInst = "DSP48">   --->   Core 124 'DSP48' <Latency = 3> <II = 1> <Delay = 0.53> <IPBlock> <Opcode : 'add' 'sub' 'mul' 'select'> <InPorts = 0> <OutPorts = 1> <Sync> <CReg>
ST_16 : Operation 673 [2/3] (0.99ns) (grouped into DSP with root node add_ln1302_3)   --->   "%mul_ln1302_4 = mul i15 %zext_ln1302_7, i15 77" [prj/sol/.autopilot/db/v_tpg.cpp:1302->prj/sol/.autopilot/db/v_tpg.cpp:681]   --->   Operation 673 'mul' 'mul_ln1302_4' <Predicate = (patternId_val_read == 13 & !icmp_ln1122)> <Delay = 0.99> <CoreInst = "DSP48">   --->   Core 124 'DSP48' <Latency = 3> <II = 1> <Delay = 0.53> <IPBlock> <Opcode : 'add' 'sub' 'mul' 'select'> <InPorts = 0> <OutPorts = 1> <Sync> <CReg>
ST_16 : Operation 674 [3/3] (0.99ns) (grouped into DSP with root node add_ln1302_4)   --->   "%mul_ln1302_5 = mul i16 %zext_ln1302_8, i16 150" [prj/sol/.autopilot/db/v_tpg.cpp:1302->prj/sol/.autopilot/db/v_tpg.cpp:681]   --->   Operation 674 'mul' 'mul_ln1302_5' <Predicate = (patternId_val_read == 13 & !icmp_ln1122)> <Delay = 0.99> <CoreInst = "DSP48">   --->   Core 124 'DSP48' <Latency = 3> <II = 1> <Delay = 0.53> <IPBlock> <Opcode : 'add' 'sub' 'mul' 'select'> <InPorts = 0> <OutPorts = 1> <Sync> <CReg>
ST_16 : Operation 675 [2/3] (0.99ns) (grouped into DSP with root node add_ln1303_3)   --->   "%mul_ln1303_1 = mul i15 %zext_ln1302_7, i15 32725" [prj/sol/.autopilot/db/v_tpg.cpp:1303->prj/sol/.autopilot/db/v_tpg.cpp:681]   --->   Operation 675 'mul' 'mul_ln1303_1' <Predicate = (patternId_val_read == 13 & !icmp_ln1122 & icmp_ln1144)> <Delay = 0.99> <CoreInst = "DSP48">   --->   Core 124 'DSP48' <Latency = 3> <II = 1> <Delay = 0.53> <IPBlock> <Opcode : 'add' 'sub' 'mul' 'select'> <InPorts = 0> <OutPorts = 1> <Sync> <CReg>
ST_16 : Operation 676 [3/3] (0.99ns) (grouped into DSP with root node add_ln1303_4)   --->   "%mul65_1_i_neg = mul i16 %zext_ln1302_8, i16 65451" [prj/sol/.autopilot/db/v_tpg.cpp:1302->prj/sol/.autopilot/db/v_tpg.cpp:681]   --->   Operation 676 'mul' 'mul65_1_i_neg' <Predicate = (patternId_val_read == 13 & !icmp_ln1122 & icmp_ln1144)> <Delay = 0.99> <CoreInst = "DSP48">   --->   Core 124 'DSP48' <Latency = 3> <II = 1> <Delay = 0.53> <IPBlock> <Opcode : 'add' 'sub' 'mul' 'select'> <InPorts = 0> <OutPorts = 1> <Sync> <CReg>
ST_16 : Operation 677 [2/3] (0.99ns) (grouped into DSP with root node add_ln1304_3)   --->   "%mul74_1_i_neg = mul i16 %zext_ln1302_8, i16 65429" [prj/sol/.autopilot/db/v_tpg.cpp:1302->prj/sol/.autopilot/db/v_tpg.cpp:681]   --->   Operation 677 'mul' 'mul74_1_i_neg' <Predicate = (patternId_val_read == 13 & !icmp_ln1122)> <Delay = 0.99> <CoreInst = "DSP48">   --->   Core 124 'DSP48' <Latency = 3> <II = 1> <Delay = 0.53> <IPBlock> <Opcode : 'add' 'sub' 'mul' 'select'> <InPorts = 0> <OutPorts = 1> <Sync> <CReg>
ST_16 : Operation 678 [2/3] (0.99ns) (grouped into DSP with root node add_ln1304_4)   --->   "%mul77_1_i_neg = mul i14 %zext_ln1302_9, i14 16363" [prj/sol/.autopilot/db/v_tpg.cpp:1302->prj/sol/.autopilot/db/v_tpg.cpp:681]   --->   Operation 678 'mul' 'mul77_1_i_neg' <Predicate = (patternId_val_read == 13 & !icmp_ln1122)> <Delay = 0.99> <CoreInst = "DSP48">   --->   Core 124 'DSP48' <Latency = 3> <II = 1> <Delay = 0.53> <IPBlock> <Opcode : 'add' 'sub' 'mul' 'select'> <InPorts = 0> <OutPorts = 1> <Sync> <CReg>
ST_16 : Operation 679 [1/1] (0.67ns)   --->   "%add_ln1393 = add i3 %trunc_ln565_10, i3 1" [prj/sol/.autopilot/db/v_tpg.cpp:1393->prj/sol/.autopilot/db/v_tpg.cpp:665]   --->   Operation 679 'add' 'add_ln1393' <Predicate = (patternId_val_read == 11 & icmp_ln1072 & !icmp_ln1381 & !and_ln1386)> <Delay = 0.67> <CoreInst = "Adder">   --->   Core 1 'Adder' <Latency = 0> <II = 1> <Delay = 0.67> <FuncUnit> <Opcode : 'add' 'sub'> <InPorts = 2> <OutPorts = 1>
ST_16 : Operation 680 [1/1] (0.00ns)   --->   "%zext_ln1393 = zext i3 %add_ln1393" [prj/sol/.autopilot/db/v_tpg.cpp:1393->prj/sol/.autopilot/db/v_tpg.cpp:665]   --->   Operation 680 'zext' 'zext_ln1393' <Predicate = (patternId_val_read == 11 & icmp_ln1072 & !icmp_ln1381 & !and_ln1386)> <Delay = 0.00>
ST_16 : Operation 681 [1/1] (0.42ns)   --->   "%store_ln1393 = store i3 %add_ln1393, i3 %vBarSel" [prj/sol/.autopilot/db/v_tpg.cpp:1393->prj/sol/.autopilot/db/v_tpg.cpp:665]   --->   Operation 681 'store' 'store_ln1393' <Predicate = (patternId_val_read == 11 & icmp_ln1072 & !icmp_ln1381 & !and_ln1386)> <Delay = 0.42>
ST_16 : Operation 682 [1/1] (0.42ns)   --->   "%store_ln1393 = store i8 %zext_ln1393, i8 %vBarSel_loc_1_out" [prj/sol/.autopilot/db/v_tpg.cpp:1393->prj/sol/.autopilot/db/v_tpg.cpp:665]   --->   Operation 682 'store' 'store_ln1393' <Predicate = (patternId_val_read == 11 & icmp_ln1072 & !icmp_ln1381 & !and_ln1386)> <Delay = 0.42>
ST_16 : Operation 683 [1/1] (0.00ns)   --->   "%br_ln1394 = br void %VITIS_LOOP_1396_1.i" [prj/sol/.autopilot/db/v_tpg.cpp:1394->prj/sol/.autopilot/db/v_tpg.cpp:665]   --->   Operation 683 'br' 'br_ln1394' <Predicate = (patternId_val_read == 11 & icmp_ln1072 & !icmp_ln1381 & !and_ln1386)> <Delay = 0.00>
ST_16 : Operation 684 [1/1] (0.42ns)   --->   "%store_ln0 = store i8 0, i8 %vBarSel_loc_1_out"   --->   Operation 684 'store' 'store_ln0' <Predicate = (patternId_val_read == 11 & icmp_ln1381)> <Delay = 0.42>
ST_16 : Operation 685 [1/1] (0.00ns)   --->   "%br_ln1385 = br void %VITIS_LOOP_1396_1.i" [prj/sol/.autopilot/db/v_tpg.cpp:1385->prj/sol/.autopilot/db/v_tpg.cpp:665]   --->   Operation 685 'br' 'br_ln1385' <Predicate = (patternId_val_read == 11 & icmp_ln1381)> <Delay = 0.00>
ST_16 : Operation 686 [1/1] (0.67ns)   --->   "%add_ln1412 = add i3 %trunc_ln565_8, i3 1" [prj/sol/.autopilot/db/v_tpg.cpp:1412->prj/sol/.autopilot/db/v_tpg.cpp:665]   --->   Operation 686 'add' 'add_ln1412' <Predicate = (patternId_val_read == 11 & !icmp_ln1072 & !icmp_ln1405)> <Delay = 0.67> <CoreInst = "Adder">   --->   Core 1 'Adder' <Latency = 0> <II = 1> <Delay = 0.67> <FuncUnit> <Opcode : 'add' 'sub'> <InPorts = 2> <OutPorts = 1>
ST_16 : Operation 687 [1/1] (0.00ns)   --->   "%zext_ln1412 = zext i3 %add_ln1412" [prj/sol/.autopilot/db/v_tpg.cpp:1412->prj/sol/.autopilot/db/v_tpg.cpp:665]   --->   Operation 687 'zext' 'zext_ln1412' <Predicate = (patternId_val_read == 11 & !icmp_ln1072 & !icmp_ln1405)> <Delay = 0.00>
ST_16 : Operation 688 [1/1] (0.42ns)   --->   "%store_ln1412 = store i3 %add_ln1412, i3 %tpgPatternTartanColorBars_unsigned_short_unsigned_short_unsigned_short_unsign_3" [prj/sol/.autopilot/db/v_tpg.cpp:1412->prj/sol/.autopilot/db/v_tpg.cpp:665]   --->   Operation 688 'store' 'store_ln1412' <Predicate = (patternId_val_read == 11 & !icmp_ln1072 & !icmp_ln1405)> <Delay = 0.42>
ST_16 : Operation 689 [1/1] (0.42ns)   --->   "%store_ln1412 = store i8 %zext_ln1412, i8 %tpgPatternTartanColorBars_unsigned_short_unsigned_short_unsigned_short_unsign_8_out" [prj/sol/.autopilot/db/v_tpg.cpp:1412->prj/sol/.autopilot/db/v_tpg.cpp:665]   --->   Operation 689 'store' 'store_ln1412' <Predicate = (patternId_val_read == 11 & !icmp_ln1072 & !icmp_ln1405)> <Delay = 0.42>
ST_16 : Operation 690 [1/1] (0.00ns)   --->   "%br_ln0 = br void %if.end52.i_ifconv"   --->   Operation 690 'br' 'br_ln0' <Predicate = (patternId_val_read == 11 & !icmp_ln1072 & !icmp_ln1405)> <Delay = 0.00>
ST_16 : Operation 691 [1/1] (0.42ns)   --->   "%store_ln0 = store i8 0, i8 %tpgPatternTartanColorBars_unsigned_short_unsigned_short_unsigned_short_unsign_8_out"   --->   Operation 691 'store' 'store_ln0' <Predicate = (patternId_val_read == 11 & icmp_ln1072)> <Delay = 0.42>
ST_16 : Operation 692 [1/1] (0.00ns)   --->   "%br_ln1404 = br void %if.end52.i_ifconv" [prj/sol/.autopilot/db/v_tpg.cpp:1404->prj/sol/.autopilot/db/v_tpg.cpp:665]   --->   Operation 692 'br' 'br_ln1404' <Predicate = (patternId_val_read == 11 & icmp_ln1072)> <Delay = 0.00>
ST_16 : Operation 693 [1/1] (0.67ns)   --->   "%add_ln1412_1 = add i3 %trunc_ln565_4, i3 1" [prj/sol/.autopilot/db/v_tpg.cpp:1412->prj/sol/.autopilot/db/v_tpg.cpp:665]   --->   Operation 693 'add' 'add_ln1412_1' <Predicate = (patternId_val_read == 11 & !icmp_ln1072 & !icmp_ln1405_1)> <Delay = 0.67> <CoreInst = "Adder">   --->   Core 1 'Adder' <Latency = 0> <II = 1> <Delay = 0.67> <FuncUnit> <Opcode : 'add' 'sub'> <InPorts = 2> <OutPorts = 1>
ST_16 : Operation 694 [1/1] (0.00ns)   --->   "%zext_ln1412_1 = zext i3 %add_ln1412_1" [prj/sol/.autopilot/db/v_tpg.cpp:1412->prj/sol/.autopilot/db/v_tpg.cpp:665]   --->   Operation 694 'zext' 'zext_ln1412_1' <Predicate = (patternId_val_read == 11 & !icmp_ln1072 & !icmp_ln1405_1)> <Delay = 0.00>
ST_16 : Operation 695 [1/1] (0.42ns)   --->   "%store_ln1412 = store i3 %add_ln1412_1, i3 %tpgPatternTartanColorBars_unsigned_short_unsigned_short_unsigned_short_unsign_2" [prj/sol/.autopilot/db/v_tpg.cpp:1412->prj/sol/.autopilot/db/v_tpg.cpp:665]   --->   Operation 695 'store' 'store_ln1412' <Predicate = (patternId_val_read == 11 & !icmp_ln1072 & !icmp_ln1405_1)> <Delay = 0.42>
ST_16 : Operation 696 [1/1] (0.42ns)   --->   "%store_ln1412 = store i8 %zext_ln1412_1, i8 %tpgPatternTartanColorBars_unsigned_short_unsigned_short_unsigned_short_unsign_9_out" [prj/sol/.autopilot/db/v_tpg.cpp:1412->prj/sol/.autopilot/db/v_tpg.cpp:665]   --->   Operation 696 'store' 'store_ln1412' <Predicate = (patternId_val_read == 11 & !icmp_ln1072 & !icmp_ln1405_1)> <Delay = 0.42>
ST_16 : Operation 697 [1/1] (0.00ns)   --->   "%br_ln0 = br void %if.end52.1.i"   --->   Operation 697 'br' 'br_ln0' <Predicate = (patternId_val_read == 11 & !icmp_ln1072 & !icmp_ln1405_1)> <Delay = 0.00>
ST_16 : Operation 698 [1/1] (0.42ns)   --->   "%store_ln0 = store i8 0, i8 %tpgPatternTartanColorBars_unsigned_short_unsigned_short_unsigned_short_unsign_9_out"   --->   Operation 698 'store' 'store_ln0' <Predicate = (patternId_val_read == 11 & icmp_ln1072)> <Delay = 0.42>
ST_16 : Operation 699 [1/1] (0.00ns)   --->   "%br_ln1404 = br void %if.end52.1.i" [prj/sol/.autopilot/db/v_tpg.cpp:1404->prj/sol/.autopilot/db/v_tpg.cpp:665]   --->   Operation 699 'br' 'br_ln1404' <Predicate = (patternId_val_read == 11 & icmp_ln1072)> <Delay = 0.00>
ST_16 : Operation 700 [1/1] (0.42ns)   --->   "%store_ln1247 = store i8 %tmp, i8 %tpgPatternColorBars_unsigned_short_unsigned_short_unsigned_char_int_hBarSel" [prj/sol/.autopilot/db/v_tpg.cpp:1247->prj/sol/.autopilot/db/v_tpg.cpp:649]   --->   Operation 700 'store' 'store_ln1247' <Predicate = (patternId_val_read == 9 & icmp_ln1072)> <Delay = 0.42>
ST_16 : Operation 701 [1/1] (0.42ns)   --->   "%store_ln1247 = store i8 %tmp, i8 %tpgPatternColorBars_unsigned_short_unsigned_short_unsigned_char_int_hBarSel_8" [prj/sol/.autopilot/db/v_tpg.cpp:1247->prj/sol/.autopilot/db/v_tpg.cpp:649]   --->   Operation 701 'store' 'store_ln1247' <Predicate = (patternId_val_read == 9 & icmp_ln1072)> <Delay = 0.42>

State 17 <SV = 16> <Delay = 1.09>
ST_17 : Operation 702 [1/1] (0.00ns)   --->   "%tpgPatternColorBars_unsigned_short_unsigned_short_unsigned_char_int_hBarSel_8_1 = load i8 %tpgPatternColorBars_unsigned_short_unsigned_short_unsigned_char_int_hBarSel_8_3_out" [prj/sol/.autopilot/db/v_tpg.cpp:565]   --->   Operation 702 'load' 'tpgPatternColorBars_unsigned_short_unsigned_short_unsigned_char_int_hBarSel_8_1' <Predicate = true> <Delay = 0.00>
ST_17 : Operation 703 [1/1] (0.00ns)   --->   "%tpgPatternColorBars_unsigned_short_unsigned_short_unsigned_char_int_hBarSel_l = load i8 %tpgPatternColorBars_unsigned_short_unsigned_short_unsigned_char_int_hBarSel_l_2_out" [prj/sol/.autopilot/db/v_tpg.cpp:565]   --->   Operation 703 'load' 'tpgPatternColorBars_unsigned_short_unsigned_short_unsigned_char_int_hBarSel_l' <Predicate = true> <Delay = 0.00>
ST_17 : Operation 704 [1/1] (0.00ns)   --->   "%trunc_ln565_5 = trunc i8 %tpgPatternColorBars_unsigned_short_unsigned_short_unsigned_char_int_hBarSel_8_1" [prj/sol/.autopilot/db/v_tpg.cpp:565]   --->   Operation 704 'trunc' 'trunc_ln565_5' <Predicate = true> <Delay = 0.00>
ST_17 : Operation 705 [1/1] (0.00ns)   --->   "%trunc_ln565_11 = trunc i8 %tpgPatternColorBars_unsigned_short_unsigned_short_unsigned_char_int_hBarSel_l" [prj/sol/.autopilot/db/v_tpg.cpp:565]   --->   Operation 705 'trunc' 'trunc_ln565_11' <Predicate = true> <Delay = 0.00>
ST_17 : Operation 706 [1/1] (0.00ns)   --->   "%vBarSel_3_loc_1_out_load_1 = load i8 %vBarSel_3_loc_1_out" [prj/sol/.autopilot/db/v_tpg.cpp:1778->prj/sol/.autopilot/db/v_tpg.cpp:721]   --->   Operation 706 'load' 'vBarSel_3_loc_1_out_load_1' <Predicate = (patternId_val_read == 19)> <Delay = 0.00>
ST_17 : Operation 707 [1/1] (0.00ns)   --->   "%trunc_ln1778 = trunc i8 %vBarSel_3_loc_1_out_load_1" [prj/sol/.autopilot/db/v_tpg.cpp:1778->prj/sol/.autopilot/db/v_tpg.cpp:721]   --->   Operation 707 'trunc' 'trunc_ln1778' <Predicate = (patternId_val_read == 19)> <Delay = 0.00>
ST_17 : Operation 708 [1/1] (0.00ns)   --->   "%shl_ln5 = bitconcatenate i4 @_ssdm_op_BitConcatenate.i4.i1.i3, i1 %trunc_ln1778, i3 0" [prj/sol/.autopilot/db/v_tpg.cpp:1778->prj/sol/.autopilot/db/v_tpg.cpp:721]   --->   Operation 708 'bitconcatenate' 'shl_ln5' <Predicate = (patternId_val_read == 19)> <Delay = 0.00>
ST_17 : Operation 709 [1/1] (0.00ns)   --->   "%br_ln1763 = br i1 %icmp_ln1072, void %if.else23.i, void %if.then19.i" [prj/sol/.autopilot/db/v_tpg.cpp:1763->prj/sol/.autopilot/db/v_tpg.cpp:721]   --->   Operation 709 'br' 'br_ln1763' <Predicate = (patternId_val_read == 19)> <Delay = 0.00>
ST_17 : Operation 710 [1/1] (0.00ns)   --->   "%tpgPatternDPColorSquare_unsigned_short_unsigned_short_unsigned_char_unsigned_8 = load i8 %tpgPatternDPColorSquare_unsigned_short_unsigned_short_unsigned_char_unsigned_8_out" [prj/sol/.autopilot/db/v_tpg.cpp:1778->prj/sol/.autopilot/db/v_tpg.cpp:721]   --->   Operation 710 'load' 'tpgPatternDPColorSquare_unsigned_short_unsigned_short_unsigned_char_unsigned_8' <Predicate = (patternId_val_read == 19)> <Delay = 0.00>
ST_17 : Operation 711 [1/1] (0.00ns)   --->   "%trunc_ln1778_1 = trunc i8 %tpgPatternDPColorSquare_unsigned_short_unsigned_short_unsigned_char_unsigned_8" [prj/sol/.autopilot/db/v_tpg.cpp:1778->prj/sol/.autopilot/db/v_tpg.cpp:721]   --->   Operation 711 'trunc' 'trunc_ln1778_1' <Predicate = (patternId_val_read == 19)> <Delay = 0.00>
ST_17 : Operation 712 [1/1] (0.19ns)   --->   "%or_ln1778 = or i4 %shl_ln5, i4 %trunc_ln1778_1" [prj/sol/.autopilot/db/v_tpg.cpp:1778->prj/sol/.autopilot/db/v_tpg.cpp:721]   --->   Operation 712 'or' 'or_ln1778' <Predicate = (patternId_val_read == 19)> <Delay = 0.19> <CoreInst = "LogicGate">   --->   Core 74 'LogicGate' <Latency = 0> <II = 1> <Delay = 0.19> <FuncUnit> <Opcode : 'and' 'or' 'xor'> <InPorts = 2> <OutPorts = 1>
ST_17 : Operation 713 [1/1] (0.00ns)   --->   "%zext_ln1799 = zext i4 %or_ln1778" [prj/sol/.autopilot/db/v_tpg.cpp:1799->prj/sol/.autopilot/db/v_tpg.cpp:721]   --->   Operation 713 'zext' 'zext_ln1799' <Predicate = (patternId_val_read == 19)> <Delay = 0.00>
ST_17 : Operation 714 [1/1] (0.00ns)   --->   "%DPtpgBarArray_addr = getelementptr i3 %DPtpgBarArray, i64 0, i64 %zext_ln1799" [prj/sol/.autopilot/db/v_tpg.cpp:1799->prj/sol/.autopilot/db/v_tpg.cpp:721]   --->   Operation 714 'getelementptr' 'DPtpgBarArray_addr' <Predicate = (patternId_val_read == 19)> <Delay = 0.00>
ST_17 : Operation 715 [2/2] (0.67ns)   --->   "%DPtpgBarArray_load = load i4 %DPtpgBarArray_addr" [prj/sol/.autopilot/db/v_tpg.cpp:1799->prj/sol/.autopilot/db/v_tpg.cpp:721]   --->   Operation 715 'load' 'DPtpgBarArray_load' <Predicate = (patternId_val_read == 19)> <Delay = 0.67> <CoreInst = "ROM">   --->   Core 100 'ROM' <Latency = 1> <II = 1> <Delay = 0.67> <Storage> <Opcode : 'load'> <Ports = 0> <Width = 3> <Depth = 16> <ROM>
ST_17 : Operation 716 [1/1] (0.00ns)   --->   "%br_ln1763 = br i1 %icmp_ln1072, void %if.else23.1.i, void %if.then19.1.i" [prj/sol/.autopilot/db/v_tpg.cpp:1763->prj/sol/.autopilot/db/v_tpg.cpp:721]   --->   Operation 716 'br' 'br_ln1763' <Predicate = (patternId_val_read == 19)> <Delay = 0.00>
ST_17 : Operation 717 [1/1] (0.00ns)   --->   "%tpgPatternDPColorSquare_unsigned_short_unsigned_short_unsigned_char_unsigned_6 = load i8 %tpgPatternDPColorSquare_unsigned_short_unsigned_short_unsigned_char_unsigned_9_out" [prj/sol/.autopilot/db/v_tpg.cpp:1778->prj/sol/.autopilot/db/v_tpg.cpp:721]   --->   Operation 717 'load' 'tpgPatternDPColorSquare_unsigned_short_unsigned_short_unsigned_char_unsigned_6' <Predicate = (patternId_val_read == 19)> <Delay = 0.00>
ST_17 : Operation 718 [1/1] (0.00ns)   --->   "%trunc_ln1778_2 = trunc i8 %tpgPatternDPColorSquare_unsigned_short_unsigned_short_unsigned_char_unsigned_6" [prj/sol/.autopilot/db/v_tpg.cpp:1778->prj/sol/.autopilot/db/v_tpg.cpp:721]   --->   Operation 718 'trunc' 'trunc_ln1778_2' <Predicate = (patternId_val_read == 19)> <Delay = 0.00>
ST_17 : Operation 719 [1/1] (0.19ns)   --->   "%or_ln1778_1 = or i4 %shl_ln5, i4 %trunc_ln1778_2" [prj/sol/.autopilot/db/v_tpg.cpp:1778->prj/sol/.autopilot/db/v_tpg.cpp:721]   --->   Operation 719 'or' 'or_ln1778_1' <Predicate = (patternId_val_read == 19)> <Delay = 0.19> <CoreInst = "LogicGate">   --->   Core 74 'LogicGate' <Latency = 0> <II = 1> <Delay = 0.19> <FuncUnit> <Opcode : 'and' 'or' 'xor'> <InPorts = 2> <OutPorts = 1>
ST_17 : Operation 720 [1/1] (0.00ns)   --->   "%zext_ln1790 = zext i4 %or_ln1778_1" [prj/sol/.autopilot/db/v_tpg.cpp:1790->prj/sol/.autopilot/db/v_tpg.cpp:721]   --->   Operation 720 'zext' 'zext_ln1790' <Predicate = (patternId_val_read == 19)> <Delay = 0.00>
ST_17 : Operation 721 [1/1] (0.00ns)   --->   "%DPtpgBarArray_addr_1 = getelementptr i3 %DPtpgBarArray, i64 0, i64 %zext_ln1790" [prj/sol/.autopilot/db/v_tpg.cpp:1790->prj/sol/.autopilot/db/v_tpg.cpp:721]   --->   Operation 721 'getelementptr' 'DPtpgBarArray_addr_1' <Predicate = (patternId_val_read == 19)> <Delay = 0.00>
ST_17 : Operation 722 [2/2] (0.67ns)   --->   "%DPtpgBarArray_load_1 = load i4 %DPtpgBarArray_addr_1" [prj/sol/.autopilot/db/v_tpg.cpp:1790->prj/sol/.autopilot/db/v_tpg.cpp:721]   --->   Operation 722 'load' 'DPtpgBarArray_load_1' <Predicate = (patternId_val_read == 19)> <Delay = 0.67> <CoreInst = "ROM">   --->   Core 100 'ROM' <Latency = 1> <II = 1> <Delay = 0.67> <Storage> <Opcode : 'load'> <Ports = 0> <Width = 3> <Depth = 16> <ROM>
ST_17 : Operation 723 [1/1] (0.00ns)   --->   "%vBarSel_2_loc_1_out_load_1 = load i8 %vBarSel_2_loc_1_out" [prj/sol/.autopilot/db/v_tpg.cpp:1596->prj/sol/.autopilot/db/v_tpg.cpp:697]   --->   Operation 723 'load' 'vBarSel_2_loc_1_out_load_1' <Predicate = (patternId_val_read == 15)> <Delay = 0.00>
ST_17 : Operation 724 [1/1] (0.00ns)   --->   "%trunc_ln1596 = trunc i8 %vBarSel_2_loc_1_out_load_1" [prj/sol/.autopilot/db/v_tpg.cpp:1596->prj/sol/.autopilot/db/v_tpg.cpp:697]   --->   Operation 724 'trunc' 'trunc_ln1596' <Predicate = (patternId_val_read == 15)> <Delay = 0.00>
ST_17 : Operation 725 [1/1] (0.00ns)   --->   "%shl_ln4 = bitconcatenate i5 @_ssdm_op_BitConcatenate.i5.i1.i4, i1 %trunc_ln1596, i4 0" [prj/sol/.autopilot/db/v_tpg.cpp:1596->prj/sol/.autopilot/db/v_tpg.cpp:697]   --->   Operation 725 'bitconcatenate' 'shl_ln4' <Predicate = (patternId_val_read == 15)> <Delay = 0.00>
ST_17 : Operation 726 [1/1] (0.00ns)   --->   "%br_ln1581 = br i1 %icmp_ln1072, void %if.else28.i, void %if.then24.i" [prj/sol/.autopilot/db/v_tpg.cpp:1581->prj/sol/.autopilot/db/v_tpg.cpp:697]   --->   Operation 726 'br' 'br_ln1581' <Predicate = (patternId_val_read == 15)> <Delay = 0.00>
ST_17 : Operation 727 [1/1] (0.00ns)   --->   "%tpgPatternCheckerBoard_unsigned_short_unsigned_short_unsigned_short_unsigned_8 = load i8 %tpgPatternCheckerBoard_unsigned_short_unsigned_short_unsigned_short_unsigned_8_out" [prj/sol/.autopilot/db/v_tpg.cpp:1596->prj/sol/.autopilot/db/v_tpg.cpp:697]   --->   Operation 727 'load' 'tpgPatternCheckerBoard_unsigned_short_unsigned_short_unsigned_short_unsigned_8' <Predicate = (patternId_val_read == 15)> <Delay = 0.00>
ST_17 : Operation 728 [1/1] (0.00ns)   --->   "%trunc_ln1596_1 = trunc i8 %tpgPatternCheckerBoard_unsigned_short_unsigned_short_unsigned_short_unsigned_8" [prj/sol/.autopilot/db/v_tpg.cpp:1596->prj/sol/.autopilot/db/v_tpg.cpp:697]   --->   Operation 728 'trunc' 'trunc_ln1596_1' <Predicate = (patternId_val_read == 15)> <Delay = 0.00>
ST_17 : Operation 729 [1/1] (0.28ns)   --->   "%tBarSel = or i5 %trunc_ln1596_1, i5 %shl_ln4" [prj/sol/.autopilot/db/v_tpg.cpp:1596->prj/sol/.autopilot/db/v_tpg.cpp:697]   --->   Operation 729 'or' 'tBarSel' <Predicate = (patternId_val_read == 15)> <Delay = 0.28> <CoreInst = "LogicGate">   --->   Core 74 'LogicGate' <Latency = 0> <II = 1> <Delay = 0.28> <FuncUnit> <Opcode : 'and' 'or' 'xor'> <InPorts = 2> <OutPorts = 1>
ST_17 : Operation 730 [1/1] (0.00ns)   --->   "%zext_ln1600 = zext i5 %tBarSel" [prj/sol/.autopilot/db/v_tpg.cpp:1600->prj/sol/.autopilot/db/v_tpg.cpp:697]   --->   Operation 730 'zext' 'zext_ln1600' <Predicate = (patternId_val_read == 15)> <Delay = 0.00>
ST_17 : Operation 731 [1/1] (0.00ns)   --->   "%tpgCheckerBoardArray_addr = getelementptr i2 %tpgCheckerBoardArray, i64 0, i64 %zext_ln1600" [prj/sol/.autopilot/db/v_tpg.cpp:1600->prj/sol/.autopilot/db/v_tpg.cpp:697]   --->   Operation 731 'getelementptr' 'tpgCheckerBoardArray_addr' <Predicate = (patternId_val_read == 15)> <Delay = 0.00>
ST_17 : Operation 732 [2/2] (0.67ns)   --->   "%tpgCheckerBoardArray_load = load i5 %tpgCheckerBoardArray_addr" [prj/sol/.autopilot/db/v_tpg.cpp:1600->prj/sol/.autopilot/db/v_tpg.cpp:697]   --->   Operation 732 'load' 'tpgCheckerBoardArray_load' <Predicate = (patternId_val_read == 15)> <Delay = 0.67> <CoreInst = "ROM">   --->   Core 100 'ROM' <Latency = 1> <II = 1> <Delay = 0.67> <Storage> <Opcode : 'load'> <Ports = 0> <Width = 2> <Depth = 32> <ROM>
ST_17 : Operation 733 [1/1] (0.00ns)   --->   "%br_ln1581 = br i1 %icmp_ln1072, void %if.else28.1.i, void %if.then24.1.i" [prj/sol/.autopilot/db/v_tpg.cpp:1581->prj/sol/.autopilot/db/v_tpg.cpp:697]   --->   Operation 733 'br' 'br_ln1581' <Predicate = (patternId_val_read == 15)> <Delay = 0.00>
ST_17 : Operation 734 [1/1] (0.00ns)   --->   "%tpgPatternCheckerBoard_unsigned_short_unsigned_short_unsigned_short_unsigned_6 = load i8 %tpgPatternCheckerBoard_unsigned_short_unsigned_short_unsigned_short_unsigned_9_out" [prj/sol/.autopilot/db/v_tpg.cpp:1596->prj/sol/.autopilot/db/v_tpg.cpp:697]   --->   Operation 734 'load' 'tpgPatternCheckerBoard_unsigned_short_unsigned_short_unsigned_short_unsigned_6' <Predicate = (patternId_val_read == 15)> <Delay = 0.00>
ST_17 : Operation 735 [1/1] (0.00ns)   --->   "%trunc_ln1596_2 = trunc i8 %tpgPatternCheckerBoard_unsigned_short_unsigned_short_unsigned_short_unsigned_6" [prj/sol/.autopilot/db/v_tpg.cpp:1596->prj/sol/.autopilot/db/v_tpg.cpp:697]   --->   Operation 735 'trunc' 'trunc_ln1596_2' <Predicate = (patternId_val_read == 15)> <Delay = 0.00>
ST_17 : Operation 736 [1/1] (0.28ns)   --->   "%tBarSel_1 = or i5 %trunc_ln1596_2, i5 %shl_ln4" [prj/sol/.autopilot/db/v_tpg.cpp:1596->prj/sol/.autopilot/db/v_tpg.cpp:697]   --->   Operation 736 'or' 'tBarSel_1' <Predicate = (patternId_val_read == 15)> <Delay = 0.28> <CoreInst = "LogicGate">   --->   Core 74 'LogicGate' <Latency = 0> <II = 1> <Delay = 0.28> <FuncUnit> <Opcode : 'and' 'or' 'xor'> <InPorts = 2> <OutPorts = 1>
ST_17 : Operation 737 [1/1] (0.00ns)   --->   "%zext_ln1601 = zext i5 %tBarSel_1" [prj/sol/.autopilot/db/v_tpg.cpp:1601->prj/sol/.autopilot/db/v_tpg.cpp:697]   --->   Operation 737 'zext' 'zext_ln1601' <Predicate = (patternId_val_read == 15)> <Delay = 0.00>
ST_17 : Operation 738 [1/1] (0.00ns)   --->   "%tpgCheckerBoardArray_addr_1 = getelementptr i2 %tpgCheckerBoardArray, i64 0, i64 %zext_ln1601" [prj/sol/.autopilot/db/v_tpg.cpp:1601->prj/sol/.autopilot/db/v_tpg.cpp:697]   --->   Operation 738 'getelementptr' 'tpgCheckerBoardArray_addr_1' <Predicate = (patternId_val_read == 15)> <Delay = 0.00>
ST_17 : Operation 739 [2/2] (0.67ns)   --->   "%tpgCheckerBoardArray_load_1 = load i5 %tpgCheckerBoardArray_addr_1" [prj/sol/.autopilot/db/v_tpg.cpp:1601->prj/sol/.autopilot/db/v_tpg.cpp:697]   --->   Operation 739 'load' 'tpgCheckerBoardArray_load_1' <Predicate = (patternId_val_read == 15)> <Delay = 0.67> <CoreInst = "ROM">   --->   Core 100 'ROM' <Latency = 1> <II = 1> <Delay = 0.67> <Storage> <Opcode : 'load'> <Ports = 0> <Width = 2> <Depth = 32> <ROM>
ST_17 : Operation 740 [1/1] (0.00ns)   --->   "%br_ln1599 = br i1 %icmp_ln1122, void %cond.false77.1.i_ifconv, void %cond.true108.1.i" [prj/sol/.autopilot/db/v_tpg.cpp:1599->prj/sol/.autopilot/db/v_tpg.cpp:697]   --->   Operation 740 'br' 'br_ln1599' <Predicate = (patternId_val_read == 15)> <Delay = 0.00>
ST_17 : Operation 741 [1/1] (0.00ns)   --->   "%zext_ln1302_3 = zext i8 %b" [prj/sol/.autopilot/db/v_tpg.cpp:1302->prj/sol/.autopilot/db/v_tpg.cpp:681]   --->   Operation 741 'zext' 'zext_ln1302_3' <Predicate = (patternId_val_read == 13 & !icmp_ln1122)> <Delay = 0.00>
ST_17 : Operation 742 [3/3] (0.99ns) (grouped into DSP with root node add_ln1302_2)   --->   "%mul_ln1302 = mul i13 %zext_ln1302_3, i13 29" [prj/sol/.autopilot/db/v_tpg.cpp:1302->prj/sol/.autopilot/db/v_tpg.cpp:681]   --->   Operation 742 'mul' 'mul_ln1302' <Predicate = (patternId_val_read == 13 & !icmp_ln1122)> <Delay = 0.99> <CoreInst = "DSP48">   --->   Core 124 'DSP48' <Latency = 3> <II = 1> <Delay = 0.53> <IPBlock> <Opcode : 'add' 'sub' 'mul' 'select'> <InPorts = 0> <OutPorts = 1> <Sync> <CReg>
ST_17 : Operation 743 [1/3] (0.00ns) (grouped into DSP with root node add_ln1302)   --->   "%mul_ln1302_1 = mul i15 %zext_ln1302, i15 77" [prj/sol/.autopilot/db/v_tpg.cpp:1302->prj/sol/.autopilot/db/v_tpg.cpp:681]   --->   Operation 743 'mul' 'mul_ln1302_1' <Predicate = (patternId_val_read == 13 & !icmp_ln1122)> <Delay = 0.00> <CoreInst = "DSP48">   --->   Core 124 'DSP48' <Latency = 3> <II = 1> <Delay = 0.53> <IPBlock> <Opcode : 'add' 'sub' 'mul' 'select'> <InPorts = 0> <OutPorts = 1> <Sync> <CReg>
ST_17 : Operation 744 [2/3] (0.99ns) (grouped into DSP with root node add_ln1302_1)   --->   "%mul_ln1302_2 = mul i16 %zext_ln1302_1, i16 150" [prj/sol/.autopilot/db/v_tpg.cpp:1302->prj/sol/.autopilot/db/v_tpg.cpp:681]   --->   Operation 744 'mul' 'mul_ln1302_2' <Predicate = (patternId_val_read == 13 & !icmp_ln1122)> <Delay = 0.99> <CoreInst = "DSP48">   --->   Core 124 'DSP48' <Latency = 3> <II = 1> <Delay = 0.53> <IPBlock> <Opcode : 'add' 'sub' 'mul' 'select'> <InPorts = 0> <OutPorts = 1> <Sync> <CReg>
ST_17 : Operation 745 [2/2] (0.64ns) (root node of the DSP)   --->   "%add_ln1302 = add i15 %mul_ln1302_1, i15 4224" [prj/sol/.autopilot/db/v_tpg.cpp:1302->prj/sol/.autopilot/db/v_tpg.cpp:681]   --->   Operation 745 'add' 'add_ln1302' <Predicate = (patternId_val_read == 13 & !icmp_ln1122)> <Delay = 0.64> <CoreInst = "DSP48">   --->   Core 124 'DSP48' <Latency = 3> <II = 1> <Delay = 0.53> <IPBlock> <Opcode : 'add' 'sub' 'mul' 'select'> <InPorts = 0> <OutPorts = 1> <Sync> <CReg>
ST_17 : Operation 746 [1/3] (0.00ns) (grouped into DSP with root node add_ln1303)   --->   "%mul_ln1303 = mul i15 %zext_ln1302, i15 32725" [prj/sol/.autopilot/db/v_tpg.cpp:1303->prj/sol/.autopilot/db/v_tpg.cpp:681]   --->   Operation 746 'mul' 'mul_ln1303' <Predicate = (patternId_val_read == 13 & !icmp_ln1122)> <Delay = 0.00> <CoreInst = "DSP48">   --->   Core 124 'DSP48' <Latency = 3> <II = 1> <Delay = 0.53> <IPBlock> <Opcode : 'add' 'sub' 'mul' 'select'> <InPorts = 0> <OutPorts = 1> <Sync> <CReg>
ST_17 : Operation 747 [1/1] (0.00ns) (grouped into DSP with root node add_ln1303)   --->   "%mul_ln1303_cast = sext i15 %mul_ln1303" [prj/sol/.autopilot/db/v_tpg.cpp:1303->prj/sol/.autopilot/db/v_tpg.cpp:681]   --->   Operation 747 'sext' 'mul_ln1303_cast' <Predicate = (patternId_val_read == 13 & !icmp_ln1122)> <Delay = 0.00>
ST_17 : Operation 748 [2/3] (0.99ns) (grouped into DSP with root node add_ln1303_1)   --->   "%mul65_i_neg = mul i16 %zext_ln1302_1, i16 65451" [prj/sol/.autopilot/db/v_tpg.cpp:1302->prj/sol/.autopilot/db/v_tpg.cpp:681]   --->   Operation 748 'mul' 'mul65_i_neg' <Predicate = (patternId_val_read == 13 & !icmp_ln1122)> <Delay = 0.99> <CoreInst = "DSP48">   --->   Core 124 'DSP48' <Latency = 3> <II = 1> <Delay = 0.53> <IPBlock> <Opcode : 'add' 'sub' 'mul' 'select'> <InPorts = 0> <OutPorts = 1> <Sync> <CReg>
ST_17 : Operation 749 [2/2] (0.64ns) (root node of the DSP)   --->   "%add_ln1303 = add i16 %mul_ln1303_cast, i16 32896" [prj/sol/.autopilot/db/v_tpg.cpp:1303->prj/sol/.autopilot/db/v_tpg.cpp:681]   --->   Operation 749 'add' 'add_ln1303' <Predicate = (patternId_val_read == 13 & !icmp_ln1122)> <Delay = 0.64> <CoreInst = "DSP48">   --->   Core 124 'DSP48' <Latency = 3> <II = 1> <Delay = 0.53> <IPBlock> <Opcode : 'add' 'sub' 'mul' 'select'> <InPorts = 0> <OutPorts = 1> <Sync> <CReg>
ST_17 : Operation 750 [1/1] (0.00ns)   --->   "%shl_ln2 = bitconcatenate i15 @_ssdm_op_BitConcatenate.i15.i8.i7, i8 %r, i7 0" [prj/sol/.autopilot/db/v_tpg.cpp:1304->prj/sol/.autopilot/db/v_tpg.cpp:681]   --->   Operation 750 'bitconcatenate' 'shl_ln2' <Predicate = (patternId_val_read == 13 & !icmp_ln1122)> <Delay = 0.00>
ST_17 : Operation 751 [1/1] (0.00ns)   --->   "%shl_ln1304_cast38 = zext i15 %shl_ln2" [prj/sol/.autopilot/db/v_tpg.cpp:1304->prj/sol/.autopilot/db/v_tpg.cpp:681]   --->   Operation 751 'zext' 'shl_ln1304_cast38' <Predicate = (patternId_val_read == 13 & !icmp_ln1122)> <Delay = 0.00>
ST_17 : Operation 752 [1/3] (0.00ns) (grouped into DSP with root node add_ln1304)   --->   "%mul74_i_neg = mul i16 %zext_ln1302_1, i16 65429" [prj/sol/.autopilot/db/v_tpg.cpp:1302->prj/sol/.autopilot/db/v_tpg.cpp:681]   --->   Operation 752 'mul' 'mul74_i_neg' <Predicate = (patternId_val_read == 13 & !icmp_ln1122)> <Delay = 0.00> <CoreInst = "DSP48">   --->   Core 124 'DSP48' <Latency = 3> <II = 1> <Delay = 0.53> <IPBlock> <Opcode : 'add' 'sub' 'mul' 'select'> <InPorts = 0> <OutPorts = 1> <Sync> <CReg>
ST_17 : Operation 753 [1/3] (0.00ns) (grouped into DSP with root node add_ln1304_1)   --->   "%mul77_i_neg = mul i14 %zext_ln1302_2, i14 16363" [prj/sol/.autopilot/db/v_tpg.cpp:1302->prj/sol/.autopilot/db/v_tpg.cpp:681]   --->   Operation 753 'mul' 'mul77_i_neg' <Predicate = (patternId_val_read == 13 & !icmp_ln1122)> <Delay = 0.00> <CoreInst = "DSP48">   --->   Core 124 'DSP48' <Latency = 3> <II = 1> <Delay = 0.53> <IPBlock> <Opcode : 'add' 'sub' 'mul' 'select'> <InPorts = 0> <OutPorts = 1> <Sync> <CReg>
ST_17 : Operation 754 [1/1] (0.00ns) (grouped into DSP with root node add_ln1304_1)   --->   "%sext_ln1304 = sext i14 %mul77_i_neg" [prj/sol/.autopilot/db/v_tpg.cpp:1304->prj/sol/.autopilot/db/v_tpg.cpp:681]   --->   Operation 754 'sext' 'sext_ln1304' <Predicate = (patternId_val_read == 13 & !icmp_ln1122)> <Delay = 0.00>
ST_17 : Operation 755 [2/2] (0.64ns) (root node of the DSP)   --->   "%add_ln1304 = add i16 %mul74_i_neg, i16 32896" [prj/sol/.autopilot/db/v_tpg.cpp:1304->prj/sol/.autopilot/db/v_tpg.cpp:681]   --->   Operation 755 'add' 'add_ln1304' <Predicate = (patternId_val_read == 13 & !icmp_ln1122)> <Delay = 0.64> <CoreInst = "DSP48">   --->   Core 124 'DSP48' <Latency = 3> <II = 1> <Delay = 0.53> <IPBlock> <Opcode : 'add' 'sub' 'mul' 'select'> <InPorts = 0> <OutPorts = 1> <Sync> <CReg>
ST_17 : Operation 756 [2/2] (0.64ns) (root node of the DSP)   --->   "%add_ln1304_1 = add i16 %shl_ln1304_cast38, i16 %sext_ln1304" [prj/sol/.autopilot/db/v_tpg.cpp:1304->prj/sol/.autopilot/db/v_tpg.cpp:681]   --->   Operation 756 'add' 'add_ln1304_1' <Predicate = (patternId_val_read == 13 & !icmp_ln1122)> <Delay = 0.64> <CoreInst = "DSP48">   --->   Core 124 'DSP48' <Latency = 3> <II = 1> <Delay = 0.53> <IPBlock> <Opcode : 'add' 'sub' 'mul' 'select'> <InPorts = 0> <OutPorts = 1> <Sync> <CReg>
ST_17 : Operation 757 [1/1] (0.00ns)   --->   "%zext_ln1302_10 = zext i8 %b_2" [prj/sol/.autopilot/db/v_tpg.cpp:1302->prj/sol/.autopilot/db/v_tpg.cpp:681]   --->   Operation 757 'zext' 'zext_ln1302_10' <Predicate = (patternId_val_read == 13 & !icmp_ln1122)> <Delay = 0.00>
ST_17 : Operation 758 [3/3] (0.99ns) (grouped into DSP with root node add_ln1302_5)   --->   "%mul_ln1302_3 = mul i13 %zext_ln1302_10, i13 29" [prj/sol/.autopilot/db/v_tpg.cpp:1302->prj/sol/.autopilot/db/v_tpg.cpp:681]   --->   Operation 758 'mul' 'mul_ln1302_3' <Predicate = (patternId_val_read == 13 & !icmp_ln1122)> <Delay = 0.99> <CoreInst = "DSP48">   --->   Core 124 'DSP48' <Latency = 3> <II = 1> <Delay = 0.53> <IPBlock> <Opcode : 'add' 'sub' 'mul' 'select'> <InPorts = 0> <OutPorts = 1> <Sync> <CReg>
ST_17 : Operation 759 [1/3] (0.00ns) (grouped into DSP with root node add_ln1302_3)   --->   "%mul_ln1302_4 = mul i15 %zext_ln1302_7, i15 77" [prj/sol/.autopilot/db/v_tpg.cpp:1302->prj/sol/.autopilot/db/v_tpg.cpp:681]   --->   Operation 759 'mul' 'mul_ln1302_4' <Predicate = (patternId_val_read == 13 & !icmp_ln1122)> <Delay = 0.00> <CoreInst = "DSP48">   --->   Core 124 'DSP48' <Latency = 3> <II = 1> <Delay = 0.53> <IPBlock> <Opcode : 'add' 'sub' 'mul' 'select'> <InPorts = 0> <OutPorts = 1> <Sync> <CReg>
ST_17 : Operation 760 [2/3] (0.99ns) (grouped into DSP with root node add_ln1302_4)   --->   "%mul_ln1302_5 = mul i16 %zext_ln1302_8, i16 150" [prj/sol/.autopilot/db/v_tpg.cpp:1302->prj/sol/.autopilot/db/v_tpg.cpp:681]   --->   Operation 760 'mul' 'mul_ln1302_5' <Predicate = (patternId_val_read == 13 & !icmp_ln1122)> <Delay = 0.99> <CoreInst = "DSP48">   --->   Core 124 'DSP48' <Latency = 3> <II = 1> <Delay = 0.53> <IPBlock> <Opcode : 'add' 'sub' 'mul' 'select'> <InPorts = 0> <OutPorts = 1> <Sync> <CReg>
ST_17 : Operation 761 [2/2] (0.64ns) (root node of the DSP)   --->   "%add_ln1302_3 = add i15 %mul_ln1302_4, i15 4224" [prj/sol/.autopilot/db/v_tpg.cpp:1302->prj/sol/.autopilot/db/v_tpg.cpp:681]   --->   Operation 761 'add' 'add_ln1302_3' <Predicate = (patternId_val_read == 13 & !icmp_ln1122)> <Delay = 0.64> <CoreInst = "DSP48">   --->   Core 124 'DSP48' <Latency = 3> <II = 1> <Delay = 0.53> <IPBlock> <Opcode : 'add' 'sub' 'mul' 'select'> <InPorts = 0> <OutPorts = 1> <Sync> <CReg>
ST_17 : Operation 762 [1/3] (0.00ns) (grouped into DSP with root node add_ln1303_3)   --->   "%mul_ln1303_1 = mul i15 %zext_ln1302_7, i15 32725" [prj/sol/.autopilot/db/v_tpg.cpp:1303->prj/sol/.autopilot/db/v_tpg.cpp:681]   --->   Operation 762 'mul' 'mul_ln1303_1' <Predicate = (patternId_val_read == 13 & !icmp_ln1122 & icmp_ln1144)> <Delay = 0.00> <CoreInst = "DSP48">   --->   Core 124 'DSP48' <Latency = 3> <II = 1> <Delay = 0.53> <IPBlock> <Opcode : 'add' 'sub' 'mul' 'select'> <InPorts = 0> <OutPorts = 1> <Sync> <CReg>
ST_17 : Operation 763 [1/1] (0.00ns) (grouped into DSP with root node add_ln1303_3)   --->   "%mul_ln1303_1_cast = sext i15 %mul_ln1303_1" [prj/sol/.autopilot/db/v_tpg.cpp:1303->prj/sol/.autopilot/db/v_tpg.cpp:681]   --->   Operation 763 'sext' 'mul_ln1303_1_cast' <Predicate = (patternId_val_read == 13 & !icmp_ln1122 & icmp_ln1144)> <Delay = 0.00>
ST_17 : Operation 764 [2/3] (0.99ns) (grouped into DSP with root node add_ln1303_4)   --->   "%mul65_1_i_neg = mul i16 %zext_ln1302_8, i16 65451" [prj/sol/.autopilot/db/v_tpg.cpp:1302->prj/sol/.autopilot/db/v_tpg.cpp:681]   --->   Operation 764 'mul' 'mul65_1_i_neg' <Predicate = (patternId_val_read == 13 & !icmp_ln1122 & icmp_ln1144)> <Delay = 0.99> <CoreInst = "DSP48">   --->   Core 124 'DSP48' <Latency = 3> <II = 1> <Delay = 0.53> <IPBlock> <Opcode : 'add' 'sub' 'mul' 'select'> <InPorts = 0> <OutPorts = 1> <Sync> <CReg>
ST_17 : Operation 765 [2/2] (0.64ns) (root node of the DSP)   --->   "%add_ln1303_3 = add i16 %mul_ln1303_1_cast, i16 32896" [prj/sol/.autopilot/db/v_tpg.cpp:1303->prj/sol/.autopilot/db/v_tpg.cpp:681]   --->   Operation 765 'add' 'add_ln1303_3' <Predicate = (patternId_val_read == 13 & !icmp_ln1122 & icmp_ln1144)> <Delay = 0.64> <CoreInst = "DSP48">   --->   Core 124 'DSP48' <Latency = 3> <II = 1> <Delay = 0.53> <IPBlock> <Opcode : 'add' 'sub' 'mul' 'select'> <InPorts = 0> <OutPorts = 1> <Sync> <CReg>
ST_17 : Operation 766 [1/1] (0.00ns)   --->   "%shl_ln1304_1 = bitconcatenate i15 @_ssdm_op_BitConcatenate.i15.i8.i7, i8 %r_2, i7 0" [prj/sol/.autopilot/db/v_tpg.cpp:1304->prj/sol/.autopilot/db/v_tpg.cpp:681]   --->   Operation 766 'bitconcatenate' 'shl_ln1304_1' <Predicate = (patternId_val_read == 13 & !icmp_ln1122)> <Delay = 0.00>
ST_17 : Operation 767 [1/1] (0.00ns)   --->   "%shl_ln1304_1_cast41 = zext i15 %shl_ln1304_1" [prj/sol/.autopilot/db/v_tpg.cpp:1304->prj/sol/.autopilot/db/v_tpg.cpp:681]   --->   Operation 767 'zext' 'shl_ln1304_1_cast41' <Predicate = (patternId_val_read == 13 & !icmp_ln1122)> <Delay = 0.00>
ST_17 : Operation 768 [1/3] (0.00ns) (grouped into DSP with root node add_ln1304_3)   --->   "%mul74_1_i_neg = mul i16 %zext_ln1302_8, i16 65429" [prj/sol/.autopilot/db/v_tpg.cpp:1302->prj/sol/.autopilot/db/v_tpg.cpp:681]   --->   Operation 768 'mul' 'mul74_1_i_neg' <Predicate = (patternId_val_read == 13 & !icmp_ln1122)> <Delay = 0.00> <CoreInst = "DSP48">   --->   Core 124 'DSP48' <Latency = 3> <II = 1> <Delay = 0.53> <IPBlock> <Opcode : 'add' 'sub' 'mul' 'select'> <InPorts = 0> <OutPorts = 1> <Sync> <CReg>
ST_17 : Operation 769 [1/3] (0.00ns) (grouped into DSP with root node add_ln1304_4)   --->   "%mul77_1_i_neg = mul i14 %zext_ln1302_9, i14 16363" [prj/sol/.autopilot/db/v_tpg.cpp:1302->prj/sol/.autopilot/db/v_tpg.cpp:681]   --->   Operation 769 'mul' 'mul77_1_i_neg' <Predicate = (patternId_val_read == 13 & !icmp_ln1122)> <Delay = 0.00> <CoreInst = "DSP48">   --->   Core 124 'DSP48' <Latency = 3> <II = 1> <Delay = 0.53> <IPBlock> <Opcode : 'add' 'sub' 'mul' 'select'> <InPorts = 0> <OutPorts = 1> <Sync> <CReg>
ST_17 : Operation 770 [1/1] (0.00ns) (grouped into DSP with root node add_ln1304_4)   --->   "%sext_ln1304_2 = sext i14 %mul77_1_i_neg" [prj/sol/.autopilot/db/v_tpg.cpp:1304->prj/sol/.autopilot/db/v_tpg.cpp:681]   --->   Operation 770 'sext' 'sext_ln1304_2' <Predicate = (patternId_val_read == 13 & !icmp_ln1122)> <Delay = 0.00>
ST_17 : Operation 771 [2/2] (0.64ns) (root node of the DSP)   --->   "%add_ln1304_3 = add i16 %mul74_1_i_neg, i16 32896" [prj/sol/.autopilot/db/v_tpg.cpp:1304->prj/sol/.autopilot/db/v_tpg.cpp:681]   --->   Operation 771 'add' 'add_ln1304_3' <Predicate = (patternId_val_read == 13 & !icmp_ln1122)> <Delay = 0.64> <CoreInst = "DSP48">   --->   Core 124 'DSP48' <Latency = 3> <II = 1> <Delay = 0.53> <IPBlock> <Opcode : 'add' 'sub' 'mul' 'select'> <InPorts = 0> <OutPorts = 1> <Sync> <CReg>
ST_17 : Operation 772 [2/2] (0.64ns) (root node of the DSP)   --->   "%add_ln1304_4 = add i16 %shl_ln1304_1_cast41, i16 %sext_ln1304_2" [prj/sol/.autopilot/db/v_tpg.cpp:1304->prj/sol/.autopilot/db/v_tpg.cpp:681]   --->   Operation 772 'add' 'add_ln1304_4' <Predicate = (patternId_val_read == 13 & !icmp_ln1122)> <Delay = 0.64> <CoreInst = "DSP48">   --->   Core 124 'DSP48' <Latency = 3> <II = 1> <Delay = 0.53> <IPBlock> <Opcode : 'add' 'sub' 'mul' 'select'> <InPorts = 0> <OutPorts = 1> <Sync> <CReg>
ST_17 : Operation 773 [1/1] (0.00ns)   --->   "%vBarSel_loc_1_out_load_1 = load i8 %vBarSel_loc_1_out" [prj/sol/.autopilot/db/v_tpg.cpp:1415->prj/sol/.autopilot/db/v_tpg.cpp:665]   --->   Operation 773 'load' 'vBarSel_loc_1_out_load_1' <Predicate = (patternId_val_read == 11)> <Delay = 0.00>
ST_17 : Operation 774 [1/1] (0.00ns)   --->   "%trunc_ln1415 = trunc i8 %vBarSel_loc_1_out_load_1" [prj/sol/.autopilot/db/v_tpg.cpp:1415->prj/sol/.autopilot/db/v_tpg.cpp:665]   --->   Operation 774 'trunc' 'trunc_ln1415' <Predicate = (patternId_val_read == 11)> <Delay = 0.00>
ST_17 : Operation 775 [1/1] (0.00ns)   --->   "%shl_ln3 = bitconcatenate i6 @_ssdm_op_BitConcatenate.i6.i3.i3, i3 %trunc_ln1415, i3 0" [prj/sol/.autopilot/db/v_tpg.cpp:1415->prj/sol/.autopilot/db/v_tpg.cpp:665]   --->   Operation 775 'bitconcatenate' 'shl_ln3' <Predicate = (patternId_val_read == 11)> <Delay = 0.00>
ST_17 : Operation 776 [1/1] (0.00ns)   --->   "%br_ln1400 = br i1 %icmp_ln1072, void %if.else31.i115, void %if.then27.i112" [prj/sol/.autopilot/db/v_tpg.cpp:1400->prj/sol/.autopilot/db/v_tpg.cpp:665]   --->   Operation 776 'br' 'br_ln1400' <Predicate = (patternId_val_read == 11)> <Delay = 0.00>
ST_17 : Operation 777 [1/1] (0.00ns)   --->   "%tpgPatternTartanColorBars_unsigned_short_unsigned_short_unsigned_short_unsign_8 = load i8 %tpgPatternTartanColorBars_unsigned_short_unsigned_short_unsigned_short_unsign_8_out" [prj/sol/.autopilot/db/v_tpg.cpp:1415->prj/sol/.autopilot/db/v_tpg.cpp:665]   --->   Operation 777 'load' 'tpgPatternTartanColorBars_unsigned_short_unsigned_short_unsigned_short_unsign_8' <Predicate = (patternId_val_read == 11)> <Delay = 0.00>
ST_17 : Operation 778 [1/1] (0.00ns)   --->   "%trunc_ln1415_1 = trunc i8 %tpgPatternTartanColorBars_unsigned_short_unsigned_short_unsigned_short_unsign_8" [prj/sol/.autopilot/db/v_tpg.cpp:1415->prj/sol/.autopilot/db/v_tpg.cpp:665]   --->   Operation 778 'trunc' 'trunc_ln1415_1' <Predicate = (patternId_val_read == 11)> <Delay = 0.00>
ST_17 : Operation 779 [1/1] (0.35ns)   --->   "%or_ln1415 = or i6 %shl_ln3, i6 %trunc_ln1415_1" [prj/sol/.autopilot/db/v_tpg.cpp:1415->prj/sol/.autopilot/db/v_tpg.cpp:665]   --->   Operation 779 'or' 'or_ln1415' <Predicate = (patternId_val_read == 11)> <Delay = 0.35> <CoreInst = "LogicGate">   --->   Core 74 'LogicGate' <Latency = 0> <II = 1> <Delay = 0.35> <FuncUnit> <Opcode : 'and' 'or' 'xor'> <InPorts = 2> <OutPorts = 1>
ST_17 : Operation 780 [1/1] (0.00ns)   --->   "%zext_ln1419 = zext i6 %or_ln1415" [prj/sol/.autopilot/db/v_tpg.cpp:1419->prj/sol/.autopilot/db/v_tpg.cpp:665]   --->   Operation 780 'zext' 'zext_ln1419' <Predicate = (patternId_val_read == 11)> <Delay = 0.00>
ST_17 : Operation 781 [1/1] (0.00ns)   --->   "%tpgTartanBarArray_addr = getelementptr i3 %tpgTartanBarArray, i64 0, i64 %zext_ln1419" [prj/sol/.autopilot/db/v_tpg.cpp:1419->prj/sol/.autopilot/db/v_tpg.cpp:665]   --->   Operation 781 'getelementptr' 'tpgTartanBarArray_addr' <Predicate = (patternId_val_read == 11)> <Delay = 0.00>
ST_17 : Operation 782 [2/2] (0.67ns)   --->   "%tpgTartanBarArray_load = load i6 %tpgTartanBarArray_addr" [prj/sol/.autopilot/db/v_tpg.cpp:1419->prj/sol/.autopilot/db/v_tpg.cpp:665]   --->   Operation 782 'load' 'tpgTartanBarArray_load' <Predicate = (patternId_val_read == 11)> <Delay = 0.67> <CoreInst = "ROM">   --->   Core 100 'ROM' <Latency = 1> <II = 1> <Delay = 0.67> <Storage> <Opcode : 'load'> <Ports = 0> <Width = 3> <Depth = 64> <ROM>
ST_17 : Operation 783 [1/1] (0.00ns)   --->   "%br_ln1400 = br i1 %icmp_ln1072, void %if.else31.1.i135, void %if.then27.1.i141" [prj/sol/.autopilot/db/v_tpg.cpp:1400->prj/sol/.autopilot/db/v_tpg.cpp:665]   --->   Operation 783 'br' 'br_ln1400' <Predicate = (patternId_val_read == 11)> <Delay = 0.00>
ST_17 : Operation 784 [1/1] (0.00ns)   --->   "%tpgPatternTartanColorBars_unsigned_short_unsigned_short_unsigned_short_unsign_6 = load i8 %tpgPatternTartanColorBars_unsigned_short_unsigned_short_unsigned_short_unsign_9_out" [prj/sol/.autopilot/db/v_tpg.cpp:1415->prj/sol/.autopilot/db/v_tpg.cpp:665]   --->   Operation 784 'load' 'tpgPatternTartanColorBars_unsigned_short_unsigned_short_unsigned_short_unsign_6' <Predicate = (patternId_val_read == 11)> <Delay = 0.00>
ST_17 : Operation 785 [1/1] (0.00ns)   --->   "%trunc_ln1415_2 = trunc i8 %tpgPatternTartanColorBars_unsigned_short_unsigned_short_unsigned_short_unsign_6" [prj/sol/.autopilot/db/v_tpg.cpp:1415->prj/sol/.autopilot/db/v_tpg.cpp:665]   --->   Operation 785 'trunc' 'trunc_ln1415_2' <Predicate = (patternId_val_read == 11)> <Delay = 0.00>
ST_17 : Operation 786 [1/1] (0.35ns)   --->   "%or_ln1415_1 = or i6 %shl_ln3, i6 %trunc_ln1415_2" [prj/sol/.autopilot/db/v_tpg.cpp:1415->prj/sol/.autopilot/db/v_tpg.cpp:665]   --->   Operation 786 'or' 'or_ln1415_1' <Predicate = (patternId_val_read == 11)> <Delay = 0.35> <CoreInst = "LogicGate">   --->   Core 74 'LogicGate' <Latency = 0> <II = 1> <Delay = 0.35> <FuncUnit> <Opcode : 'and' 'or' 'xor'> <InPorts = 2> <OutPorts = 1>
ST_17 : Operation 787 [1/1] (0.00ns)   --->   "%zext_ln1420 = zext i6 %or_ln1415_1" [prj/sol/.autopilot/db/v_tpg.cpp:1420->prj/sol/.autopilot/db/v_tpg.cpp:665]   --->   Operation 787 'zext' 'zext_ln1420' <Predicate = (patternId_val_read == 11)> <Delay = 0.00>
ST_17 : Operation 788 [1/1] (0.00ns)   --->   "%tpgTartanBarArray_addr_1 = getelementptr i3 %tpgTartanBarArray, i64 0, i64 %zext_ln1420" [prj/sol/.autopilot/db/v_tpg.cpp:1420->prj/sol/.autopilot/db/v_tpg.cpp:665]   --->   Operation 788 'getelementptr' 'tpgTartanBarArray_addr_1' <Predicate = (patternId_val_read == 11)> <Delay = 0.00>
ST_17 : Operation 789 [2/2] (0.67ns)   --->   "%tpgTartanBarArray_load_1 = load i6 %tpgTartanBarArray_addr_1" [prj/sol/.autopilot/db/v_tpg.cpp:1420->prj/sol/.autopilot/db/v_tpg.cpp:665]   --->   Operation 789 'load' 'tpgTartanBarArray_load_1' <Predicate = (patternId_val_read == 11)> <Delay = 0.67> <CoreInst = "ROM">   --->   Core 100 'ROM' <Latency = 1> <II = 1> <Delay = 0.67> <Storage> <Opcode : 'load'> <Ports = 0> <Width = 3> <Depth = 64> <ROM>
ST_17 : Operation 790 [1/1] (0.00ns)   --->   "%br_ln1418 = br i1 %icmp_ln1122, void %cond.false81.1.i_ifconv, void %cond.true111.1.i" [prj/sol/.autopilot/db/v_tpg.cpp:1418->prj/sol/.autopilot/db/v_tpg.cpp:665]   --->   Operation 790 'br' 'br_ln1418' <Predicate = (patternId_val_read == 11)> <Delay = 0.00>
ST_17 : Operation 791 [1/1] (0.67ns)   --->   "%add_ln1257 = add i3 %trunc_ln565_11, i3 1" [prj/sol/.autopilot/db/v_tpg.cpp:1257->prj/sol/.autopilot/db/v_tpg.cpp:649]   --->   Operation 791 'add' 'add_ln1257' <Predicate = (patternId_val_read == 9 & !icmp_ln1072 & !icmp_ln1250)> <Delay = 0.67> <CoreInst = "Adder">   --->   Core 1 'Adder' <Latency = 0> <II = 1> <Delay = 0.67> <FuncUnit> <Opcode : 'add' 'sub'> <InPorts = 2> <OutPorts = 1>
ST_17 : Operation 792 [1/1] (0.00ns)   --->   "%zext_ln1257 = zext i3 %add_ln1257" [prj/sol/.autopilot/db/v_tpg.cpp:1257->prj/sol/.autopilot/db/v_tpg.cpp:649]   --->   Operation 792 'zext' 'zext_ln1257' <Predicate = (patternId_val_read == 9 & !icmp_ln1072 & !icmp_ln1250)> <Delay = 0.00>
ST_17 : Operation 793 [1/1] (0.42ns)   --->   "%store_ln1257 = store i8 %zext_ln1257, i8 %tpgPatternColorBars_unsigned_short_unsigned_short_unsigned_char_int_hBarSel" [prj/sol/.autopilot/db/v_tpg.cpp:1257->prj/sol/.autopilot/db/v_tpg.cpp:649]   --->   Operation 793 'store' 'store_ln1257' <Predicate = (patternId_val_read == 9 & !icmp_ln1072 & !icmp_ln1250)> <Delay = 0.42>
ST_17 : Operation 794 [1/1] (0.42ns)   --->   "%store_ln1257 = store i8 %zext_ln1257, i8 %tpgPatternColorBars_unsigned_short_unsigned_short_unsigned_char_int_hBarSel_l_2_out" [prj/sol/.autopilot/db/v_tpg.cpp:1257->prj/sol/.autopilot/db/v_tpg.cpp:649]   --->   Operation 794 'store' 'store_ln1257' <Predicate = (patternId_val_read == 9 & !icmp_ln1072 & !icmp_ln1250)> <Delay = 0.42>
ST_17 : Operation 795 [1/1] (0.00ns)   --->   "%br_ln0 = br void %if.end31.i_ifconv"   --->   Operation 795 'br' 'br_ln0' <Predicate = (patternId_val_read == 9 & !icmp_ln1072 & !icmp_ln1250)> <Delay = 0.00>
ST_17 : Operation 796 [1/1] (0.42ns)   --->   "%store_ln0 = store i8 %tmp, i8 %tpgPatternColorBars_unsigned_short_unsigned_short_unsigned_char_int_hBarSel_l_2_out"   --->   Operation 796 'store' 'store_ln0' <Predicate = (patternId_val_read == 9 & icmp_ln1072)> <Delay = 0.42>
ST_17 : Operation 797 [1/1] (0.00ns)   --->   "%br_ln1249 = br void %if.end31.i_ifconv" [prj/sol/.autopilot/db/v_tpg.cpp:1249->prj/sol/.autopilot/db/v_tpg.cpp:649]   --->   Operation 797 'br' 'br_ln1249' <Predicate = (patternId_val_read == 9 & icmp_ln1072)> <Delay = 0.00>
ST_17 : Operation 798 [1/1] (0.67ns)   --->   "%add_ln1257_1 = add i3 %trunc_ln565_5, i3 1" [prj/sol/.autopilot/db/v_tpg.cpp:1257->prj/sol/.autopilot/db/v_tpg.cpp:649]   --->   Operation 798 'add' 'add_ln1257_1' <Predicate = (patternId_val_read == 9 & !icmp_ln1072 & !icmp_ln1250_1)> <Delay = 0.67> <CoreInst = "Adder">   --->   Core 1 'Adder' <Latency = 0> <II = 1> <Delay = 0.67> <FuncUnit> <Opcode : 'add' 'sub'> <InPorts = 2> <OutPorts = 1>
ST_17 : Operation 799 [1/1] (0.00ns)   --->   "%zext_ln1257_1 = zext i3 %add_ln1257_1" [prj/sol/.autopilot/db/v_tpg.cpp:1257->prj/sol/.autopilot/db/v_tpg.cpp:649]   --->   Operation 799 'zext' 'zext_ln1257_1' <Predicate = (patternId_val_read == 9 & !icmp_ln1072 & !icmp_ln1250_1)> <Delay = 0.00>
ST_17 : Operation 800 [1/1] (0.42ns)   --->   "%store_ln1257 = store i8 %zext_ln1257_1, i8 %tpgPatternColorBars_unsigned_short_unsigned_short_unsigned_char_int_hBarSel_8" [prj/sol/.autopilot/db/v_tpg.cpp:1257->prj/sol/.autopilot/db/v_tpg.cpp:649]   --->   Operation 800 'store' 'store_ln1257' <Predicate = (patternId_val_read == 9 & !icmp_ln1072 & !icmp_ln1250_1)> <Delay = 0.42>
ST_17 : Operation 801 [1/1] (0.42ns)   --->   "%store_ln1257 = store i8 %zext_ln1257_1, i8 %tpgPatternColorBars_unsigned_short_unsigned_short_unsigned_char_int_hBarSel_8_3_out" [prj/sol/.autopilot/db/v_tpg.cpp:1257->prj/sol/.autopilot/db/v_tpg.cpp:649]   --->   Operation 801 'store' 'store_ln1257' <Predicate = (patternId_val_read == 9 & !icmp_ln1072 & !icmp_ln1250_1)> <Delay = 0.42>
ST_17 : Operation 802 [1/1] (0.00ns)   --->   "%br_ln0 = br void %if.end31.1.i"   --->   Operation 802 'br' 'br_ln0' <Predicate = (patternId_val_read == 9 & !icmp_ln1072 & !icmp_ln1250_1)> <Delay = 0.00>
ST_17 : Operation 803 [1/1] (0.42ns)   --->   "%store_ln0 = store i8 %tmp, i8 %tpgPatternColorBars_unsigned_short_unsigned_short_unsigned_char_int_hBarSel_8_3_out"   --->   Operation 803 'store' 'store_ln0' <Predicate = (patternId_val_read == 9 & icmp_ln1072)> <Delay = 0.42>
ST_17 : Operation 804 [1/1] (0.00ns)   --->   "%br_ln1249 = br void %if.end31.1.i" [prj/sol/.autopilot/db/v_tpg.cpp:1249->prj/sol/.autopilot/db/v_tpg.cpp:649]   --->   Operation 804 'br' 'br_ln1249' <Predicate = (patternId_val_read == 9 & icmp_ln1072)> <Delay = 0.00>

State 18 <SV = 17> <Delay = 1.88>
ST_18 : Operation 805 [1/1] (0.00ns)   --->   "%rampVal_loc_1_out_load = load i16 %rampVal_loc_1_out" [prj/sol/.autopilot/db/v_tpg.cpp:565]   --->   Operation 805 'load' 'rampVal_loc_1_out_load' <Predicate = true> <Delay = 0.00>
ST_18 : Operation 806 [1/1] (0.00ns)   --->   "%trunc_ln565_12 = trunc i16 %rampVal_loc_1_out_load" [prj/sol/.autopilot/db/v_tpg.cpp:565]   --->   Operation 806 'trunc' 'trunc_ln565_12' <Predicate = true> <Delay = 0.00>
ST_18 : Operation 807 [1/2] ( I:0.67ns O:0.67ns )   --->   "%DPtpgBarArray_load = load i4 %DPtpgBarArray_addr" [prj/sol/.autopilot/db/v_tpg.cpp:1799->prj/sol/.autopilot/db/v_tpg.cpp:721]   --->   Operation 807 'load' 'DPtpgBarArray_load' <Predicate = (patternId_val_read == 19)> <Delay = 0.67> <CoreInst = "ROM">   --->   Core 100 'ROM' <Latency = 1> <II = 1> <Delay = 0.67> <Storage> <Opcode : 'load'> <Ports = 0> <Width = 3> <Depth = 16> <ROM>
ST_18 : Operation 808 [1/1] (0.00ns)   --->   "%zext_ln1799_1 = zext i3 %DPtpgBarArray_load" [prj/sol/.autopilot/db/v_tpg.cpp:1799->prj/sol/.autopilot/db/v_tpg.cpp:721]   --->   Operation 808 'zext' 'zext_ln1799_1' <Predicate = (patternId_val_read == 19)> <Delay = 0.00>
ST_18 : Operation 809 [1/1] (0.00ns)   --->   "%DPtpgBarSelRgb_VESA_r_addr = getelementptr i2 %DPtpgBarSelRgb_VESA_r, i64 0, i64 %zext_ln1799_1" [prj/sol/.autopilot/db/v_tpg.cpp:1784->prj/sol/.autopilot/db/v_tpg.cpp:721]   --->   Operation 809 'getelementptr' 'DPtpgBarSelRgb_VESA_r_addr' <Predicate = (patternId_val_read == 19)> <Delay = 0.00>
ST_18 : Operation 810 [2/2] (0.67ns)   --->   "%DPtpgBarSelRgb_VESA_r_load = load i3 %DPtpgBarSelRgb_VESA_r_addr" [prj/sol/.autopilot/db/v_tpg.cpp:1784->prj/sol/.autopilot/db/v_tpg.cpp:721]   --->   Operation 810 'load' 'DPtpgBarSelRgb_VESA_r_load' <Predicate = (patternId_val_read == 19)> <Delay = 0.67> <CoreInst = "ROM">   --->   Core 100 'ROM' <Latency = 1> <II = 1> <Delay = 0.67> <Storage> <Opcode : 'load'> <Ports = 0> <Width = 2> <Depth = 8> <ROM>
ST_18 : Operation 811 [1/1] (0.00ns)   --->   "%DPtpgBarSelRgb_VESA_g_addr = getelementptr i2 %DPtpgBarSelRgb_VESA_g, i64 0, i64 %zext_ln1799_1" [prj/sol/.autopilot/db/v_tpg.cpp:1785->prj/sol/.autopilot/db/v_tpg.cpp:721]   --->   Operation 811 'getelementptr' 'DPtpgBarSelRgb_VESA_g_addr' <Predicate = (patternId_val_read == 19)> <Delay = 0.00>
ST_18 : Operation 812 [2/2] (0.67ns)   --->   "%DPtpgBarSelRgb_VESA_g_load = load i3 %DPtpgBarSelRgb_VESA_g_addr" [prj/sol/.autopilot/db/v_tpg.cpp:1785->prj/sol/.autopilot/db/v_tpg.cpp:721]   --->   Operation 812 'load' 'DPtpgBarSelRgb_VESA_g_load' <Predicate = (patternId_val_read == 19)> <Delay = 0.67> <CoreInst = "ROM">   --->   Core 100 'ROM' <Latency = 1> <II = 1> <Delay = 0.67> <Storage> <Opcode : 'load'> <Ports = 0> <Width = 2> <Depth = 8> <ROM>
ST_18 : Operation 813 [1/1] (0.00ns)   --->   "%DPtpgBarSelRgb_VESA_b_addr = getelementptr i2 %DPtpgBarSelRgb_VESA_b, i64 0, i64 %zext_ln1799_1" [prj/sol/.autopilot/db/v_tpg.cpp:1786->prj/sol/.autopilot/db/v_tpg.cpp:721]   --->   Operation 813 'getelementptr' 'DPtpgBarSelRgb_VESA_b_addr' <Predicate = (patternId_val_read == 19)> <Delay = 0.00>
ST_18 : Operation 814 [2/2] (0.67ns)   --->   "%DPtpgBarSelRgb_VESA_b_load = load i3 %DPtpgBarSelRgb_VESA_b_addr" [prj/sol/.autopilot/db/v_tpg.cpp:1786->prj/sol/.autopilot/db/v_tpg.cpp:721]   --->   Operation 814 'load' 'DPtpgBarSelRgb_VESA_b_load' <Predicate = (patternId_val_read == 19)> <Delay = 0.67> <CoreInst = "ROM">   --->   Core 100 'ROM' <Latency = 1> <II = 1> <Delay = 0.67> <Storage> <Opcode : 'load'> <Ports = 0> <Width = 2> <Depth = 8> <ROM>
ST_18 : Operation 815 [1/1] (0.00ns)   --->   "%DPtpgBarSelRgb_CEA_r_addr = getelementptr i6 %DPtpgBarSelRgb_CEA_r, i64 0, i64 %zext_ln1799_1" [prj/sol/.autopilot/db/v_tpg.cpp:1790->prj/sol/.autopilot/db/v_tpg.cpp:721]   --->   Operation 815 'getelementptr' 'DPtpgBarSelRgb_CEA_r_addr' <Predicate = (patternId_val_read == 19)> <Delay = 0.00>
ST_18 : Operation 816 [2/2] (0.67ns)   --->   "%DPtpgBarSelRgb_CEA_r_load = load i3 %DPtpgBarSelRgb_CEA_r_addr" [prj/sol/.autopilot/db/v_tpg.cpp:1790->prj/sol/.autopilot/db/v_tpg.cpp:721]   --->   Operation 816 'load' 'DPtpgBarSelRgb_CEA_r_load' <Predicate = (patternId_val_read == 19)> <Delay = 0.67> <CoreInst = "ROM">   --->   Core 100 'ROM' <Latency = 1> <II = 1> <Delay = 0.67> <Storage> <Opcode : 'load'> <Ports = 0> <Width = 6> <Depth = 8> <ROM>
ST_18 : Operation 817 [1/1] (0.00ns)   --->   "%DPtpgBarSelRgb_CEA_g_addr = getelementptr i6 %DPtpgBarSelRgb_CEA_g, i64 0, i64 %zext_ln1799_1" [prj/sol/.autopilot/db/v_tpg.cpp:1791->prj/sol/.autopilot/db/v_tpg.cpp:721]   --->   Operation 817 'getelementptr' 'DPtpgBarSelRgb_CEA_g_addr' <Predicate = (patternId_val_read == 19)> <Delay = 0.00>
ST_18 : Operation 818 [2/2] (0.67ns)   --->   "%DPtpgBarSelRgb_CEA_g_load = load i3 %DPtpgBarSelRgb_CEA_g_addr" [prj/sol/.autopilot/db/v_tpg.cpp:1791->prj/sol/.autopilot/db/v_tpg.cpp:721]   --->   Operation 818 'load' 'DPtpgBarSelRgb_CEA_g_load' <Predicate = (patternId_val_read == 19)> <Delay = 0.67> <CoreInst = "ROM">   --->   Core 100 'ROM' <Latency = 1> <II = 1> <Delay = 0.67> <Storage> <Opcode : 'load'> <Ports = 0> <Width = 6> <Depth = 8> <ROM>
ST_18 : Operation 819 [1/1] (0.00ns)   --->   "%DPtpgBarSelRgb_CEA_b_addr = getelementptr i6 %DPtpgBarSelRgb_CEA_b, i64 0, i64 %zext_ln1799_1" [prj/sol/.autopilot/db/v_tpg.cpp:1792->prj/sol/.autopilot/db/v_tpg.cpp:721]   --->   Operation 819 'getelementptr' 'DPtpgBarSelRgb_CEA_b_addr' <Predicate = (patternId_val_read == 19)> <Delay = 0.00>
ST_18 : Operation 820 [2/2] (0.67ns)   --->   "%DPtpgBarSelRgb_CEA_b_load = load i3 %DPtpgBarSelRgb_CEA_b_addr" [prj/sol/.autopilot/db/v_tpg.cpp:1792->prj/sol/.autopilot/db/v_tpg.cpp:721]   --->   Operation 820 'load' 'DPtpgBarSelRgb_CEA_b_load' <Predicate = (patternId_val_read == 19)> <Delay = 0.67> <CoreInst = "ROM">   --->   Core 100 'ROM' <Latency = 1> <II = 1> <Delay = 0.67> <Storage> <Opcode : 'load'> <Ports = 0> <Width = 6> <Depth = 8> <ROM>
ST_18 : Operation 821 [1/1] (0.00ns)   --->   "%DPtpgBarSelYuv_601_y_addr = getelementptr i8 %DPtpgBarSelYuv_601_y, i64 0, i64 %zext_ln1799_1" [prj/sol/.autopilot/db/v_tpg.cpp:1799->prj/sol/.autopilot/db/v_tpg.cpp:721]   --->   Operation 821 'getelementptr' 'DPtpgBarSelYuv_601_y_addr' <Predicate = (patternId_val_read == 19)> <Delay = 0.00>
ST_18 : Operation 822 [2/2] (0.67ns)   --->   "%DPtpgBarSelYuv_601_y_load = load i3 %DPtpgBarSelYuv_601_y_addr" [prj/sol/.autopilot/db/v_tpg.cpp:1799->prj/sol/.autopilot/db/v_tpg.cpp:721]   --->   Operation 822 'load' 'DPtpgBarSelYuv_601_y_load' <Predicate = (patternId_val_read == 19)> <Delay = 0.67> <CoreInst = "ROM">   --->   Core 100 'ROM' <Latency = 1> <II = 1> <Delay = 0.67> <Storage> <Opcode : 'load'> <Ports = 0> <Width = 8> <Depth = 8> <ROM>
ST_18 : Operation 823 [1/1] (0.00ns)   --->   "%DPtpgBarSelYuv_601_u_addr = getelementptr i8 %DPtpgBarSelYuv_601_u, i64 0, i64 %zext_ln1799_1" [prj/sol/.autopilot/db/v_tpg.cpp:1802->prj/sol/.autopilot/db/v_tpg.cpp:721]   --->   Operation 823 'getelementptr' 'DPtpgBarSelYuv_601_u_addr' <Predicate = (patternId_val_read == 19)> <Delay = 0.00>
ST_18 : Operation 824 [2/2] (0.67ns)   --->   "%DPtpgBarSelYuv_601_u_load = load i3 %DPtpgBarSelYuv_601_u_addr" [prj/sol/.autopilot/db/v_tpg.cpp:1802->prj/sol/.autopilot/db/v_tpg.cpp:721]   --->   Operation 824 'load' 'DPtpgBarSelYuv_601_u_load' <Predicate = (patternId_val_read == 19)> <Delay = 0.67> <CoreInst = "ROM">   --->   Core 100 'ROM' <Latency = 1> <II = 1> <Delay = 0.67> <Storage> <Opcode : 'load'> <Ports = 0> <Width = 8> <Depth = 8> <ROM>
ST_18 : Operation 825 [1/1] (0.00ns)   --->   "%DPtpgBarSelYuv_601_v_addr = getelementptr i8 %DPtpgBarSelYuv_601_v, i64 0, i64 %zext_ln1799_1" [prj/sol/.autopilot/db/v_tpg.cpp:1805->prj/sol/.autopilot/db/v_tpg.cpp:721]   --->   Operation 825 'getelementptr' 'DPtpgBarSelYuv_601_v_addr' <Predicate = (patternId_val_read == 19)> <Delay = 0.00>
ST_18 : Operation 826 [2/2] (0.67ns)   --->   "%DPtpgBarSelYuv_601_v_load = load i3 %DPtpgBarSelYuv_601_v_addr" [prj/sol/.autopilot/db/v_tpg.cpp:1805->prj/sol/.autopilot/db/v_tpg.cpp:721]   --->   Operation 826 'load' 'DPtpgBarSelYuv_601_v_load' <Predicate = (patternId_val_read == 19)> <Delay = 0.67> <CoreInst = "ROM">   --->   Core 100 'ROM' <Latency = 1> <II = 1> <Delay = 0.67> <Storage> <Opcode : 'load'> <Ports = 0> <Width = 8> <Depth = 8> <ROM>
ST_18 : Operation 827 [1/1] (0.00ns)   --->   "%DPtpgBarSelYuv_709_y_addr = getelementptr i8 %DPtpgBarSelYuv_709_y, i64 0, i64 %zext_ln1799_1" [prj/sol/.autopilot/db/v_tpg.cpp:1809->prj/sol/.autopilot/db/v_tpg.cpp:721]   --->   Operation 827 'getelementptr' 'DPtpgBarSelYuv_709_y_addr' <Predicate = (patternId_val_read == 19)> <Delay = 0.00>
ST_18 : Operation 828 [2/2] (0.67ns)   --->   "%DPtpgBarSelYuv_709_y_load = load i3 %DPtpgBarSelYuv_709_y_addr" [prj/sol/.autopilot/db/v_tpg.cpp:1809->prj/sol/.autopilot/db/v_tpg.cpp:721]   --->   Operation 828 'load' 'DPtpgBarSelYuv_709_y_load' <Predicate = (patternId_val_read == 19)> <Delay = 0.67> <CoreInst = "ROM">   --->   Core 100 'ROM' <Latency = 1> <II = 1> <Delay = 0.67> <Storage> <Opcode : 'load'> <Ports = 0> <Width = 8> <Depth = 8> <ROM>
ST_18 : Operation 829 [1/1] (0.00ns)   --->   "%DPtpgBarSelYuv_709_u_addr = getelementptr i8 %DPtpgBarSelYuv_709_u, i64 0, i64 %zext_ln1799_1" [prj/sol/.autopilot/db/v_tpg.cpp:1812->prj/sol/.autopilot/db/v_tpg.cpp:721]   --->   Operation 829 'getelementptr' 'DPtpgBarSelYuv_709_u_addr' <Predicate = (patternId_val_read == 19)> <Delay = 0.00>
ST_18 : Operation 830 [2/2] (0.67ns)   --->   "%DPtpgBarSelYuv_709_u_load = load i3 %DPtpgBarSelYuv_709_u_addr" [prj/sol/.autopilot/db/v_tpg.cpp:1812->prj/sol/.autopilot/db/v_tpg.cpp:721]   --->   Operation 830 'load' 'DPtpgBarSelYuv_709_u_load' <Predicate = (patternId_val_read == 19)> <Delay = 0.67> <CoreInst = "ROM">   --->   Core 100 'ROM' <Latency = 1> <II = 1> <Delay = 0.67> <Storage> <Opcode : 'load'> <Ports = 0> <Width = 8> <Depth = 8> <ROM>
ST_18 : Operation 831 [1/1] (0.00ns)   --->   "%DPtpgBarSelYuv_709_v_addr = getelementptr i8 %DPtpgBarSelYuv_709_v, i64 0, i64 %zext_ln1799_1" [prj/sol/.autopilot/db/v_tpg.cpp:1815->prj/sol/.autopilot/db/v_tpg.cpp:721]   --->   Operation 831 'getelementptr' 'DPtpgBarSelYuv_709_v_addr' <Predicate = (patternId_val_read == 19)> <Delay = 0.00>
ST_18 : Operation 832 [2/2] (0.67ns)   --->   "%DPtpgBarSelYuv_709_v_load = load i3 %DPtpgBarSelYuv_709_v_addr" [prj/sol/.autopilot/db/v_tpg.cpp:1815->prj/sol/.autopilot/db/v_tpg.cpp:721]   --->   Operation 832 'load' 'DPtpgBarSelYuv_709_v_load' <Predicate = (patternId_val_read == 19)> <Delay = 0.67> <CoreInst = "ROM">   --->   Core 100 'ROM' <Latency = 1> <II = 1> <Delay = 0.67> <Storage> <Opcode : 'load'> <Ports = 0> <Width = 8> <Depth = 8> <ROM>
ST_18 : Operation 833 [1/2] ( I:0.67ns O:0.67ns )   --->   "%DPtpgBarArray_load_1 = load i4 %DPtpgBarArray_addr_1" [prj/sol/.autopilot/db/v_tpg.cpp:1790->prj/sol/.autopilot/db/v_tpg.cpp:721]   --->   Operation 833 'load' 'DPtpgBarArray_load_1' <Predicate = (patternId_val_read == 19)> <Delay = 0.67> <CoreInst = "ROM">   --->   Core 100 'ROM' <Latency = 1> <II = 1> <Delay = 0.67> <Storage> <Opcode : 'load'> <Ports = 0> <Width = 3> <Depth = 16> <ROM>
ST_18 : Operation 834 [1/1] (0.00ns)   --->   "%zext_ln1790_1 = zext i3 %DPtpgBarArray_load_1" [prj/sol/.autopilot/db/v_tpg.cpp:1790->prj/sol/.autopilot/db/v_tpg.cpp:721]   --->   Operation 834 'zext' 'zext_ln1790_1' <Predicate = (patternId_val_read == 19)> <Delay = 0.00>
ST_18 : Operation 835 [1/1] (0.00ns)   --->   "%br_ln1780 = br i1 %icmp_ln1122, void %if.else119.1.i, void %if.then52.1.i" [prj/sol/.autopilot/db/v_tpg.cpp:1780->prj/sol/.autopilot/db/v_tpg.cpp:721]   --->   Operation 835 'br' 'br_ln1780' <Predicate = (patternId_val_read == 19)> <Delay = 0.00>
ST_18 : Operation 836 [1/1] (0.00ns)   --->   "%DPtpgBarSelYuv_709_y_addr_1 = getelementptr i8 %DPtpgBarSelYuv_709_y, i64 0, i64 %zext_ln1790_1" [prj/sol/.autopilot/db/v_tpg.cpp:1809->prj/sol/.autopilot/db/v_tpg.cpp:721]   --->   Operation 836 'getelementptr' 'DPtpgBarSelYuv_709_y_addr_1' <Predicate = (patternId_val_read == 19 & !icmp_ln1122 & !icmp_ln1797)> <Delay = 0.00>
ST_18 : Operation 837 [2/2] (0.67ns)   --->   "%pix_31 = load i3 %DPtpgBarSelYuv_709_y_addr_1" [prj/sol/.autopilot/db/v_tpg.cpp:1809->prj/sol/.autopilot/db/v_tpg.cpp:721]   --->   Operation 837 'load' 'pix_31' <Predicate = (patternId_val_read == 19 & !icmp_ln1122 & !icmp_ln1797)> <Delay = 0.67> <CoreInst = "ROM">   --->   Core 100 'ROM' <Latency = 1> <II = 1> <Delay = 0.67> <Storage> <Opcode : 'load'> <Ports = 0> <Width = 8> <Depth = 8> <ROM>
ST_18 : Operation 838 [1/1] (0.00ns)   --->   "%DPtpgBarSelYuv_709_u_addr_1 = getelementptr i8 %DPtpgBarSelYuv_709_u, i64 0, i64 %zext_ln1790_1" [prj/sol/.autopilot/db/v_tpg.cpp:1812->prj/sol/.autopilot/db/v_tpg.cpp:721]   --->   Operation 838 'getelementptr' 'DPtpgBarSelYuv_709_u_addr_1' <Predicate = (patternId_val_read == 19 & !icmp_ln1122 & !icmp_ln1797 & icmp_ln1144)> <Delay = 0.00>
ST_18 : Operation 839 [2/2] (0.67ns)   --->   "%DPtpgBarSelYuv_709_u_load_1 = load i3 %DPtpgBarSelYuv_709_u_addr_1" [prj/sol/.autopilot/db/v_tpg.cpp:1812->prj/sol/.autopilot/db/v_tpg.cpp:721]   --->   Operation 839 'load' 'DPtpgBarSelYuv_709_u_load_1' <Predicate = (patternId_val_read == 19 & !icmp_ln1122 & !icmp_ln1797 & icmp_ln1144)> <Delay = 0.67> <CoreInst = "ROM">   --->   Core 100 'ROM' <Latency = 1> <II = 1> <Delay = 0.67> <Storage> <Opcode : 'load'> <Ports = 0> <Width = 8> <Depth = 8> <ROM>
ST_18 : Operation 840 [1/1] (0.00ns)   --->   "%DPtpgBarSelYuv_709_v_addr_1 = getelementptr i8 %DPtpgBarSelYuv_709_v, i64 0, i64 %zext_ln1790_1" [prj/sol/.autopilot/db/v_tpg.cpp:1813->prj/sol/.autopilot/db/v_tpg.cpp:721]   --->   Operation 840 'getelementptr' 'DPtpgBarSelYuv_709_v_addr_1' <Predicate = (patternId_val_read == 19 & !icmp_ln1122 & !icmp_ln1797)> <Delay = 0.00>
ST_18 : Operation 841 [2/2] (0.67ns)   --->   "%DPtpgBarSelYuv_709_v_load_1 = load i3 %DPtpgBarSelYuv_709_v_addr_1" [prj/sol/.autopilot/db/v_tpg.cpp:1813->prj/sol/.autopilot/db/v_tpg.cpp:721]   --->   Operation 841 'load' 'DPtpgBarSelYuv_709_v_load_1' <Predicate = (patternId_val_read == 19 & !icmp_ln1122 & !icmp_ln1797)> <Delay = 0.67> <CoreInst = "ROM">   --->   Core 100 'ROM' <Latency = 1> <II = 1> <Delay = 0.67> <Storage> <Opcode : 'load'> <Ports = 0> <Width = 8> <Depth = 8> <ROM>
ST_18 : Operation 842 [1/1] (0.00ns)   --->   "%DPtpgBarSelYuv_601_y_addr_1 = getelementptr i8 %DPtpgBarSelYuv_601_y, i64 0, i64 %zext_ln1790_1" [prj/sol/.autopilot/db/v_tpg.cpp:1799->prj/sol/.autopilot/db/v_tpg.cpp:721]   --->   Operation 842 'getelementptr' 'DPtpgBarSelYuv_601_y_addr_1' <Predicate = (patternId_val_read == 19 & !icmp_ln1122 & icmp_ln1797)> <Delay = 0.00>
ST_18 : Operation 843 [2/2] (0.67ns)   --->   "%pix_30 = load i3 %DPtpgBarSelYuv_601_y_addr_1" [prj/sol/.autopilot/db/v_tpg.cpp:1799->prj/sol/.autopilot/db/v_tpg.cpp:721]   --->   Operation 843 'load' 'pix_30' <Predicate = (patternId_val_read == 19 & !icmp_ln1122 & icmp_ln1797)> <Delay = 0.67> <CoreInst = "ROM">   --->   Core 100 'ROM' <Latency = 1> <II = 1> <Delay = 0.67> <Storage> <Opcode : 'load'> <Ports = 0> <Width = 8> <Depth = 8> <ROM>
ST_18 : Operation 844 [1/1] (0.00ns)   --->   "%DPtpgBarSelYuv_601_u_addr_1 = getelementptr i8 %DPtpgBarSelYuv_601_u, i64 0, i64 %zext_ln1790_1" [prj/sol/.autopilot/db/v_tpg.cpp:1802->prj/sol/.autopilot/db/v_tpg.cpp:721]   --->   Operation 844 'getelementptr' 'DPtpgBarSelYuv_601_u_addr_1' <Predicate = (patternId_val_read == 19 & !icmp_ln1122 & icmp_ln1797 & icmp_ln1144)> <Delay = 0.00>
ST_18 : Operation 845 [2/2] (0.67ns)   --->   "%DPtpgBarSelYuv_601_u_load_1 = load i3 %DPtpgBarSelYuv_601_u_addr_1" [prj/sol/.autopilot/db/v_tpg.cpp:1802->prj/sol/.autopilot/db/v_tpg.cpp:721]   --->   Operation 845 'load' 'DPtpgBarSelYuv_601_u_load_1' <Predicate = (patternId_val_read == 19 & !icmp_ln1122 & icmp_ln1797 & icmp_ln1144)> <Delay = 0.67> <CoreInst = "ROM">   --->   Core 100 'ROM' <Latency = 1> <II = 1> <Delay = 0.67> <Storage> <Opcode : 'load'> <Ports = 0> <Width = 8> <Depth = 8> <ROM>
ST_18 : Operation 846 [1/1] (0.00ns)   --->   "%DPtpgBarSelYuv_601_v_addr_1 = getelementptr i8 %DPtpgBarSelYuv_601_v, i64 0, i64 %zext_ln1790_1" [prj/sol/.autopilot/db/v_tpg.cpp:1803->prj/sol/.autopilot/db/v_tpg.cpp:721]   --->   Operation 846 'getelementptr' 'DPtpgBarSelYuv_601_v_addr_1' <Predicate = (patternId_val_read == 19 & !icmp_ln1122 & icmp_ln1797)> <Delay = 0.00>
ST_18 : Operation 847 [2/2] (0.67ns)   --->   "%DPtpgBarSelYuv_601_v_load_1 = load i3 %DPtpgBarSelYuv_601_v_addr_1" [prj/sol/.autopilot/db/v_tpg.cpp:1803->prj/sol/.autopilot/db/v_tpg.cpp:721]   --->   Operation 847 'load' 'DPtpgBarSelYuv_601_v_load_1' <Predicate = (patternId_val_read == 19 & !icmp_ln1122 & icmp_ln1797)> <Delay = 0.67> <CoreInst = "ROM">   --->   Core 100 'ROM' <Latency = 1> <II = 1> <Delay = 0.67> <Storage> <Opcode : 'load'> <Ports = 0> <Width = 8> <Depth = 8> <ROM>
ST_18 : Operation 848 [1/1] (0.00ns)   --->   "%DPtpgBarSelRgb_CEA_r_addr_1 = getelementptr i6 %DPtpgBarSelRgb_CEA_r, i64 0, i64 %zext_ln1790_1" [prj/sol/.autopilot/db/v_tpg.cpp:1790->prj/sol/.autopilot/db/v_tpg.cpp:721]   --->   Operation 848 'getelementptr' 'DPtpgBarSelRgb_CEA_r_addr_1' <Predicate = (patternId_val_read == 19 & icmp_ln1122 & !icmp_ln1782)> <Delay = 0.00>
ST_18 : Operation 849 [2/2] (0.67ns)   --->   "%pix_28 = load i3 %DPtpgBarSelRgb_CEA_r_addr_1" [prj/sol/.autopilot/db/v_tpg.cpp:1790->prj/sol/.autopilot/db/v_tpg.cpp:721]   --->   Operation 849 'load' 'pix_28' <Predicate = (patternId_val_read == 19 & icmp_ln1122 & !icmp_ln1782)> <Delay = 0.67> <CoreInst = "ROM">   --->   Core 100 'ROM' <Latency = 1> <II = 1> <Delay = 0.67> <Storage> <Opcode : 'load'> <Ports = 0> <Width = 6> <Depth = 8> <ROM>
ST_18 : Operation 850 [1/1] (0.00ns)   --->   "%DPtpgBarSelRgb_CEA_g_addr_1 = getelementptr i6 %DPtpgBarSelRgb_CEA_g, i64 0, i64 %zext_ln1790_1" [prj/sol/.autopilot/db/v_tpg.cpp:1791->prj/sol/.autopilot/db/v_tpg.cpp:721]   --->   Operation 850 'getelementptr' 'DPtpgBarSelRgb_CEA_g_addr_1' <Predicate = (patternId_val_read == 19 & icmp_ln1122 & !icmp_ln1782)> <Delay = 0.00>
ST_18 : Operation 851 [2/2] (0.67ns)   --->   "%pix_29 = load i3 %DPtpgBarSelRgb_CEA_g_addr_1" [prj/sol/.autopilot/db/v_tpg.cpp:1791->prj/sol/.autopilot/db/v_tpg.cpp:721]   --->   Operation 851 'load' 'pix_29' <Predicate = (patternId_val_read == 19 & icmp_ln1122 & !icmp_ln1782)> <Delay = 0.67> <CoreInst = "ROM">   --->   Core 100 'ROM' <Latency = 1> <II = 1> <Delay = 0.67> <Storage> <Opcode : 'load'> <Ports = 0> <Width = 6> <Depth = 8> <ROM>
ST_18 : Operation 852 [1/1] (0.00ns)   --->   "%DPtpgBarSelRgb_CEA_b_addr_1 = getelementptr i6 %DPtpgBarSelRgb_CEA_b, i64 0, i64 %zext_ln1790_1" [prj/sol/.autopilot/db/v_tpg.cpp:1792->prj/sol/.autopilot/db/v_tpg.cpp:721]   --->   Operation 852 'getelementptr' 'DPtpgBarSelRgb_CEA_b_addr_1' <Predicate = (patternId_val_read == 19 & icmp_ln1122 & !icmp_ln1782)> <Delay = 0.00>
ST_18 : Operation 853 [2/2] (0.67ns)   --->   "%DPtpgBarSelRgb_CEA_b_load_1 = load i3 %DPtpgBarSelRgb_CEA_b_addr_1" [prj/sol/.autopilot/db/v_tpg.cpp:1792->prj/sol/.autopilot/db/v_tpg.cpp:721]   --->   Operation 853 'load' 'DPtpgBarSelRgb_CEA_b_load_1' <Predicate = (patternId_val_read == 19 & icmp_ln1122 & !icmp_ln1782)> <Delay = 0.67> <CoreInst = "ROM">   --->   Core 100 'ROM' <Latency = 1> <II = 1> <Delay = 0.67> <Storage> <Opcode : 'load'> <Ports = 0> <Width = 6> <Depth = 8> <ROM>
ST_18 : Operation 854 [1/1] (0.00ns)   --->   "%DPtpgBarSelRgb_VESA_r_addr_1 = getelementptr i2 %DPtpgBarSelRgb_VESA_r, i64 0, i64 %zext_ln1790_1" [prj/sol/.autopilot/db/v_tpg.cpp:1784->prj/sol/.autopilot/db/v_tpg.cpp:721]   --->   Operation 854 'getelementptr' 'DPtpgBarSelRgb_VESA_r_addr_1' <Predicate = (patternId_val_read == 19 & icmp_ln1122 & icmp_ln1782)> <Delay = 0.00>
ST_18 : Operation 855 [2/2] (0.67ns)   --->   "%pix = load i3 %DPtpgBarSelRgb_VESA_r_addr_1" [prj/sol/.autopilot/db/v_tpg.cpp:1784->prj/sol/.autopilot/db/v_tpg.cpp:721]   --->   Operation 855 'load' 'pix' <Predicate = (patternId_val_read == 19 & icmp_ln1122 & icmp_ln1782)> <Delay = 0.67> <CoreInst = "ROM">   --->   Core 100 'ROM' <Latency = 1> <II = 1> <Delay = 0.67> <Storage> <Opcode : 'load'> <Ports = 0> <Width = 2> <Depth = 8> <ROM>
ST_18 : Operation 856 [1/1] (0.00ns)   --->   "%DPtpgBarSelRgb_VESA_g_addr_1 = getelementptr i2 %DPtpgBarSelRgb_VESA_g, i64 0, i64 %zext_ln1790_1" [prj/sol/.autopilot/db/v_tpg.cpp:1785->prj/sol/.autopilot/db/v_tpg.cpp:721]   --->   Operation 856 'getelementptr' 'DPtpgBarSelRgb_VESA_g_addr_1' <Predicate = (patternId_val_read == 19 & icmp_ln1122 & icmp_ln1782)> <Delay = 0.00>
ST_18 : Operation 857 [2/2] (0.67ns)   --->   "%pix_27 = load i3 %DPtpgBarSelRgb_VESA_g_addr_1" [prj/sol/.autopilot/db/v_tpg.cpp:1785->prj/sol/.autopilot/db/v_tpg.cpp:721]   --->   Operation 857 'load' 'pix_27' <Predicate = (patternId_val_read == 19 & icmp_ln1122 & icmp_ln1782)> <Delay = 0.67> <CoreInst = "ROM">   --->   Core 100 'ROM' <Latency = 1> <II = 1> <Delay = 0.67> <Storage> <Opcode : 'load'> <Ports = 0> <Width = 2> <Depth = 8> <ROM>
ST_18 : Operation 858 [1/1] (0.00ns)   --->   "%DPtpgBarSelRgb_VESA_b_addr_1 = getelementptr i2 %DPtpgBarSelRgb_VESA_b, i64 0, i64 %zext_ln1790_1" [prj/sol/.autopilot/db/v_tpg.cpp:1786->prj/sol/.autopilot/db/v_tpg.cpp:721]   --->   Operation 858 'getelementptr' 'DPtpgBarSelRgb_VESA_b_addr_1' <Predicate = (patternId_val_read == 19 & icmp_ln1122 & icmp_ln1782)> <Delay = 0.00>
ST_18 : Operation 859 [2/2] (0.67ns)   --->   "%DPtpgBarSelRgb_VESA_b_load_1 = load i3 %DPtpgBarSelRgb_VESA_b_addr_1" [prj/sol/.autopilot/db/v_tpg.cpp:1786->prj/sol/.autopilot/db/v_tpg.cpp:721]   --->   Operation 859 'load' 'DPtpgBarSelRgb_VESA_b_load_1' <Predicate = (patternId_val_read == 19 & icmp_ln1122 & icmp_ln1782)> <Delay = 0.67> <CoreInst = "ROM">   --->   Core 100 'ROM' <Latency = 1> <II = 1> <Delay = 0.67> <Storage> <Opcode : 'load'> <Ports = 0> <Width = 2> <Depth = 8> <ROM>
ST_18 : Operation 860 [1/2] ( I:0.67ns O:0.67ns )   --->   "%tpgCheckerBoardArray_load = load i5 %tpgCheckerBoardArray_addr" [prj/sol/.autopilot/db/v_tpg.cpp:1600->prj/sol/.autopilot/db/v_tpg.cpp:697]   --->   Operation 860 'load' 'tpgCheckerBoardArray_load' <Predicate = (patternId_val_read == 15)> <Delay = 0.67> <CoreInst = "ROM">   --->   Core 100 'ROM' <Latency = 1> <II = 1> <Delay = 0.67> <Storage> <Opcode : 'load'> <Ports = 0> <Width = 2> <Depth = 32> <ROM>
ST_18 : Operation 861 [1/1] (0.00ns)   --->   "%sext_ln1600 = sext i2 %tpgCheckerBoardArray_load" [prj/sol/.autopilot/db/v_tpg.cpp:1600->prj/sol/.autopilot/db/v_tpg.cpp:697]   --->   Operation 861 'sext' 'sext_ln1600' <Predicate = (patternId_val_read == 15)> <Delay = 0.00>
ST_18 : Operation 862 [1/1] (0.00ns)   --->   "%zext_ln1600_1 = zext i3 %sext_ln1600" [prj/sol/.autopilot/db/v_tpg.cpp:1600->prj/sol/.autopilot/db/v_tpg.cpp:697]   --->   Operation 862 'zext' 'zext_ln1600_1' <Predicate = (patternId_val_read == 15)> <Delay = 0.00>
ST_18 : Operation 863 [1/1] (0.00ns)   --->   "%tpgBarSelRgb_r_addr_2 = getelementptr i2 %tpgBarSelRgb_r, i64 0, i64 %zext_ln1600_1" [prj/sol/.autopilot/db/v_tpg.cpp:1600->prj/sol/.autopilot/db/v_tpg.cpp:697]   --->   Operation 863 'getelementptr' 'tpgBarSelRgb_r_addr_2' <Predicate = (patternId_val_read == 15 & icmp_ln1122)> <Delay = 0.00>
ST_18 : Operation 864 [2/2] (0.67ns)   --->   "%tpgBarSelRgb_r_load_2 = load i3 %tpgBarSelRgb_r_addr_2" [prj/sol/.autopilot/db/v_tpg.cpp:1600->prj/sol/.autopilot/db/v_tpg.cpp:697]   --->   Operation 864 'load' 'tpgBarSelRgb_r_load_2' <Predicate = (patternId_val_read == 15 & icmp_ln1122)> <Delay = 0.67> <CoreInst = "ROM">   --->   Core 100 'ROM' <Latency = 1> <II = 1> <Delay = 0.67> <Storage> <Opcode : 'load'> <Ports = 0> <Width = 2> <Depth = 8> <ROM>
ST_18 : Operation 865 [1/1] (0.00ns)   --->   "%tpgBarSelRgb_g_addr_2 = getelementptr i2 %tpgBarSelRgb_g, i64 0, i64 %zext_ln1600_1" [prj/sol/.autopilot/db/v_tpg.cpp:1604->prj/sol/.autopilot/db/v_tpg.cpp:697]   --->   Operation 865 'getelementptr' 'tpgBarSelRgb_g_addr_2' <Predicate = (patternId_val_read == 15 & icmp_ln1122)> <Delay = 0.00>
ST_18 : Operation 866 [2/2] (0.67ns)   --->   "%tpgBarSelRgb_g_load_2 = load i3 %tpgBarSelRgb_g_addr_2" [prj/sol/.autopilot/db/v_tpg.cpp:1604->prj/sol/.autopilot/db/v_tpg.cpp:697]   --->   Operation 866 'load' 'tpgBarSelRgb_g_load_2' <Predicate = (patternId_val_read == 15 & icmp_ln1122)> <Delay = 0.67> <CoreInst = "ROM">   --->   Core 100 'ROM' <Latency = 1> <II = 1> <Delay = 0.67> <Storage> <Opcode : 'load'> <Ports = 0> <Width = 2> <Depth = 8> <ROM>
ST_18 : Operation 867 [1/1] (0.00ns)   --->   "%tpgBarSelRgb_b_addr_2 = getelementptr i2 %tpgBarSelRgb_b, i64 0, i64 %zext_ln1600_1" [prj/sol/.autopilot/db/v_tpg.cpp:1611->prj/sol/.autopilot/db/v_tpg.cpp:697]   --->   Operation 867 'getelementptr' 'tpgBarSelRgb_b_addr_2' <Predicate = (patternId_val_read == 15 & icmp_ln1122)> <Delay = 0.00>
ST_18 : Operation 868 [2/2] (0.67ns)   --->   "%tpgBarSelRgb_b_load_2 = load i3 %tpgBarSelRgb_b_addr_2" [prj/sol/.autopilot/db/v_tpg.cpp:1611->prj/sol/.autopilot/db/v_tpg.cpp:697]   --->   Operation 868 'load' 'tpgBarSelRgb_b_load_2' <Predicate = (patternId_val_read == 15 & icmp_ln1122)> <Delay = 0.67> <CoreInst = "ROM">   --->   Core 100 'ROM' <Latency = 1> <II = 1> <Delay = 0.67> <Storage> <Opcode : 'load'> <Ports = 0> <Width = 2> <Depth = 8> <ROM>
ST_18 : Operation 869 [1/1] (0.00ns)   --->   "%tpgBarSelYuv_y_addr_2 = getelementptr i8 %tpgBarSelYuv_y, i64 0, i64 %zext_ln1600_1" [prj/sol/.autopilot/db/v_tpg.cpp:1601->prj/sol/.autopilot/db/v_tpg.cpp:697]   --->   Operation 869 'getelementptr' 'tpgBarSelYuv_y_addr_2' <Predicate = (patternId_val_read == 15 & !icmp_ln1122)> <Delay = 0.00>
ST_18 : Operation 870 [2/2] (0.67ns)   --->   "%tpgBarSelYuv_y_load_2 = load i3 %tpgBarSelYuv_y_addr_2" [prj/sol/.autopilot/db/v_tpg.cpp:1601->prj/sol/.autopilot/db/v_tpg.cpp:697]   --->   Operation 870 'load' 'tpgBarSelYuv_y_load_2' <Predicate = (patternId_val_read == 15 & !icmp_ln1122)> <Delay = 0.67> <CoreInst = "ROM">   --->   Core 100 'ROM' <Latency = 1> <II = 1> <Delay = 0.67> <Storage> <Opcode : 'load'> <Ports = 0> <Width = 8> <Depth = 8> <ROM>
ST_18 : Operation 871 [1/1] (0.00ns)   --->   "%tpgBarSelYuv_u_addr_2 = getelementptr i8 %tpgBarSelYuv_u, i64 0, i64 %zext_ln1600_1" [prj/sol/.autopilot/db/v_tpg.cpp:1606->prj/sol/.autopilot/db/v_tpg.cpp:697]   --->   Operation 871 'getelementptr' 'tpgBarSelYuv_u_addr_2' <Predicate = (patternId_val_read == 15 & !icmp_ln1122)> <Delay = 0.00>
ST_18 : Operation 872 [2/2] (0.67ns)   --->   "%tpgBarSelYuv_u_load_2 = load i3 %tpgBarSelYuv_u_addr_2" [prj/sol/.autopilot/db/v_tpg.cpp:1606->prj/sol/.autopilot/db/v_tpg.cpp:697]   --->   Operation 872 'load' 'tpgBarSelYuv_u_load_2' <Predicate = (patternId_val_read == 15 & !icmp_ln1122)> <Delay = 0.67> <CoreInst = "ROM">   --->   Core 100 'ROM' <Latency = 1> <II = 1> <Delay = 0.67> <Storage> <Opcode : 'load'> <Ports = 0> <Width = 8> <Depth = 8> <ROM>
ST_18 : Operation 873 [1/1] (0.00ns)   --->   "%tpgBarSelYuv_v_addr_2 = getelementptr i8 %tpgBarSelYuv_v, i64 0, i64 %zext_ln1600_1" [prj/sol/.autopilot/db/v_tpg.cpp:1612->prj/sol/.autopilot/db/v_tpg.cpp:697]   --->   Operation 873 'getelementptr' 'tpgBarSelYuv_v_addr_2' <Predicate = (patternId_val_read == 15 & !icmp_ln1122)> <Delay = 0.00>
ST_18 : Operation 874 [2/2] (0.67ns)   --->   "%tpgBarSelYuv_v_load_2 = load i3 %tpgBarSelYuv_v_addr_2" [prj/sol/.autopilot/db/v_tpg.cpp:1612->prj/sol/.autopilot/db/v_tpg.cpp:697]   --->   Operation 874 'load' 'tpgBarSelYuv_v_load_2' <Predicate = (patternId_val_read == 15 & !icmp_ln1122)> <Delay = 0.67> <CoreInst = "ROM">   --->   Core 100 'ROM' <Latency = 1> <II = 1> <Delay = 0.67> <Storage> <Opcode : 'load'> <Ports = 0> <Width = 8> <Depth = 8> <ROM>
ST_18 : Operation 875 [1/2] ( I:0.67ns O:0.67ns )   --->   "%tpgCheckerBoardArray_load_1 = load i5 %tpgCheckerBoardArray_addr_1" [prj/sol/.autopilot/db/v_tpg.cpp:1601->prj/sol/.autopilot/db/v_tpg.cpp:697]   --->   Operation 875 'load' 'tpgCheckerBoardArray_load_1' <Predicate = (patternId_val_read == 15)> <Delay = 0.67> <CoreInst = "ROM">   --->   Core 100 'ROM' <Latency = 1> <II = 1> <Delay = 0.67> <Storage> <Opcode : 'load'> <Ports = 0> <Width = 2> <Depth = 32> <ROM>
ST_18 : Operation 876 [1/1] (0.00ns)   --->   "%sext_ln1601 = sext i2 %tpgCheckerBoardArray_load_1" [prj/sol/.autopilot/db/v_tpg.cpp:1601->prj/sol/.autopilot/db/v_tpg.cpp:697]   --->   Operation 876 'sext' 'sext_ln1601' <Predicate = (patternId_val_read == 15)> <Delay = 0.00>
ST_18 : Operation 877 [1/1] (0.00ns)   --->   "%zext_ln1601_1 = zext i3 %sext_ln1601" [prj/sol/.autopilot/db/v_tpg.cpp:1601->prj/sol/.autopilot/db/v_tpg.cpp:697]   --->   Operation 877 'zext' 'zext_ln1601_1' <Predicate = (patternId_val_read == 15)> <Delay = 0.00>
ST_18 : Operation 878 [1/1] (0.00ns)   --->   "%tpgBarSelYuv_y_addr_5 = getelementptr i8 %tpgBarSelYuv_y, i64 0, i64 %zext_ln1601_1" [prj/sol/.autopilot/db/v_tpg.cpp:1601->prj/sol/.autopilot/db/v_tpg.cpp:697]   --->   Operation 878 'getelementptr' 'tpgBarSelYuv_y_addr_5' <Predicate = (patternId_val_read == 15 & !icmp_ln1122)> <Delay = 0.00>
ST_18 : Operation 879 [2/2] (0.67ns)   --->   "%tpgBarSelYuv_y_load_5 = load i3 %tpgBarSelYuv_y_addr_5" [prj/sol/.autopilot/db/v_tpg.cpp:1601->prj/sol/.autopilot/db/v_tpg.cpp:697]   --->   Operation 879 'load' 'tpgBarSelYuv_y_load_5' <Predicate = (patternId_val_read == 15 & !icmp_ln1122)> <Delay = 0.67> <CoreInst = "ROM">   --->   Core 100 'ROM' <Latency = 1> <II = 1> <Delay = 0.67> <Storage> <Opcode : 'load'> <Ports = 0> <Width = 8> <Depth = 8> <ROM>
ST_18 : Operation 880 [1/1] (0.00ns)   --->   "%tpgBarSelYuv_u_addr_5 = getelementptr i8 %tpgBarSelYuv_u, i64 0, i64 %zext_ln1601_1" [prj/sol/.autopilot/db/v_tpg.cpp:1606->prj/sol/.autopilot/db/v_tpg.cpp:697]   --->   Operation 880 'getelementptr' 'tpgBarSelYuv_u_addr_5' <Predicate = (patternId_val_read == 15 & !icmp_ln1122 & icmp_ln1144)> <Delay = 0.00>
ST_18 : Operation 881 [2/2] (0.67ns)   --->   "%tpgBarSelYuv_u_load_5 = load i3 %tpgBarSelYuv_u_addr_5" [prj/sol/.autopilot/db/v_tpg.cpp:1606->prj/sol/.autopilot/db/v_tpg.cpp:697]   --->   Operation 881 'load' 'tpgBarSelYuv_u_load_5' <Predicate = (patternId_val_read == 15 & !icmp_ln1122 & icmp_ln1144)> <Delay = 0.67> <CoreInst = "ROM">   --->   Core 100 'ROM' <Latency = 1> <II = 1> <Delay = 0.67> <Storage> <Opcode : 'load'> <Ports = 0> <Width = 8> <Depth = 8> <ROM>
ST_18 : Operation 882 [1/1] (0.00ns)   --->   "%tpgBarSelYuv_v_addr_5 = getelementptr i8 %tpgBarSelYuv_v, i64 0, i64 %zext_ln1601_1" [prj/sol/.autopilot/db/v_tpg.cpp:1607->prj/sol/.autopilot/db/v_tpg.cpp:697]   --->   Operation 882 'getelementptr' 'tpgBarSelYuv_v_addr_5' <Predicate = (patternId_val_read == 15 & !icmp_ln1122)> <Delay = 0.00>
ST_18 : Operation 883 [2/2] (0.67ns)   --->   "%tpgBarSelYuv_v_load_5 = load i3 %tpgBarSelYuv_v_addr_5" [prj/sol/.autopilot/db/v_tpg.cpp:1607->prj/sol/.autopilot/db/v_tpg.cpp:697]   --->   Operation 883 'load' 'tpgBarSelYuv_v_load_5' <Predicate = (patternId_val_read == 15 & !icmp_ln1122)> <Delay = 0.67> <CoreInst = "ROM">   --->   Core 100 'ROM' <Latency = 1> <II = 1> <Delay = 0.67> <Storage> <Opcode : 'load'> <Ports = 0> <Width = 8> <Depth = 8> <ROM>
ST_18 : Operation 884 [1/1] (0.00ns)   --->   "%tpgBarSelRgb_r_addr_5 = getelementptr i2 %tpgBarSelRgb_r, i64 0, i64 %zext_ln1601_1" [prj/sol/.autopilot/db/v_tpg.cpp:1600->prj/sol/.autopilot/db/v_tpg.cpp:697]   --->   Operation 884 'getelementptr' 'tpgBarSelRgb_r_addr_5' <Predicate = (patternId_val_read == 15 & icmp_ln1122)> <Delay = 0.00>
ST_18 : Operation 885 [2/2] (0.67ns)   --->   "%tpgBarSelRgb_r_load_5 = load i3 %tpgBarSelRgb_r_addr_5" [prj/sol/.autopilot/db/v_tpg.cpp:1600->prj/sol/.autopilot/db/v_tpg.cpp:697]   --->   Operation 885 'load' 'tpgBarSelRgb_r_load_5' <Predicate = (patternId_val_read == 15 & icmp_ln1122)> <Delay = 0.67> <CoreInst = "ROM">   --->   Core 100 'ROM' <Latency = 1> <II = 1> <Delay = 0.67> <Storage> <Opcode : 'load'> <Ports = 0> <Width = 2> <Depth = 8> <ROM>
ST_18 : Operation 886 [1/1] (0.00ns)   --->   "%tpgBarSelRgb_g_addr_5 = getelementptr i2 %tpgBarSelRgb_g, i64 0, i64 %zext_ln1601_1" [prj/sol/.autopilot/db/v_tpg.cpp:1604->prj/sol/.autopilot/db/v_tpg.cpp:697]   --->   Operation 886 'getelementptr' 'tpgBarSelRgb_g_addr_5' <Predicate = (patternId_val_read == 15 & icmp_ln1122)> <Delay = 0.00>
ST_18 : Operation 887 [2/2] (0.67ns)   --->   "%tpgBarSelRgb_g_load_5 = load i3 %tpgBarSelRgb_g_addr_5" [prj/sol/.autopilot/db/v_tpg.cpp:1604->prj/sol/.autopilot/db/v_tpg.cpp:697]   --->   Operation 887 'load' 'tpgBarSelRgb_g_load_5' <Predicate = (patternId_val_read == 15 & icmp_ln1122)> <Delay = 0.67> <CoreInst = "ROM">   --->   Core 100 'ROM' <Latency = 1> <II = 1> <Delay = 0.67> <Storage> <Opcode : 'load'> <Ports = 0> <Width = 2> <Depth = 8> <ROM>
ST_18 : Operation 888 [1/1] (0.00ns)   --->   "%tpgBarSelRgb_b_addr_5 = getelementptr i2 %tpgBarSelRgb_b, i64 0, i64 %zext_ln1601_1" [prj/sol/.autopilot/db/v_tpg.cpp:1611->prj/sol/.autopilot/db/v_tpg.cpp:697]   --->   Operation 888 'getelementptr' 'tpgBarSelRgb_b_addr_5' <Predicate = (patternId_val_read == 15 & icmp_ln1122)> <Delay = 0.00>
ST_18 : Operation 889 [2/2] (0.67ns)   --->   "%tpgBarSelRgb_b_load_5 = load i3 %tpgBarSelRgb_b_addr_5" [prj/sol/.autopilot/db/v_tpg.cpp:1611->prj/sol/.autopilot/db/v_tpg.cpp:697]   --->   Operation 889 'load' 'tpgBarSelRgb_b_load_5' <Predicate = (patternId_val_read == 15 & icmp_ln1122)> <Delay = 0.67> <CoreInst = "ROM">   --->   Core 100 'ROM' <Latency = 1> <II = 1> <Delay = 0.67> <Storage> <Opcode : 'load'> <Ports = 0> <Width = 2> <Depth = 8> <ROM>
ST_18 : Operation 890 [2/3] (0.99ns) (grouped into DSP with root node add_ln1302_2)   --->   "%mul_ln1302 = mul i13 %zext_ln1302_3, i13 29" [prj/sol/.autopilot/db/v_tpg.cpp:1302->prj/sol/.autopilot/db/v_tpg.cpp:681]   --->   Operation 890 'mul' 'mul_ln1302' <Predicate = (patternId_val_read == 13 & !icmp_ln1122)> <Delay = 0.99> <CoreInst = "DSP48">   --->   Core 124 'DSP48' <Latency = 3> <II = 1> <Delay = 0.53> <IPBlock> <Opcode : 'add' 'sub' 'mul' 'select'> <InPorts = 0> <OutPorts = 1> <Sync> <CReg>
ST_18 : Operation 891 [1/3] (0.00ns) (grouped into DSP with root node add_ln1302_1)   --->   "%mul_ln1302_2 = mul i16 %zext_ln1302_1, i16 150" [prj/sol/.autopilot/db/v_tpg.cpp:1302->prj/sol/.autopilot/db/v_tpg.cpp:681]   --->   Operation 891 'mul' 'mul_ln1302_2' <Predicate = (patternId_val_read == 13 & !icmp_ln1122)> <Delay = 0.00> <CoreInst = "DSP48">   --->   Core 124 'DSP48' <Latency = 3> <II = 1> <Delay = 0.53> <IPBlock> <Opcode : 'add' 'sub' 'mul' 'select'> <InPorts = 0> <OutPorts = 1> <Sync> <CReg>
ST_18 : Operation 892 [1/2] (0.64ns) (root node of the DSP)   --->   "%add_ln1302 = add i15 %mul_ln1302_1, i15 4224" [prj/sol/.autopilot/db/v_tpg.cpp:1302->prj/sol/.autopilot/db/v_tpg.cpp:681]   --->   Operation 892 'add' 'add_ln1302' <Predicate = (patternId_val_read == 13 & !icmp_ln1122)> <Delay = 0.64> <CoreInst = "DSP48">   --->   Core 124 'DSP48' <Latency = 3> <II = 1> <Delay = 0.53> <IPBlock> <Opcode : 'add' 'sub' 'mul' 'select'> <InPorts = 0> <OutPorts = 1> <Sync> <CReg>
ST_18 : Operation 893 [1/1] (0.00ns)   --->   "%zext_ln1302_5 = zext i15 %add_ln1302" [prj/sol/.autopilot/db/v_tpg.cpp:1302->prj/sol/.autopilot/db/v_tpg.cpp:681]   --->   Operation 893 'zext' 'zext_ln1302_5' <Predicate = (patternId_val_read == 13 & !icmp_ln1122)> <Delay = 0.00>
ST_18 : Operation 894 [2/2] (0.64ns) (root node of the DSP)   --->   "%add_ln1302_1 = add i16 %mul_ln1302_2, i16 %zext_ln1302_5" [prj/sol/.autopilot/db/v_tpg.cpp:1302->prj/sol/.autopilot/db/v_tpg.cpp:681]   --->   Operation 894 'add' 'add_ln1302_1' <Predicate = (patternId_val_read == 13 & !icmp_ln1122)> <Delay = 0.64> <CoreInst = "DSP48">   --->   Core 124 'DSP48' <Latency = 3> <II = 1> <Delay = 0.53> <IPBlock> <Opcode : 'add' 'sub' 'mul' 'select'> <InPorts = 0> <OutPorts = 1> <Sync> <CReg>
ST_18 : Operation 895 [1/3] (0.00ns) (grouped into DSP with root node add_ln1303_1)   --->   "%mul65_i_neg = mul i16 %zext_ln1302_1, i16 65451" [prj/sol/.autopilot/db/v_tpg.cpp:1302->prj/sol/.autopilot/db/v_tpg.cpp:681]   --->   Operation 895 'mul' 'mul65_i_neg' <Predicate = (patternId_val_read == 13 & !icmp_ln1122)> <Delay = 0.00> <CoreInst = "DSP48">   --->   Core 124 'DSP48' <Latency = 3> <II = 1> <Delay = 0.53> <IPBlock> <Opcode : 'add' 'sub' 'mul' 'select'> <InPorts = 0> <OutPorts = 1> <Sync> <CReg>
ST_18 : Operation 896 [1/2] (0.64ns) (root node of the DSP)   --->   "%add_ln1303 = add i16 %mul_ln1303_cast, i16 32896" [prj/sol/.autopilot/db/v_tpg.cpp:1303->prj/sol/.autopilot/db/v_tpg.cpp:681]   --->   Operation 896 'add' 'add_ln1303' <Predicate = (patternId_val_read == 13 & !icmp_ln1122)> <Delay = 0.64> <CoreInst = "DSP48">   --->   Core 124 'DSP48' <Latency = 3> <II = 1> <Delay = 0.53> <IPBlock> <Opcode : 'add' 'sub' 'mul' 'select'> <InPorts = 0> <OutPorts = 1> <Sync> <CReg>
ST_18 : Operation 897 [2/2] (0.64ns) (root node of the DSP)   --->   "%add_ln1303_1 = add i16 %add_ln1303, i16 %mul65_i_neg" [prj/sol/.autopilot/db/v_tpg.cpp:1303->prj/sol/.autopilot/db/v_tpg.cpp:681]   --->   Operation 897 'add' 'add_ln1303_1' <Predicate = (patternId_val_read == 13 & !icmp_ln1122)> <Delay = 0.64> <CoreInst = "DSP48">   --->   Core 124 'DSP48' <Latency = 3> <II = 1> <Delay = 0.53> <IPBlock> <Opcode : 'add' 'sub' 'mul' 'select'> <InPorts = 0> <OutPorts = 1> <Sync> <CReg>
ST_18 : Operation 898 [1/2] (0.64ns) (root node of the DSP)   --->   "%add_ln1304 = add i16 %mul74_i_neg, i16 32896" [prj/sol/.autopilot/db/v_tpg.cpp:1304->prj/sol/.autopilot/db/v_tpg.cpp:681]   --->   Operation 898 'add' 'add_ln1304' <Predicate = (patternId_val_read == 13 & !icmp_ln1122)> <Delay = 0.64> <CoreInst = "DSP48">   --->   Core 124 'DSP48' <Latency = 3> <II = 1> <Delay = 0.53> <IPBlock> <Opcode : 'add' 'sub' 'mul' 'select'> <InPorts = 0> <OutPorts = 1> <Sync> <CReg>
ST_18 : Operation 899 [1/1] (0.00ns)   --->   "%zext_ln1304 = zext i16 %add_ln1304" [prj/sol/.autopilot/db/v_tpg.cpp:1304->prj/sol/.autopilot/db/v_tpg.cpp:681]   --->   Operation 899 'zext' 'zext_ln1304' <Predicate = (patternId_val_read == 13 & !icmp_ln1122)> <Delay = 0.00>
ST_18 : Operation 900 [1/2] (0.64ns) (root node of the DSP)   --->   "%add_ln1304_1 = add i16 %shl_ln1304_cast38, i16 %sext_ln1304" [prj/sol/.autopilot/db/v_tpg.cpp:1304->prj/sol/.autopilot/db/v_tpg.cpp:681]   --->   Operation 900 'add' 'add_ln1304_1' <Predicate = (patternId_val_read == 13 & !icmp_ln1122)> <Delay = 0.64> <CoreInst = "DSP48">   --->   Core 124 'DSP48' <Latency = 3> <II = 1> <Delay = 0.53> <IPBlock> <Opcode : 'add' 'sub' 'mul' 'select'> <InPorts = 0> <OutPorts = 1> <Sync> <CReg>
ST_18 : Operation 901 [1/1] (0.00ns)   --->   "%sext_ln1304_1 = sext i16 %add_ln1304_1" [prj/sol/.autopilot/db/v_tpg.cpp:1304->prj/sol/.autopilot/db/v_tpg.cpp:681]   --->   Operation 901 'sext' 'sext_ln1304_1' <Predicate = (patternId_val_read == 13 & !icmp_ln1122)> <Delay = 0.00>
ST_18 : Operation 902 [1/1] (0.85ns)   --->   "%add_ln1304_6 = add i16 %add_ln1304_1, i16 %add_ln1304" [prj/sol/.autopilot/db/v_tpg.cpp:1304->prj/sol/.autopilot/db/v_tpg.cpp:681]   --->   Operation 902 'add' 'add_ln1304_6' <Predicate = (patternId_val_read == 13 & !icmp_ln1122)> <Delay = 0.85> <CoreInst = "Adder">   --->   Core 1 'Adder' <Latency = 0> <II = 1> <Delay = 0.85> <FuncUnit> <Opcode : 'add' 'sub'> <InPorts = 2> <OutPorts = 1>
ST_18 : Operation 903 [1/1] (0.85ns)   --->   "%add_ln1304_2 = add i17 %sext_ln1304_1, i17 %zext_ln1304" [prj/sol/.autopilot/db/v_tpg.cpp:1304->prj/sol/.autopilot/db/v_tpg.cpp:681]   --->   Operation 903 'add' 'add_ln1304_2' <Predicate = (patternId_val_read == 13 & !icmp_ln1122)> <Delay = 0.85> <CoreInst = "Adder">   --->   Core 1 'Adder' <Latency = 0> <II = 1> <Delay = 0.85> <FuncUnit> <Opcode : 'add' 'sub'> <InPorts = 2> <OutPorts = 1>
ST_18 : Operation 904 [1/1] (0.00ns) (grouped into LUT with out node pix_34)   --->   "%tmp_39 = bitselect i1 @_ssdm_op_BitSelect.i1.i17.i32, i17 %add_ln1304_2, i32 16" [prj/sol/.autopilot/db/v_tpg.cpp:1307->prj/sol/.autopilot/db/v_tpg.cpp:681]   --->   Operation 904 'bitselect' 'tmp_39' <Predicate = (patternId_val_read == 13 & !icmp_ln1122)> <Delay = 0.00>
ST_18 : Operation 905 [1/1] (0.00ns) (grouped into LUT with out node pix_34)   --->   "%trunc_ln2 = partselect i8 @_ssdm_op_PartSelect.i8.i16.i32.i32, i16 %add_ln1304_6, i32 8, i32 15" [prj/sol/.autopilot/db/v_tpg.cpp:1307->prj/sol/.autopilot/db/v_tpg.cpp:681]   --->   Operation 905 'partselect' 'trunc_ln2' <Predicate = (patternId_val_read == 13 & !icmp_ln1122)> <Delay = 0.00>
ST_18 : Operation 906 [1/1] (0.00ns) (grouped into LUT with out node pix_34)   --->   "%b_1 = select i1 %tmp_39, i8 255, i8 %trunc_ln2" [prj/sol/.autopilot/db/v_tpg.cpp:1307->prj/sol/.autopilot/db/v_tpg.cpp:681]   --->   Operation 906 'select' 'b_1' <Predicate = (patternId_val_read == 13 & !icmp_ln1122)> <Delay = 0.00> <CoreInst = "Sel">   --->   Core 73 'Sel' <Latency = 0> <II = 1> <Delay = 0.38> <FuncUnit> <Opcode : 'select'> <InPorts = 3> <OutPorts = 1>
ST_18 : Operation 907 [2/3] (0.99ns) (grouped into DSP with root node add_ln1302_5)   --->   "%mul_ln1302_3 = mul i13 %zext_ln1302_10, i13 29" [prj/sol/.autopilot/db/v_tpg.cpp:1302->prj/sol/.autopilot/db/v_tpg.cpp:681]   --->   Operation 907 'mul' 'mul_ln1302_3' <Predicate = (patternId_val_read == 13 & !icmp_ln1122)> <Delay = 0.99> <CoreInst = "DSP48">   --->   Core 124 'DSP48' <Latency = 3> <II = 1> <Delay = 0.53> <IPBlock> <Opcode : 'add' 'sub' 'mul' 'select'> <InPorts = 0> <OutPorts = 1> <Sync> <CReg>
ST_18 : Operation 908 [1/3] (0.00ns) (grouped into DSP with root node add_ln1302_4)   --->   "%mul_ln1302_5 = mul i16 %zext_ln1302_8, i16 150" [prj/sol/.autopilot/db/v_tpg.cpp:1302->prj/sol/.autopilot/db/v_tpg.cpp:681]   --->   Operation 908 'mul' 'mul_ln1302_5' <Predicate = (patternId_val_read == 13 & !icmp_ln1122)> <Delay = 0.00> <CoreInst = "DSP48">   --->   Core 124 'DSP48' <Latency = 3> <II = 1> <Delay = 0.53> <IPBlock> <Opcode : 'add' 'sub' 'mul' 'select'> <InPorts = 0> <OutPorts = 1> <Sync> <CReg>
ST_18 : Operation 909 [1/2] (0.64ns) (root node of the DSP)   --->   "%add_ln1302_3 = add i15 %mul_ln1302_4, i15 4224" [prj/sol/.autopilot/db/v_tpg.cpp:1302->prj/sol/.autopilot/db/v_tpg.cpp:681]   --->   Operation 909 'add' 'add_ln1302_3' <Predicate = (patternId_val_read == 13 & !icmp_ln1122)> <Delay = 0.64> <CoreInst = "DSP48">   --->   Core 124 'DSP48' <Latency = 3> <II = 1> <Delay = 0.53> <IPBlock> <Opcode : 'add' 'sub' 'mul' 'select'> <InPorts = 0> <OutPorts = 1> <Sync> <CReg>
ST_18 : Operation 910 [1/1] (0.00ns)   --->   "%zext_ln1302_12 = zext i15 %add_ln1302_3" [prj/sol/.autopilot/db/v_tpg.cpp:1302->prj/sol/.autopilot/db/v_tpg.cpp:681]   --->   Operation 910 'zext' 'zext_ln1302_12' <Predicate = (patternId_val_read == 13 & !icmp_ln1122)> <Delay = 0.00>
ST_18 : Operation 911 [2/2] (0.64ns) (root node of the DSP)   --->   "%add_ln1302_4 = add i16 %mul_ln1302_5, i16 %zext_ln1302_12" [prj/sol/.autopilot/db/v_tpg.cpp:1302->prj/sol/.autopilot/db/v_tpg.cpp:681]   --->   Operation 911 'add' 'add_ln1302_4' <Predicate = (patternId_val_read == 13 & !icmp_ln1122)> <Delay = 0.64> <CoreInst = "DSP48">   --->   Core 124 'DSP48' <Latency = 3> <II = 1> <Delay = 0.53> <IPBlock> <Opcode : 'add' 'sub' 'mul' 'select'> <InPorts = 0> <OutPorts = 1> <Sync> <CReg>
ST_18 : Operation 912 [1/3] (0.00ns) (grouped into DSP with root node add_ln1303_4)   --->   "%mul65_1_i_neg = mul i16 %zext_ln1302_8, i16 65451" [prj/sol/.autopilot/db/v_tpg.cpp:1302->prj/sol/.autopilot/db/v_tpg.cpp:681]   --->   Operation 912 'mul' 'mul65_1_i_neg' <Predicate = (patternId_val_read == 13 & !icmp_ln1122 & icmp_ln1144)> <Delay = 0.00> <CoreInst = "DSP48">   --->   Core 124 'DSP48' <Latency = 3> <II = 1> <Delay = 0.53> <IPBlock> <Opcode : 'add' 'sub' 'mul' 'select'> <InPorts = 0> <OutPorts = 1> <Sync> <CReg>
ST_18 : Operation 913 [1/2] (0.64ns) (root node of the DSP)   --->   "%add_ln1303_3 = add i16 %mul_ln1303_1_cast, i16 32896" [prj/sol/.autopilot/db/v_tpg.cpp:1303->prj/sol/.autopilot/db/v_tpg.cpp:681]   --->   Operation 913 'add' 'add_ln1303_3' <Predicate = (patternId_val_read == 13 & !icmp_ln1122 & icmp_ln1144)> <Delay = 0.64> <CoreInst = "DSP48">   --->   Core 124 'DSP48' <Latency = 3> <II = 1> <Delay = 0.53> <IPBlock> <Opcode : 'add' 'sub' 'mul' 'select'> <InPorts = 0> <OutPorts = 1> <Sync> <CReg>
ST_18 : Operation 914 [2/2] (0.64ns) (root node of the DSP)   --->   "%add_ln1303_4 = add i16 %add_ln1303_3, i16 %mul65_1_i_neg" [prj/sol/.autopilot/db/v_tpg.cpp:1303->prj/sol/.autopilot/db/v_tpg.cpp:681]   --->   Operation 914 'add' 'add_ln1303_4' <Predicate = (patternId_val_read == 13 & !icmp_ln1122 & icmp_ln1144)> <Delay = 0.64> <CoreInst = "DSP48">   --->   Core 124 'DSP48' <Latency = 3> <II = 1> <Delay = 0.53> <IPBlock> <Opcode : 'add' 'sub' 'mul' 'select'> <InPorts = 0> <OutPorts = 1> <Sync> <CReg>
ST_18 : Operation 915 [1/2] (0.64ns) (root node of the DSP)   --->   "%add_ln1304_3 = add i16 %mul74_1_i_neg, i16 32896" [prj/sol/.autopilot/db/v_tpg.cpp:1304->prj/sol/.autopilot/db/v_tpg.cpp:681]   --->   Operation 915 'add' 'add_ln1304_3' <Predicate = (patternId_val_read == 13 & !icmp_ln1122)> <Delay = 0.64> <CoreInst = "DSP48">   --->   Core 124 'DSP48' <Latency = 3> <II = 1> <Delay = 0.53> <IPBlock> <Opcode : 'add' 'sub' 'mul' 'select'> <InPorts = 0> <OutPorts = 1> <Sync> <CReg>
ST_18 : Operation 916 [1/1] (0.00ns)   --->   "%zext_ln1304_1 = zext i16 %add_ln1304_3" [prj/sol/.autopilot/db/v_tpg.cpp:1304->prj/sol/.autopilot/db/v_tpg.cpp:681]   --->   Operation 916 'zext' 'zext_ln1304_1' <Predicate = (patternId_val_read == 13 & !icmp_ln1122)> <Delay = 0.00>
ST_18 : Operation 917 [1/2] (0.64ns) (root node of the DSP)   --->   "%add_ln1304_4 = add i16 %shl_ln1304_1_cast41, i16 %sext_ln1304_2" [prj/sol/.autopilot/db/v_tpg.cpp:1304->prj/sol/.autopilot/db/v_tpg.cpp:681]   --->   Operation 917 'add' 'add_ln1304_4' <Predicate = (patternId_val_read == 13 & !icmp_ln1122)> <Delay = 0.64> <CoreInst = "DSP48">   --->   Core 124 'DSP48' <Latency = 3> <II = 1> <Delay = 0.53> <IPBlock> <Opcode : 'add' 'sub' 'mul' 'select'> <InPorts = 0> <OutPorts = 1> <Sync> <CReg>
ST_18 : Operation 918 [1/1] (0.00ns)   --->   "%sext_ln1304_3 = sext i16 %add_ln1304_4" [prj/sol/.autopilot/db/v_tpg.cpp:1304->prj/sol/.autopilot/db/v_tpg.cpp:681]   --->   Operation 918 'sext' 'sext_ln1304_3' <Predicate = (patternId_val_read == 13 & !icmp_ln1122)> <Delay = 0.00>
ST_18 : Operation 919 [1/1] (0.85ns)   --->   "%add_ln1304_7 = add i16 %add_ln1304_4, i16 %add_ln1304_3" [prj/sol/.autopilot/db/v_tpg.cpp:1304->prj/sol/.autopilot/db/v_tpg.cpp:681]   --->   Operation 919 'add' 'add_ln1304_7' <Predicate = (patternId_val_read == 13 & !icmp_ln1122)> <Delay = 0.85> <CoreInst = "Adder">   --->   Core 1 'Adder' <Latency = 0> <II = 1> <Delay = 0.85> <FuncUnit> <Opcode : 'add' 'sub'> <InPorts = 2> <OutPorts = 1>
ST_18 : Operation 920 [1/1] (0.85ns)   --->   "%add_ln1304_5 = add i17 %sext_ln1304_3, i17 %zext_ln1304_1" [prj/sol/.autopilot/db/v_tpg.cpp:1304->prj/sol/.autopilot/db/v_tpg.cpp:681]   --->   Operation 920 'add' 'add_ln1304_5' <Predicate = (patternId_val_read == 13 & !icmp_ln1122)> <Delay = 0.85> <CoreInst = "Adder">   --->   Core 1 'Adder' <Latency = 0> <II = 1> <Delay = 0.85> <FuncUnit> <Opcode : 'add' 'sub'> <InPorts = 2> <OutPorts = 1>
ST_18 : Operation 921 [1/1] (0.00ns) (grouped into LUT with out node b_6)   --->   "%tmp_42 = bitselect i1 @_ssdm_op_BitSelect.i1.i17.i32, i17 %add_ln1304_5, i32 16" [prj/sol/.autopilot/db/v_tpg.cpp:1307->prj/sol/.autopilot/db/v_tpg.cpp:681]   --->   Operation 921 'bitselect' 'tmp_42' <Predicate = (patternId_val_read == 13 & !icmp_ln1122)> <Delay = 0.00>
ST_18 : Operation 922 [1/1] (0.00ns) (grouped into LUT with out node b_6)   --->   "%trunc_ln1307_1 = partselect i8 @_ssdm_op_PartSelect.i8.i16.i32.i32, i16 %add_ln1304_7, i32 8, i32 15" [prj/sol/.autopilot/db/v_tpg.cpp:1307->prj/sol/.autopilot/db/v_tpg.cpp:681]   --->   Operation 922 'partselect' 'trunc_ln1307_1' <Predicate = (patternId_val_read == 13 & !icmp_ln1122)> <Delay = 0.00>
ST_18 : Operation 923 [1/1] (0.00ns) (grouped into LUT with out node b_6)   --->   "%b_3 = select i1 %tmp_42, i8 255, i8 %trunc_ln1307_1" [prj/sol/.autopilot/db/v_tpg.cpp:1307->prj/sol/.autopilot/db/v_tpg.cpp:681]   --->   Operation 923 'select' 'b_3' <Predicate = (patternId_val_read == 13 & !icmp_ln1122)> <Delay = 0.00> <CoreInst = "Sel">   --->   Core 73 'Sel' <Latency = 0> <II = 1> <Delay = 0.38> <FuncUnit> <Opcode : 'select'> <InPorts = 3> <OutPorts = 1>
ST_18 : Operation 924 [1/1] (0.38ns) (out node of the LUT)   --->   "%pix_34 = select i1 %icmp_ln1122, i8 %b, i8 %b_1" [prj/sol/.autopilot/db/v_tpg.cpp:1122->prj/sol/.autopilot/db/v_tpg.cpp:601]   --->   Operation 924 'select' 'pix_34' <Predicate = (patternId_val_read == 13)> <Delay = 0.38> <CoreInst = "Sel">   --->   Core 73 'Sel' <Latency = 0> <II = 1> <Delay = 0.38> <FuncUnit> <Opcode : 'select'> <InPorts = 3> <OutPorts = 1>
ST_18 : Operation 925 [1/1] (0.38ns) (out node of the LUT)   --->   "%b_6 = select i1 %icmp_ln1122, i8 %b_2, i8 %b_3" [prj/sol/.autopilot/db/v_tpg.cpp:1122->prj/sol/.autopilot/db/v_tpg.cpp:601]   --->   Operation 925 'select' 'b_6' <Predicate = (patternId_val_read == 13)> <Delay = 0.38> <CoreInst = "Sel">   --->   Core 73 'Sel' <Latency = 0> <II = 1> <Delay = 0.38> <FuncUnit> <Opcode : 'select'> <InPorts = 3> <OutPorts = 1>
ST_18 : Operation 926 [1/1] (0.42ns)   --->   "%store_ln1462 = store i1 0, i1 %vHatch" [prj/sol/.autopilot/db/v_tpg.cpp:1462->prj/sol/.autopilot/db/v_tpg.cpp:673]   --->   Operation 926 'store' 'store_ln1462' <Predicate = (patternId_val_read == 12 & icmp_ln1072 & !icmp_ln1449 & !and_ln1449 & !and_ln1454)> <Delay = 0.42>
ST_18 : Operation 927 [1/1] (0.00ns)   --->   "%br_ln1463 = br void %if.end.i71" [prj/sol/.autopilot/db/v_tpg.cpp:1463->prj/sol/.autopilot/db/v_tpg.cpp:673]   --->   Operation 927 'br' 'br_ln1463' <Predicate = (patternId_val_read == 12 & icmp_ln1072 & !icmp_ln1449 & !and_ln1449 & !and_ln1454)> <Delay = 0.00>
ST_18 : Operation 928 [1/1] (0.42ns)   --->   "%store_ln1457 = store i1 1, i1 %vHatch" [prj/sol/.autopilot/db/v_tpg.cpp:1457->prj/sol/.autopilot/db/v_tpg.cpp:673]   --->   Operation 928 'store' 'store_ln1457' <Predicate = (patternId_val_read == 12 & !icmp_ln1449 & !and_ln1449 & and_ln1454) | (patternId_val_read == 12 & !icmp_ln1072 & icmp_ln1449 & and_ln1454)> <Delay = 0.42>
ST_18 : Operation 929 [1/1] (0.00ns)   --->   "%br_ln1458 = br void %if.end23.i" [prj/sol/.autopilot/db/v_tpg.cpp:1458->prj/sol/.autopilot/db/v_tpg.cpp:673]   --->   Operation 929 'br' 'br_ln1458' <Predicate = (patternId_val_read == 12 & !icmp_ln1449 & !and_ln1449 & and_ln1454) | (patternId_val_read == 12 & !icmp_ln1072 & icmp_ln1449 & and_ln1454)> <Delay = 0.00>
ST_18 : Operation 930 [1/1] (0.42ns)   --->   "%store_ln1452 = store i1 1, i1 %vHatch" [prj/sol/.autopilot/db/v_tpg.cpp:1452->prj/sol/.autopilot/db/v_tpg.cpp:673]   --->   Operation 930 'store' 'store_ln1452' <Predicate = (patternId_val_read == 12 & !icmp_ln1449 & and_ln1449) | (patternId_val_read == 12 & icmp_ln1072 & icmp_ln1449)> <Delay = 0.42>
ST_18 : Operation 931 [1/1] (0.00ns)   --->   "%br_ln1453 = br void %VITIS_LOOP_1465_1.i" [prj/sol/.autopilot/db/v_tpg.cpp:1453->prj/sol/.autopilot/db/v_tpg.cpp:673]   --->   Operation 931 'br' 'br_ln1453' <Predicate = (patternId_val_read == 12 & !icmp_ln1449 & and_ln1449) | (patternId_val_read == 12 & icmp_ln1072 & icmp_ln1449)> <Delay = 0.00>
ST_18 : Operation 932 [1/2] ( I:0.67ns O:0.67ns )   --->   "%tpgTartanBarArray_load = load i6 %tpgTartanBarArray_addr" [prj/sol/.autopilot/db/v_tpg.cpp:1419->prj/sol/.autopilot/db/v_tpg.cpp:665]   --->   Operation 932 'load' 'tpgTartanBarArray_load' <Predicate = (patternId_val_read == 11)> <Delay = 0.67> <CoreInst = "ROM">   --->   Core 100 'ROM' <Latency = 1> <II = 1> <Delay = 0.67> <Storage> <Opcode : 'load'> <Ports = 0> <Width = 3> <Depth = 64> <ROM>
ST_18 : Operation 933 [1/1] (0.00ns)   --->   "%zext_ln1419_1 = zext i3 %tpgTartanBarArray_load" [prj/sol/.autopilot/db/v_tpg.cpp:1419->prj/sol/.autopilot/db/v_tpg.cpp:665]   --->   Operation 933 'zext' 'zext_ln1419_1' <Predicate = (patternId_val_read == 11)> <Delay = 0.00>
ST_18 : Operation 934 [1/1] (0.00ns)   --->   "%tpgBarSelRgb_r_addr_1 = getelementptr i2 %tpgBarSelRgb_r, i64 0, i64 %zext_ln1419_1" [prj/sol/.autopilot/db/v_tpg.cpp:1419->prj/sol/.autopilot/db/v_tpg.cpp:665]   --->   Operation 934 'getelementptr' 'tpgBarSelRgb_r_addr_1' <Predicate = (patternId_val_read == 11 & icmp_ln1122)> <Delay = 0.00>
ST_18 : Operation 935 [2/2] (0.67ns)   --->   "%tpgBarSelRgb_r_load_1 = load i3 %tpgBarSelRgb_r_addr_1" [prj/sol/.autopilot/db/v_tpg.cpp:1419->prj/sol/.autopilot/db/v_tpg.cpp:665]   --->   Operation 935 'load' 'tpgBarSelRgb_r_load_1' <Predicate = (patternId_val_read == 11 & icmp_ln1122)> <Delay = 0.67> <CoreInst = "ROM">   --->   Core 100 'ROM' <Latency = 1> <II = 1> <Delay = 0.67> <Storage> <Opcode : 'load'> <Ports = 0> <Width = 2> <Depth = 8> <ROM>
ST_18 : Operation 936 [1/1] (0.00ns)   --->   "%tpgBarSelRgb_g_addr_1 = getelementptr i2 %tpgBarSelRgb_g, i64 0, i64 %zext_ln1419_1" [prj/sol/.autopilot/db/v_tpg.cpp:1423->prj/sol/.autopilot/db/v_tpg.cpp:665]   --->   Operation 936 'getelementptr' 'tpgBarSelRgb_g_addr_1' <Predicate = (patternId_val_read == 11 & icmp_ln1122)> <Delay = 0.00>
ST_18 : Operation 937 [2/2] (0.67ns)   --->   "%tpgBarSelRgb_g_load_1 = load i3 %tpgBarSelRgb_g_addr_1" [prj/sol/.autopilot/db/v_tpg.cpp:1423->prj/sol/.autopilot/db/v_tpg.cpp:665]   --->   Operation 937 'load' 'tpgBarSelRgb_g_load_1' <Predicate = (patternId_val_read == 11 & icmp_ln1122)> <Delay = 0.67> <CoreInst = "ROM">   --->   Core 100 'ROM' <Latency = 1> <II = 1> <Delay = 0.67> <Storage> <Opcode : 'load'> <Ports = 0> <Width = 2> <Depth = 8> <ROM>
ST_18 : Operation 938 [1/1] (0.00ns)   --->   "%tpgBarSelRgb_b_addr_1 = getelementptr i2 %tpgBarSelRgb_b, i64 0, i64 %zext_ln1419_1" [prj/sol/.autopilot/db/v_tpg.cpp:1430->prj/sol/.autopilot/db/v_tpg.cpp:665]   --->   Operation 938 'getelementptr' 'tpgBarSelRgb_b_addr_1' <Predicate = (patternId_val_read == 11 & icmp_ln1122)> <Delay = 0.00>
ST_18 : Operation 939 [2/2] (0.67ns)   --->   "%tpgBarSelRgb_b_load_1 = load i3 %tpgBarSelRgb_b_addr_1" [prj/sol/.autopilot/db/v_tpg.cpp:1430->prj/sol/.autopilot/db/v_tpg.cpp:665]   --->   Operation 939 'load' 'tpgBarSelRgb_b_load_1' <Predicate = (patternId_val_read == 11 & icmp_ln1122)> <Delay = 0.67> <CoreInst = "ROM">   --->   Core 100 'ROM' <Latency = 1> <II = 1> <Delay = 0.67> <Storage> <Opcode : 'load'> <Ports = 0> <Width = 2> <Depth = 8> <ROM>
ST_18 : Operation 940 [1/1] (0.00ns)   --->   "%tpgBarSelYuv_y_addr_1 = getelementptr i8 %tpgBarSelYuv_y, i64 0, i64 %zext_ln1419_1" [prj/sol/.autopilot/db/v_tpg.cpp:1420->prj/sol/.autopilot/db/v_tpg.cpp:665]   --->   Operation 940 'getelementptr' 'tpgBarSelYuv_y_addr_1' <Predicate = (patternId_val_read == 11 & !icmp_ln1122)> <Delay = 0.00>
ST_18 : Operation 941 [2/2] (0.67ns)   --->   "%tpgBarSelYuv_y_load_1 = load i3 %tpgBarSelYuv_y_addr_1" [prj/sol/.autopilot/db/v_tpg.cpp:1420->prj/sol/.autopilot/db/v_tpg.cpp:665]   --->   Operation 941 'load' 'tpgBarSelYuv_y_load_1' <Predicate = (patternId_val_read == 11 & !icmp_ln1122)> <Delay = 0.67> <CoreInst = "ROM">   --->   Core 100 'ROM' <Latency = 1> <II = 1> <Delay = 0.67> <Storage> <Opcode : 'load'> <Ports = 0> <Width = 8> <Depth = 8> <ROM>
ST_18 : Operation 942 [1/1] (0.00ns)   --->   "%tpgBarSelYuv_u_addr_1 = getelementptr i8 %tpgBarSelYuv_u, i64 0, i64 %zext_ln1419_1" [prj/sol/.autopilot/db/v_tpg.cpp:1425->prj/sol/.autopilot/db/v_tpg.cpp:665]   --->   Operation 942 'getelementptr' 'tpgBarSelYuv_u_addr_1' <Predicate = (patternId_val_read == 11 & !icmp_ln1122)> <Delay = 0.00>
ST_18 : Operation 943 [2/2] (0.67ns)   --->   "%tpgBarSelYuv_u_load_1 = load i3 %tpgBarSelYuv_u_addr_1" [prj/sol/.autopilot/db/v_tpg.cpp:1425->prj/sol/.autopilot/db/v_tpg.cpp:665]   --->   Operation 943 'load' 'tpgBarSelYuv_u_load_1' <Predicate = (patternId_val_read == 11 & !icmp_ln1122)> <Delay = 0.67> <CoreInst = "ROM">   --->   Core 100 'ROM' <Latency = 1> <II = 1> <Delay = 0.67> <Storage> <Opcode : 'load'> <Ports = 0> <Width = 8> <Depth = 8> <ROM>
ST_18 : Operation 944 [1/1] (0.00ns)   --->   "%tpgBarSelYuv_v_addr_1 = getelementptr i8 %tpgBarSelYuv_v, i64 0, i64 %zext_ln1419_1" [prj/sol/.autopilot/db/v_tpg.cpp:1431->prj/sol/.autopilot/db/v_tpg.cpp:665]   --->   Operation 944 'getelementptr' 'tpgBarSelYuv_v_addr_1' <Predicate = (patternId_val_read == 11 & !icmp_ln1122)> <Delay = 0.00>
ST_18 : Operation 945 [2/2] (0.67ns)   --->   "%tpgBarSelYuv_v_load_1 = load i3 %tpgBarSelYuv_v_addr_1" [prj/sol/.autopilot/db/v_tpg.cpp:1431->prj/sol/.autopilot/db/v_tpg.cpp:665]   --->   Operation 945 'load' 'tpgBarSelYuv_v_load_1' <Predicate = (patternId_val_read == 11 & !icmp_ln1122)> <Delay = 0.67> <CoreInst = "ROM">   --->   Core 100 'ROM' <Latency = 1> <II = 1> <Delay = 0.67> <Storage> <Opcode : 'load'> <Ports = 0> <Width = 8> <Depth = 8> <ROM>
ST_18 : Operation 946 [1/2] ( I:0.67ns O:0.67ns )   --->   "%tpgTartanBarArray_load_1 = load i6 %tpgTartanBarArray_addr_1" [prj/sol/.autopilot/db/v_tpg.cpp:1420->prj/sol/.autopilot/db/v_tpg.cpp:665]   --->   Operation 946 'load' 'tpgTartanBarArray_load_1' <Predicate = (patternId_val_read == 11)> <Delay = 0.67> <CoreInst = "ROM">   --->   Core 100 'ROM' <Latency = 1> <II = 1> <Delay = 0.67> <Storage> <Opcode : 'load'> <Ports = 0> <Width = 3> <Depth = 64> <ROM>
ST_18 : Operation 947 [1/1] (0.00ns)   --->   "%zext_ln1420_1 = zext i3 %tpgTartanBarArray_load_1" [prj/sol/.autopilot/db/v_tpg.cpp:1420->prj/sol/.autopilot/db/v_tpg.cpp:665]   --->   Operation 947 'zext' 'zext_ln1420_1' <Predicate = (patternId_val_read == 11)> <Delay = 0.00>
ST_18 : Operation 948 [1/1] (0.00ns)   --->   "%tpgBarSelYuv_y_addr_4 = getelementptr i8 %tpgBarSelYuv_y, i64 0, i64 %zext_ln1420_1" [prj/sol/.autopilot/db/v_tpg.cpp:1420->prj/sol/.autopilot/db/v_tpg.cpp:665]   --->   Operation 948 'getelementptr' 'tpgBarSelYuv_y_addr_4' <Predicate = (patternId_val_read == 11 & !icmp_ln1122)> <Delay = 0.00>
ST_18 : Operation 949 [2/2] (0.67ns)   --->   "%tpgBarSelYuv_y_load_4 = load i3 %tpgBarSelYuv_y_addr_4" [prj/sol/.autopilot/db/v_tpg.cpp:1420->prj/sol/.autopilot/db/v_tpg.cpp:665]   --->   Operation 949 'load' 'tpgBarSelYuv_y_load_4' <Predicate = (patternId_val_read == 11 & !icmp_ln1122)> <Delay = 0.67> <CoreInst = "ROM">   --->   Core 100 'ROM' <Latency = 1> <II = 1> <Delay = 0.67> <Storage> <Opcode : 'load'> <Ports = 0> <Width = 8> <Depth = 8> <ROM>
ST_18 : Operation 950 [1/1] (0.00ns)   --->   "%tpgBarSelYuv_u_addr_4 = getelementptr i8 %tpgBarSelYuv_u, i64 0, i64 %zext_ln1420_1" [prj/sol/.autopilot/db/v_tpg.cpp:1425->prj/sol/.autopilot/db/v_tpg.cpp:665]   --->   Operation 950 'getelementptr' 'tpgBarSelYuv_u_addr_4' <Predicate = (patternId_val_read == 11 & !icmp_ln1122 & icmp_ln1144)> <Delay = 0.00>
ST_18 : Operation 951 [2/2] (0.67ns)   --->   "%tpgBarSelYuv_u_load_4 = load i3 %tpgBarSelYuv_u_addr_4" [prj/sol/.autopilot/db/v_tpg.cpp:1425->prj/sol/.autopilot/db/v_tpg.cpp:665]   --->   Operation 951 'load' 'tpgBarSelYuv_u_load_4' <Predicate = (patternId_val_read == 11 & !icmp_ln1122 & icmp_ln1144)> <Delay = 0.67> <CoreInst = "ROM">   --->   Core 100 'ROM' <Latency = 1> <II = 1> <Delay = 0.67> <Storage> <Opcode : 'load'> <Ports = 0> <Width = 8> <Depth = 8> <ROM>
ST_18 : Operation 952 [1/1] (0.00ns)   --->   "%tpgBarSelYuv_v_addr_4 = getelementptr i8 %tpgBarSelYuv_v, i64 0, i64 %zext_ln1420_1" [prj/sol/.autopilot/db/v_tpg.cpp:1426->prj/sol/.autopilot/db/v_tpg.cpp:665]   --->   Operation 952 'getelementptr' 'tpgBarSelYuv_v_addr_4' <Predicate = (patternId_val_read == 11 & !icmp_ln1122)> <Delay = 0.00>
ST_18 : Operation 953 [2/2] (0.67ns)   --->   "%tpgBarSelYuv_v_load_4 = load i3 %tpgBarSelYuv_v_addr_4" [prj/sol/.autopilot/db/v_tpg.cpp:1426->prj/sol/.autopilot/db/v_tpg.cpp:665]   --->   Operation 953 'load' 'tpgBarSelYuv_v_load_4' <Predicate = (patternId_val_read == 11 & !icmp_ln1122)> <Delay = 0.67> <CoreInst = "ROM">   --->   Core 100 'ROM' <Latency = 1> <II = 1> <Delay = 0.67> <Storage> <Opcode : 'load'> <Ports = 0> <Width = 8> <Depth = 8> <ROM>
ST_18 : Operation 954 [1/1] (0.00ns)   --->   "%tpgBarSelRgb_r_addr_4 = getelementptr i2 %tpgBarSelRgb_r, i64 0, i64 %zext_ln1420_1" [prj/sol/.autopilot/db/v_tpg.cpp:1419->prj/sol/.autopilot/db/v_tpg.cpp:665]   --->   Operation 954 'getelementptr' 'tpgBarSelRgb_r_addr_4' <Predicate = (patternId_val_read == 11 & icmp_ln1122)> <Delay = 0.00>
ST_18 : Operation 955 [2/2] (0.67ns)   --->   "%tpgBarSelRgb_r_load_4 = load i3 %tpgBarSelRgb_r_addr_4" [prj/sol/.autopilot/db/v_tpg.cpp:1419->prj/sol/.autopilot/db/v_tpg.cpp:665]   --->   Operation 955 'load' 'tpgBarSelRgb_r_load_4' <Predicate = (patternId_val_read == 11 & icmp_ln1122)> <Delay = 0.67> <CoreInst = "ROM">   --->   Core 100 'ROM' <Latency = 1> <II = 1> <Delay = 0.67> <Storage> <Opcode : 'load'> <Ports = 0> <Width = 2> <Depth = 8> <ROM>
ST_18 : Operation 956 [1/1] (0.00ns)   --->   "%tpgBarSelRgb_g_addr_4 = getelementptr i2 %tpgBarSelRgb_g, i64 0, i64 %zext_ln1420_1" [prj/sol/.autopilot/db/v_tpg.cpp:1423->prj/sol/.autopilot/db/v_tpg.cpp:665]   --->   Operation 956 'getelementptr' 'tpgBarSelRgb_g_addr_4' <Predicate = (patternId_val_read == 11 & icmp_ln1122)> <Delay = 0.00>
ST_18 : Operation 957 [2/2] (0.67ns)   --->   "%tpgBarSelRgb_g_load_4 = load i3 %tpgBarSelRgb_g_addr_4" [prj/sol/.autopilot/db/v_tpg.cpp:1423->prj/sol/.autopilot/db/v_tpg.cpp:665]   --->   Operation 957 'load' 'tpgBarSelRgb_g_load_4' <Predicate = (patternId_val_read == 11 & icmp_ln1122)> <Delay = 0.67> <CoreInst = "ROM">   --->   Core 100 'ROM' <Latency = 1> <II = 1> <Delay = 0.67> <Storage> <Opcode : 'load'> <Ports = 0> <Width = 2> <Depth = 8> <ROM>
ST_18 : Operation 958 [1/1] (0.00ns)   --->   "%tpgBarSelRgb_b_addr_4 = getelementptr i2 %tpgBarSelRgb_b, i64 0, i64 %zext_ln1420_1" [prj/sol/.autopilot/db/v_tpg.cpp:1430->prj/sol/.autopilot/db/v_tpg.cpp:665]   --->   Operation 958 'getelementptr' 'tpgBarSelRgb_b_addr_4' <Predicate = (patternId_val_read == 11 & icmp_ln1122)> <Delay = 0.00>
ST_18 : Operation 959 [2/2] (0.67ns)   --->   "%tpgBarSelRgb_b_load_4 = load i3 %tpgBarSelRgb_b_addr_4" [prj/sol/.autopilot/db/v_tpg.cpp:1430->prj/sol/.autopilot/db/v_tpg.cpp:665]   --->   Operation 959 'load' 'tpgBarSelRgb_b_load_4' <Predicate = (patternId_val_read == 11 & icmp_ln1122)> <Delay = 0.67> <CoreInst = "ROM">   --->   Core 100 'ROM' <Latency = 1> <II = 1> <Delay = 0.67> <Storage> <Opcode : 'load'> <Ports = 0> <Width = 2> <Depth = 8> <ROM>
ST_18 : Operation 960 [1/1] (0.00ns)   --->   "%zext_ln1355 = zext i11 %lshr_ln" [prj/sol/.autopilot/db/v_tpg.cpp:1355->prj/sol/.autopilot/db/v_tpg.cpp:657]   --->   Operation 960 'zext' 'zext_ln1355' <Predicate = (patternId_val_read == 10)> <Delay = 0.00>
ST_18 : Operation 961 [1/1] (0.00ns)   --->   "%tpgSinTableArray_addr = getelementptr i20 %tpgSinTableArray, i64 0, i64 %zext_ln1355" [prj/sol/.autopilot/db/v_tpg.cpp:1355->prj/sol/.autopilot/db/v_tpg.cpp:657]   --->   Operation 961 'getelementptr' 'tpgSinTableArray_addr' <Predicate = (patternId_val_read == 10)> <Delay = 0.00>
ST_18 : Operation 962 [2/2] (1.23ns)   --->   "%tpgSinTableArray_load = load i11 %tpgSinTableArray_addr" [prj/sol/.autopilot/db/v_tpg.cpp:1355->prj/sol/.autopilot/db/v_tpg.cpp:657]   --->   Operation 962 'load' 'tpgSinTableArray_load' <Predicate = (patternId_val_read == 10)> <Delay = 1.23> <CoreInst = "ROM">   --->   Core 100 'ROM' <Latency = 1> <II = 1> <Delay = 1.23> <Storage> <Opcode : 'load'> <Ports = 0> <Width = 20> <Depth = 2048> <ROM>
ST_18 : Operation 963 [1/1] (0.00ns)   --->   "%zext_ln1355_1 = zext i11 %lshr_ln1355_1" [prj/sol/.autopilot/db/v_tpg.cpp:1355->prj/sol/.autopilot/db/v_tpg.cpp:657]   --->   Operation 963 'zext' 'zext_ln1355_1' <Predicate = (patternId_val_read == 10)> <Delay = 0.00>
ST_18 : Operation 964 [1/1] (0.00ns)   --->   "%tpgSinTableArray_addr_1 = getelementptr i20 %tpgSinTableArray, i64 0, i64 %zext_ln1355_1" [prj/sol/.autopilot/db/v_tpg.cpp:1355->prj/sol/.autopilot/db/v_tpg.cpp:657]   --->   Operation 964 'getelementptr' 'tpgSinTableArray_addr_1' <Predicate = (patternId_val_read == 10)> <Delay = 0.00>
ST_18 : Operation 965 [2/2] (1.23ns)   --->   "%tpgSinTableArray_load_1 = load i11 %tpgSinTableArray_addr_1" [prj/sol/.autopilot/db/v_tpg.cpp:1355->prj/sol/.autopilot/db/v_tpg.cpp:657]   --->   Operation 965 'load' 'tpgSinTableArray_load_1' <Predicate = (patternId_val_read == 10)> <Delay = 1.23> <CoreInst = "ROM">   --->   Core 100 'ROM' <Latency = 1> <II = 1> <Delay = 1.23> <Storage> <Opcode : 'load'> <Ports = 0> <Width = 20> <Depth = 2048> <ROM>
ST_18 : Operation 966 [1/1] (0.00ns)   --->   "%tpgPatternColorBars_unsigned_short_unsigned_short_unsigned_char_int_hBarSel_l_1 = load i8 %tpgPatternColorBars_unsigned_short_unsigned_short_unsigned_char_int_hBarSel_l_2_out" [prj/sol/.autopilot/db/v_tpg.cpp:1260->prj/sol/.autopilot/db/v_tpg.cpp:649]   --->   Operation 966 'load' 'tpgPatternColorBars_unsigned_short_unsigned_short_unsigned_char_int_hBarSel_l_1' <Predicate = (patternId_val_read == 9)> <Delay = 0.00>
ST_18 : Operation 967 [1/1] (0.00ns)   --->   "%zext_ln1260 = zext i8 %tpgPatternColorBars_unsigned_short_unsigned_short_unsigned_char_int_hBarSel_l_1" [prj/sol/.autopilot/db/v_tpg.cpp:1260->prj/sol/.autopilot/db/v_tpg.cpp:649]   --->   Operation 967 'zext' 'zext_ln1260' <Predicate = (patternId_val_read == 9)> <Delay = 0.00>
ST_18 : Operation 968 [1/1] (0.00ns)   --->   "%tpgBarSelRgb_r_addr = getelementptr i2 %tpgBarSelRgb_r, i64 0, i64 %zext_ln1260" [prj/sol/.autopilot/db/v_tpg.cpp:1260->prj/sol/.autopilot/db/v_tpg.cpp:649]   --->   Operation 968 'getelementptr' 'tpgBarSelRgb_r_addr' <Predicate = (patternId_val_read == 9 & icmp_ln1122)> <Delay = 0.00>
ST_18 : Operation 969 [2/2] (0.67ns)   --->   "%tpgBarSelRgb_r_load = load i3 %tpgBarSelRgb_r_addr" [prj/sol/.autopilot/db/v_tpg.cpp:1260->prj/sol/.autopilot/db/v_tpg.cpp:649]   --->   Operation 969 'load' 'tpgBarSelRgb_r_load' <Predicate = (patternId_val_read == 9 & icmp_ln1122)> <Delay = 0.67> <CoreInst = "ROM">   --->   Core 100 'ROM' <Latency = 1> <II = 1> <Delay = 0.67> <Storage> <Opcode : 'load'> <Ports = 0> <Width = 2> <Depth = 8> <ROM>
ST_18 : Operation 970 [1/1] (0.00ns)   --->   "%tpgBarSelRgb_g_addr = getelementptr i2 %tpgBarSelRgb_g, i64 0, i64 %zext_ln1260" [prj/sol/.autopilot/db/v_tpg.cpp:1263->prj/sol/.autopilot/db/v_tpg.cpp:649]   --->   Operation 970 'getelementptr' 'tpgBarSelRgb_g_addr' <Predicate = (patternId_val_read == 9 & icmp_ln1122)> <Delay = 0.00>
ST_18 : Operation 971 [2/2] (0.67ns)   --->   "%tpgBarSelRgb_g_load = load i3 %tpgBarSelRgb_g_addr" [prj/sol/.autopilot/db/v_tpg.cpp:1263->prj/sol/.autopilot/db/v_tpg.cpp:649]   --->   Operation 971 'load' 'tpgBarSelRgb_g_load' <Predicate = (patternId_val_read == 9 & icmp_ln1122)> <Delay = 0.67> <CoreInst = "ROM">   --->   Core 100 'ROM' <Latency = 1> <II = 1> <Delay = 0.67> <Storage> <Opcode : 'load'> <Ports = 0> <Width = 2> <Depth = 8> <ROM>
ST_18 : Operation 972 [1/1] (0.00ns)   --->   "%tpgBarSelRgb_b_addr = getelementptr i2 %tpgBarSelRgb_b, i64 0, i64 %zext_ln1260" [prj/sol/.autopilot/db/v_tpg.cpp:1268->prj/sol/.autopilot/db/v_tpg.cpp:649]   --->   Operation 972 'getelementptr' 'tpgBarSelRgb_b_addr' <Predicate = (patternId_val_read == 9 & icmp_ln1122)> <Delay = 0.00>
ST_18 : Operation 973 [2/2] (0.67ns)   --->   "%tpgBarSelRgb_b_load = load i3 %tpgBarSelRgb_b_addr" [prj/sol/.autopilot/db/v_tpg.cpp:1268->prj/sol/.autopilot/db/v_tpg.cpp:649]   --->   Operation 973 'load' 'tpgBarSelRgb_b_load' <Predicate = (patternId_val_read == 9 & icmp_ln1122)> <Delay = 0.67> <CoreInst = "ROM">   --->   Core 100 'ROM' <Latency = 1> <II = 1> <Delay = 0.67> <Storage> <Opcode : 'load'> <Ports = 0> <Width = 2> <Depth = 8> <ROM>
ST_18 : Operation 974 [1/1] (0.00ns)   --->   "%tpgBarSelYuv_y_addr = getelementptr i8 %tpgBarSelYuv_y, i64 0, i64 %zext_ln1260" [prj/sol/.autopilot/db/v_tpg.cpp:1260->prj/sol/.autopilot/db/v_tpg.cpp:649]   --->   Operation 974 'getelementptr' 'tpgBarSelYuv_y_addr' <Predicate = (patternId_val_read == 9 & !icmp_ln1122)> <Delay = 0.00>
ST_18 : Operation 975 [2/2] (0.67ns)   --->   "%tpgBarSelYuv_y_load = load i3 %tpgBarSelYuv_y_addr" [prj/sol/.autopilot/db/v_tpg.cpp:1260->prj/sol/.autopilot/db/v_tpg.cpp:649]   --->   Operation 975 'load' 'tpgBarSelYuv_y_load' <Predicate = (patternId_val_read == 9 & !icmp_ln1122)> <Delay = 0.67> <CoreInst = "ROM">   --->   Core 100 'ROM' <Latency = 1> <II = 1> <Delay = 0.67> <Storage> <Opcode : 'load'> <Ports = 0> <Width = 8> <Depth = 8> <ROM>
ST_18 : Operation 976 [1/1] (0.00ns)   --->   "%tpgBarSelYuv_u_addr = getelementptr i8 %tpgBarSelYuv_u, i64 0, i64 %zext_ln1260" [prj/sol/.autopilot/db/v_tpg.cpp:1265->prj/sol/.autopilot/db/v_tpg.cpp:649]   --->   Operation 976 'getelementptr' 'tpgBarSelYuv_u_addr' <Predicate = (patternId_val_read == 9 & !icmp_ln1122)> <Delay = 0.00>
ST_18 : Operation 977 [2/2] (0.67ns)   --->   "%tpgBarSelYuv_u_load = load i3 %tpgBarSelYuv_u_addr" [prj/sol/.autopilot/db/v_tpg.cpp:1265->prj/sol/.autopilot/db/v_tpg.cpp:649]   --->   Operation 977 'load' 'tpgBarSelYuv_u_load' <Predicate = (patternId_val_read == 9 & !icmp_ln1122)> <Delay = 0.67> <CoreInst = "ROM">   --->   Core 100 'ROM' <Latency = 1> <II = 1> <Delay = 0.67> <Storage> <Opcode : 'load'> <Ports = 0> <Width = 8> <Depth = 8> <ROM>
ST_18 : Operation 978 [1/1] (0.00ns)   --->   "%tpgBarSelYuv_v_addr = getelementptr i8 %tpgBarSelYuv_v, i64 0, i64 %zext_ln1260" [prj/sol/.autopilot/db/v_tpg.cpp:1268->prj/sol/.autopilot/db/v_tpg.cpp:649]   --->   Operation 978 'getelementptr' 'tpgBarSelYuv_v_addr' <Predicate = (patternId_val_read == 9 & !icmp_ln1122)> <Delay = 0.00>
ST_18 : Operation 979 [2/2] (0.67ns)   --->   "%tpgBarSelYuv_v_load = load i3 %tpgBarSelYuv_v_addr" [prj/sol/.autopilot/db/v_tpg.cpp:1268->prj/sol/.autopilot/db/v_tpg.cpp:649]   --->   Operation 979 'load' 'tpgBarSelYuv_v_load' <Predicate = (patternId_val_read == 9 & !icmp_ln1122)> <Delay = 0.67> <CoreInst = "ROM">   --->   Core 100 'ROM' <Latency = 1> <II = 1> <Delay = 0.67> <Storage> <Opcode : 'load'> <Ports = 0> <Width = 8> <Depth = 8> <ROM>
ST_18 : Operation 980 [1/1] (0.00ns)   --->   "%tpgPatternColorBars_unsigned_short_unsigned_short_unsigned_char_int_hBarSel_8_2 = load i8 %tpgPatternColorBars_unsigned_short_unsigned_short_unsigned_char_int_hBarSel_8_3_out" [prj/sol/.autopilot/db/v_tpg.cpp:1260->prj/sol/.autopilot/db/v_tpg.cpp:649]   --->   Operation 980 'load' 'tpgPatternColorBars_unsigned_short_unsigned_short_unsigned_char_int_hBarSel_8_2' <Predicate = (patternId_val_read == 9)> <Delay = 0.00>
ST_18 : Operation 981 [1/1] (0.00ns)   --->   "%zext_ln1260_1 = zext i8 %tpgPatternColorBars_unsigned_short_unsigned_short_unsigned_char_int_hBarSel_8_2" [prj/sol/.autopilot/db/v_tpg.cpp:1260->prj/sol/.autopilot/db/v_tpg.cpp:649]   --->   Operation 981 'zext' 'zext_ln1260_1' <Predicate = (patternId_val_read == 9)> <Delay = 0.00>
ST_18 : Operation 982 [1/1] (0.00ns)   --->   "%br_ln1260 = br i1 %icmp_ln1122, void %cond.false54.1.i_ifconv, void %cond.true83.1.i" [prj/sol/.autopilot/db/v_tpg.cpp:1260->prj/sol/.autopilot/db/v_tpg.cpp:649]   --->   Operation 982 'br' 'br_ln1260' <Predicate = (patternId_val_read == 9)> <Delay = 0.00>
ST_18 : Operation 983 [1/1] (0.00ns)   --->   "%tpgBarSelYuv_y_addr_3 = getelementptr i8 %tpgBarSelYuv_y, i64 0, i64 %zext_ln1260_1" [prj/sol/.autopilot/db/v_tpg.cpp:1260->prj/sol/.autopilot/db/v_tpg.cpp:649]   --->   Operation 983 'getelementptr' 'tpgBarSelYuv_y_addr_3' <Predicate = (patternId_val_read == 9 & !icmp_ln1122)> <Delay = 0.00>
ST_18 : Operation 984 [2/2] (0.67ns)   --->   "%tpgBarSelYuv_y_load_3 = load i3 %tpgBarSelYuv_y_addr_3" [prj/sol/.autopilot/db/v_tpg.cpp:1260->prj/sol/.autopilot/db/v_tpg.cpp:649]   --->   Operation 984 'load' 'tpgBarSelYuv_y_load_3' <Predicate = (patternId_val_read == 9 & !icmp_ln1122)> <Delay = 0.67> <CoreInst = "ROM">   --->   Core 100 'ROM' <Latency = 1> <II = 1> <Delay = 0.67> <Storage> <Opcode : 'load'> <Ports = 0> <Width = 8> <Depth = 8> <ROM>
ST_18 : Operation 985 [1/1] (0.00ns)   --->   "%tpgBarSelYuv_u_addr_3 = getelementptr i8 %tpgBarSelYuv_u, i64 0, i64 %zext_ln1260_1" [prj/sol/.autopilot/db/v_tpg.cpp:1265->prj/sol/.autopilot/db/v_tpg.cpp:649]   --->   Operation 985 'getelementptr' 'tpgBarSelYuv_u_addr_3' <Predicate = (patternId_val_read == 9 & !icmp_ln1122 & icmp_ln1144)> <Delay = 0.00>
ST_18 : Operation 986 [2/2] (0.67ns)   --->   "%tpgBarSelYuv_u_load_3 = load i3 %tpgBarSelYuv_u_addr_3" [prj/sol/.autopilot/db/v_tpg.cpp:1265->prj/sol/.autopilot/db/v_tpg.cpp:649]   --->   Operation 986 'load' 'tpgBarSelYuv_u_load_3' <Predicate = (patternId_val_read == 9 & !icmp_ln1122 & icmp_ln1144)> <Delay = 0.67> <CoreInst = "ROM">   --->   Core 100 'ROM' <Latency = 1> <II = 1> <Delay = 0.67> <Storage> <Opcode : 'load'> <Ports = 0> <Width = 8> <Depth = 8> <ROM>
ST_18 : Operation 987 [1/1] (0.00ns)   --->   "%tpgBarSelYuv_v_addr_3 = getelementptr i8 %tpgBarSelYuv_v, i64 0, i64 %zext_ln1260_1" [prj/sol/.autopilot/db/v_tpg.cpp:1265->prj/sol/.autopilot/db/v_tpg.cpp:649]   --->   Operation 987 'getelementptr' 'tpgBarSelYuv_v_addr_3' <Predicate = (patternId_val_read == 9 & !icmp_ln1122)> <Delay = 0.00>
ST_18 : Operation 988 [2/2] (0.67ns)   --->   "%tpgBarSelYuv_v_load_3 = load i3 %tpgBarSelYuv_v_addr_3" [prj/sol/.autopilot/db/v_tpg.cpp:1265->prj/sol/.autopilot/db/v_tpg.cpp:649]   --->   Operation 988 'load' 'tpgBarSelYuv_v_load_3' <Predicate = (patternId_val_read == 9 & !icmp_ln1122)> <Delay = 0.67> <CoreInst = "ROM">   --->   Core 100 'ROM' <Latency = 1> <II = 1> <Delay = 0.67> <Storage> <Opcode : 'load'> <Ports = 0> <Width = 8> <Depth = 8> <ROM>
ST_18 : Operation 989 [1/1] (0.00ns)   --->   "%tpgBarSelRgb_r_addr_3 = getelementptr i2 %tpgBarSelRgb_r, i64 0, i64 %zext_ln1260_1" [prj/sol/.autopilot/db/v_tpg.cpp:1260->prj/sol/.autopilot/db/v_tpg.cpp:649]   --->   Operation 989 'getelementptr' 'tpgBarSelRgb_r_addr_3' <Predicate = (patternId_val_read == 9 & icmp_ln1122)> <Delay = 0.00>
ST_18 : Operation 990 [2/2] (0.67ns)   --->   "%tpgBarSelRgb_r_load_3 = load i3 %tpgBarSelRgb_r_addr_3" [prj/sol/.autopilot/db/v_tpg.cpp:1260->prj/sol/.autopilot/db/v_tpg.cpp:649]   --->   Operation 990 'load' 'tpgBarSelRgb_r_load_3' <Predicate = (patternId_val_read == 9 & icmp_ln1122)> <Delay = 0.67> <CoreInst = "ROM">   --->   Core 100 'ROM' <Latency = 1> <II = 1> <Delay = 0.67> <Storage> <Opcode : 'load'> <Ports = 0> <Width = 2> <Depth = 8> <ROM>
ST_18 : Operation 991 [1/1] (0.00ns)   --->   "%tpgBarSelRgb_g_addr_3 = getelementptr i2 %tpgBarSelRgb_g, i64 0, i64 %zext_ln1260_1" [prj/sol/.autopilot/db/v_tpg.cpp:1263->prj/sol/.autopilot/db/v_tpg.cpp:649]   --->   Operation 991 'getelementptr' 'tpgBarSelRgb_g_addr_3' <Predicate = (patternId_val_read == 9 & icmp_ln1122)> <Delay = 0.00>
ST_18 : Operation 992 [2/2] (0.67ns)   --->   "%tpgBarSelRgb_g_load_3 = load i3 %tpgBarSelRgb_g_addr_3" [prj/sol/.autopilot/db/v_tpg.cpp:1263->prj/sol/.autopilot/db/v_tpg.cpp:649]   --->   Operation 992 'load' 'tpgBarSelRgb_g_load_3' <Predicate = (patternId_val_read == 9 & icmp_ln1122)> <Delay = 0.67> <CoreInst = "ROM">   --->   Core 100 'ROM' <Latency = 1> <II = 1> <Delay = 0.67> <Storage> <Opcode : 'load'> <Ports = 0> <Width = 2> <Depth = 8> <ROM>
ST_18 : Operation 993 [1/1] (0.00ns)   --->   "%tpgBarSelRgb_b_addr_3 = getelementptr i2 %tpgBarSelRgb_b, i64 0, i64 %zext_ln1260_1" [prj/sol/.autopilot/db/v_tpg.cpp:1268->prj/sol/.autopilot/db/v_tpg.cpp:649]   --->   Operation 993 'getelementptr' 'tpgBarSelRgb_b_addr_3' <Predicate = (patternId_val_read == 9 & icmp_ln1122)> <Delay = 0.00>
ST_18 : Operation 994 [2/2] (0.67ns)   --->   "%tpgBarSelRgb_b_load_3 = load i3 %tpgBarSelRgb_b_addr_3" [prj/sol/.autopilot/db/v_tpg.cpp:1268->prj/sol/.autopilot/db/v_tpg.cpp:649]   --->   Operation 994 'load' 'tpgBarSelRgb_b_load_3' <Predicate = (patternId_val_read == 9 & icmp_ln1122)> <Delay = 0.67> <CoreInst = "ROM">   --->   Core 100 'ROM' <Latency = 1> <II = 1> <Delay = 0.67> <Storage> <Opcode : 'load'> <Ports = 0> <Width = 2> <Depth = 8> <ROM>
ST_18 : Operation 995 [1/1] (0.76ns)   --->   "%add_ln1101 = add i8 %trunc_ln565_12, i8 1" [prj/sol/.autopilot/db/v_tpg.cpp:1101->prj/sol/.autopilot/db/v_tpg.cpp:593]   --->   Operation 995 'add' 'add_ln1101' <Predicate = (patternId_val_read == 2 & icmp_ln1072 & !icmp_ln1095)> <Delay = 0.76> <CoreInst = "Adder">   --->   Core 1 'Adder' <Latency = 0> <II = 1> <Delay = 0.76> <FuncUnit> <Opcode : 'add' 'sub'> <InPorts = 2> <OutPorts = 1>
ST_18 : Operation 996 [1/1] (0.00ns)   --->   "%zext_ln1101 = zext i8 %add_ln1101" [prj/sol/.autopilot/db/v_tpg.cpp:1101->prj/sol/.autopilot/db/v_tpg.cpp:593]   --->   Operation 996 'zext' 'zext_ln1101' <Predicate = (patternId_val_read == 2 & icmp_ln1072 & !icmp_ln1095)> <Delay = 0.00>
ST_18 : Operation 997 [1/1] (0.42ns)   --->   "%store_ln1101 = store i8 %add_ln1101, i8 %rampVal" [prj/sol/.autopilot/db/v_tpg.cpp:1101->prj/sol/.autopilot/db/v_tpg.cpp:593]   --->   Operation 997 'store' 'store_ln1101' <Predicate = (patternId_val_read == 2 & icmp_ln1072 & !icmp_ln1095)> <Delay = 0.42>
ST_18 : Operation 998 [1/1] (0.42ns)   --->   "%store_ln1101 = store i16 %zext_ln1101, i16 %rampVal_loc_1_out" [prj/sol/.autopilot/db/v_tpg.cpp:1101->prj/sol/.autopilot/db/v_tpg.cpp:593]   --->   Operation 998 'store' 'store_ln1101' <Predicate = (patternId_val_read == 2 & icmp_ln1072 & !icmp_ln1095)> <Delay = 0.42>
ST_18 : Operation 999 [1/1] (0.00ns)   --->   "%br_ln1102 = br void %_Z22tpgPatternVerticalRampttth.exit" [prj/sol/.autopilot/db/v_tpg.cpp:1102->prj/sol/.autopilot/db/v_tpg.cpp:593]   --->   Operation 999 'br' 'br_ln1102' <Predicate = (patternId_val_read == 2 & icmp_ln1072 & !icmp_ln1095)> <Delay = 0.00>
ST_18 : Operation 1000 [1/1] (0.42ns)   --->   "%store_ln1097 = store i8 %rampStart_1_read, i8 %rampVal" [prj/sol/.autopilot/db/v_tpg.cpp:1097->prj/sol/.autopilot/db/v_tpg.cpp:593]   --->   Operation 1000 'store' 'store_ln1097' <Predicate = (patternId_val_read == 2 & icmp_ln1095)> <Delay = 0.42>
ST_18 : Operation 1001 [1/1] (0.42ns)   --->   "%store_ln0 = store i16 %zext_ln1120_1_cast, i16 %rampVal_loc_1_out"   --->   Operation 1001 'store' 'store_ln0' <Predicate = (patternId_val_read == 2 & icmp_ln1095)> <Delay = 0.42>
ST_18 : Operation 1002 [1/1] (0.00ns)   --->   "%br_ln1098 = br void %_Z22tpgPatternVerticalRampttth.exit" [prj/sol/.autopilot/db/v_tpg.cpp:1098->prj/sol/.autopilot/db/v_tpg.cpp:593]   --->   Operation 1002 'br' 'br_ln1098' <Predicate = (patternId_val_read == 2 & icmp_ln1095)> <Delay = 0.00>

State 19 <SV = 18> <Delay = 7.19>
ST_19 : Operation 1003 [1/1] (0.00ns)   --->   "%hdata_loc_1_out_load = load i16 %hdata_loc_1_out" [prj/sol/.autopilot/db/v_tpg.cpp:565]   --->   Operation 1003 'load' 'hdata_loc_1_out_load' <Predicate = (!icmp_ln1072)> <Delay = 0.00>
ST_19 : Operation 1004 [1/1] (0.00ns)   --->   "%rampVal_3_loc_1_out_load = load i16 %rampVal_3_loc_1_out" [prj/sol/.autopilot/db/v_tpg.cpp:565]   --->   Operation 1004 'load' 'rampVal_3_loc_1_out_load' <Predicate = (!icmp_ln1072)> <Delay = 0.00>
ST_19 : Operation 1005 [1/1] (0.00ns)   --->   "%trunc_ln565 = trunc i16 %hdata_loc_1_out_load" [prj/sol/.autopilot/db/v_tpg.cpp:565]   --->   Operation 1005 'trunc' 'trunc_ln565' <Predicate = (!icmp_ln1072)> <Delay = 0.00>
ST_19 : Operation 1006 [1/1] (0.00ns)   --->   "%trunc_ln565_1 = trunc i16 %rampVal_3_loc_1_out_load" [prj/sol/.autopilot/db/v_tpg.cpp:565]   --->   Operation 1006 'trunc' 'trunc_ln565_1' <Predicate = (!icmp_ln1072)> <Delay = 0.00>
ST_19 : Operation 1007 [1/1] (0.00ns)   --->   "%specpipeline_ln568 = specpipeline void @_ssdm_op_SpecPipeline, i32 1, i32 0, i32 0, i32 0, i32 4294967295, void @empty_15" [prj/sol/.autopilot/db/v_tpg.cpp:568]   --->   Operation 1007 'specpipeline' 'specpipeline_ln568' <Predicate = true> <Delay = 0.00>
ST_19 : Operation 1008 [1/1] (0.00ns)   --->   "%speclooptripcount_ln552 = speclooptripcount void @_ssdm_op_SpecLoopTripCount, i64 1, i64 32768, i64 16384" [prj/sol/.autopilot/db/v_tpg.cpp:552]   --->   Operation 1008 'speclooptripcount' 'speclooptripcount_ln552' <Predicate = true> <Delay = 0.00>
ST_19 : Operation 1009 [1/1] (0.00ns)   --->   "%specloopname_ln565 = specloopname void @_ssdm_op_SpecLoopName, void @empty_37" [prj/sol/.autopilot/db/v_tpg.cpp:565]   --->   Operation 1009 'specloopname' 'specloopname_ln565' <Predicate = true> <Delay = 0.00>
ST_19 : Operation 1010 [1/1] ( I:2.04ns O:2.04ns )   --->   "%srcYUV_read = read i48 @_ssdm_op_Read.ap_fifo.volatile.i48P0A, i48 %srcYUV" [prj/sol/.autopilot/db/v_tpg.cpp:571]   --->   Operation 1010 'read' 'srcYUV_read' <Predicate = (icmp_ln570)> <Delay = 2.04> <CoreInst = "FIFO_SRL">   --->   Core 80 'FIFO_SRL' <Latency = 0> <II = 1> <Delay = 2.04> <Storage> <Opcode : 'read' 'write' 'nbread' 'nbwrite'> <Ports = 0> <Width = 48> <Depth = 16> <FIFO>
ST_19 : Operation 1011 [1/1] (0.00ns)   --->   "%trunc_ln571 = trunc i48 %srcYUV_read" [prj/sol/.autopilot/db/v_tpg.cpp:571]   --->   Operation 1011 'trunc' 'trunc_ln571' <Predicate = (icmp_ln570)> <Delay = 0.00>
ST_19 : Operation 1012 [1/1] (0.00ns)   --->   "%trunc_ln571_1 = partselect i8 @_ssdm_op_PartSelect.i8.i48.i32.i32, i48 %srcYUV_read, i32 8, i32 15" [prj/sol/.autopilot/db/v_tpg.cpp:571]   --->   Operation 1012 'partselect' 'trunc_ln571_1' <Predicate = (icmp_ln570)> <Delay = 0.00>
ST_19 : Operation 1013 [1/1] (0.00ns)   --->   "%trunc_ln571_2 = partselect i8 @_ssdm_op_PartSelect.i8.i48.i32.i32, i48 %srcYUV_read, i32 16, i32 23" [prj/sol/.autopilot/db/v_tpg.cpp:571]   --->   Operation 1013 'partselect' 'trunc_ln571_2' <Predicate = (icmp_ln570)> <Delay = 0.00>
ST_19 : Operation 1014 [1/1] (0.00ns)   --->   "%trunc_ln571_3 = partselect i8 @_ssdm_op_PartSelect.i8.i48.i32.i32, i48 %srcYUV_read, i32 24, i32 31" [prj/sol/.autopilot/db/v_tpg.cpp:571]   --->   Operation 1014 'partselect' 'trunc_ln571_3' <Predicate = (icmp_ln570)> <Delay = 0.00>
ST_19 : Operation 1015 [1/1] (0.00ns)   --->   "%trunc_ln571_4 = partselect i8 @_ssdm_op_PartSelect.i8.i48.i32.i32, i48 %srcYUV_read, i32 32, i32 39" [prj/sol/.autopilot/db/v_tpg.cpp:571]   --->   Operation 1015 'partselect' 'trunc_ln571_4' <Predicate = (icmp_ln570)> <Delay = 0.00>
ST_19 : Operation 1016 [1/1] (0.00ns)   --->   "%trunc_ln571_5 = partselect i8 @_ssdm_op_PartSelect.i8.i48.i32.i32, i48 %srcYUV_read, i32 40, i32 47" [prj/sol/.autopilot/db/v_tpg.cpp:571]   --->   Operation 1016 'partselect' 'trunc_ln571_5' <Predicate = (icmp_ln570)> <Delay = 0.00>
ST_19 : Operation 1017 [1/1] (0.00ns)   --->   "%store_ln571 = store i8 %trunc_ln571_5, i8 %p_0_0_0_1378_out" [prj/sol/.autopilot/db/v_tpg.cpp:571]   --->   Operation 1017 'store' 'store_ln571' <Predicate = (icmp_ln570)> <Delay = 0.00>
ST_19 : Operation 1018 [1/1] (0.00ns)   --->   "%store_ln571 = store i8 %trunc_ln571_4, i8 %p_0_0_09_1376_out" [prj/sol/.autopilot/db/v_tpg.cpp:571]   --->   Operation 1018 'store' 'store_ln571' <Predicate = (icmp_ln570)> <Delay = 0.00>
ST_19 : Operation 1019 [1/1] (0.00ns)   --->   "%store_ln571 = store i8 %trunc_ln571_3, i8 %p_0_0_010_1374_out" [prj/sol/.autopilot/db/v_tpg.cpp:571]   --->   Operation 1019 'store' 'store_ln571' <Predicate = (icmp_ln570)> <Delay = 0.00>
ST_19 : Operation 1020 [1/1] (0.00ns)   --->   "%store_ln571 = store i8 %trunc_ln571_2, i8 %p_0_0_0372_out" [prj/sol/.autopilot/db/v_tpg.cpp:571]   --->   Operation 1020 'store' 'store_ln571' <Predicate = (icmp_ln570)> <Delay = 0.00>
ST_19 : Operation 1021 [1/1] (0.00ns)   --->   "%store_ln571 = store i8 %trunc_ln571_1, i8 %p_0_0_09370_out" [prj/sol/.autopilot/db/v_tpg.cpp:571]   --->   Operation 1021 'store' 'store_ln571' <Predicate = (icmp_ln570)> <Delay = 0.00>
ST_19 : Operation 1022 [1/1] (0.00ns)   --->   "%store_ln571 = store i8 %trunc_ln571, i8 %p_0_0_010368_out" [prj/sol/.autopilot/db/v_tpg.cpp:571]   --->   Operation 1022 'store' 'store_ln571' <Predicate = (icmp_ln570)> <Delay = 0.00>
ST_19 : Operation 1023 [1/1] (0.00ns)   --->   "%br_ln571 = br void %if.end" [prj/sol/.autopilot/db/v_tpg.cpp:571]   --->   Operation 1023 'br' 'br_ln571' <Predicate = (icmp_ln570)> <Delay = 0.00>
ST_19 : Operation 1024 [1/2] ( I:0.67ns O:0.67ns )   --->   "%DPtpgBarSelRgb_VESA_r_load = load i3 %DPtpgBarSelRgb_VESA_r_addr" [prj/sol/.autopilot/db/v_tpg.cpp:1784->prj/sol/.autopilot/db/v_tpg.cpp:721]   --->   Operation 1024 'load' 'DPtpgBarSelRgb_VESA_r_load' <Predicate = (patternId_val_read == 19)> <Delay = 0.67> <CoreInst = "ROM">   --->   Core 100 'ROM' <Latency = 1> <II = 1> <Delay = 0.67> <Storage> <Opcode : 'load'> <Ports = 0> <Width = 2> <Depth = 8> <ROM>
ST_19 : Operation 1025 [1/1] (0.00ns)   --->   "%DPtpgBarSelRgb_VESA_r_load_cast = sext i2 %DPtpgBarSelRgb_VESA_r_load" [prj/sol/.autopilot/db/v_tpg.cpp:1784->prj/sol/.autopilot/db/v_tpg.cpp:721]   --->   Operation 1025 'sext' 'DPtpgBarSelRgb_VESA_r_load_cast' <Predicate = (patternId_val_read == 19)> <Delay = 0.00>
ST_19 : Operation 1026 [1/2] ( I:0.67ns O:0.67ns )   --->   "%DPtpgBarSelRgb_VESA_g_load = load i3 %DPtpgBarSelRgb_VESA_g_addr" [prj/sol/.autopilot/db/v_tpg.cpp:1785->prj/sol/.autopilot/db/v_tpg.cpp:721]   --->   Operation 1026 'load' 'DPtpgBarSelRgb_VESA_g_load' <Predicate = (patternId_val_read == 19)> <Delay = 0.67> <CoreInst = "ROM">   --->   Core 100 'ROM' <Latency = 1> <II = 1> <Delay = 0.67> <Storage> <Opcode : 'load'> <Ports = 0> <Width = 2> <Depth = 8> <ROM>
ST_19 : Operation 1027 [1/1] (0.00ns)   --->   "%DPtpgBarSelRgb_VESA_g_load_cast = sext i2 %DPtpgBarSelRgb_VESA_g_load" [prj/sol/.autopilot/db/v_tpg.cpp:1785->prj/sol/.autopilot/db/v_tpg.cpp:721]   --->   Operation 1027 'sext' 'DPtpgBarSelRgb_VESA_g_load_cast' <Predicate = (patternId_val_read == 19)> <Delay = 0.00>
ST_19 : Operation 1028 [1/2] ( I:0.67ns O:0.67ns )   --->   "%DPtpgBarSelRgb_VESA_b_load = load i3 %DPtpgBarSelRgb_VESA_b_addr" [prj/sol/.autopilot/db/v_tpg.cpp:1786->prj/sol/.autopilot/db/v_tpg.cpp:721]   --->   Operation 1028 'load' 'DPtpgBarSelRgb_VESA_b_load' <Predicate = (patternId_val_read == 19)> <Delay = 0.67> <CoreInst = "ROM">   --->   Core 100 'ROM' <Latency = 1> <II = 1> <Delay = 0.67> <Storage> <Opcode : 'load'> <Ports = 0> <Width = 2> <Depth = 8> <ROM>
ST_19 : Operation 1029 [1/1] (0.00ns)   --->   "%DPtpgBarSelRgb_VESA_b_load_cast = sext i2 %DPtpgBarSelRgb_VESA_b_load" [prj/sol/.autopilot/db/v_tpg.cpp:1786->prj/sol/.autopilot/db/v_tpg.cpp:721]   --->   Operation 1029 'sext' 'DPtpgBarSelRgb_VESA_b_load_cast' <Predicate = (patternId_val_read == 19)> <Delay = 0.00>
ST_19 : Operation 1030 [1/2] ( I:0.67ns O:0.67ns )   --->   "%DPtpgBarSelRgb_CEA_r_load = load i3 %DPtpgBarSelRgb_CEA_r_addr" [prj/sol/.autopilot/db/v_tpg.cpp:1790->prj/sol/.autopilot/db/v_tpg.cpp:721]   --->   Operation 1030 'load' 'DPtpgBarSelRgb_CEA_r_load' <Predicate = (patternId_val_read == 19)> <Delay = 0.67> <CoreInst = "ROM">   --->   Core 100 'ROM' <Latency = 1> <II = 1> <Delay = 0.67> <Storage> <Opcode : 'load'> <Ports = 0> <Width = 6> <Depth = 8> <ROM>
ST_19 : Operation 1031 [1/1] (0.00ns)   --->   "%DPtpgBarSelRgb_CEA_r_load_cast = sext i6 %DPtpgBarSelRgb_CEA_r_load" [prj/sol/.autopilot/db/v_tpg.cpp:1790->prj/sol/.autopilot/db/v_tpg.cpp:721]   --->   Operation 1031 'sext' 'DPtpgBarSelRgb_CEA_r_load_cast' <Predicate = (patternId_val_read == 19)> <Delay = 0.00>
ST_19 : Operation 1032 [1/2] ( I:0.67ns O:0.67ns )   --->   "%DPtpgBarSelRgb_CEA_g_load = load i3 %DPtpgBarSelRgb_CEA_g_addr" [prj/sol/.autopilot/db/v_tpg.cpp:1791->prj/sol/.autopilot/db/v_tpg.cpp:721]   --->   Operation 1032 'load' 'DPtpgBarSelRgb_CEA_g_load' <Predicate = (patternId_val_read == 19)> <Delay = 0.67> <CoreInst = "ROM">   --->   Core 100 'ROM' <Latency = 1> <II = 1> <Delay = 0.67> <Storage> <Opcode : 'load'> <Ports = 0> <Width = 6> <Depth = 8> <ROM>
ST_19 : Operation 1033 [1/1] (0.00ns)   --->   "%DPtpgBarSelRgb_CEA_g_load_cast = sext i6 %DPtpgBarSelRgb_CEA_g_load" [prj/sol/.autopilot/db/v_tpg.cpp:1791->prj/sol/.autopilot/db/v_tpg.cpp:721]   --->   Operation 1033 'sext' 'DPtpgBarSelRgb_CEA_g_load_cast' <Predicate = (patternId_val_read == 19)> <Delay = 0.00>
ST_19 : Operation 1034 [1/2] ( I:0.67ns O:0.67ns )   --->   "%DPtpgBarSelRgb_CEA_b_load = load i3 %DPtpgBarSelRgb_CEA_b_addr" [prj/sol/.autopilot/db/v_tpg.cpp:1792->prj/sol/.autopilot/db/v_tpg.cpp:721]   --->   Operation 1034 'load' 'DPtpgBarSelRgb_CEA_b_load' <Predicate = (patternId_val_read == 19)> <Delay = 0.67> <CoreInst = "ROM">   --->   Core 100 'ROM' <Latency = 1> <II = 1> <Delay = 0.67> <Storage> <Opcode : 'load'> <Ports = 0> <Width = 6> <Depth = 8> <ROM>
ST_19 : Operation 1035 [1/1] (0.00ns)   --->   "%DPtpgBarSelRgb_CEA_b_load_cast = sext i6 %DPtpgBarSelRgb_CEA_b_load" [prj/sol/.autopilot/db/v_tpg.cpp:1792->prj/sol/.autopilot/db/v_tpg.cpp:721]   --->   Operation 1035 'sext' 'DPtpgBarSelRgb_CEA_b_load_cast' <Predicate = (patternId_val_read == 19)> <Delay = 0.00>
ST_19 : Operation 1036 [1/2] ( I:0.67ns O:0.67ns )   --->   "%DPtpgBarSelYuv_601_y_load = load i3 %DPtpgBarSelYuv_601_y_addr" [prj/sol/.autopilot/db/v_tpg.cpp:1799->prj/sol/.autopilot/db/v_tpg.cpp:721]   --->   Operation 1036 'load' 'DPtpgBarSelYuv_601_y_load' <Predicate = (patternId_val_read == 19)> <Delay = 0.67> <CoreInst = "ROM">   --->   Core 100 'ROM' <Latency = 1> <II = 1> <Delay = 0.67> <Storage> <Opcode : 'load'> <Ports = 0> <Width = 8> <Depth = 8> <ROM>
ST_19 : Operation 1037 [1/2] ( I:0.67ns O:0.67ns )   --->   "%DPtpgBarSelYuv_601_u_load = load i3 %DPtpgBarSelYuv_601_u_addr" [prj/sol/.autopilot/db/v_tpg.cpp:1802->prj/sol/.autopilot/db/v_tpg.cpp:721]   --->   Operation 1037 'load' 'DPtpgBarSelYuv_601_u_load' <Predicate = (patternId_val_read == 19)> <Delay = 0.67> <CoreInst = "ROM">   --->   Core 100 'ROM' <Latency = 1> <II = 1> <Delay = 0.67> <Storage> <Opcode : 'load'> <Ports = 0> <Width = 8> <Depth = 8> <ROM>
ST_19 : Operation 1038 [1/2] ( I:0.67ns O:0.67ns )   --->   "%DPtpgBarSelYuv_601_v_load = load i3 %DPtpgBarSelYuv_601_v_addr" [prj/sol/.autopilot/db/v_tpg.cpp:1805->prj/sol/.autopilot/db/v_tpg.cpp:721]   --->   Operation 1038 'load' 'DPtpgBarSelYuv_601_v_load' <Predicate = (patternId_val_read == 19)> <Delay = 0.67> <CoreInst = "ROM">   --->   Core 100 'ROM' <Latency = 1> <II = 1> <Delay = 0.67> <Storage> <Opcode : 'load'> <Ports = 0> <Width = 8> <Depth = 8> <ROM>
ST_19 : Operation 1039 [1/2] ( I:0.67ns O:0.67ns )   --->   "%DPtpgBarSelYuv_709_y_load = load i3 %DPtpgBarSelYuv_709_y_addr" [prj/sol/.autopilot/db/v_tpg.cpp:1809->prj/sol/.autopilot/db/v_tpg.cpp:721]   --->   Operation 1039 'load' 'DPtpgBarSelYuv_709_y_load' <Predicate = (patternId_val_read == 19)> <Delay = 0.67> <CoreInst = "ROM">   --->   Core 100 'ROM' <Latency = 1> <II = 1> <Delay = 0.67> <Storage> <Opcode : 'load'> <Ports = 0> <Width = 8> <Depth = 8> <ROM>
ST_19 : Operation 1040 [1/2] ( I:0.67ns O:0.67ns )   --->   "%DPtpgBarSelYuv_709_u_load = load i3 %DPtpgBarSelYuv_709_u_addr" [prj/sol/.autopilot/db/v_tpg.cpp:1812->prj/sol/.autopilot/db/v_tpg.cpp:721]   --->   Operation 1040 'load' 'DPtpgBarSelYuv_709_u_load' <Predicate = (patternId_val_read == 19)> <Delay = 0.67> <CoreInst = "ROM">   --->   Core 100 'ROM' <Latency = 1> <II = 1> <Delay = 0.67> <Storage> <Opcode : 'load'> <Ports = 0> <Width = 8> <Depth = 8> <ROM>
ST_19 : Operation 1041 [1/2] ( I:0.67ns O:0.67ns )   --->   "%DPtpgBarSelYuv_709_v_load = load i3 %DPtpgBarSelYuv_709_v_addr" [prj/sol/.autopilot/db/v_tpg.cpp:1815->prj/sol/.autopilot/db/v_tpg.cpp:721]   --->   Operation 1041 'load' 'DPtpgBarSelYuv_709_v_load' <Predicate = (patternId_val_read == 19)> <Delay = 0.67> <CoreInst = "ROM">   --->   Core 100 'ROM' <Latency = 1> <II = 1> <Delay = 0.67> <Storage> <Opcode : 'load'> <Ports = 0> <Width = 8> <Depth = 8> <ROM>
ST_19 : Operation 1042 [1/1] (0.00ns) (grouped into LUT with out node icmp_ln1782_1)   --->   "%or_ln1782 = or i8 %colorFormat_val_read, i8 %dpDynamicRange_val_read" [prj/sol/.autopilot/db/v_tpg.cpp:1782->prj/sol/.autopilot/db/v_tpg.cpp:721]   --->   Operation 1042 'or' 'or_ln1782' <Predicate = (patternId_val_read == 19)> <Delay = 0.00> <CoreInst = "LogicGate">   --->   Core 74 'LogicGate' <Latency = 0> <II = 1> <Delay = 0.17> <FuncUnit> <Opcode : 'and' 'or' 'xor'> <InPorts = 2> <OutPorts = 1>
ST_19 : Operation 1043 [1/1] (0.76ns) (out node of the LUT)   --->   "%icmp_ln1782_1 = icmp_eq  i8 %or_ln1782, i8 0" [prj/sol/.autopilot/db/v_tpg.cpp:1782->prj/sol/.autopilot/db/v_tpg.cpp:721]   --->   Operation 1043 'icmp' 'icmp_ln1782_1' <Predicate = (patternId_val_read == 19)> <Delay = 0.76> <CoreInst = "Cmp">   --->   Core 9 'Cmp' <Latency = 0> <II = 1> <Delay = 0.76> <FuncUnit> <Opcode : 'seteq' 'setne' 'setle' 'setge' 'setlt' 'setgt'> <InPorts = 2> <OutPorts = 1>
ST_19 : Operation 1044 [1/1] (0.00ns) (grouped into LUT with out node and_ln1782)   --->   "%xor_ln1782 = xor i1 %icmp_ln1782, i1 1" [prj/sol/.autopilot/db/v_tpg.cpp:1782->prj/sol/.autopilot/db/v_tpg.cpp:721]   --->   Operation 1044 'xor' 'xor_ln1782' <Predicate = (patternId_val_read == 19)> <Delay = 0.00> <CoreInst = "LogicGate">   --->   Core 74 'LogicGate' <Latency = 0> <II = 1> <Delay = 0.28> <FuncUnit> <Opcode : 'and' 'or' 'xor'> <InPorts = 2> <OutPorts = 1>
ST_19 : Operation 1045 [1/1] (0.28ns) (out node of the LUT)   --->   "%and_ln1782 = and i1 %icmp_ln1122, i1 %xor_ln1782" [prj/sol/.autopilot/db/v_tpg.cpp:1782->prj/sol/.autopilot/db/v_tpg.cpp:721]   --->   Operation 1045 'and' 'and_ln1782' <Predicate = (patternId_val_read == 19)> <Delay = 0.28> <CoreInst = "LogicGate">   --->   Core 74 'LogicGate' <Latency = 0> <II = 1> <Delay = 0.28> <FuncUnit> <Opcode : 'and' 'or' 'xor'> <InPorts = 2> <OutPorts = 1>
ST_19 : Operation 1046 [1/1] (0.00ns) (grouped into LUT with out node and_ln1797)   --->   "%xor_ln1122 = xor i1 %icmp_ln1122, i1 1" [prj/sol/.autopilot/db/v_tpg.cpp:1122->prj/sol/.autopilot/db/v_tpg.cpp:601]   --->   Operation 1046 'xor' 'xor_ln1122' <Predicate = (patternId_val_read == 19)> <Delay = 0.00> <CoreInst = "LogicGate">   --->   Core 74 'LogicGate' <Latency = 0> <II = 1> <Delay = 0.28> <FuncUnit> <Opcode : 'and' 'or' 'xor'> <InPorts = 2> <OutPorts = 1>
ST_19 : Operation 1047 [1/1] (0.28ns) (out node of the LUT)   --->   "%and_ln1797 = and i1 %icmp_ln1797, i1 %xor_ln1122" [prj/sol/.autopilot/db/v_tpg.cpp:1797->prj/sol/.autopilot/db/v_tpg.cpp:721]   --->   Operation 1047 'and' 'and_ln1797' <Predicate = (patternId_val_read == 19)> <Delay = 0.28> <CoreInst = "LogicGate">   --->   Core 74 'LogicGate' <Latency = 0> <II = 1> <Delay = 0.28> <FuncUnit> <Opcode : 'and' 'or' 'xor'> <InPorts = 2> <OutPorts = 1>
ST_19 : Operation 1048 [1/1] (0.00ns)   --->   "%sel_tmp5 = bitconcatenate i3 @_ssdm_op_BitConcatenate.i3.i1.i1.i1, i1 %icmp_ln1782_1, i1 %and_ln1782, i1 %and_ln1797" [prj/sol/.autopilot/db/v_tpg.cpp:1782->prj/sol/.autopilot/db/v_tpg.cpp:721]   --->   Operation 1048 'bitconcatenate' 'sel_tmp5' <Predicate = (patternId_val_read == 19)> <Delay = 0.00>
ST_19 : Operation 1049 [1/1] (0.47ns)   --->   "%pix_24 = sparsemux i8 @_ssdm_op_SparseMux.ap_auto.4i8.i8.i3, i3 4, i8 %DPtpgBarSelRgb_VESA_g_load_cast, i3 2, i8 %DPtpgBarSelRgb_CEA_g_load_cast, i3 1, i8 %DPtpgBarSelYuv_601_u_load, i3 0, i8 %DPtpgBarSelYuv_709_u_load, i8 0, i3 %sel_tmp5" [prj/sol/.autopilot/db/v_tpg.cpp:1785->prj/sol/.autopilot/db/v_tpg.cpp:721]   --->   Operation 1049 'sparsemux' 'pix_24' <Predicate = (patternId_val_read == 19)> <Delay = 0.47> <CoreInst = "OneHotSparseMux_HasDef">   --->   Core 152 'OneHotSparseMux_HasDef' <Latency = 0> <II = 1> <Delay = 0.47> <FuncUnit> <Opcode : 'sparsemux'> <InPorts = 2> <OutPorts = 1>
ST_19 : Operation 1050 [1/1] (0.47ns)   --->   "%pix_3 = sparsemux i8 @_ssdm_op_SparseMux.ap_auto.4i8.i8.i3, i3 4, i8 %DPtpgBarSelRgb_VESA_r_load_cast, i3 2, i8 %DPtpgBarSelRgb_CEA_r_load_cast, i3 1, i8 %DPtpgBarSelYuv_601_y_load, i3 0, i8 %DPtpgBarSelYuv_709_y_load, i8 0, i3 %sel_tmp5" [prj/sol/.autopilot/db/v_tpg.cpp:1784->prj/sol/.autopilot/db/v_tpg.cpp:721]   --->   Operation 1050 'sparsemux' 'pix_3' <Predicate = (patternId_val_read == 19)> <Delay = 0.47> <CoreInst = "OneHotSparseMux_HasDef">   --->   Core 152 'OneHotSparseMux_HasDef' <Latency = 0> <II = 1> <Delay = 0.47> <FuncUnit> <Opcode : 'sparsemux'> <InPorts = 2> <OutPorts = 1>
ST_19 : Operation 1051 [1/1] (0.47ns)   --->   "%pix_4 = sparsemux i8 @_ssdm_op_SparseMux.ap_auto.4i8.i8.i3, i3 4, i8 %DPtpgBarSelRgb_VESA_b_load_cast, i3 2, i8 %DPtpgBarSelRgb_CEA_b_load_cast, i3 1, i8 %DPtpgBarSelYuv_601_v_load, i3 0, i8 %DPtpgBarSelYuv_709_v_load, i8 0, i3 %sel_tmp5" [prj/sol/.autopilot/db/v_tpg.cpp:1786->prj/sol/.autopilot/db/v_tpg.cpp:721]   --->   Operation 1051 'sparsemux' 'pix_4' <Predicate = (patternId_val_read == 19)> <Delay = 0.47> <CoreInst = "OneHotSparseMux_HasDef">   --->   Core 152 'OneHotSparseMux_HasDef' <Latency = 0> <II = 1> <Delay = 0.47> <FuncUnit> <Opcode : 'sparsemux'> <InPorts = 2> <OutPorts = 1>
ST_19 : Operation 1052 [1/2] ( I:0.67ns O:0.67ns )   --->   "%pix_31 = load i3 %DPtpgBarSelYuv_709_y_addr_1" [prj/sol/.autopilot/db/v_tpg.cpp:1809->prj/sol/.autopilot/db/v_tpg.cpp:721]   --->   Operation 1052 'load' 'pix_31' <Predicate = (patternId_val_read == 19 & !icmp_ln1122 & !icmp_ln1797)> <Delay = 0.67> <CoreInst = "ROM">   --->   Core 100 'ROM' <Latency = 1> <II = 1> <Delay = 0.67> <Storage> <Opcode : 'load'> <Ports = 0> <Width = 8> <Depth = 8> <ROM>
ST_19 : Operation 1053 [1/2] ( I:0.67ns O:0.67ns )   --->   "%DPtpgBarSelYuv_709_u_load_1 = load i3 %DPtpgBarSelYuv_709_u_addr_1" [prj/sol/.autopilot/db/v_tpg.cpp:1812->prj/sol/.autopilot/db/v_tpg.cpp:721]   --->   Operation 1053 'load' 'DPtpgBarSelYuv_709_u_load_1' <Predicate = (patternId_val_read == 19 & !icmp_ln1122 & !icmp_ln1797 & icmp_ln1144)> <Delay = 0.67> <CoreInst = "ROM">   --->   Core 100 'ROM' <Latency = 1> <II = 1> <Delay = 0.67> <Storage> <Opcode : 'load'> <Ports = 0> <Width = 8> <Depth = 8> <ROM>
ST_19 : Operation 1054 [1/2] ( I:0.67ns O:0.67ns )   --->   "%DPtpgBarSelYuv_709_v_load_1 = load i3 %DPtpgBarSelYuv_709_v_addr_1" [prj/sol/.autopilot/db/v_tpg.cpp:1813->prj/sol/.autopilot/db/v_tpg.cpp:721]   --->   Operation 1054 'load' 'DPtpgBarSelYuv_709_v_load_1' <Predicate = (patternId_val_read == 19 & !icmp_ln1122 & !icmp_ln1797)> <Delay = 0.67> <CoreInst = "ROM">   --->   Core 100 'ROM' <Latency = 1> <II = 1> <Delay = 0.67> <Storage> <Opcode : 'load'> <Ports = 0> <Width = 8> <Depth = 8> <ROM>
ST_19 : Operation 1055 [1/1] (0.38ns)   --->   "%phi_ln1811 = select i1 %icmp_ln1144, i8 %DPtpgBarSelYuv_709_u_load_1, i8 %DPtpgBarSelYuv_709_v_load_1" [prj/sol/.autopilot/db/v_tpg.cpp:1144->prj/sol/.autopilot/db/v_tpg.cpp:609]   --->   Operation 1055 'select' 'phi_ln1811' <Predicate = (patternId_val_read == 19 & !icmp_ln1122 & !icmp_ln1797)> <Delay = 0.38> <CoreInst = "Sel">   --->   Core 73 'Sel' <Latency = 0> <II = 1> <Delay = 0.38> <FuncUnit> <Opcode : 'select'> <InPorts = 3> <OutPorts = 1>
ST_19 : Operation 1056 [1/1] (0.90ns)   --->   "%store_ln552 = store i8 %DPtpgBarSelYuv_709_v_load_1, i8 %outpix_11_out" [prj/sol/.autopilot/db/v_tpg.cpp:552]   --->   Operation 1056 'store' 'store_ln552' <Predicate = (patternId_val_read == 19 & !icmp_ln1122 & !icmp_ln1797)> <Delay = 0.90>
ST_19 : Operation 1057 [1/1] (0.96ns)   --->   "%store_ln552 = store i8 %phi_ln1811, i8 %outpix_10_out" [prj/sol/.autopilot/db/v_tpg.cpp:552]   --->   Operation 1057 'store' 'store_ln552' <Predicate = (patternId_val_read == 19 & !icmp_ln1122 & !icmp_ln1797)> <Delay = 0.96>
ST_19 : Operation 1058 [1/1] (0.87ns)   --->   "%store_ln552 = store i8 %pix_31, i8 %outpix_9_out" [prj/sol/.autopilot/db/v_tpg.cpp:552]   --->   Operation 1058 'store' 'store_ln552' <Predicate = (patternId_val_read == 19 & !icmp_ln1122 & !icmp_ln1797)> <Delay = 0.87>
ST_19 : Operation 1059 [1/1] (0.76ns)   --->   "%store_ln552 = store i8 %pix_4, i8 %outpix_8_out" [prj/sol/.autopilot/db/v_tpg.cpp:552]   --->   Operation 1059 'store' 'store_ln552' <Predicate = (patternId_val_read == 19 & !icmp_ln1122 & !icmp_ln1797)> <Delay = 0.76>
ST_19 : Operation 1060 [1/1] (0.76ns)   --->   "%store_ln552 = store i8 %pix_24, i8 %outpix_7_out" [prj/sol/.autopilot/db/v_tpg.cpp:552]   --->   Operation 1060 'store' 'store_ln552' <Predicate = (patternId_val_read == 19 & !icmp_ln1122 & !icmp_ln1797)> <Delay = 0.76>
ST_19 : Operation 1061 [1/1] (0.73ns)   --->   "%store_ln552 = store i8 %pix_3, i8 %outpix_6_out" [prj/sol/.autopilot/db/v_tpg.cpp:552]   --->   Operation 1061 'store' 'store_ln552' <Predicate = (patternId_val_read == 19 & !icmp_ln1122 & !icmp_ln1797)> <Delay = 0.73>
ST_19 : Operation 1062 [1/1] (0.00ns)   --->   "%br_ln0 = br void %sw.epilog_ifconv"   --->   Operation 1062 'br' 'br_ln0' <Predicate = (patternId_val_read == 19 & !icmp_ln1122 & !icmp_ln1797)> <Delay = 0.00>
ST_19 : Operation 1063 [1/2] ( I:0.67ns O:0.67ns )   --->   "%pix_30 = load i3 %DPtpgBarSelYuv_601_y_addr_1" [prj/sol/.autopilot/db/v_tpg.cpp:1799->prj/sol/.autopilot/db/v_tpg.cpp:721]   --->   Operation 1063 'load' 'pix_30' <Predicate = (patternId_val_read == 19 & !icmp_ln1122 & icmp_ln1797)> <Delay = 0.67> <CoreInst = "ROM">   --->   Core 100 'ROM' <Latency = 1> <II = 1> <Delay = 0.67> <Storage> <Opcode : 'load'> <Ports = 0> <Width = 8> <Depth = 8> <ROM>
ST_19 : Operation 1064 [1/2] ( I:0.67ns O:0.67ns )   --->   "%DPtpgBarSelYuv_601_u_load_1 = load i3 %DPtpgBarSelYuv_601_u_addr_1" [prj/sol/.autopilot/db/v_tpg.cpp:1802->prj/sol/.autopilot/db/v_tpg.cpp:721]   --->   Operation 1064 'load' 'DPtpgBarSelYuv_601_u_load_1' <Predicate = (patternId_val_read == 19 & !icmp_ln1122 & icmp_ln1797 & icmp_ln1144)> <Delay = 0.67> <CoreInst = "ROM">   --->   Core 100 'ROM' <Latency = 1> <II = 1> <Delay = 0.67> <Storage> <Opcode : 'load'> <Ports = 0> <Width = 8> <Depth = 8> <ROM>
ST_19 : Operation 1065 [1/2] ( I:0.67ns O:0.67ns )   --->   "%DPtpgBarSelYuv_601_v_load_1 = load i3 %DPtpgBarSelYuv_601_v_addr_1" [prj/sol/.autopilot/db/v_tpg.cpp:1803->prj/sol/.autopilot/db/v_tpg.cpp:721]   --->   Operation 1065 'load' 'DPtpgBarSelYuv_601_v_load_1' <Predicate = (patternId_val_read == 19 & !icmp_ln1122 & icmp_ln1797)> <Delay = 0.67> <CoreInst = "ROM">   --->   Core 100 'ROM' <Latency = 1> <II = 1> <Delay = 0.67> <Storage> <Opcode : 'load'> <Ports = 0> <Width = 8> <Depth = 8> <ROM>
ST_19 : Operation 1066 [1/1] (0.38ns)   --->   "%phi_ln1801 = select i1 %icmp_ln1144, i8 %DPtpgBarSelYuv_601_u_load_1, i8 %DPtpgBarSelYuv_601_v_load_1" [prj/sol/.autopilot/db/v_tpg.cpp:1144->prj/sol/.autopilot/db/v_tpg.cpp:609]   --->   Operation 1066 'select' 'phi_ln1801' <Predicate = (patternId_val_read == 19 & !icmp_ln1122 & icmp_ln1797)> <Delay = 0.38> <CoreInst = "Sel">   --->   Core 73 'Sel' <Latency = 0> <II = 1> <Delay = 0.38> <FuncUnit> <Opcode : 'select'> <InPorts = 3> <OutPorts = 1>
ST_19 : Operation 1067 [1/1] (0.90ns)   --->   "%store_ln552 = store i8 %DPtpgBarSelYuv_601_v_load_1, i8 %outpix_11_out" [prj/sol/.autopilot/db/v_tpg.cpp:552]   --->   Operation 1067 'store' 'store_ln552' <Predicate = (patternId_val_read == 19 & !icmp_ln1122 & icmp_ln1797)> <Delay = 0.90>
ST_19 : Operation 1068 [1/1] (0.96ns)   --->   "%store_ln552 = store i8 %phi_ln1801, i8 %outpix_10_out" [prj/sol/.autopilot/db/v_tpg.cpp:552]   --->   Operation 1068 'store' 'store_ln552' <Predicate = (patternId_val_read == 19 & !icmp_ln1122 & icmp_ln1797)> <Delay = 0.96>
ST_19 : Operation 1069 [1/1] (0.87ns)   --->   "%store_ln552 = store i8 %pix_30, i8 %outpix_9_out" [prj/sol/.autopilot/db/v_tpg.cpp:552]   --->   Operation 1069 'store' 'store_ln552' <Predicate = (patternId_val_read == 19 & !icmp_ln1122 & icmp_ln1797)> <Delay = 0.87>
ST_19 : Operation 1070 [1/1] (0.76ns)   --->   "%store_ln552 = store i8 %pix_4, i8 %outpix_8_out" [prj/sol/.autopilot/db/v_tpg.cpp:552]   --->   Operation 1070 'store' 'store_ln552' <Predicate = (patternId_val_read == 19 & !icmp_ln1122 & icmp_ln1797)> <Delay = 0.76>
ST_19 : Operation 1071 [1/1] (0.76ns)   --->   "%store_ln552 = store i8 %pix_24, i8 %outpix_7_out" [prj/sol/.autopilot/db/v_tpg.cpp:552]   --->   Operation 1071 'store' 'store_ln552' <Predicate = (patternId_val_read == 19 & !icmp_ln1122 & icmp_ln1797)> <Delay = 0.76>
ST_19 : Operation 1072 [1/1] (0.73ns)   --->   "%store_ln552 = store i8 %pix_3, i8 %outpix_6_out" [prj/sol/.autopilot/db/v_tpg.cpp:552]   --->   Operation 1072 'store' 'store_ln552' <Predicate = (patternId_val_read == 19 & !icmp_ln1122 & icmp_ln1797)> <Delay = 0.73>
ST_19 : Operation 1073 [1/1] (0.00ns)   --->   "%br_ln1806 = br void %sw.epilog_ifconv" [prj/sol/.autopilot/db/v_tpg.cpp:1806->prj/sol/.autopilot/db/v_tpg.cpp:721]   --->   Operation 1073 'br' 'br_ln1806' <Predicate = (patternId_val_read == 19 & !icmp_ln1122 & icmp_ln1797)> <Delay = 0.00>
ST_19 : Operation 1074 [1/2] ( I:0.67ns O:0.67ns )   --->   "%pix_28 = load i3 %DPtpgBarSelRgb_CEA_r_addr_1" [prj/sol/.autopilot/db/v_tpg.cpp:1790->prj/sol/.autopilot/db/v_tpg.cpp:721]   --->   Operation 1074 'load' 'pix_28' <Predicate = (patternId_val_read == 19 & icmp_ln1122 & !icmp_ln1782)> <Delay = 0.67> <CoreInst = "ROM">   --->   Core 100 'ROM' <Latency = 1> <II = 1> <Delay = 0.67> <Storage> <Opcode : 'load'> <Ports = 0> <Width = 6> <Depth = 8> <ROM>
ST_19 : Operation 1075 [1/1] (0.00ns)   --->   "%pix_30_cast = sext i6 %pix_28" [prj/sol/.autopilot/db/v_tpg.cpp:1790->prj/sol/.autopilot/db/v_tpg.cpp:721]   --->   Operation 1075 'sext' 'pix_30_cast' <Predicate = (patternId_val_read == 19 & icmp_ln1122 & !icmp_ln1782)> <Delay = 0.00>
ST_19 : Operation 1076 [1/2] ( I:0.67ns O:0.67ns )   --->   "%pix_29 = load i3 %DPtpgBarSelRgb_CEA_g_addr_1" [prj/sol/.autopilot/db/v_tpg.cpp:1791->prj/sol/.autopilot/db/v_tpg.cpp:721]   --->   Operation 1076 'load' 'pix_29' <Predicate = (patternId_val_read == 19 & icmp_ln1122 & !icmp_ln1782)> <Delay = 0.67> <CoreInst = "ROM">   --->   Core 100 'ROM' <Latency = 1> <II = 1> <Delay = 0.67> <Storage> <Opcode : 'load'> <Ports = 0> <Width = 6> <Depth = 8> <ROM>
ST_19 : Operation 1077 [1/1] (0.00ns)   --->   "%pix_31_cast = sext i6 %pix_29" [prj/sol/.autopilot/db/v_tpg.cpp:1791->prj/sol/.autopilot/db/v_tpg.cpp:721]   --->   Operation 1077 'sext' 'pix_31_cast' <Predicate = (patternId_val_read == 19 & icmp_ln1122 & !icmp_ln1782)> <Delay = 0.00>
ST_19 : Operation 1078 [1/2] ( I:0.67ns O:0.67ns )   --->   "%DPtpgBarSelRgb_CEA_b_load_1 = load i3 %DPtpgBarSelRgb_CEA_b_addr_1" [prj/sol/.autopilot/db/v_tpg.cpp:1792->prj/sol/.autopilot/db/v_tpg.cpp:721]   --->   Operation 1078 'load' 'DPtpgBarSelRgb_CEA_b_load_1' <Predicate = (patternId_val_read == 19 & icmp_ln1122 & !icmp_ln1782)> <Delay = 0.67> <CoreInst = "ROM">   --->   Core 100 'ROM' <Latency = 1> <II = 1> <Delay = 0.67> <Storage> <Opcode : 'load'> <Ports = 0> <Width = 6> <Depth = 8> <ROM>
ST_19 : Operation 1079 [1/1] (0.00ns)   --->   "%trunc_ln1792_cast = sext i6 %DPtpgBarSelRgb_CEA_b_load_1" [prj/sol/.autopilot/db/v_tpg.cpp:1792->prj/sol/.autopilot/db/v_tpg.cpp:721]   --->   Operation 1079 'sext' 'trunc_ln1792_cast' <Predicate = (patternId_val_read == 19 & icmp_ln1122 & !icmp_ln1782)> <Delay = 0.00>
ST_19 : Operation 1080 [1/1] (0.90ns)   --->   "%store_ln552 = store i8 %trunc_ln1792_cast, i8 %outpix_11_out" [prj/sol/.autopilot/db/v_tpg.cpp:552]   --->   Operation 1080 'store' 'store_ln552' <Predicate = (patternId_val_read == 19 & icmp_ln1122 & !icmp_ln1782)> <Delay = 0.90>
ST_19 : Operation 1081 [1/1] (0.96ns)   --->   "%store_ln552 = store i8 %pix_31_cast, i8 %outpix_10_out" [prj/sol/.autopilot/db/v_tpg.cpp:552]   --->   Operation 1081 'store' 'store_ln552' <Predicate = (patternId_val_read == 19 & icmp_ln1122 & !icmp_ln1782)> <Delay = 0.96>
ST_19 : Operation 1082 [1/1] (0.87ns)   --->   "%store_ln552 = store i8 %pix_30_cast, i8 %outpix_9_out" [prj/sol/.autopilot/db/v_tpg.cpp:552]   --->   Operation 1082 'store' 'store_ln552' <Predicate = (patternId_val_read == 19 & icmp_ln1122 & !icmp_ln1782)> <Delay = 0.87>
ST_19 : Operation 1083 [1/1] (0.76ns)   --->   "%store_ln552 = store i8 %pix_4, i8 %outpix_8_out" [prj/sol/.autopilot/db/v_tpg.cpp:552]   --->   Operation 1083 'store' 'store_ln552' <Predicate = (patternId_val_read == 19 & icmp_ln1122 & !icmp_ln1782)> <Delay = 0.76>
ST_19 : Operation 1084 [1/1] (0.76ns)   --->   "%store_ln552 = store i8 %pix_24, i8 %outpix_7_out" [prj/sol/.autopilot/db/v_tpg.cpp:552]   --->   Operation 1084 'store' 'store_ln552' <Predicate = (patternId_val_read == 19 & icmp_ln1122 & !icmp_ln1782)> <Delay = 0.76>
ST_19 : Operation 1085 [1/1] (0.73ns)   --->   "%store_ln552 = store i8 %pix_3, i8 %outpix_6_out" [prj/sol/.autopilot/db/v_tpg.cpp:552]   --->   Operation 1085 'store' 'store_ln552' <Predicate = (patternId_val_read == 19 & icmp_ln1122 & !icmp_ln1782)> <Delay = 0.73>
ST_19 : Operation 1086 [1/1] (0.00ns)   --->   "%br_ln0 = br void %sw.epilog_ifconv"   --->   Operation 1086 'br' 'br_ln0' <Predicate = (patternId_val_read == 19 & icmp_ln1122 & !icmp_ln1782)> <Delay = 0.00>
ST_19 : Operation 1087 [1/2] ( I:0.67ns O:0.67ns )   --->   "%pix = load i3 %DPtpgBarSelRgb_VESA_r_addr_1" [prj/sol/.autopilot/db/v_tpg.cpp:1784->prj/sol/.autopilot/db/v_tpg.cpp:721]   --->   Operation 1087 'load' 'pix' <Predicate = (patternId_val_read == 19 & icmp_ln1122 & icmp_ln1782)> <Delay = 0.67> <CoreInst = "ROM">   --->   Core 100 'ROM' <Latency = 1> <II = 1> <Delay = 0.67> <Storage> <Opcode : 'load'> <Ports = 0> <Width = 2> <Depth = 8> <ROM>
ST_19 : Operation 1088 [1/1] (0.00ns)   --->   "%sext_ln1784 = sext i2 %pix" [prj/sol/.autopilot/db/v_tpg.cpp:1784->prj/sol/.autopilot/db/v_tpg.cpp:721]   --->   Operation 1088 'sext' 'sext_ln1784' <Predicate = (patternId_val_read == 19 & icmp_ln1122 & icmp_ln1782)> <Delay = 0.00>
ST_19 : Operation 1089 [1/2] ( I:0.67ns O:0.67ns )   --->   "%pix_27 = load i3 %DPtpgBarSelRgb_VESA_g_addr_1" [prj/sol/.autopilot/db/v_tpg.cpp:1785->prj/sol/.autopilot/db/v_tpg.cpp:721]   --->   Operation 1089 'load' 'pix_27' <Predicate = (patternId_val_read == 19 & icmp_ln1122 & icmp_ln1782)> <Delay = 0.67> <CoreInst = "ROM">   --->   Core 100 'ROM' <Latency = 1> <II = 1> <Delay = 0.67> <Storage> <Opcode : 'load'> <Ports = 0> <Width = 2> <Depth = 8> <ROM>
ST_19 : Operation 1090 [1/1] (0.00ns)   --->   "%sext_ln1785 = sext i2 %pix_27" [prj/sol/.autopilot/db/v_tpg.cpp:1785->prj/sol/.autopilot/db/v_tpg.cpp:721]   --->   Operation 1090 'sext' 'sext_ln1785' <Predicate = (patternId_val_read == 19 & icmp_ln1122 & icmp_ln1782)> <Delay = 0.00>
ST_19 : Operation 1091 [1/2] ( I:0.67ns O:0.67ns )   --->   "%DPtpgBarSelRgb_VESA_b_load_1 = load i3 %DPtpgBarSelRgb_VESA_b_addr_1" [prj/sol/.autopilot/db/v_tpg.cpp:1786->prj/sol/.autopilot/db/v_tpg.cpp:721]   --->   Operation 1091 'load' 'DPtpgBarSelRgb_VESA_b_load_1' <Predicate = (patternId_val_read == 19 & icmp_ln1122 & icmp_ln1782)> <Delay = 0.67> <CoreInst = "ROM">   --->   Core 100 'ROM' <Latency = 1> <II = 1> <Delay = 0.67> <Storage> <Opcode : 'load'> <Ports = 0> <Width = 2> <Depth = 8> <ROM>
ST_19 : Operation 1092 [1/1] (0.00ns)   --->   "%sext_ln1786 = sext i2 %DPtpgBarSelRgb_VESA_b_load_1" [prj/sol/.autopilot/db/v_tpg.cpp:1786->prj/sol/.autopilot/db/v_tpg.cpp:721]   --->   Operation 1092 'sext' 'sext_ln1786' <Predicate = (patternId_val_read == 19 & icmp_ln1122 & icmp_ln1782)> <Delay = 0.00>
ST_19 : Operation 1093 [1/1] (0.90ns)   --->   "%store_ln552 = store i8 %sext_ln1786, i8 %outpix_11_out" [prj/sol/.autopilot/db/v_tpg.cpp:552]   --->   Operation 1093 'store' 'store_ln552' <Predicate = (patternId_val_read == 19 & icmp_ln1122 & icmp_ln1782)> <Delay = 0.90>
ST_19 : Operation 1094 [1/1] (0.96ns)   --->   "%store_ln552 = store i8 %sext_ln1785, i8 %outpix_10_out" [prj/sol/.autopilot/db/v_tpg.cpp:552]   --->   Operation 1094 'store' 'store_ln552' <Predicate = (patternId_val_read == 19 & icmp_ln1122 & icmp_ln1782)> <Delay = 0.96>
ST_19 : Operation 1095 [1/1] (0.87ns)   --->   "%store_ln552 = store i8 %sext_ln1784, i8 %outpix_9_out" [prj/sol/.autopilot/db/v_tpg.cpp:552]   --->   Operation 1095 'store' 'store_ln552' <Predicate = (patternId_val_read == 19 & icmp_ln1122 & icmp_ln1782)> <Delay = 0.87>
ST_19 : Operation 1096 [1/1] (0.76ns)   --->   "%store_ln552 = store i8 %pix_4, i8 %outpix_8_out" [prj/sol/.autopilot/db/v_tpg.cpp:552]   --->   Operation 1096 'store' 'store_ln552' <Predicate = (patternId_val_read == 19 & icmp_ln1122 & icmp_ln1782)> <Delay = 0.76>
ST_19 : Operation 1097 [1/1] (0.76ns)   --->   "%store_ln552 = store i8 %pix_24, i8 %outpix_7_out" [prj/sol/.autopilot/db/v_tpg.cpp:552]   --->   Operation 1097 'store' 'store_ln552' <Predicate = (patternId_val_read == 19 & icmp_ln1122 & icmp_ln1782)> <Delay = 0.76>
ST_19 : Operation 1098 [1/1] (0.73ns)   --->   "%store_ln552 = store i8 %pix_3, i8 %outpix_6_out" [prj/sol/.autopilot/db/v_tpg.cpp:552]   --->   Operation 1098 'store' 'store_ln552' <Predicate = (patternId_val_read == 19 & icmp_ln1122 & icmp_ln1782)> <Delay = 0.73>
ST_19 : Operation 1099 [1/1] (0.00ns)   --->   "%br_ln1787 = br void %sw.epilog_ifconv" [prj/sol/.autopilot/db/v_tpg.cpp:1787->prj/sol/.autopilot/db/v_tpg.cpp:721]   --->   Operation 1099 'br' 'br_ln1787' <Predicate = (patternId_val_read == 19 & icmp_ln1122 & icmp_ln1782)> <Delay = 0.00>
ST_19 : Operation 1100 [1/1] (0.90ns)   --->   "%store_ln552 = store i8 255, i8 %outpix_11_out" [prj/sol/.autopilot/db/v_tpg.cpp:552]   --->   Operation 1100 'store' 'store_ln552' <Predicate = (patternId_val_read == 18)> <Delay = 0.90>
ST_19 : Operation 1101 [1/1] (0.96ns)   --->   "%store_ln552 = store i8 255, i8 %outpix_10_out" [prj/sol/.autopilot/db/v_tpg.cpp:552]   --->   Operation 1101 'store' 'store_ln552' <Predicate = (patternId_val_read == 18)> <Delay = 0.96>
ST_19 : Operation 1102 [1/1] (0.87ns)   --->   "%store_ln552 = store i8 255, i8 %outpix_9_out" [prj/sol/.autopilot/db/v_tpg.cpp:552]   --->   Operation 1102 'store' 'store_ln552' <Predicate = (patternId_val_read == 18)> <Delay = 0.87>
ST_19 : Operation 1103 [1/1] (0.76ns)   --->   "%store_ln552 = store i8 0, i8 %outpix_8_out" [prj/sol/.autopilot/db/v_tpg.cpp:552]   --->   Operation 1103 'store' 'store_ln552' <Predicate = (patternId_val_read == 18)> <Delay = 0.76>
ST_19 : Operation 1104 [1/1] (0.76ns)   --->   "%store_ln552 = store i8 0, i8 %outpix_7_out" [prj/sol/.autopilot/db/v_tpg.cpp:552]   --->   Operation 1104 'store' 'store_ln552' <Predicate = (patternId_val_read == 18)> <Delay = 0.76>
ST_19 : Operation 1105 [1/1] (0.73ns)   --->   "%store_ln552 = store i8 0, i8 %outpix_6_out" [prj/sol/.autopilot/db/v_tpg.cpp:552]   --->   Operation 1105 'store' 'store_ln552' <Predicate = (patternId_val_read == 18)> <Delay = 0.73>
ST_19 : Operation 1106 [1/1] (0.00ns)   --->   "%br_ln718 = br void %sw.epilog_ifconv" [prj/sol/.autopilot/db/v_tpg.cpp:718]   --->   Operation 1106 'br' 'br_ln718' <Predicate = (patternId_val_read == 18)> <Delay = 0.00>
ST_19 : Operation 1107 [1/1] (0.00ns)   --->   "%rampVal_2_loc_1_out_load = load i16 %rampVal_2_loc_1_out" [prj/sol/.autopilot/db/v_tpg.cpp:1629->prj/sol/.autopilot/db/v_tpg.cpp:707]   --->   Operation 1107 'load' 'rampVal_2_loc_1_out_load' <Predicate = (patternId_val_read == 17 & !icmp_ln1629)> <Delay = 0.00>
ST_19 : Operation 1108 [1/1] (0.34ns)   --->   "%select_ln1629 = select i1 %icmp_ln1629, i16 0, i16 %rampVal_2_loc_1_out_load" [prj/sol/.autopilot/db/v_tpg.cpp:1629->prj/sol/.autopilot/db/v_tpg.cpp:707]   --->   Operation 1108 'select' 'select_ln1629' <Predicate = (patternId_val_read == 17)> <Delay = 0.34> <CoreInst = "Sel">   --->   Core 73 'Sel' <Latency = 0> <II = 1> <Delay = 0.34> <FuncUnit> <Opcode : 'select'> <InPorts = 3> <OutPorts = 1>
ST_19 : Operation 1109 [1/1] (0.00ns)   --->   "%tmp_52 = trunc i16 %select_ln1629" [prj/sol/.autopilot/db/v_tpg.cpp:1640->prj/sol/.autopilot/db/v_tpg.cpp:707]   --->   Operation 1109 'trunc' 'tmp_52' <Predicate = (patternId_val_read == 17)> <Delay = 0.00>
ST_19 : Operation 1110 [1/1] (0.47ns)   --->   "%pix_35 = sparsemux i8 @_ssdm_op_SparseMux.ap_auto.3i8.i8.i16, i16 0, i8 %tmp_52, i16 1, i8 0, i16 2, i8 0, i8 %tmp_52, i16 %zext_ln565" [prj/sol/.autopilot/db/v_tpg.cpp:1640->prj/sol/.autopilot/db/v_tpg.cpp:707]   --->   Operation 1110 'sparsemux' 'pix_35' <Predicate = (patternId_val_read == 17)> <Delay = 0.47> <CoreInst = "BinarySparseMux_HasDef">   --->   Core 150 'BinarySparseMux_HasDef' <Latency = 0> <II = 1> <Delay = 0.47> <FuncUnit> <Opcode : 'sparsemux'> <InPorts = 2> <OutPorts = 1>
ST_19 : Operation 1111 [1/1] (0.47ns)   --->   "%pix_37 = sparsemux i8 @_ssdm_op_SparseMux.ap_auto.3i8.i8.i16, i16 0, i8 0, i16 1, i8 0, i16 2, i8 %tmp_52, i8 %tmp_52, i16 %zext_ln565" [prj/sol/.autopilot/db/v_tpg.cpp:1640->prj/sol/.autopilot/db/v_tpg.cpp:707]   --->   Operation 1111 'sparsemux' 'pix_37' <Predicate = (patternId_val_read == 17)> <Delay = 0.47> <CoreInst = "BinarySparseMux_HasDef">   --->   Core 150 'BinarySparseMux_HasDef' <Latency = 0> <II = 1> <Delay = 0.47> <FuncUnit> <Opcode : 'sparsemux'> <InPorts = 2> <OutPorts = 1>
ST_19 : Operation 1112 [1/1] (0.47ns)   --->   "%pix_36 = sparsemux i8 @_ssdm_op_SparseMux.ap_auto.3i8.i8.i16, i16 0, i8 0, i16 1, i8 %tmp_52, i16 2, i8 0, i8 %tmp_52, i16 %zext_ln565" [prj/sol/.autopilot/db/v_tpg.cpp:1640->prj/sol/.autopilot/db/v_tpg.cpp:707]   --->   Operation 1112 'sparsemux' 'pix_36' <Predicate = (patternId_val_read == 17)> <Delay = 0.47> <CoreInst = "BinarySparseMux_HasDef">   --->   Core 150 'BinarySparseMux_HasDef' <Latency = 0> <II = 1> <Delay = 0.47> <FuncUnit> <Opcode : 'sparsemux'> <InPorts = 2> <OutPorts = 1>
ST_19 : Operation 1113 [1/1] (0.76ns)   --->   "%tmp_53 = add i8 %tmp_52, i8 1" [prj/sol/.autopilot/db/v_tpg.cpp:1652->prj/sol/.autopilot/db/v_tpg.cpp:707]   --->   Operation 1113 'add' 'tmp_53' <Predicate = (patternId_val_read == 17)> <Delay = 0.76> <CoreInst = "Adder">   --->   Core 1 'Adder' <Latency = 0> <II = 1> <Delay = 0.76> <FuncUnit> <Opcode : 'add' 'sub'> <InPorts = 2> <OutPorts = 1>
ST_19 : Operation 1114 [1/1] (0.47ns)   --->   "%outpix_25 = sparsemux i8 @_ssdm_op_SparseMux.ap_auto.3i8.i8.i16, i16 0, i8 %tmp_53, i16 1, i8 0, i16 2, i8 0, i8 %tmp_53, i16 %zext_ln565" [prj/sol/.autopilot/db/v_tpg.cpp:1652->prj/sol/.autopilot/db/v_tpg.cpp:707]   --->   Operation 1114 'sparsemux' 'outpix_25' <Predicate = (patternId_val_read == 17)> <Delay = 0.47> <CoreInst = "BinarySparseMux_HasDef">   --->   Core 150 'BinarySparseMux_HasDef' <Latency = 0> <II = 1> <Delay = 0.47> <FuncUnit> <Opcode : 'sparsemux'> <InPorts = 2> <OutPorts = 1>
ST_19 : Operation 1115 [1/1] (0.47ns)   --->   "%outpix_20 = sparsemux i8 @_ssdm_op_SparseMux.ap_auto.3i8.i8.i16, i16 0, i8 0, i16 1, i8 0, i16 2, i8 %tmp_53, i8 %tmp_53, i16 %zext_ln565" [prj/sol/.autopilot/db/v_tpg.cpp:1652->prj/sol/.autopilot/db/v_tpg.cpp:707]   --->   Operation 1115 'sparsemux' 'outpix_20' <Predicate = (patternId_val_read == 17)> <Delay = 0.47> <CoreInst = "BinarySparseMux_HasDef">   --->   Core 150 'BinarySparseMux_HasDef' <Latency = 0> <II = 1> <Delay = 0.47> <FuncUnit> <Opcode : 'sparsemux'> <InPorts = 2> <OutPorts = 1>
ST_19 : Operation 1116 [1/1] (0.00ns) (grouped into LUT with out node outpix_26)   --->   "%mux_case_4_i = sparsemux i8 @_ssdm_op_SparseMux.ap_auto.3i8.i8.i16, i16 0, i8 0, i16 1, i8 %tmp_53, i16 2, i8 0, i8 %tmp_53, i16 %zext_ln565" [prj/sol/.autopilot/db/v_tpg.cpp:1652->prj/sol/.autopilot/db/v_tpg.cpp:707]   --->   Operation 1116 'sparsemux' 'mux_case_4_i' <Predicate = (patternId_val_read == 17 & !icmp_ln1862)> <Delay = 0.00> <CoreInst = "BinarySparseMux_HasDef">   --->   Core 150 'BinarySparseMux_HasDef' <Latency = 0> <II = 1> <Delay = 0.47> <FuncUnit> <Opcode : 'sparsemux'> <InPorts = 2> <OutPorts = 1>
ST_19 : Operation 1117 [1/1] (0.47ns) (out node of the LUT)   --->   "%outpix_26 = select i1 %icmp_ln1862, i8 %outpix_20, i8 %mux_case_4_i" [prj/sol/.autopilot/db/v_tpg.cpp:1660->prj/sol/.autopilot/db/v_tpg.cpp:707]   --->   Operation 1117 'select' 'outpix_26' <Predicate = (patternId_val_read == 17)> <Delay = 0.47> <CoreInst = "Sel">   --->   Core 73 'Sel' <Latency = 0> <II = 1> <Delay = 0.38> <FuncUnit> <Opcode : 'select'> <InPorts = 3> <OutPorts = 1>
ST_19 : Operation 1118 [1/1] (0.85ns)   --->   "%add_ln1664 = add i16 %select_ln1629, i16 2" [prj/sol/.autopilot/db/v_tpg.cpp:1664->prj/sol/.autopilot/db/v_tpg.cpp:707]   --->   Operation 1118 'add' 'add_ln1664' <Predicate = (patternId_val_read == 17)> <Delay = 0.85> <CoreInst = "Adder">   --->   Core 1 'Adder' <Latency = 0> <II = 1> <Delay = 0.85> <FuncUnit> <Opcode : 'add' 'sub'> <InPorts = 2> <OutPorts = 1>
ST_19 : Operation 1119 [1/1] (0.90ns)   --->   "%store_ln552 = store i8 %outpix_20, i8 %outpix_11_out" [prj/sol/.autopilot/db/v_tpg.cpp:552]   --->   Operation 1119 'store' 'store_ln552' <Predicate = (patternId_val_read == 17)> <Delay = 0.90>
ST_19 : Operation 1120 [1/1] (0.96ns)   --->   "%store_ln552 = store i8 %outpix_26, i8 %outpix_10_out" [prj/sol/.autopilot/db/v_tpg.cpp:552]   --->   Operation 1120 'store' 'store_ln552' <Predicate = (patternId_val_read == 17)> <Delay = 0.96>
ST_19 : Operation 1121 [1/1] (0.87ns)   --->   "%store_ln552 = store i8 %outpix_25, i8 %outpix_9_out" [prj/sol/.autopilot/db/v_tpg.cpp:552]   --->   Operation 1121 'store' 'store_ln552' <Predicate = (patternId_val_read == 17)> <Delay = 0.87>
ST_19 : Operation 1122 [1/1] (0.76ns)   --->   "%store_ln552 = store i8 %pix_37, i8 %outpix_8_out" [prj/sol/.autopilot/db/v_tpg.cpp:552]   --->   Operation 1122 'store' 'store_ln552' <Predicate = (patternId_val_read == 17)> <Delay = 0.76>
ST_19 : Operation 1123 [1/1] (0.76ns)   --->   "%store_ln552 = store i8 %pix_36, i8 %outpix_7_out" [prj/sol/.autopilot/db/v_tpg.cpp:552]   --->   Operation 1123 'store' 'store_ln552' <Predicate = (patternId_val_read == 17)> <Delay = 0.76>
ST_19 : Operation 1124 [1/1] (0.73ns)   --->   "%store_ln552 = store i8 %pix_35, i8 %outpix_6_out" [prj/sol/.autopilot/db/v_tpg.cpp:552]   --->   Operation 1124 'store' 'store_ln552' <Predicate = (patternId_val_read == 17)> <Delay = 0.73>
ST_19 : Operation 1125 [1/1] (0.42ns)   --->   "%store_ln0 = store i1 1, i1 %rampVal_2_flag_1"   --->   Operation 1125 'store' 'store_ln0' <Predicate = (patternId_val_read == 17)> <Delay = 0.42>
ST_19 : Operation 1126 [1/1] (0.00ns)   --->   "%store_ln1664 = store i16 %add_ln1664, i16 %rampVal_2_new_1_out" [prj/sol/.autopilot/db/v_tpg.cpp:1664->prj/sol/.autopilot/db/v_tpg.cpp:707]   --->   Operation 1126 'store' 'store_ln1664' <Predicate = (patternId_val_read == 17)> <Delay = 0.00>
ST_19 : Operation 1127 [1/1] (0.00ns)   --->   "%store_ln1664 = store i16 %add_ln1664, i16 %rampVal_2_loc_1_out" [prj/sol/.autopilot/db/v_tpg.cpp:1664->prj/sol/.autopilot/db/v_tpg.cpp:707]   --->   Operation 1127 'store' 'store_ln1664' <Predicate = (patternId_val_read == 17)> <Delay = 0.00>
ST_19 : Operation 1128 [1/1] (0.00ns)   --->   "%br_ln711 = br void %sw.epilog_ifconv" [prj/sol/.autopilot/db/v_tpg.cpp:711]   --->   Operation 1128 'br' 'br_ln711' <Predicate = (patternId_val_read == 17)> <Delay = 0.00>
ST_19 : Operation 1129 [1/1] (0.00ns)   --->   "%lfsr_r = load i28 %rSerie" [prj/sol/.autopilot/db/v_tpg.cpp:1856->prj/sol/.autopilot/db/v_tpg.cpp:703]   --->   Operation 1129 'load' 'lfsr_r' <Predicate = (patternId_val_read == 16)> <Delay = 0.00>
ST_19 : Operation 1130 [1/1] (0.00ns)   --->   "%lfsr_g = load i28 %gSerie" [prj/sol/.autopilot/db/v_tpg.cpp:1857->prj/sol/.autopilot/db/v_tpg.cpp:703]   --->   Operation 1130 'load' 'lfsr_g' <Predicate = (patternId_val_read == 16)> <Delay = 0.00>
ST_19 : Operation 1131 [1/1] (0.00ns)   --->   "%lfsr_b = load i28 %bSerie" [prj/sol/.autopilot/db/v_tpg.cpp:1858->prj/sol/.autopilot/db/v_tpg.cpp:703]   --->   Operation 1131 'load' 'lfsr_b' <Predicate = (patternId_val_read == 16)> <Delay = 0.00>
ST_19 : Operation 1132 [1/1] (0.00ns)   --->   "%trunc_ln1838 = trunc i28 %lfsr_r" [prj/sol/.autopilot/db/v_tpg.cpp:1838->prj/sol/.autopilot/db/v_tpg.cpp:703]   --->   Operation 1132 'trunc' 'trunc_ln1838' <Predicate = (patternId_val_read == 16)> <Delay = 0.00>
ST_19 : Operation 1133 [1/1] (0.00ns)   --->   "%tmp_43 = bitselect i1 @_ssdm_op_BitSelect.i1.i28.i32, i28 %lfsr_r, i32 3" [prj/sol/.autopilot/db/v_tpg.cpp:1838->prj/sol/.autopilot/db/v_tpg.cpp:703]   --->   Operation 1133 'bitselect' 'tmp_43' <Predicate = (patternId_val_read == 16)> <Delay = 0.00>
ST_19 : Operation 1134 [1/1] (0.28ns)   --->   "%xor_ln1839 = xor i1 %tmp_43, i1 %trunc_ln1838" [prj/sol/.autopilot/db/v_tpg.cpp:1839->prj/sol/.autopilot/db/v_tpg.cpp:703]   --->   Operation 1134 'xor' 'xor_ln1839' <Predicate = (patternId_val_read == 16)> <Delay = 0.28> <CoreInst = "LogicGate">   --->   Core 74 'LogicGate' <Latency = 0> <II = 1> <Delay = 0.28> <FuncUnit> <Opcode : 'and' 'or' 'xor'> <InPorts = 2> <OutPorts = 1>
ST_19 : Operation 1135 [1/1] (0.00ns)   --->   "%trunc_ln1845 = trunc i28 %lfsr_g" [prj/sol/.autopilot/db/v_tpg.cpp:1845->prj/sol/.autopilot/db/v_tpg.cpp:703]   --->   Operation 1135 'trunc' 'trunc_ln1845' <Predicate = (patternId_val_read == 16)> <Delay = 0.00>
ST_19 : Operation 1136 [1/1] (0.00ns)   --->   "%tmp_44 = bitselect i1 @_ssdm_op_BitSelect.i1.i28.i32, i28 %lfsr_g, i32 3" [prj/sol/.autopilot/db/v_tpg.cpp:1845->prj/sol/.autopilot/db/v_tpg.cpp:703]   --->   Operation 1136 'bitselect' 'tmp_44' <Predicate = (patternId_val_read == 16)> <Delay = 0.00>
ST_19 : Operation 1137 [1/1] (0.28ns)   --->   "%xor_ln1846 = xor i1 %tmp_44, i1 %trunc_ln1845" [prj/sol/.autopilot/db/v_tpg.cpp:1846->prj/sol/.autopilot/db/v_tpg.cpp:703]   --->   Operation 1137 'xor' 'xor_ln1846' <Predicate = (patternId_val_read == 16)> <Delay = 0.28> <CoreInst = "LogicGate">   --->   Core 74 'LogicGate' <Latency = 0> <II = 1> <Delay = 0.28> <FuncUnit> <Opcode : 'and' 'or' 'xor'> <InPorts = 2> <OutPorts = 1>
ST_19 : Operation 1138 [1/1] (0.00ns)   --->   "%trunc_ln1852 = trunc i28 %lfsr_b" [prj/sol/.autopilot/db/v_tpg.cpp:1852->prj/sol/.autopilot/db/v_tpg.cpp:703]   --->   Operation 1138 'trunc' 'trunc_ln1852' <Predicate = (patternId_val_read == 16)> <Delay = 0.00>
ST_19 : Operation 1139 [1/1] (0.00ns)   --->   "%tmp_45 = bitselect i1 @_ssdm_op_BitSelect.i1.i28.i32, i28 %lfsr_b, i32 3" [prj/sol/.autopilot/db/v_tpg.cpp:1852->prj/sol/.autopilot/db/v_tpg.cpp:703]   --->   Operation 1139 'bitselect' 'tmp_45' <Predicate = (patternId_val_read == 16)> <Delay = 0.00>
ST_19 : Operation 1140 [1/1] (0.28ns)   --->   "%xor_ln1853 = xor i1 %tmp_45, i1 %trunc_ln1852" [prj/sol/.autopilot/db/v_tpg.cpp:1853->prj/sol/.autopilot/db/v_tpg.cpp:703]   --->   Operation 1140 'xor' 'xor_ln1853' <Predicate = (patternId_val_read == 16)> <Delay = 0.28> <CoreInst = "LogicGate">   --->   Core 74 'LogicGate' <Latency = 0> <II = 1> <Delay = 0.28> <FuncUnit> <Opcode : 'and' 'or' 'xor'> <InPorts = 2> <OutPorts = 1>
ST_19 : Operation 1141 [1/1] (0.00ns)   --->   "%tmp_1 = partselect i7 @_ssdm_op_PartSelect.i7.i28.i32.i32, i28 %lfsr_r, i32 21, i32 27" [prj/sol/.autopilot/db/v_tpg.cpp:1860->prj/sol/.autopilot/db/v_tpg.cpp:703]   --->   Operation 1141 'partselect' 'tmp_1' <Predicate = (patternId_val_read == 16)> <Delay = 0.00>
ST_19 : Operation 1142 [1/1] (0.00ns)   --->   "%outpix_17 = bitconcatenate i8 @_ssdm_op_BitConcatenate.i8.i1.i7, i1 %xor_ln1839, i7 %tmp_1" [prj/sol/.autopilot/db/v_tpg.cpp:1860->prj/sol/.autopilot/db/v_tpg.cpp:703]   --->   Operation 1142 'bitconcatenate' 'outpix_17' <Predicate = (patternId_val_read == 16)> <Delay = 0.00>
ST_19 : Operation 1143 [1/1] (0.00ns)   --->   "%tmp_2 = partselect i7 @_ssdm_op_PartSelect.i7.i28.i32.i32, i28 %lfsr_g, i32 21, i32 27" [prj/sol/.autopilot/db/v_tpg.cpp:1862->prj/sol/.autopilot/db/v_tpg.cpp:703]   --->   Operation 1143 'partselect' 'tmp_2' <Predicate = (patternId_val_read == 16)> <Delay = 0.00>
ST_19 : Operation 1144 [1/1] (0.00ns)   --->   "%outpix_14 = bitconcatenate i8 @_ssdm_op_BitConcatenate.i8.i1.i7, i1 %xor_ln1846, i7 %tmp_2" [prj/sol/.autopilot/db/v_tpg.cpp:1862->prj/sol/.autopilot/db/v_tpg.cpp:703]   --->   Operation 1144 'bitconcatenate' 'outpix_14' <Predicate = (patternId_val_read == 16)> <Delay = 0.00>
ST_19 : Operation 1145 [1/1] (0.00ns)   --->   "%tmp_10 = partselect i7 @_ssdm_op_PartSelect.i7.i28.i32.i32, i28 %lfsr_b, i32 21, i32 27" [prj/sol/.autopilot/db/v_tpg.cpp:1864->prj/sol/.autopilot/db/v_tpg.cpp:703]   --->   Operation 1145 'partselect' 'tmp_10' <Predicate = (patternId_val_read == 16)> <Delay = 0.00>
ST_19 : Operation 1146 [1/1] (0.00ns)   --->   "%outpix_15 = bitconcatenate i8 @_ssdm_op_BitConcatenate.i8.i1.i7, i1 %xor_ln1853, i7 %tmp_10" [prj/sol/.autopilot/db/v_tpg.cpp:1864->prj/sol/.autopilot/db/v_tpg.cpp:703]   --->   Operation 1146 'bitconcatenate' 'outpix_15' <Predicate = (patternId_val_read == 16)> <Delay = 0.00>
ST_19 : Operation 1147 [1/1] (0.00ns)   --->   "%tmp_46 = bitselect i1 @_ssdm_op_BitSelect.i1.i28.i32, i28 %lfsr_r, i32 1" [prj/sol/.autopilot/db/v_tpg.cpp:1838->prj/sol/.autopilot/db/v_tpg.cpp:703]   --->   Operation 1147 'bitselect' 'tmp_46' <Predicate = (patternId_val_read == 16)> <Delay = 0.00>
ST_19 : Operation 1148 [1/1] (0.00ns)   --->   "%tmp_47 = bitselect i1 @_ssdm_op_BitSelect.i1.i28.i32, i28 %lfsr_r, i32 4" [prj/sol/.autopilot/db/v_tpg.cpp:1838->prj/sol/.autopilot/db/v_tpg.cpp:703]   --->   Operation 1148 'bitselect' 'tmp_47' <Predicate = (patternId_val_read == 16)> <Delay = 0.00>
ST_19 : Operation 1149 [1/1] (0.00ns)   --->   "%tmp_11 = partselect i26 @_ssdm_op_PartSelect.i26.i28.i32.i32, i28 %lfsr_r, i32 2, i32 27" [prj/sol/.autopilot/db/v_tpg.cpp:1839->prj/sol/.autopilot/db/v_tpg.cpp:703]   --->   Operation 1149 'partselect' 'tmp_11' <Predicate = (patternId_val_read == 16)> <Delay = 0.00>
ST_19 : Operation 1150 [1/1] (0.28ns)   --->   "%xor_ln1839_1 = xor i1 %tmp_47, i1 %tmp_46" [prj/sol/.autopilot/db/v_tpg.cpp:1839->prj/sol/.autopilot/db/v_tpg.cpp:703]   --->   Operation 1150 'xor' 'xor_ln1839_1' <Predicate = (patternId_val_read == 16)> <Delay = 0.28> <CoreInst = "LogicGate">   --->   Core 74 'LogicGate' <Latency = 0> <II = 1> <Delay = 0.28> <FuncUnit> <Opcode : 'and' 'or' 'xor'> <InPorts = 2> <OutPorts = 1>
ST_19 : Operation 1151 [1/1] (0.00ns)   --->   "%lfsr_r_1 = bitconcatenate i28 @_ssdm_op_BitConcatenate.i28.i1.i1.i26, i1 %xor_ln1839_1, i1 %xor_ln1839, i26 %tmp_11" [prj/sol/.autopilot/db/v_tpg.cpp:1839->prj/sol/.autopilot/db/v_tpg.cpp:703]   --->   Operation 1151 'bitconcatenate' 'lfsr_r_1' <Predicate = (patternId_val_read == 16)> <Delay = 0.00>
ST_19 : Operation 1152 [1/1] (0.00ns)   --->   "%tmp_48 = bitselect i1 @_ssdm_op_BitSelect.i1.i28.i32, i28 %lfsr_g, i32 1" [prj/sol/.autopilot/db/v_tpg.cpp:1845->prj/sol/.autopilot/db/v_tpg.cpp:703]   --->   Operation 1152 'bitselect' 'tmp_48' <Predicate = (patternId_val_read == 16)> <Delay = 0.00>
ST_19 : Operation 1153 [1/1] (0.00ns)   --->   "%tmp_49 = bitselect i1 @_ssdm_op_BitSelect.i1.i28.i32, i28 %lfsr_g, i32 4" [prj/sol/.autopilot/db/v_tpg.cpp:1845->prj/sol/.autopilot/db/v_tpg.cpp:703]   --->   Operation 1153 'bitselect' 'tmp_49' <Predicate = (patternId_val_read == 16)> <Delay = 0.00>
ST_19 : Operation 1154 [1/1] (0.00ns)   --->   "%tmp_12 = partselect i26 @_ssdm_op_PartSelect.i26.i28.i32.i32, i28 %lfsr_g, i32 2, i32 27" [prj/sol/.autopilot/db/v_tpg.cpp:1846->prj/sol/.autopilot/db/v_tpg.cpp:703]   --->   Operation 1154 'partselect' 'tmp_12' <Predicate = (patternId_val_read == 16)> <Delay = 0.00>
ST_19 : Operation 1155 [1/1] (0.28ns)   --->   "%xor_ln1846_1 = xor i1 %tmp_49, i1 %tmp_48" [prj/sol/.autopilot/db/v_tpg.cpp:1846->prj/sol/.autopilot/db/v_tpg.cpp:703]   --->   Operation 1155 'xor' 'xor_ln1846_1' <Predicate = (patternId_val_read == 16)> <Delay = 0.28> <CoreInst = "LogicGate">   --->   Core 74 'LogicGate' <Latency = 0> <II = 1> <Delay = 0.28> <FuncUnit> <Opcode : 'and' 'or' 'xor'> <InPorts = 2> <OutPorts = 1>
ST_19 : Operation 1156 [1/1] (0.00ns)   --->   "%lfsr_g_1 = bitconcatenate i28 @_ssdm_op_BitConcatenate.i28.i1.i1.i26, i1 %xor_ln1846_1, i1 %xor_ln1846, i26 %tmp_12" [prj/sol/.autopilot/db/v_tpg.cpp:1846->prj/sol/.autopilot/db/v_tpg.cpp:703]   --->   Operation 1156 'bitconcatenate' 'lfsr_g_1' <Predicate = (patternId_val_read == 16)> <Delay = 0.00>
ST_19 : Operation 1157 [1/1] (0.00ns)   --->   "%tmp_50 = bitselect i1 @_ssdm_op_BitSelect.i1.i28.i32, i28 %lfsr_b, i32 1" [prj/sol/.autopilot/db/v_tpg.cpp:1852->prj/sol/.autopilot/db/v_tpg.cpp:703]   --->   Operation 1157 'bitselect' 'tmp_50' <Predicate = (patternId_val_read == 16)> <Delay = 0.00>
ST_19 : Operation 1158 [1/1] (0.00ns)   --->   "%tmp_51 = bitselect i1 @_ssdm_op_BitSelect.i1.i28.i32, i28 %lfsr_b, i32 4" [prj/sol/.autopilot/db/v_tpg.cpp:1852->prj/sol/.autopilot/db/v_tpg.cpp:703]   --->   Operation 1158 'bitselect' 'tmp_51' <Predicate = (patternId_val_read == 16)> <Delay = 0.00>
ST_19 : Operation 1159 [1/1] (0.00ns)   --->   "%tmp_13 = partselect i26 @_ssdm_op_PartSelect.i26.i28.i32.i32, i28 %lfsr_b, i32 2, i32 27" [prj/sol/.autopilot/db/v_tpg.cpp:1853->prj/sol/.autopilot/db/v_tpg.cpp:703]   --->   Operation 1159 'partselect' 'tmp_13' <Predicate = (patternId_val_read == 16)> <Delay = 0.00>
ST_19 : Operation 1160 [1/1] (0.28ns)   --->   "%xor_ln1853_1 = xor i1 %tmp_51, i1 %tmp_50" [prj/sol/.autopilot/db/v_tpg.cpp:1853->prj/sol/.autopilot/db/v_tpg.cpp:703]   --->   Operation 1160 'xor' 'xor_ln1853_1' <Predicate = (patternId_val_read == 16)> <Delay = 0.28> <CoreInst = "LogicGate">   --->   Core 74 'LogicGate' <Latency = 0> <II = 1> <Delay = 0.28> <FuncUnit> <Opcode : 'and' 'or' 'xor'> <InPorts = 2> <OutPorts = 1>
ST_19 : Operation 1161 [1/1] (0.00ns)   --->   "%lfsr_b_1 = bitconcatenate i28 @_ssdm_op_BitConcatenate.i28.i1.i1.i26, i1 %xor_ln1853_1, i1 %xor_ln1853, i26 %tmp_13" [prj/sol/.autopilot/db/v_tpg.cpp:1853->prj/sol/.autopilot/db/v_tpg.cpp:703]   --->   Operation 1161 'bitconcatenate' 'lfsr_b_1' <Predicate = (patternId_val_read == 16)> <Delay = 0.00>
ST_19 : Operation 1162 [1/1] (0.00ns)   --->   "%tmp_14 = partselect i6 @_ssdm_op_PartSelect.i6.i28.i32.i32, i28 %lfsr_r, i32 22, i32 27" [prj/sol/.autopilot/db/v_tpg.cpp:1860->prj/sol/.autopilot/db/v_tpg.cpp:703]   --->   Operation 1162 'partselect' 'tmp_14' <Predicate = (patternId_val_read == 16)> <Delay = 0.00>
ST_19 : Operation 1163 [1/1] (0.00ns)   --->   "%outpix_16 = bitconcatenate i8 @_ssdm_op_BitConcatenate.i8.i1.i1.i6, i1 %xor_ln1839_1, i1 %xor_ln1839, i6 %tmp_14" [prj/sol/.autopilot/db/v_tpg.cpp:1860->prj/sol/.autopilot/db/v_tpg.cpp:703]   --->   Operation 1163 'bitconcatenate' 'outpix_16' <Predicate = (patternId_val_read == 16)> <Delay = 0.00>
ST_19 : Operation 1164 [1/1] (0.00ns)   --->   "%tmp_15 = partselect i6 @_ssdm_op_PartSelect.i6.i28.i32.i32, i28 %lfsr_b, i32 22, i32 27" [prj/sol/.autopilot/db/v_tpg.cpp:1862->prj/sol/.autopilot/db/v_tpg.cpp:703]   --->   Operation 1164 'partselect' 'tmp_15' <Predicate = (patternId_val_read == 16)> <Delay = 0.00>
ST_19 : Operation 1165 [1/1] (0.00ns)   --->   "%outpix_19 = bitconcatenate i8 @_ssdm_op_BitConcatenate.i8.i1.i1.i6, i1 %xor_ln1853_1, i1 %xor_ln1853, i6 %tmp_15" [prj/sol/.autopilot/db/v_tpg.cpp:1862->prj/sol/.autopilot/db/v_tpg.cpp:703]   --->   Operation 1165 'bitconcatenate' 'outpix_19' <Predicate = (patternId_val_read == 16)> <Delay = 0.00>
ST_19 : Operation 1166 [1/1] (0.00ns)   --->   "%tmp_17 = partselect i6 @_ssdm_op_PartSelect.i6.i28.i32.i32, i28 %lfsr_g, i32 22, i32 27" [prj/sol/.autopilot/db/v_tpg.cpp:1862->prj/sol/.autopilot/db/v_tpg.cpp:703]   --->   Operation 1166 'partselect' 'tmp_17' <Predicate = (patternId_val_read == 16 & !icmp_ln1862)> <Delay = 0.00>
ST_19 : Operation 1167 [1/1] (0.00ns)   --->   "%tmp_18 = bitconcatenate i8 @_ssdm_op_BitConcatenate.i8.i1.i1.i6, i1 %xor_ln1846_1, i1 %xor_ln1846, i6 %tmp_17" [prj/sol/.autopilot/db/v_tpg.cpp:1862->prj/sol/.autopilot/db/v_tpg.cpp:703]   --->   Operation 1167 'bitconcatenate' 'tmp_18' <Predicate = (patternId_val_read == 16 & !icmp_ln1862)> <Delay = 0.00>
ST_19 : Operation 1168 [1/1] (0.38ns)   --->   "%outpix_18 = select i1 %icmp_ln1862, i8 %outpix_19, i8 %tmp_18" [prj/sol/.autopilot/db/v_tpg.cpp:1862->prj/sol/.autopilot/db/v_tpg.cpp:703]   --->   Operation 1168 'select' 'outpix_18' <Predicate = (patternId_val_read == 16)> <Delay = 0.38> <CoreInst = "Sel">   --->   Core 73 'Sel' <Latency = 0> <II = 1> <Delay = 0.38> <FuncUnit> <Opcode : 'select'> <InPorts = 3> <OutPorts = 1>
ST_19 : Operation 1169 [1/1] (0.00ns)   --->   "%store_ln1856 = store i28 %lfsr_r_1, i28 %rSerie" [prj/sol/.autopilot/db/v_tpg.cpp:1856->prj/sol/.autopilot/db/v_tpg.cpp:703]   --->   Operation 1169 'store' 'store_ln1856' <Predicate = (patternId_val_read == 16)> <Delay = 0.00>
ST_19 : Operation 1170 [1/1] (0.00ns)   --->   "%store_ln1857 = store i28 %lfsr_g_1, i28 %gSerie" [prj/sol/.autopilot/db/v_tpg.cpp:1857->prj/sol/.autopilot/db/v_tpg.cpp:703]   --->   Operation 1170 'store' 'store_ln1857' <Predicate = (patternId_val_read == 16)> <Delay = 0.00>
ST_19 : Operation 1171 [1/1] (0.00ns)   --->   "%store_ln1858 = store i28 %lfsr_b_1, i28 %bSerie" [prj/sol/.autopilot/db/v_tpg.cpp:1858->prj/sol/.autopilot/db/v_tpg.cpp:703]   --->   Operation 1171 'store' 'store_ln1858' <Predicate = (patternId_val_read == 16)> <Delay = 0.00>
ST_19 : Operation 1172 [1/1] (0.90ns)   --->   "%store_ln552 = store i8 %outpix_19, i8 %outpix_11_out" [prj/sol/.autopilot/db/v_tpg.cpp:552]   --->   Operation 1172 'store' 'store_ln552' <Predicate = (patternId_val_read == 16)> <Delay = 0.90>
ST_19 : Operation 1173 [1/1] (0.96ns)   --->   "%store_ln552 = store i8 %outpix_18, i8 %outpix_10_out" [prj/sol/.autopilot/db/v_tpg.cpp:552]   --->   Operation 1173 'store' 'store_ln552' <Predicate = (patternId_val_read == 16)> <Delay = 0.96>
ST_19 : Operation 1174 [1/1] (0.87ns)   --->   "%store_ln552 = store i8 %outpix_16, i8 %outpix_9_out" [prj/sol/.autopilot/db/v_tpg.cpp:552]   --->   Operation 1174 'store' 'store_ln552' <Predicate = (patternId_val_read == 16)> <Delay = 0.87>
ST_19 : Operation 1175 [1/1] (0.76ns)   --->   "%store_ln552 = store i8 %outpix_15, i8 %outpix_8_out" [prj/sol/.autopilot/db/v_tpg.cpp:552]   --->   Operation 1175 'store' 'store_ln552' <Predicate = (patternId_val_read == 16)> <Delay = 0.76>
ST_19 : Operation 1176 [1/1] (0.76ns)   --->   "%store_ln552 = store i8 %outpix_14, i8 %outpix_7_out" [prj/sol/.autopilot/db/v_tpg.cpp:552]   --->   Operation 1176 'store' 'store_ln552' <Predicate = (patternId_val_read == 16)> <Delay = 0.76>
ST_19 : Operation 1177 [1/1] (0.73ns)   --->   "%store_ln552 = store i8 %outpix_17, i8 %outpix_6_out" [prj/sol/.autopilot/db/v_tpg.cpp:552]   --->   Operation 1177 'store' 'store_ln552' <Predicate = (patternId_val_read == 16)> <Delay = 0.73>
ST_19 : Operation 1178 [1/1] (0.00ns)   --->   "%br_ln704 = br void %sw.epilog_ifconv" [prj/sol/.autopilot/db/v_tpg.cpp:704]   --->   Operation 1178 'br' 'br_ln704' <Predicate = (patternId_val_read == 16)> <Delay = 0.00>
ST_19 : Operation 1179 [1/2] ( I:0.67ns O:0.67ns )   --->   "%tpgBarSelRgb_r_load_2 = load i3 %tpgBarSelRgb_r_addr_2" [prj/sol/.autopilot/db/v_tpg.cpp:1600->prj/sol/.autopilot/db/v_tpg.cpp:697]   --->   Operation 1179 'load' 'tpgBarSelRgb_r_load_2' <Predicate = (patternId_val_read == 15 & icmp_ln1122)> <Delay = 0.67> <CoreInst = "ROM">   --->   Core 100 'ROM' <Latency = 1> <II = 1> <Delay = 0.67> <Storage> <Opcode : 'load'> <Ports = 0> <Width = 2> <Depth = 8> <ROM>
ST_19 : Operation 1180 [1/1] (0.00ns)   --->   "%tpgBarSelRgb_r_load_2_cast = sext i2 %tpgBarSelRgb_r_load_2" [prj/sol/.autopilot/db/v_tpg.cpp:1600->prj/sol/.autopilot/db/v_tpg.cpp:697]   --->   Operation 1180 'sext' 'tpgBarSelRgb_r_load_2_cast' <Predicate = (patternId_val_read == 15 & icmp_ln1122)> <Delay = 0.00>
ST_19 : Operation 1181 [1/2] ( I:0.67ns O:0.67ns )   --->   "%tpgBarSelRgb_g_load_2 = load i3 %tpgBarSelRgb_g_addr_2" [prj/sol/.autopilot/db/v_tpg.cpp:1604->prj/sol/.autopilot/db/v_tpg.cpp:697]   --->   Operation 1181 'load' 'tpgBarSelRgb_g_load_2' <Predicate = (patternId_val_read == 15 & icmp_ln1122)> <Delay = 0.67> <CoreInst = "ROM">   --->   Core 100 'ROM' <Latency = 1> <II = 1> <Delay = 0.67> <Storage> <Opcode : 'load'> <Ports = 0> <Width = 2> <Depth = 8> <ROM>
ST_19 : Operation 1182 [1/1] (0.00ns)   --->   "%tpgBarSelRgb_g_load_2_cast = sext i2 %tpgBarSelRgb_g_load_2" [prj/sol/.autopilot/db/v_tpg.cpp:1604->prj/sol/.autopilot/db/v_tpg.cpp:697]   --->   Operation 1182 'sext' 'tpgBarSelRgb_g_load_2_cast' <Predicate = (patternId_val_read == 15 & icmp_ln1122)> <Delay = 0.00>
ST_19 : Operation 1183 [1/2] ( I:0.67ns O:0.67ns )   --->   "%tpgBarSelRgb_b_load_2 = load i3 %tpgBarSelRgb_b_addr_2" [prj/sol/.autopilot/db/v_tpg.cpp:1611->prj/sol/.autopilot/db/v_tpg.cpp:697]   --->   Operation 1183 'load' 'tpgBarSelRgb_b_load_2' <Predicate = (patternId_val_read == 15 & icmp_ln1122)> <Delay = 0.67> <CoreInst = "ROM">   --->   Core 100 'ROM' <Latency = 1> <II = 1> <Delay = 0.67> <Storage> <Opcode : 'load'> <Ports = 0> <Width = 2> <Depth = 8> <ROM>
ST_19 : Operation 1184 [1/1] (0.00ns)   --->   "%tpgBarSelRgb_b_load_2_cast = sext i2 %tpgBarSelRgb_b_load_2" [prj/sol/.autopilot/db/v_tpg.cpp:1611->prj/sol/.autopilot/db/v_tpg.cpp:697]   --->   Operation 1184 'sext' 'tpgBarSelRgb_b_load_2_cast' <Predicate = (patternId_val_read == 15 & icmp_ln1122)> <Delay = 0.00>
ST_19 : Operation 1185 [1/2] ( I:0.67ns O:0.67ns )   --->   "%tpgBarSelYuv_y_load_2 = load i3 %tpgBarSelYuv_y_addr_2" [prj/sol/.autopilot/db/v_tpg.cpp:1601->prj/sol/.autopilot/db/v_tpg.cpp:697]   --->   Operation 1185 'load' 'tpgBarSelYuv_y_load_2' <Predicate = (patternId_val_read == 15 & !icmp_ln1122)> <Delay = 0.67> <CoreInst = "ROM">   --->   Core 100 'ROM' <Latency = 1> <II = 1> <Delay = 0.67> <Storage> <Opcode : 'load'> <Ports = 0> <Width = 8> <Depth = 8> <ROM>
ST_19 : Operation 1186 [1/2] ( I:0.67ns O:0.67ns )   --->   "%tpgBarSelYuv_u_load_2 = load i3 %tpgBarSelYuv_u_addr_2" [prj/sol/.autopilot/db/v_tpg.cpp:1606->prj/sol/.autopilot/db/v_tpg.cpp:697]   --->   Operation 1186 'load' 'tpgBarSelYuv_u_load_2' <Predicate = (patternId_val_read == 15 & !icmp_ln1122)> <Delay = 0.67> <CoreInst = "ROM">   --->   Core 100 'ROM' <Latency = 1> <II = 1> <Delay = 0.67> <Storage> <Opcode : 'load'> <Ports = 0> <Width = 8> <Depth = 8> <ROM>
ST_19 : Operation 1187 [1/2] ( I:0.67ns O:0.67ns )   --->   "%tpgBarSelYuv_v_load_2 = load i3 %tpgBarSelYuv_v_addr_2" [prj/sol/.autopilot/db/v_tpg.cpp:1612->prj/sol/.autopilot/db/v_tpg.cpp:697]   --->   Operation 1187 'load' 'tpgBarSelYuv_v_load_2' <Predicate = (patternId_val_read == 15 & !icmp_ln1122)> <Delay = 0.67> <CoreInst = "ROM">   --->   Core 100 'ROM' <Latency = 1> <II = 1> <Delay = 0.67> <Storage> <Opcode : 'load'> <Ports = 0> <Width = 8> <Depth = 8> <ROM>
ST_19 : Operation 1188 [1/1] (0.38ns)   --->   "%outpix_71 = select i1 %icmp_ln1122, i8 %tpgBarSelRgb_g_load_2_cast, i8 %tpgBarSelYuv_u_load_2" [prj/sol/.autopilot/db/v_tpg.cpp:1122->prj/sol/.autopilot/db/v_tpg.cpp:601]   --->   Operation 1188 'select' 'outpix_71' <Predicate = (patternId_val_read == 15)> <Delay = 0.38> <CoreInst = "Sel">   --->   Core 73 'Sel' <Latency = 0> <II = 1> <Delay = 0.38> <FuncUnit> <Opcode : 'select'> <InPorts = 3> <OutPorts = 1>
ST_19 : Operation 1189 [1/1] (0.38ns)   --->   "%outpix_72 = select i1 %icmp_ln1122, i8 %tpgBarSelRgb_r_load_2_cast, i8 %tpgBarSelYuv_y_load_2" [prj/sol/.autopilot/db/v_tpg.cpp:1122->prj/sol/.autopilot/db/v_tpg.cpp:601]   --->   Operation 1189 'select' 'outpix_72' <Predicate = (patternId_val_read == 15)> <Delay = 0.38> <CoreInst = "Sel">   --->   Core 73 'Sel' <Latency = 0> <II = 1> <Delay = 0.38> <FuncUnit> <Opcode : 'select'> <InPorts = 3> <OutPorts = 1>
ST_19 : Operation 1190 [1/1] (0.38ns)   --->   "%outpix_70 = select i1 %icmp_ln1122, i8 %tpgBarSelRgb_b_load_2_cast, i8 %tpgBarSelYuv_v_load_2" [prj/sol/.autopilot/db/v_tpg.cpp:1122->prj/sol/.autopilot/db/v_tpg.cpp:601]   --->   Operation 1190 'select' 'outpix_70' <Predicate = (patternId_val_read == 15)> <Delay = 0.38> <CoreInst = "Sel">   --->   Core 73 'Sel' <Latency = 0> <II = 1> <Delay = 0.38> <FuncUnit> <Opcode : 'select'> <InPorts = 3> <OutPorts = 1>
ST_19 : Operation 1191 [1/1] (0.76ns)   --->   "%store_ln552 = store i8 %outpix_70, i8 %outpix_8_out" [prj/sol/.autopilot/db/v_tpg.cpp:552]   --->   Operation 1191 'store' 'store_ln552' <Predicate = (patternId_val_read == 15)> <Delay = 0.76>
ST_19 : Operation 1192 [1/1] (0.76ns)   --->   "%store_ln552 = store i8 %outpix_71, i8 %outpix_7_out" [prj/sol/.autopilot/db/v_tpg.cpp:552]   --->   Operation 1192 'store' 'store_ln552' <Predicate = (patternId_val_read == 15)> <Delay = 0.76>
ST_19 : Operation 1193 [1/1] (0.73ns)   --->   "%store_ln552 = store i8 %outpix_72, i8 %outpix_6_out" [prj/sol/.autopilot/db/v_tpg.cpp:552]   --->   Operation 1193 'store' 'store_ln552' <Predicate = (patternId_val_read == 15)> <Delay = 0.73>
ST_19 : Operation 1194 [1/2] ( I:0.67ns O:0.67ns )   --->   "%tpgBarSelYuv_y_load_5 = load i3 %tpgBarSelYuv_y_addr_5" [prj/sol/.autopilot/db/v_tpg.cpp:1601->prj/sol/.autopilot/db/v_tpg.cpp:697]   --->   Operation 1194 'load' 'tpgBarSelYuv_y_load_5' <Predicate = (patternId_val_read == 15 & !icmp_ln1122)> <Delay = 0.67> <CoreInst = "ROM">   --->   Core 100 'ROM' <Latency = 1> <II = 1> <Delay = 0.67> <Storage> <Opcode : 'load'> <Ports = 0> <Width = 8> <Depth = 8> <ROM>
ST_19 : Operation 1195 [1/2] ( I:0.67ns O:0.67ns )   --->   "%tpgBarSelYuv_u_load_5 = load i3 %tpgBarSelYuv_u_addr_5" [prj/sol/.autopilot/db/v_tpg.cpp:1606->prj/sol/.autopilot/db/v_tpg.cpp:697]   --->   Operation 1195 'load' 'tpgBarSelYuv_u_load_5' <Predicate = (patternId_val_read == 15 & !icmp_ln1122 & icmp_ln1144)> <Delay = 0.67> <CoreInst = "ROM">   --->   Core 100 'ROM' <Latency = 1> <II = 1> <Delay = 0.67> <Storage> <Opcode : 'load'> <Ports = 0> <Width = 8> <Depth = 8> <ROM>
ST_19 : Operation 1196 [1/2] ( I:0.67ns O:0.67ns )   --->   "%tpgBarSelYuv_v_load_5 = load i3 %tpgBarSelYuv_v_addr_5" [prj/sol/.autopilot/db/v_tpg.cpp:1607->prj/sol/.autopilot/db/v_tpg.cpp:697]   --->   Operation 1196 'load' 'tpgBarSelYuv_v_load_5' <Predicate = (patternId_val_read == 15 & !icmp_ln1122)> <Delay = 0.67> <CoreInst = "ROM">   --->   Core 100 'ROM' <Latency = 1> <II = 1> <Delay = 0.67> <Storage> <Opcode : 'load'> <Ports = 0> <Width = 8> <Depth = 8> <ROM>
ST_19 : Operation 1197 [1/1] (0.38ns)   --->   "%cond99_1_ph_i = select i1 %icmp_ln1144, i8 %tpgBarSelYuv_u_load_5, i8 %tpgBarSelYuv_v_load_5" [prj/sol/.autopilot/db/v_tpg.cpp:1144->prj/sol/.autopilot/db/v_tpg.cpp:609]   --->   Operation 1197 'select' 'cond99_1_ph_i' <Predicate = (patternId_val_read == 15 & !icmp_ln1122)> <Delay = 0.38> <CoreInst = "Sel">   --->   Core 73 'Sel' <Latency = 0> <II = 1> <Delay = 0.38> <FuncUnit> <Opcode : 'select'> <InPorts = 3> <OutPorts = 1>
ST_19 : Operation 1198 [1/1] (0.90ns)   --->   "%store_ln552 = store i8 %tpgBarSelYuv_v_load_5, i8 %outpix_11_out" [prj/sol/.autopilot/db/v_tpg.cpp:552]   --->   Operation 1198 'store' 'store_ln552' <Predicate = (patternId_val_read == 15 & !icmp_ln1122)> <Delay = 0.90>
ST_19 : Operation 1199 [1/1] (0.96ns)   --->   "%store_ln552 = store i8 %cond99_1_ph_i, i8 %outpix_10_out" [prj/sol/.autopilot/db/v_tpg.cpp:552]   --->   Operation 1199 'store' 'store_ln552' <Predicate = (patternId_val_read == 15 & !icmp_ln1122)> <Delay = 0.96>
ST_19 : Operation 1200 [1/1] (0.87ns)   --->   "%store_ln552 = store i8 %tpgBarSelYuv_y_load_5, i8 %outpix_9_out" [prj/sol/.autopilot/db/v_tpg.cpp:552]   --->   Operation 1200 'store' 'store_ln552' <Predicate = (patternId_val_read == 15 & !icmp_ln1122)> <Delay = 0.87>
ST_19 : Operation 1201 [1/1] (0.00ns)   --->   "%br_ln1610 = br void %sw.epilog_ifconv" [prj/sol/.autopilot/db/v_tpg.cpp:1610->prj/sol/.autopilot/db/v_tpg.cpp:697]   --->   Operation 1201 'br' 'br_ln1610' <Predicate = (patternId_val_read == 15 & !icmp_ln1122)> <Delay = 0.00>
ST_19 : Operation 1202 [1/2] ( I:0.67ns O:0.67ns )   --->   "%tpgBarSelRgb_r_load_5 = load i3 %tpgBarSelRgb_r_addr_5" [prj/sol/.autopilot/db/v_tpg.cpp:1600->prj/sol/.autopilot/db/v_tpg.cpp:697]   --->   Operation 1202 'load' 'tpgBarSelRgb_r_load_5' <Predicate = (patternId_val_read == 15 & icmp_ln1122)> <Delay = 0.67> <CoreInst = "ROM">   --->   Core 100 'ROM' <Latency = 1> <II = 1> <Delay = 0.67> <Storage> <Opcode : 'load'> <Ports = 0> <Width = 2> <Depth = 8> <ROM>
ST_19 : Operation 1203 [1/1] (0.00ns)   --->   "%tpgBarSelRgb_r_load_5_cast = sext i2 %tpgBarSelRgb_r_load_5" [prj/sol/.autopilot/db/v_tpg.cpp:1600->prj/sol/.autopilot/db/v_tpg.cpp:697]   --->   Operation 1203 'sext' 'tpgBarSelRgb_r_load_5_cast' <Predicate = (patternId_val_read == 15 & icmp_ln1122)> <Delay = 0.00>
ST_19 : Operation 1204 [1/2] ( I:0.67ns O:0.67ns )   --->   "%tpgBarSelRgb_g_load_5 = load i3 %tpgBarSelRgb_g_addr_5" [prj/sol/.autopilot/db/v_tpg.cpp:1604->prj/sol/.autopilot/db/v_tpg.cpp:697]   --->   Operation 1204 'load' 'tpgBarSelRgb_g_load_5' <Predicate = (patternId_val_read == 15 & icmp_ln1122)> <Delay = 0.67> <CoreInst = "ROM">   --->   Core 100 'ROM' <Latency = 1> <II = 1> <Delay = 0.67> <Storage> <Opcode : 'load'> <Ports = 0> <Width = 2> <Depth = 8> <ROM>
ST_19 : Operation 1205 [1/1] (0.00ns)   --->   "%tpgBarSelRgb_g_load_5_cast = sext i2 %tpgBarSelRgb_g_load_5" [prj/sol/.autopilot/db/v_tpg.cpp:1604->prj/sol/.autopilot/db/v_tpg.cpp:697]   --->   Operation 1205 'sext' 'tpgBarSelRgb_g_load_5_cast' <Predicate = (patternId_val_read == 15 & icmp_ln1122)> <Delay = 0.00>
ST_19 : Operation 1206 [1/2] ( I:0.67ns O:0.67ns )   --->   "%tpgBarSelRgb_b_load_5 = load i3 %tpgBarSelRgb_b_addr_5" [prj/sol/.autopilot/db/v_tpg.cpp:1611->prj/sol/.autopilot/db/v_tpg.cpp:697]   --->   Operation 1206 'load' 'tpgBarSelRgb_b_load_5' <Predicate = (patternId_val_read == 15 & icmp_ln1122)> <Delay = 0.67> <CoreInst = "ROM">   --->   Core 100 'ROM' <Latency = 1> <II = 1> <Delay = 0.67> <Storage> <Opcode : 'load'> <Ports = 0> <Width = 2> <Depth = 8> <ROM>
ST_19 : Operation 1207 [1/1] (0.00ns)   --->   "%tpgBarSelRgb_b_load_5_cast = sext i2 %tpgBarSelRgb_b_load_5" [prj/sol/.autopilot/db/v_tpg.cpp:1611->prj/sol/.autopilot/db/v_tpg.cpp:697]   --->   Operation 1207 'sext' 'tpgBarSelRgb_b_load_5_cast' <Predicate = (patternId_val_read == 15 & icmp_ln1122)> <Delay = 0.00>
ST_19 : Operation 1208 [1/1] (0.90ns)   --->   "%store_ln552 = store i8 %tpgBarSelRgb_b_load_5_cast, i8 %outpix_11_out" [prj/sol/.autopilot/db/v_tpg.cpp:552]   --->   Operation 1208 'store' 'store_ln552' <Predicate = (patternId_val_read == 15 & icmp_ln1122)> <Delay = 0.90>
ST_19 : Operation 1209 [1/1] (0.96ns)   --->   "%store_ln552 = store i8 %tpgBarSelRgb_g_load_5_cast, i8 %outpix_10_out" [prj/sol/.autopilot/db/v_tpg.cpp:552]   --->   Operation 1209 'store' 'store_ln552' <Predicate = (patternId_val_read == 15 & icmp_ln1122)> <Delay = 0.96>
ST_19 : Operation 1210 [1/1] (0.87ns)   --->   "%store_ln552 = store i8 %tpgBarSelRgb_r_load_5_cast, i8 %outpix_9_out" [prj/sol/.autopilot/db/v_tpg.cpp:552]   --->   Operation 1210 'store' 'store_ln552' <Predicate = (patternId_val_read == 15 & icmp_ln1122)> <Delay = 0.87>
ST_19 : Operation 1211 [1/1] (0.00ns)   --->   "%br_ln1610 = br void %sw.epilog_ifconv" [prj/sol/.autopilot/db/v_tpg.cpp:1610->prj/sol/.autopilot/db/v_tpg.cpp:697]   --->   Operation 1211 'br' 'br_ln1610' <Predicate = (patternId_val_read == 15 & icmp_ln1122)> <Delay = 0.00>
ST_19 : Operation 1212 [1/1] (0.38ns)   --->   "%outpix_10 = select i1 %icmp_ln1072, i8 %add_ln1533_read, i8 %trunc_ln565" [prj/sol/.autopilot/db/v_tpg.cpp:1532->prj/sol/.autopilot/db/v_tpg.cpp:689]   --->   Operation 1212 'select' 'outpix_10' <Predicate = (patternId_val_read == 14)> <Delay = 0.38> <CoreInst = "Sel">   --->   Core 73 'Sel' <Latency = 0> <II = 1> <Delay = 0.38> <FuncUnit> <Opcode : 'select'> <InPorts = 3> <OutPorts = 1>
ST_19 : Operation 1213 [1/1] (0.38ns)   --->   "%outpix_11 = select i1 %icmp_ln1122, i8 %outpix_10, i8 128" [prj/sol/.autopilot/db/v_tpg.cpp:1540->prj/sol/.autopilot/db/v_tpg.cpp:689]   --->   Operation 1213 'select' 'outpix_11' <Predicate = (patternId_val_read == 14)> <Delay = 0.38> <CoreInst = "Sel">   --->   Core 73 'Sel' <Latency = 0> <II = 1> <Delay = 0.38> <FuncUnit> <Opcode : 'select'> <InPorts = 3> <OutPorts = 1>
ST_19 : Operation 1214 [1/1] (0.76ns)   --->   "%outpix_12 = add i8 %outpix_10, i8 1" [prj/sol/.autopilot/db/v_tpg.cpp:1538->prj/sol/.autopilot/db/v_tpg.cpp:689]   --->   Operation 1214 'add' 'outpix_12' <Predicate = (patternId_val_read == 14)> <Delay = 0.76> <CoreInst = "Adder">   --->   Core 1 'Adder' <Latency = 0> <II = 1> <Delay = 0.76> <FuncUnit> <Opcode : 'add' 'sub'> <InPorts = 2> <OutPorts = 1>
ST_19 : Operation 1215 [1/1] (0.38ns)   --->   "%outpix_13 = select i1 %icmp_ln1122, i8 %outpix_12, i8 128" [prj/sol/.autopilot/db/v_tpg.cpp:1540->prj/sol/.autopilot/db/v_tpg.cpp:689]   --->   Operation 1215 'select' 'outpix_13' <Predicate = (patternId_val_read == 14)> <Delay = 0.38> <CoreInst = "Sel">   --->   Core 73 'Sel' <Latency = 0> <II = 1> <Delay = 0.38> <FuncUnit> <Opcode : 'select'> <InPorts = 3> <OutPorts = 1>
ST_19 : Operation 1216 [1/1] (0.76ns)   --->   "%add_ln1545 = add i8 %outpix_10, i8 2" [prj/sol/.autopilot/db/v_tpg.cpp:1545->prj/sol/.autopilot/db/v_tpg.cpp:689]   --->   Operation 1216 'add' 'add_ln1545' <Predicate = (patternId_val_read == 14)> <Delay = 0.76> <CoreInst = "Adder">   --->   Core 1 'Adder' <Latency = 0> <II = 1> <Delay = 0.76> <FuncUnit> <Opcode : 'add' 'sub'> <InPorts = 2> <OutPorts = 1>
ST_19 : Operation 1217 [1/1] (0.00ns)   --->   "%zext_ln552_1 = zext i8 %add_ln1545" [prj/sol/.autopilot/db/v_tpg.cpp:552]   --->   Operation 1217 'zext' 'zext_ln552_1' <Predicate = (patternId_val_read == 14)> <Delay = 0.00>
ST_19 : Operation 1218 [1/1] (0.90ns)   --->   "%store_ln552 = store i8 %outpix_13, i8 %outpix_11_out" [prj/sol/.autopilot/db/v_tpg.cpp:552]   --->   Operation 1218 'store' 'store_ln552' <Predicate = (patternId_val_read == 14)> <Delay = 0.90>
ST_19 : Operation 1219 [1/1] (0.96ns)   --->   "%store_ln552 = store i8 %outpix_13, i8 %outpix_10_out" [prj/sol/.autopilot/db/v_tpg.cpp:552]   --->   Operation 1219 'store' 'store_ln552' <Predicate = (patternId_val_read == 14)> <Delay = 0.96>
ST_19 : Operation 1220 [1/1] (0.87ns)   --->   "%store_ln552 = store i8 %outpix_12, i8 %outpix_9_out" [prj/sol/.autopilot/db/v_tpg.cpp:552]   --->   Operation 1220 'store' 'store_ln552' <Predicate = (patternId_val_read == 14)> <Delay = 0.87>
ST_19 : Operation 1221 [1/1] (0.76ns)   --->   "%store_ln552 = store i8 %outpix_11, i8 %outpix_8_out" [prj/sol/.autopilot/db/v_tpg.cpp:552]   --->   Operation 1221 'store' 'store_ln552' <Predicate = (patternId_val_read == 14)> <Delay = 0.76>
ST_19 : Operation 1222 [1/1] (0.76ns)   --->   "%store_ln552 = store i8 %outpix_11, i8 %outpix_7_out" [prj/sol/.autopilot/db/v_tpg.cpp:552]   --->   Operation 1222 'store' 'store_ln552' <Predicate = (patternId_val_read == 14)> <Delay = 0.76>
ST_19 : Operation 1223 [1/1] (0.73ns)   --->   "%store_ln552 = store i8 %outpix_10, i8 %outpix_6_out" [prj/sol/.autopilot/db/v_tpg.cpp:552]   --->   Operation 1223 'store' 'store_ln552' <Predicate = (patternId_val_read == 14)> <Delay = 0.73>
ST_19 : Operation 1224 [1/1] (0.42ns)   --->   "%store_ln0 = store i1 1, i1 %hdata_flag_1"   --->   Operation 1224 'store' 'store_ln0' <Predicate = (patternId_val_read == 14)> <Delay = 0.42>
ST_19 : Operation 1225 [1/1] (0.00ns)   --->   "%store_ln552 = store i16 %zext_ln552_1, i16 %hdata_new_1_out" [prj/sol/.autopilot/db/v_tpg.cpp:552]   --->   Operation 1225 'store' 'store_ln552' <Predicate = (patternId_val_read == 14)> <Delay = 0.00>
ST_19 : Operation 1226 [1/1] (0.00ns)   --->   "%store_ln552 = store i16 %zext_ln552_1, i16 %hdata_loc_1_out" [prj/sol/.autopilot/db/v_tpg.cpp:552]   --->   Operation 1226 'store' 'store_ln552' <Predicate = (patternId_val_read == 14)> <Delay = 0.00>
ST_19 : Operation 1227 [1/1] (0.00ns)   --->   "%br_ln693 = br void %sw.epilog_ifconv" [prj/sol/.autopilot/db/v_tpg.cpp:693]   --->   Operation 1227 'br' 'br_ln693' <Predicate = (patternId_val_read == 14)> <Delay = 0.00>
ST_19 : Operation 1228 [1/3] (0.00ns) (grouped into DSP with root node add_ln1302_2)   --->   "%mul_ln1302 = mul i13 %zext_ln1302_3, i13 29" [prj/sol/.autopilot/db/v_tpg.cpp:1302->prj/sol/.autopilot/db/v_tpg.cpp:681]   --->   Operation 1228 'mul' 'mul_ln1302' <Predicate = (patternId_val_read == 13 & !icmp_ln1122)> <Delay = 0.00> <CoreInst = "DSP48">   --->   Core 124 'DSP48' <Latency = 3> <II = 1> <Delay = 0.53> <IPBlock> <Opcode : 'add' 'sub' 'mul' 'select'> <InPorts = 0> <OutPorts = 1> <Sync> <CReg>
ST_19 : Operation 1229 [1/1] (0.00ns) (grouped into DSP with root node add_ln1302_2)   --->   "%zext_ln1302_4 = zext i13 %mul_ln1302" [prj/sol/.autopilot/db/v_tpg.cpp:1302->prj/sol/.autopilot/db/v_tpg.cpp:681]   --->   Operation 1229 'zext' 'zext_ln1302_4' <Predicate = (patternId_val_read == 13 & !icmp_ln1122)> <Delay = 0.00>
ST_19 : Operation 1230 [1/2] (0.64ns) (root node of the DSP)   --->   "%add_ln1302_1 = add i16 %mul_ln1302_2, i16 %zext_ln1302_5" [prj/sol/.autopilot/db/v_tpg.cpp:1302->prj/sol/.autopilot/db/v_tpg.cpp:681]   --->   Operation 1230 'add' 'add_ln1302_1' <Predicate = (patternId_val_read == 13 & !icmp_ln1122)> <Delay = 0.64> <CoreInst = "DSP48">   --->   Core 124 'DSP48' <Latency = 3> <II = 1> <Delay = 0.53> <IPBlock> <Opcode : 'add' 'sub' 'mul' 'select'> <InPorts = 0> <OutPorts = 1> <Sync> <CReg>
ST_19 : Operation 1231 [1/1] (0.00ns)   --->   "%zext_ln1302_6 = zext i16 %add_ln1302_1" [prj/sol/.autopilot/db/v_tpg.cpp:1302->prj/sol/.autopilot/db/v_tpg.cpp:681]   --->   Operation 1231 'zext' 'zext_ln1302_6' <Predicate = (patternId_val_read == 13 & !icmp_ln1122)> <Delay = 0.00>
ST_19 : Operation 1232 [2/2] (0.64ns) (root node of the DSP)   --->   "%add_ln1302_2 = add i17 %zext_ln1302_6, i17 %zext_ln1302_4" [prj/sol/.autopilot/db/v_tpg.cpp:1302->prj/sol/.autopilot/db/v_tpg.cpp:681]   --->   Operation 1232 'add' 'add_ln1302_2' <Predicate = (patternId_val_read == 13 & !icmp_ln1122)> <Delay = 0.64> <CoreInst = "DSP48">   --->   Core 124 'DSP48' <Latency = 3> <II = 1> <Delay = 0.53> <IPBlock> <Opcode : 'add' 'sub' 'mul' 'select'> <InPorts = 0> <OutPorts = 1> <Sync> <CReg>
ST_19 : Operation 1233 [1/1] (0.00ns)   --->   "%shl_ln1 = bitconcatenate i15 @_ssdm_op_BitConcatenate.i15.i8.i7, i8 %b, i7 0" [prj/sol/.autopilot/db/v_tpg.cpp:1303->prj/sol/.autopilot/db/v_tpg.cpp:681]   --->   Operation 1233 'bitconcatenate' 'shl_ln1' <Predicate = (patternId_val_read == 13 & !icmp_ln1122)> <Delay = 0.00>
ST_19 : Operation 1234 [1/1] (0.00ns)   --->   "%zext_ln1303 = zext i15 %shl_ln1" [prj/sol/.autopilot/db/v_tpg.cpp:1303->prj/sol/.autopilot/db/v_tpg.cpp:681]   --->   Operation 1234 'zext' 'zext_ln1303' <Predicate = (patternId_val_read == 13 & !icmp_ln1122)> <Delay = 0.00>
ST_19 : Operation 1235 [1/2] (0.64ns) (root node of the DSP)   --->   "%add_ln1303_1 = add i16 %add_ln1303, i16 %mul65_i_neg" [prj/sol/.autopilot/db/v_tpg.cpp:1303->prj/sol/.autopilot/db/v_tpg.cpp:681]   --->   Operation 1235 'add' 'add_ln1303_1' <Predicate = (patternId_val_read == 13 & !icmp_ln1122)> <Delay = 0.64> <CoreInst = "DSP48">   --->   Core 124 'DSP48' <Latency = 3> <II = 1> <Delay = 0.53> <IPBlock> <Opcode : 'add' 'sub' 'mul' 'select'> <InPorts = 0> <OutPorts = 1> <Sync> <CReg>
ST_19 : Operation 1236 [1/1] (0.00ns)   --->   "%zext_ln1303_1 = zext i16 %add_ln1303_1" [prj/sol/.autopilot/db/v_tpg.cpp:1303->prj/sol/.autopilot/db/v_tpg.cpp:681]   --->   Operation 1236 'zext' 'zext_ln1303_1' <Predicate = (patternId_val_read == 13 & !icmp_ln1122)> <Delay = 0.00>
ST_19 : Operation 1237 [1/1] (0.85ns)   --->   "%add_ln1303_2 = add i17 %zext_ln1303_1, i17 %zext_ln1303" [prj/sol/.autopilot/db/v_tpg.cpp:1303->prj/sol/.autopilot/db/v_tpg.cpp:681]   --->   Operation 1237 'add' 'add_ln1303_2' <Predicate = (patternId_val_read == 13 & !icmp_ln1122)> <Delay = 0.85> <CoreInst = "Adder">   --->   Core 1 'Adder' <Latency = 0> <II = 1> <Delay = 0.85> <FuncUnit> <Opcode : 'add' 'sub'> <InPorts = 2> <OutPorts = 1>
ST_19 : Operation 1238 [1/1] (0.00ns) (grouped into LUT with out node pix_33)   --->   "%tmp_38 = bitselect i1 @_ssdm_op_BitSelect.i1.i17.i32, i17 %add_ln1303_2, i32 16" [prj/sol/.autopilot/db/v_tpg.cpp:1306->prj/sol/.autopilot/db/v_tpg.cpp:681]   --->   Operation 1238 'bitselect' 'tmp_38' <Predicate = (patternId_val_read == 13 & !icmp_ln1122)> <Delay = 0.00>
ST_19 : Operation 1239 [1/1] (0.00ns) (grouped into LUT with out node pix_33)   --->   "%trunc_ln1 = partselect i8 @_ssdm_op_PartSelect.i8.i17.i32.i32, i17 %add_ln1303_2, i32 8, i32 15" [prj/sol/.autopilot/db/v_tpg.cpp:1306->prj/sol/.autopilot/db/v_tpg.cpp:681]   --->   Operation 1239 'partselect' 'trunc_ln1' <Predicate = (patternId_val_read == 13 & !icmp_ln1122)> <Delay = 0.00>
ST_19 : Operation 1240 [1/1] (0.00ns) (grouped into LUT with out node pix_33)   --->   "%g_1 = select i1 %tmp_38, i8 255, i8 %trunc_ln1" [prj/sol/.autopilot/db/v_tpg.cpp:1306->prj/sol/.autopilot/db/v_tpg.cpp:681]   --->   Operation 1240 'select' 'g_1' <Predicate = (patternId_val_read == 13 & !icmp_ln1122)> <Delay = 0.00> <CoreInst = "Sel">   --->   Core 73 'Sel' <Latency = 0> <II = 1> <Delay = 0.38> <FuncUnit> <Opcode : 'select'> <InPorts = 3> <OutPorts = 1>
ST_19 : Operation 1241 [1/3] (0.00ns) (grouped into DSP with root node add_ln1302_5)   --->   "%mul_ln1302_3 = mul i13 %zext_ln1302_10, i13 29" [prj/sol/.autopilot/db/v_tpg.cpp:1302->prj/sol/.autopilot/db/v_tpg.cpp:681]   --->   Operation 1241 'mul' 'mul_ln1302_3' <Predicate = (patternId_val_read == 13 & !icmp_ln1122)> <Delay = 0.00> <CoreInst = "DSP48">   --->   Core 124 'DSP48' <Latency = 3> <II = 1> <Delay = 0.53> <IPBlock> <Opcode : 'add' 'sub' 'mul' 'select'> <InPorts = 0> <OutPorts = 1> <Sync> <CReg>
ST_19 : Operation 1242 [1/1] (0.00ns) (grouped into DSP with root node add_ln1302_5)   --->   "%zext_ln1302_11 = zext i13 %mul_ln1302_3" [prj/sol/.autopilot/db/v_tpg.cpp:1302->prj/sol/.autopilot/db/v_tpg.cpp:681]   --->   Operation 1242 'zext' 'zext_ln1302_11' <Predicate = (patternId_val_read == 13 & !icmp_ln1122)> <Delay = 0.00>
ST_19 : Operation 1243 [1/2] (0.64ns) (root node of the DSP)   --->   "%add_ln1302_4 = add i16 %mul_ln1302_5, i16 %zext_ln1302_12" [prj/sol/.autopilot/db/v_tpg.cpp:1302->prj/sol/.autopilot/db/v_tpg.cpp:681]   --->   Operation 1243 'add' 'add_ln1302_4' <Predicate = (patternId_val_read == 13 & !icmp_ln1122)> <Delay = 0.64> <CoreInst = "DSP48">   --->   Core 124 'DSP48' <Latency = 3> <II = 1> <Delay = 0.53> <IPBlock> <Opcode : 'add' 'sub' 'mul' 'select'> <InPorts = 0> <OutPorts = 1> <Sync> <CReg>
ST_19 : Operation 1244 [1/1] (0.00ns)   --->   "%zext_ln1302_13 = zext i16 %add_ln1302_4" [prj/sol/.autopilot/db/v_tpg.cpp:1302->prj/sol/.autopilot/db/v_tpg.cpp:681]   --->   Operation 1244 'zext' 'zext_ln1302_13' <Predicate = (patternId_val_read == 13 & !icmp_ln1122)> <Delay = 0.00>
ST_19 : Operation 1245 [2/2] (0.64ns) (root node of the DSP)   --->   "%add_ln1302_5 = add i17 %zext_ln1302_13, i17 %zext_ln1302_11" [prj/sol/.autopilot/db/v_tpg.cpp:1302->prj/sol/.autopilot/db/v_tpg.cpp:681]   --->   Operation 1245 'add' 'add_ln1302_5' <Predicate = (patternId_val_read == 13 & !icmp_ln1122)> <Delay = 0.64> <CoreInst = "DSP48">   --->   Core 124 'DSP48' <Latency = 3> <II = 1> <Delay = 0.53> <IPBlock> <Opcode : 'add' 'sub' 'mul' 'select'> <InPorts = 0> <OutPorts = 1> <Sync> <CReg>
ST_19 : Operation 1246 [1/1] (0.00ns)   --->   "%shl_ln1303_1 = bitconcatenate i15 @_ssdm_op_BitConcatenate.i15.i8.i7, i8 %b_2, i7 0" [prj/sol/.autopilot/db/v_tpg.cpp:1303->prj/sol/.autopilot/db/v_tpg.cpp:681]   --->   Operation 1246 'bitconcatenate' 'shl_ln1303_1' <Predicate = (patternId_val_read == 13 & !icmp_ln1122 & icmp_ln1144)> <Delay = 0.00>
ST_19 : Operation 1247 [1/1] (0.00ns)   --->   "%zext_ln1303_2 = zext i15 %shl_ln1303_1" [prj/sol/.autopilot/db/v_tpg.cpp:1303->prj/sol/.autopilot/db/v_tpg.cpp:681]   --->   Operation 1247 'zext' 'zext_ln1303_2' <Predicate = (patternId_val_read == 13 & !icmp_ln1122 & icmp_ln1144)> <Delay = 0.00>
ST_19 : Operation 1248 [1/2] (0.64ns) (root node of the DSP)   --->   "%add_ln1303_4 = add i16 %add_ln1303_3, i16 %mul65_1_i_neg" [prj/sol/.autopilot/db/v_tpg.cpp:1303->prj/sol/.autopilot/db/v_tpg.cpp:681]   --->   Operation 1248 'add' 'add_ln1303_4' <Predicate = (patternId_val_read == 13 & !icmp_ln1122 & icmp_ln1144)> <Delay = 0.64> <CoreInst = "DSP48">   --->   Core 124 'DSP48' <Latency = 3> <II = 1> <Delay = 0.53> <IPBlock> <Opcode : 'add' 'sub' 'mul' 'select'> <InPorts = 0> <OutPorts = 1> <Sync> <CReg>
ST_19 : Operation 1249 [1/1] (0.00ns)   --->   "%zext_ln1303_3 = zext i16 %add_ln1303_4" [prj/sol/.autopilot/db/v_tpg.cpp:1303->prj/sol/.autopilot/db/v_tpg.cpp:681]   --->   Operation 1249 'zext' 'zext_ln1303_3' <Predicate = (patternId_val_read == 13 & !icmp_ln1122 & icmp_ln1144)> <Delay = 0.00>
ST_19 : Operation 1250 [1/1] (0.85ns)   --->   "%add_ln1303_5 = add i17 %zext_ln1303_3, i17 %zext_ln1303_2" [prj/sol/.autopilot/db/v_tpg.cpp:1303->prj/sol/.autopilot/db/v_tpg.cpp:681]   --->   Operation 1250 'add' 'add_ln1303_5' <Predicate = (patternId_val_read == 13 & !icmp_ln1122 & icmp_ln1144)> <Delay = 0.85> <CoreInst = "Adder">   --->   Core 1 'Adder' <Latency = 0> <II = 1> <Delay = 0.85> <FuncUnit> <Opcode : 'add' 'sub'> <InPorts = 2> <OutPorts = 1>
ST_19 : Operation 1251 [1/1] (0.00ns) (grouped into LUT with out node select_ln1312)   --->   "%tmp_41 = bitselect i1 @_ssdm_op_BitSelect.i1.i17.i32, i17 %add_ln1303_5, i32 16" [prj/sol/.autopilot/db/v_tpg.cpp:1306->prj/sol/.autopilot/db/v_tpg.cpp:681]   --->   Operation 1251 'bitselect' 'tmp_41' <Predicate = (patternId_val_read == 13 & !icmp_ln1122 & icmp_ln1144)> <Delay = 0.00>
ST_19 : Operation 1252 [1/1] (0.00ns) (grouped into LUT with out node select_ln1312)   --->   "%trunc_ln1306_1 = partselect i8 @_ssdm_op_PartSelect.i8.i17.i32.i32, i17 %add_ln1303_5, i32 8, i32 15" [prj/sol/.autopilot/db/v_tpg.cpp:1306->prj/sol/.autopilot/db/v_tpg.cpp:681]   --->   Operation 1252 'partselect' 'trunc_ln1306_1' <Predicate = (patternId_val_read == 13 & !icmp_ln1122 & icmp_ln1144)> <Delay = 0.00>
ST_19 : Operation 1253 [1/1] (0.00ns) (grouped into LUT with out node select_ln1312)   --->   "%g_3 = select i1 %tmp_41, i8 255, i8 %trunc_ln1306_1" [prj/sol/.autopilot/db/v_tpg.cpp:1306->prj/sol/.autopilot/db/v_tpg.cpp:681]   --->   Operation 1253 'select' 'g_3' <Predicate = (patternId_val_read == 13 & !icmp_ln1122 & icmp_ln1144)> <Delay = 0.00> <CoreInst = "Sel">   --->   Core 73 'Sel' <Latency = 0> <II = 1> <Delay = 0.38> <FuncUnit> <Opcode : 'select'> <InPorts = 3> <OutPorts = 1>
ST_19 : Operation 1254 [1/1] (0.38ns) (out node of the LUT)   --->   "%pix_33 = select i1 %icmp_ln1122, i8 %g, i8 %g_1" [prj/sol/.autopilot/db/v_tpg.cpp:1122->prj/sol/.autopilot/db/v_tpg.cpp:601]   --->   Operation 1254 'select' 'pix_33' <Predicate = (patternId_val_read == 13)> <Delay = 0.38> <CoreInst = "Sel">   --->   Core 73 'Sel' <Latency = 0> <II = 1> <Delay = 0.38> <FuncUnit> <Opcode : 'select'> <InPorts = 3> <OutPorts = 1>
ST_19 : Operation 1255 [1/1] (0.00ns) (grouped into LUT with out node select_ln1312)   --->   "%g_4 = select i1 %icmp_ln1122, i8 %g_2, i8 %g_3" [prj/sol/.autopilot/db/v_tpg.cpp:1122->prj/sol/.autopilot/db/v_tpg.cpp:601]   --->   Operation 1255 'select' 'g_4' <Predicate = (patternId_val_read == 13 & !icmp_ln1122 & icmp_ln1144)> <Delay = 0.00> <CoreInst = "Sel">   --->   Core 73 'Sel' <Latency = 0> <II = 1> <Delay = 0.38> <FuncUnit> <Opcode : 'select'> <InPorts = 3> <OutPorts = 1>
ST_19 : Operation 1256 [1/1] (0.38ns) (out node of the LUT)   --->   "%select_ln1312 = select i1 %icmp_ln1144, i8 %g_4, i8 %b_6" [prj/sol/.autopilot/db/v_tpg.cpp:1312->prj/sol/.autopilot/db/v_tpg.cpp:681]   --->   Operation 1256 'select' 'select_ln1312' <Predicate = (patternId_val_read == 13 & !icmp_ln1122)> <Delay = 0.38> <CoreInst = "Sel">   --->   Core 73 'Sel' <Latency = 0> <II = 1> <Delay = 0.38> <FuncUnit> <Opcode : 'select'> <InPorts = 3> <OutPorts = 1>
ST_19 : Operation 1257 [1/1] (0.38ns) (out node of the LUT)   --->   "%outpix_8 = select i1 %icmp_ln1122, i8 %g_2, i8 %select_ln1312" [prj/sol/.autopilot/db/v_tpg.cpp:1311->prj/sol/.autopilot/db/v_tpg.cpp:681]   --->   Operation 1257 'select' 'outpix_8' <Predicate = (patternId_val_read == 13)> <Delay = 0.38> <CoreInst = "Sel">   --->   Core 73 'Sel' <Latency = 0> <II = 1> <Delay = 0.38> <FuncUnit> <Opcode : 'select'> <InPorts = 3> <OutPorts = 1>
ST_19 : Operation 1258 [1/1] (0.90ns)   --->   "%store_ln552 = store i8 %b_6, i8 %outpix_11_out" [prj/sol/.autopilot/db/v_tpg.cpp:552]   --->   Operation 1258 'store' 'store_ln552' <Predicate = (patternId_val_read == 13)> <Delay = 0.90>
ST_19 : Operation 1259 [1/1] (0.96ns)   --->   "%store_ln552 = store i8 %outpix_8, i8 %outpix_10_out" [prj/sol/.autopilot/db/v_tpg.cpp:552]   --->   Operation 1259 'store' 'store_ln552' <Predicate = (patternId_val_read == 13)> <Delay = 0.96>
ST_19 : Operation 1260 [1/1] (0.76ns)   --->   "%store_ln552 = store i8 %pix_34, i8 %outpix_8_out" [prj/sol/.autopilot/db/v_tpg.cpp:552]   --->   Operation 1260 'store' 'store_ln552' <Predicate = (patternId_val_read == 13)> <Delay = 0.76>
ST_19 : Operation 1261 [1/1] (0.76ns)   --->   "%store_ln552 = store i8 %pix_33, i8 %outpix_7_out" [prj/sol/.autopilot/db/v_tpg.cpp:552]   --->   Operation 1261 'store' 'store_ln552' <Predicate = (patternId_val_read == 13)> <Delay = 0.76>
ST_19 : Operation 1262 [1/1] (0.00ns)   --->   "%vHatch_load = load i1 %vHatch" [prj/sol/.autopilot/db/v_tpg.cpp:1494->prj/sol/.autopilot/db/v_tpg.cpp:673]   --->   Operation 1262 'load' 'vHatch_load' <Predicate = (patternId_val_read == 12)> <Delay = 0.00>
ST_19 : Operation 1263 [1/1] (0.00ns) (grouped into LUT with out node outpix_68)   --->   "%hHatch = phi i1 1, void %if.then28.i, i1 1, void %if.then37.i, i1 0, void %if.then45.i, i1 1, void %if.then53.i, i1 0, void %if.else57.i"   --->   Operation 1263 'phi' 'hHatch' <Predicate = (patternId_val_read == 12)> <Delay = 0.00>
ST_19 : Operation 1264 [1/1] (0.28ns) (out node of the LUT)   --->   "%outpix_68 = or i1 %vHatch_load, i1 %hHatch" [prj/sol/.autopilot/db/v_tpg.cpp:1494->prj/sol/.autopilot/db/v_tpg.cpp:673]   --->   Operation 1264 'or' 'outpix_68' <Predicate = (patternId_val_read == 12)> <Delay = 0.28> <CoreInst = "LogicGate">   --->   Core 74 'LogicGate' <Latency = 0> <II = 1> <Delay = 0.28> <FuncUnit> <Opcode : 'and' 'or' 'xor'> <InPorts = 2> <OutPorts = 1>
ST_19 : Operation 1265 [1/1] (0.33ns)   --->   "%select_ln552 = select i1 %outpix_68, i8 255, i8 0" [prj/sol/.autopilot/db/v_tpg.cpp:552]   --->   Operation 1265 'select' 'select_ln552' <Predicate = (patternId_val_read == 12)> <Delay = 0.33> <CoreInst = "Sel">   --->   Core 73 'Sel' <Latency = 0> <II = 1> <Delay = 0.33> <FuncUnit> <Opcode : 'select'> <InPorts = 3> <OutPorts = 1>
ST_19 : Operation 1266 [1/1] (0.38ns)   --->   "%outpix_69 = select i1 %outpix_68, i8 %select_ln1503_read, i8 %select_ln1518_read" [prj/sol/.autopilot/db/v_tpg.cpp:1494->prj/sol/.autopilot/db/v_tpg.cpp:673]   --->   Operation 1266 'select' 'outpix_69' <Predicate = (patternId_val_read == 12)> <Delay = 0.38> <CoreInst = "Sel">   --->   Core 73 'Sel' <Latency = 0> <II = 1> <Delay = 0.38> <FuncUnit> <Opcode : 'select'> <InPorts = 3> <OutPorts = 1>
ST_19 : Operation 1267 [1/1] (0.00ns)   --->   "%br_ln1468 = br i1 %icmp_ln1072, void %if.else31.1.i86, void %if.then28.1.i" [prj/sol/.autopilot/db/v_tpg.cpp:1468->prj/sol/.autopilot/db/v_tpg.cpp:673]   --->   Operation 1267 'br' 'br_ln1468' <Predicate = (patternId_val_read == 12)> <Delay = 0.00>
ST_19 : Operation 1268 [1/1] (0.00ns) (grouped into LUT with out node or_ln1494)   --->   "%hHatch_1 = phi i1 0, void %if.then28.1.i, i1 1, void %if.then37.1.i, i1 0, void %if.then45.1.i, i1 1, void %if.then53.1.i, i1 0, void %if.else57.1.i"   --->   Operation 1268 'phi' 'hHatch_1' <Predicate = (patternId_val_read == 12)> <Delay = 0.00>
ST_19 : Operation 1269 [1/1] (0.28ns) (out node of the LUT)   --->   "%or_ln1494 = or i1 %vHatch_load, i1 %hHatch_1" [prj/sol/.autopilot/db/v_tpg.cpp:1494->prj/sol/.autopilot/db/v_tpg.cpp:673]   --->   Operation 1269 'or' 'or_ln1494' <Predicate = (patternId_val_read == 12)> <Delay = 0.28> <CoreInst = "LogicGate">   --->   Core 74 'LogicGate' <Latency = 0> <II = 1> <Delay = 0.28> <FuncUnit> <Opcode : 'and' 'or' 'xor'> <InPorts = 2> <OutPorts = 1>
ST_19 : Operation 1270 [1/1] (0.76ns)   --->   "%store_ln552 = store i8 %outpix_69, i8 %outpix_8_out" [prj/sol/.autopilot/db/v_tpg.cpp:552]   --->   Operation 1270 'store' 'store_ln552' <Predicate = (patternId_val_read == 12)> <Delay = 0.76>
ST_19 : Operation 1271 [1/1] (0.76ns)   --->   "%store_ln552 = store i8 %outpix_69, i8 %outpix_7_out" [prj/sol/.autopilot/db/v_tpg.cpp:552]   --->   Operation 1271 'store' 'store_ln552' <Predicate = (patternId_val_read == 12)> <Delay = 0.76>
ST_19 : Operation 1272 [1/1] (0.73ns)   --->   "%store_ln552 = store i8 %select_ln552, i8 %outpix_6_out" [prj/sol/.autopilot/db/v_tpg.cpp:552]   --->   Operation 1272 'store' 'store_ln552' <Predicate = (patternId_val_read == 12)> <Delay = 0.73>
ST_19 : Operation 1273 [1/1] (0.00ns)   --->   "%br_ln1494 = br i1 %or_ln1494, void %if.else102.1.i, void %if.then66.1.i" [prj/sol/.autopilot/db/v_tpg.cpp:1494->prj/sol/.autopilot/db/v_tpg.cpp:673]   --->   Operation 1273 'br' 'br_ln1494' <Predicate = (patternId_val_read == 12)> <Delay = 0.00>
ST_19 : Operation 1274 [1/1] (0.38ns)   --->   "%select_ln1518_1 = select i1 %icmp_ln1122, i8 0, i8 %blkYuv_1_load_read" [prj/sol/.autopilot/db/v_tpg.cpp:1518->prj/sol/.autopilot/db/v_tpg.cpp:673]   --->   Operation 1274 'select' 'select_ln1518_1' <Predicate = (patternId_val_read == 12 & !or_ln1494)> <Delay = 0.38> <CoreInst = "Sel">   --->   Core 73 'Sel' <Latency = 0> <II = 1> <Delay = 0.38> <FuncUnit> <Opcode : 'select'> <InPorts = 3> <OutPorts = 1>
ST_19 : Operation 1275 [1/1] (0.90ns)   --->   "%store_ln552 = store i8 %select_ln1518_read, i8 %outpix_11_out" [prj/sol/.autopilot/db/v_tpg.cpp:552]   --->   Operation 1275 'store' 'store_ln552' <Predicate = (patternId_val_read == 12 & !or_ln1494)> <Delay = 0.90>
ST_19 : Operation 1276 [1/1] (0.96ns)   --->   "%store_ln552 = store i8 %select_ln1518_1, i8 %outpix_10_out" [prj/sol/.autopilot/db/v_tpg.cpp:552]   --->   Operation 1276 'store' 'store_ln552' <Predicate = (patternId_val_read == 12 & !or_ln1494)> <Delay = 0.96>
ST_19 : Operation 1277 [1/1] (0.87ns)   --->   "%store_ln552 = store i8 0, i8 %outpix_9_out" [prj/sol/.autopilot/db/v_tpg.cpp:552]   --->   Operation 1277 'store' 'store_ln552' <Predicate = (patternId_val_read == 12 & !or_ln1494)> <Delay = 0.87>
ST_19 : Operation 1278 [1/1] (0.00ns)   --->   "%br_ln1518 = br void %sw.epilog_ifconv" [prj/sol/.autopilot/db/v_tpg.cpp:1518->prj/sol/.autopilot/db/v_tpg.cpp:673]   --->   Operation 1278 'br' 'br_ln1518' <Predicate = (patternId_val_read == 12 & !or_ln1494)> <Delay = 0.00>
ST_19 : Operation 1279 [1/1] (0.38ns)   --->   "%select_ln1503_1 = select i1 %icmp_ln1122, i8 255, i8 %whiYuv_3_load_read" [prj/sol/.autopilot/db/v_tpg.cpp:1503->prj/sol/.autopilot/db/v_tpg.cpp:673]   --->   Operation 1279 'select' 'select_ln1503_1' <Predicate = (patternId_val_read == 12 & or_ln1494)> <Delay = 0.38> <CoreInst = "Sel">   --->   Core 73 'Sel' <Latency = 0> <II = 1> <Delay = 0.38> <FuncUnit> <Opcode : 'select'> <InPorts = 3> <OutPorts = 1>
ST_19 : Operation 1280 [1/1] (0.90ns)   --->   "%store_ln552 = store i8 %select_ln1503_read, i8 %outpix_11_out" [prj/sol/.autopilot/db/v_tpg.cpp:552]   --->   Operation 1280 'store' 'store_ln552' <Predicate = (patternId_val_read == 12 & or_ln1494)> <Delay = 0.90>
ST_19 : Operation 1281 [1/1] (0.96ns)   --->   "%store_ln552 = store i8 %select_ln1503_1, i8 %outpix_10_out" [prj/sol/.autopilot/db/v_tpg.cpp:552]   --->   Operation 1281 'store' 'store_ln552' <Predicate = (patternId_val_read == 12 & or_ln1494)> <Delay = 0.96>
ST_19 : Operation 1282 [1/1] (0.87ns)   --->   "%store_ln552 = store i8 255, i8 %outpix_9_out" [prj/sol/.autopilot/db/v_tpg.cpp:552]   --->   Operation 1282 'store' 'store_ln552' <Predicate = (patternId_val_read == 12 & or_ln1494)> <Delay = 0.87>
ST_19 : Operation 1283 [1/1] (0.00ns)   --->   "%br_ln1503 = br void %sw.epilog_ifconv" [prj/sol/.autopilot/db/v_tpg.cpp:1503->prj/sol/.autopilot/db/v_tpg.cpp:673]   --->   Operation 1283 'br' 'br_ln1503' <Predicate = (patternId_val_read == 12 & or_ln1494)> <Delay = 0.00>
ST_19 : Operation 1284 [1/2] ( I:0.67ns O:0.67ns )   --->   "%tpgBarSelRgb_r_load_1 = load i3 %tpgBarSelRgb_r_addr_1" [prj/sol/.autopilot/db/v_tpg.cpp:1419->prj/sol/.autopilot/db/v_tpg.cpp:665]   --->   Operation 1284 'load' 'tpgBarSelRgb_r_load_1' <Predicate = (patternId_val_read == 11 & icmp_ln1122)> <Delay = 0.67> <CoreInst = "ROM">   --->   Core 100 'ROM' <Latency = 1> <II = 1> <Delay = 0.67> <Storage> <Opcode : 'load'> <Ports = 0> <Width = 2> <Depth = 8> <ROM>
ST_19 : Operation 1285 [1/1] (0.00ns)   --->   "%tpgBarSelRgb_r_load_1_cast = sext i2 %tpgBarSelRgb_r_load_1" [prj/sol/.autopilot/db/v_tpg.cpp:1419->prj/sol/.autopilot/db/v_tpg.cpp:665]   --->   Operation 1285 'sext' 'tpgBarSelRgb_r_load_1_cast' <Predicate = (patternId_val_read == 11 & icmp_ln1122)> <Delay = 0.00>
ST_19 : Operation 1286 [1/2] ( I:0.67ns O:0.67ns )   --->   "%tpgBarSelRgb_g_load_1 = load i3 %tpgBarSelRgb_g_addr_1" [prj/sol/.autopilot/db/v_tpg.cpp:1423->prj/sol/.autopilot/db/v_tpg.cpp:665]   --->   Operation 1286 'load' 'tpgBarSelRgb_g_load_1' <Predicate = (patternId_val_read == 11 & icmp_ln1122)> <Delay = 0.67> <CoreInst = "ROM">   --->   Core 100 'ROM' <Latency = 1> <II = 1> <Delay = 0.67> <Storage> <Opcode : 'load'> <Ports = 0> <Width = 2> <Depth = 8> <ROM>
ST_19 : Operation 1287 [1/1] (0.00ns)   --->   "%tpgBarSelRgb_g_load_1_cast = sext i2 %tpgBarSelRgb_g_load_1" [prj/sol/.autopilot/db/v_tpg.cpp:1423->prj/sol/.autopilot/db/v_tpg.cpp:665]   --->   Operation 1287 'sext' 'tpgBarSelRgb_g_load_1_cast' <Predicate = (patternId_val_read == 11 & icmp_ln1122)> <Delay = 0.00>
ST_19 : Operation 1288 [1/2] ( I:0.67ns O:0.67ns )   --->   "%tpgBarSelRgb_b_load_1 = load i3 %tpgBarSelRgb_b_addr_1" [prj/sol/.autopilot/db/v_tpg.cpp:1430->prj/sol/.autopilot/db/v_tpg.cpp:665]   --->   Operation 1288 'load' 'tpgBarSelRgb_b_load_1' <Predicate = (patternId_val_read == 11 & icmp_ln1122)> <Delay = 0.67> <CoreInst = "ROM">   --->   Core 100 'ROM' <Latency = 1> <II = 1> <Delay = 0.67> <Storage> <Opcode : 'load'> <Ports = 0> <Width = 2> <Depth = 8> <ROM>
ST_19 : Operation 1289 [1/1] (0.00ns)   --->   "%tpgBarSelRgb_b_load_1_cast = sext i2 %tpgBarSelRgb_b_load_1" [prj/sol/.autopilot/db/v_tpg.cpp:1430->prj/sol/.autopilot/db/v_tpg.cpp:665]   --->   Operation 1289 'sext' 'tpgBarSelRgb_b_load_1_cast' <Predicate = (patternId_val_read == 11 & icmp_ln1122)> <Delay = 0.00>
ST_19 : Operation 1290 [1/2] ( I:0.67ns O:0.67ns )   --->   "%tpgBarSelYuv_y_load_1 = load i3 %tpgBarSelYuv_y_addr_1" [prj/sol/.autopilot/db/v_tpg.cpp:1420->prj/sol/.autopilot/db/v_tpg.cpp:665]   --->   Operation 1290 'load' 'tpgBarSelYuv_y_load_1' <Predicate = (patternId_val_read == 11 & !icmp_ln1122)> <Delay = 0.67> <CoreInst = "ROM">   --->   Core 100 'ROM' <Latency = 1> <II = 1> <Delay = 0.67> <Storage> <Opcode : 'load'> <Ports = 0> <Width = 8> <Depth = 8> <ROM>
ST_19 : Operation 1291 [1/2] ( I:0.67ns O:0.67ns )   --->   "%tpgBarSelYuv_u_load_1 = load i3 %tpgBarSelYuv_u_addr_1" [prj/sol/.autopilot/db/v_tpg.cpp:1425->prj/sol/.autopilot/db/v_tpg.cpp:665]   --->   Operation 1291 'load' 'tpgBarSelYuv_u_load_1' <Predicate = (patternId_val_read == 11 & !icmp_ln1122)> <Delay = 0.67> <CoreInst = "ROM">   --->   Core 100 'ROM' <Latency = 1> <II = 1> <Delay = 0.67> <Storage> <Opcode : 'load'> <Ports = 0> <Width = 8> <Depth = 8> <ROM>
ST_19 : Operation 1292 [1/2] ( I:0.67ns O:0.67ns )   --->   "%tpgBarSelYuv_v_load_1 = load i3 %tpgBarSelYuv_v_addr_1" [prj/sol/.autopilot/db/v_tpg.cpp:1431->prj/sol/.autopilot/db/v_tpg.cpp:665]   --->   Operation 1292 'load' 'tpgBarSelYuv_v_load_1' <Predicate = (patternId_val_read == 11 & !icmp_ln1122)> <Delay = 0.67> <CoreInst = "ROM">   --->   Core 100 'ROM' <Latency = 1> <II = 1> <Delay = 0.67> <Storage> <Opcode : 'load'> <Ports = 0> <Width = 8> <Depth = 8> <ROM>
ST_19 : Operation 1293 [1/1] (0.38ns)   --->   "%outpix_66 = select i1 %icmp_ln1122, i8 %tpgBarSelRgb_g_load_1_cast, i8 %tpgBarSelYuv_u_load_1" [prj/sol/.autopilot/db/v_tpg.cpp:1122->prj/sol/.autopilot/db/v_tpg.cpp:601]   --->   Operation 1293 'select' 'outpix_66' <Predicate = (patternId_val_read == 11)> <Delay = 0.38> <CoreInst = "Sel">   --->   Core 73 'Sel' <Latency = 0> <II = 1> <Delay = 0.38> <FuncUnit> <Opcode : 'select'> <InPorts = 3> <OutPorts = 1>
ST_19 : Operation 1294 [1/1] (0.38ns)   --->   "%outpix_67 = select i1 %icmp_ln1122, i8 %tpgBarSelRgb_r_load_1_cast, i8 %tpgBarSelYuv_y_load_1" [prj/sol/.autopilot/db/v_tpg.cpp:1122->prj/sol/.autopilot/db/v_tpg.cpp:601]   --->   Operation 1294 'select' 'outpix_67' <Predicate = (patternId_val_read == 11)> <Delay = 0.38> <CoreInst = "Sel">   --->   Core 73 'Sel' <Latency = 0> <II = 1> <Delay = 0.38> <FuncUnit> <Opcode : 'select'> <InPorts = 3> <OutPorts = 1>
ST_19 : Operation 1295 [1/1] (0.38ns)   --->   "%outpix_65 = select i1 %icmp_ln1122, i8 %tpgBarSelRgb_b_load_1_cast, i8 %tpgBarSelYuv_v_load_1" [prj/sol/.autopilot/db/v_tpg.cpp:1122->prj/sol/.autopilot/db/v_tpg.cpp:601]   --->   Operation 1295 'select' 'outpix_65' <Predicate = (patternId_val_read == 11)> <Delay = 0.38> <CoreInst = "Sel">   --->   Core 73 'Sel' <Latency = 0> <II = 1> <Delay = 0.38> <FuncUnit> <Opcode : 'select'> <InPorts = 3> <OutPorts = 1>
ST_19 : Operation 1296 [1/1] (0.76ns)   --->   "%store_ln552 = store i8 %outpix_65, i8 %outpix_8_out" [prj/sol/.autopilot/db/v_tpg.cpp:552]   --->   Operation 1296 'store' 'store_ln552' <Predicate = (patternId_val_read == 11)> <Delay = 0.76>
ST_19 : Operation 1297 [1/1] (0.76ns)   --->   "%store_ln552 = store i8 %outpix_66, i8 %outpix_7_out" [prj/sol/.autopilot/db/v_tpg.cpp:552]   --->   Operation 1297 'store' 'store_ln552' <Predicate = (patternId_val_read == 11)> <Delay = 0.76>
ST_19 : Operation 1298 [1/1] (0.73ns)   --->   "%store_ln552 = store i8 %outpix_67, i8 %outpix_6_out" [prj/sol/.autopilot/db/v_tpg.cpp:552]   --->   Operation 1298 'store' 'store_ln552' <Predicate = (patternId_val_read == 11)> <Delay = 0.73>
ST_19 : Operation 1299 [1/2] ( I:0.67ns O:0.67ns )   --->   "%tpgBarSelYuv_y_load_4 = load i3 %tpgBarSelYuv_y_addr_4" [prj/sol/.autopilot/db/v_tpg.cpp:1420->prj/sol/.autopilot/db/v_tpg.cpp:665]   --->   Operation 1299 'load' 'tpgBarSelYuv_y_load_4' <Predicate = (patternId_val_read == 11 & !icmp_ln1122)> <Delay = 0.67> <CoreInst = "ROM">   --->   Core 100 'ROM' <Latency = 1> <II = 1> <Delay = 0.67> <Storage> <Opcode : 'load'> <Ports = 0> <Width = 8> <Depth = 8> <ROM>
ST_19 : Operation 1300 [1/2] ( I:0.67ns O:0.67ns )   --->   "%tpgBarSelYuv_u_load_4 = load i3 %tpgBarSelYuv_u_addr_4" [prj/sol/.autopilot/db/v_tpg.cpp:1425->prj/sol/.autopilot/db/v_tpg.cpp:665]   --->   Operation 1300 'load' 'tpgBarSelYuv_u_load_4' <Predicate = (patternId_val_read == 11 & !icmp_ln1122 & icmp_ln1144)> <Delay = 0.67> <CoreInst = "ROM">   --->   Core 100 'ROM' <Latency = 1> <II = 1> <Delay = 0.67> <Storage> <Opcode : 'load'> <Ports = 0> <Width = 8> <Depth = 8> <ROM>
ST_19 : Operation 1301 [1/2] ( I:0.67ns O:0.67ns )   --->   "%tpgBarSelYuv_v_load_4 = load i3 %tpgBarSelYuv_v_addr_4" [prj/sol/.autopilot/db/v_tpg.cpp:1426->prj/sol/.autopilot/db/v_tpg.cpp:665]   --->   Operation 1301 'load' 'tpgBarSelYuv_v_load_4' <Predicate = (patternId_val_read == 11 & !icmp_ln1122)> <Delay = 0.67> <CoreInst = "ROM">   --->   Core 100 'ROM' <Latency = 1> <II = 1> <Delay = 0.67> <Storage> <Opcode : 'load'> <Ports = 0> <Width = 8> <Depth = 8> <ROM>
ST_19 : Operation 1302 [1/1] (0.38ns)   --->   "%cond102_1_ph_i = select i1 %icmp_ln1144, i8 %tpgBarSelYuv_u_load_4, i8 %tpgBarSelYuv_v_load_4" [prj/sol/.autopilot/db/v_tpg.cpp:1144->prj/sol/.autopilot/db/v_tpg.cpp:609]   --->   Operation 1302 'select' 'cond102_1_ph_i' <Predicate = (patternId_val_read == 11 & !icmp_ln1122)> <Delay = 0.38> <CoreInst = "Sel">   --->   Core 73 'Sel' <Latency = 0> <II = 1> <Delay = 0.38> <FuncUnit> <Opcode : 'select'> <InPorts = 3> <OutPorts = 1>
ST_19 : Operation 1303 [1/1] (0.90ns)   --->   "%store_ln552 = store i8 %tpgBarSelYuv_v_load_4, i8 %outpix_11_out" [prj/sol/.autopilot/db/v_tpg.cpp:552]   --->   Operation 1303 'store' 'store_ln552' <Predicate = (patternId_val_read == 11 & !icmp_ln1122)> <Delay = 0.90>
ST_19 : Operation 1304 [1/1] (0.96ns)   --->   "%store_ln552 = store i8 %cond102_1_ph_i, i8 %outpix_10_out" [prj/sol/.autopilot/db/v_tpg.cpp:552]   --->   Operation 1304 'store' 'store_ln552' <Predicate = (patternId_val_read == 11 & !icmp_ln1122)> <Delay = 0.96>
ST_19 : Operation 1305 [1/1] (0.87ns)   --->   "%store_ln552 = store i8 %tpgBarSelYuv_y_load_4, i8 %outpix_9_out" [prj/sol/.autopilot/db/v_tpg.cpp:552]   --->   Operation 1305 'store' 'store_ln552' <Predicate = (patternId_val_read == 11 & !icmp_ln1122)> <Delay = 0.87>
ST_19 : Operation 1306 [1/1] (0.00ns)   --->   "%br_ln1429 = br void %sw.epilog_ifconv" [prj/sol/.autopilot/db/v_tpg.cpp:1429->prj/sol/.autopilot/db/v_tpg.cpp:665]   --->   Operation 1306 'br' 'br_ln1429' <Predicate = (patternId_val_read == 11 & !icmp_ln1122)> <Delay = 0.00>
ST_19 : Operation 1307 [1/2] ( I:0.67ns O:0.67ns )   --->   "%tpgBarSelRgb_r_load_4 = load i3 %tpgBarSelRgb_r_addr_4" [prj/sol/.autopilot/db/v_tpg.cpp:1419->prj/sol/.autopilot/db/v_tpg.cpp:665]   --->   Operation 1307 'load' 'tpgBarSelRgb_r_load_4' <Predicate = (patternId_val_read == 11 & icmp_ln1122)> <Delay = 0.67> <CoreInst = "ROM">   --->   Core 100 'ROM' <Latency = 1> <II = 1> <Delay = 0.67> <Storage> <Opcode : 'load'> <Ports = 0> <Width = 2> <Depth = 8> <ROM>
ST_19 : Operation 1308 [1/1] (0.00ns)   --->   "%tpgBarSelRgb_r_load_4_cast = sext i2 %tpgBarSelRgb_r_load_4" [prj/sol/.autopilot/db/v_tpg.cpp:1419->prj/sol/.autopilot/db/v_tpg.cpp:665]   --->   Operation 1308 'sext' 'tpgBarSelRgb_r_load_4_cast' <Predicate = (patternId_val_read == 11 & icmp_ln1122)> <Delay = 0.00>
ST_19 : Operation 1309 [1/2] ( I:0.67ns O:0.67ns )   --->   "%tpgBarSelRgb_g_load_4 = load i3 %tpgBarSelRgb_g_addr_4" [prj/sol/.autopilot/db/v_tpg.cpp:1423->prj/sol/.autopilot/db/v_tpg.cpp:665]   --->   Operation 1309 'load' 'tpgBarSelRgb_g_load_4' <Predicate = (patternId_val_read == 11 & icmp_ln1122)> <Delay = 0.67> <CoreInst = "ROM">   --->   Core 100 'ROM' <Latency = 1> <II = 1> <Delay = 0.67> <Storage> <Opcode : 'load'> <Ports = 0> <Width = 2> <Depth = 8> <ROM>
ST_19 : Operation 1310 [1/1] (0.00ns)   --->   "%tpgBarSelRgb_g_load_4_cast = sext i2 %tpgBarSelRgb_g_load_4" [prj/sol/.autopilot/db/v_tpg.cpp:1423->prj/sol/.autopilot/db/v_tpg.cpp:665]   --->   Operation 1310 'sext' 'tpgBarSelRgb_g_load_4_cast' <Predicate = (patternId_val_read == 11 & icmp_ln1122)> <Delay = 0.00>
ST_19 : Operation 1311 [1/2] ( I:0.67ns O:0.67ns )   --->   "%tpgBarSelRgb_b_load_4 = load i3 %tpgBarSelRgb_b_addr_4" [prj/sol/.autopilot/db/v_tpg.cpp:1430->prj/sol/.autopilot/db/v_tpg.cpp:665]   --->   Operation 1311 'load' 'tpgBarSelRgb_b_load_4' <Predicate = (patternId_val_read == 11 & icmp_ln1122)> <Delay = 0.67> <CoreInst = "ROM">   --->   Core 100 'ROM' <Latency = 1> <II = 1> <Delay = 0.67> <Storage> <Opcode : 'load'> <Ports = 0> <Width = 2> <Depth = 8> <ROM>
ST_19 : Operation 1312 [1/1] (0.00ns)   --->   "%tpgBarSelRgb_b_load_4_cast = sext i2 %tpgBarSelRgb_b_load_4" [prj/sol/.autopilot/db/v_tpg.cpp:1430->prj/sol/.autopilot/db/v_tpg.cpp:665]   --->   Operation 1312 'sext' 'tpgBarSelRgb_b_load_4_cast' <Predicate = (patternId_val_read == 11 & icmp_ln1122)> <Delay = 0.00>
ST_19 : Operation 1313 [1/1] (0.90ns)   --->   "%store_ln552 = store i8 %tpgBarSelRgb_b_load_4_cast, i8 %outpix_11_out" [prj/sol/.autopilot/db/v_tpg.cpp:552]   --->   Operation 1313 'store' 'store_ln552' <Predicate = (patternId_val_read == 11 & icmp_ln1122)> <Delay = 0.90>
ST_19 : Operation 1314 [1/1] (0.96ns)   --->   "%store_ln552 = store i8 %tpgBarSelRgb_g_load_4_cast, i8 %outpix_10_out" [prj/sol/.autopilot/db/v_tpg.cpp:552]   --->   Operation 1314 'store' 'store_ln552' <Predicate = (patternId_val_read == 11 & icmp_ln1122)> <Delay = 0.96>
ST_19 : Operation 1315 [1/1] (0.87ns)   --->   "%store_ln552 = store i8 %tpgBarSelRgb_r_load_4_cast, i8 %outpix_9_out" [prj/sol/.autopilot/db/v_tpg.cpp:552]   --->   Operation 1315 'store' 'store_ln552' <Predicate = (patternId_val_read == 11 & icmp_ln1122)> <Delay = 0.87>
ST_19 : Operation 1316 [1/1] (0.00ns)   --->   "%br_ln1429 = br void %sw.epilog_ifconv" [prj/sol/.autopilot/db/v_tpg.cpp:1429->prj/sol/.autopilot/db/v_tpg.cpp:665]   --->   Operation 1316 'br' 'br_ln1429' <Predicate = (patternId_val_read == 11 & icmp_ln1122)> <Delay = 0.00>
ST_19 : Operation 1317 [1/2] ( I:1.23ns O:1.23ns )   --->   "%tpgSinTableArray_load = load i11 %tpgSinTableArray_addr" [prj/sol/.autopilot/db/v_tpg.cpp:1355->prj/sol/.autopilot/db/v_tpg.cpp:657]   --->   Operation 1317 'load' 'tpgSinTableArray_load' <Predicate = (patternId_val_read == 10)> <Delay = 1.23> <CoreInst = "ROM">   --->   Core 100 'ROM' <Latency = 1> <II = 1> <Delay = 1.23> <Storage> <Opcode : 'load'> <Ports = 0> <Width = 20> <Depth = 2048> <ROM>
ST_19 : Operation 1318 [1/1] (0.00ns)   --->   "%sext_ln1355 = sext i20 %tpgSinTableArray_load" [prj/sol/.autopilot/db/v_tpg.cpp:1355->prj/sol/.autopilot/db/v_tpg.cpp:657]   --->   Operation 1318 'sext' 'sext_ln1355' <Predicate = (patternId_val_read == 10)> <Delay = 0.00>
ST_19 : Operation 1319 [1/1] (2.59ns)   --->   "%mul_ln1356 = mul i28 %sext_ln1355, i28 221" [prj/sol/.autopilot/db/v_tpg.cpp:1356->prj/sol/.autopilot/db/v_tpg.cpp:657]   --->   Operation 1319 'mul' 'mul_ln1356' <Predicate = (patternId_val_read == 10)> <Delay = 2.59> <CoreInst = "Multiplier">   --->   Core 3 'Multiplier' <Latency = 0> <II = 1> <Delay = 2.59> <FuncUnit> <Opcode : 'mul'> <InPorts = 2> <OutPorts = 1>
ST_19 : Operation 1320 [1/1] (0.00ns)   --->   "%trunc_ln1356 = trunc i28 %mul_ln1356" [prj/sol/.autopilot/db/v_tpg.cpp:1356->prj/sol/.autopilot/db/v_tpg.cpp:657]   --->   Operation 1320 'trunc' 'trunc_ln1356' <Predicate = (patternId_val_read == 10)> <Delay = 0.00>
ST_19 : Operation 1321 [1/1] (0.00ns) (grouped into LUT with out node outpix_29)   --->   "%tmp_54 = bitselect i1 @_ssdm_op_BitSelect.i1.i28.i32, i28 %mul_ln1356, i32 27" [prj/sol/.autopilot/db/v_tpg.cpp:1356->prj/sol/.autopilot/db/v_tpg.cpp:657]   --->   Operation 1321 'bitselect' 'tmp_54' <Predicate = (patternId_val_read == 10)> <Delay = 0.00>
ST_19 : Operation 1322 [1/1] (0.96ns)   --->   "%sub_ln1356 = sub i27 0, i27 %trunc_ln1356" [prj/sol/.autopilot/db/v_tpg.cpp:1356->prj/sol/.autopilot/db/v_tpg.cpp:657]   --->   Operation 1322 'sub' 'sub_ln1356' <Predicate = (patternId_val_read == 10)> <Delay = 0.96> <CoreInst = "Adder">   --->   Core 1 'Adder' <Latency = 0> <II = 1> <Delay = 0.96> <FuncUnit> <Opcode : 'add' 'sub'> <InPorts = 2> <OutPorts = 1>
ST_19 : Operation 1323 [1/1] (0.00ns)   --->   "%trunc_ln1356_1 = partselect i8 @_ssdm_op_PartSelect.i8.i27.i32.i32, i27 %sub_ln1356, i32 19, i32 26" [prj/sol/.autopilot/db/v_tpg.cpp:1356->prj/sol/.autopilot/db/v_tpg.cpp:657]   --->   Operation 1323 'partselect' 'trunc_ln1356_1' <Predicate = (patternId_val_read == 10)> <Delay = 0.00>
ST_19 : Operation 1324 [1/1] (0.76ns)   --->   "%sub_ln1356_1 = sub i8 0, i8 %trunc_ln1356_1" [prj/sol/.autopilot/db/v_tpg.cpp:1356->prj/sol/.autopilot/db/v_tpg.cpp:657]   --->   Operation 1324 'sub' 'sub_ln1356_1' <Predicate = (patternId_val_read == 10)> <Delay = 0.76> <CoreInst = "Adder">   --->   Core 1 'Adder' <Latency = 0> <II = 1> <Delay = 0.76> <FuncUnit> <Opcode : 'add' 'sub'> <InPorts = 2> <OutPorts = 1>
ST_19 : Operation 1325 [1/1] (0.00ns) (grouped into LUT with out node outpix_29)   --->   "%trunc_ln1356_2 = partselect i8 @_ssdm_op_PartSelect.i8.i28.i32.i32, i28 %mul_ln1356, i32 19, i32 26" [prj/sol/.autopilot/db/v_tpg.cpp:1356->prj/sol/.autopilot/db/v_tpg.cpp:657]   --->   Operation 1325 'partselect' 'trunc_ln1356_2' <Predicate = (patternId_val_read == 10)> <Delay = 0.00>
ST_19 : Operation 1326 [1/1] (0.00ns) (grouped into LUT with out node outpix_29)   --->   "%select_ln1356 = select i1 %tmp_54, i8 %sub_ln1356_1, i8 %trunc_ln1356_2" [prj/sol/.autopilot/db/v_tpg.cpp:1356->prj/sol/.autopilot/db/v_tpg.cpp:657]   --->   Operation 1326 'select' 'select_ln1356' <Predicate = (patternId_val_read == 10)> <Delay = 0.00> <CoreInst = "Sel">   --->   Core 73 'Sel' <Latency = 0> <II = 1> <Delay = 0.38> <FuncUnit> <Opcode : 'select'> <InPorts = 3> <OutPorts = 1>
ST_19 : Operation 1327 [1/1] (0.76ns) (out node of the LUT)   --->   "%outpix_29 = add i8 %select_ln1356, i8 144" [prj/sol/.autopilot/db/v_tpg.cpp:1359->prj/sol/.autopilot/db/v_tpg.cpp:657]   --->   Operation 1327 'add' 'outpix_29' <Predicate = (patternId_val_read == 10)> <Delay = 0.76> <CoreInst = "Adder">   --->   Core 1 'Adder' <Latency = 0> <II = 1> <Delay = 0.76> <FuncUnit> <Opcode : 'add' 'sub'> <InPorts = 2> <OutPorts = 1>
ST_19 : Operation 1328 [1/2] ( I:1.23ns O:1.23ns )   --->   "%tpgSinTableArray_load_1 = load i11 %tpgSinTableArray_addr_1" [prj/sol/.autopilot/db/v_tpg.cpp:1355->prj/sol/.autopilot/db/v_tpg.cpp:657]   --->   Operation 1328 'load' 'tpgSinTableArray_load_1' <Predicate = (patternId_val_read == 10)> <Delay = 1.23> <CoreInst = "ROM">   --->   Core 100 'ROM' <Latency = 1> <II = 1> <Delay = 1.23> <Storage> <Opcode : 'load'> <Ports = 0> <Width = 20> <Depth = 2048> <ROM>
ST_19 : Operation 1329 [1/1] (0.00ns)   --->   "%sext_ln1355_1 = sext i20 %tpgSinTableArray_load_1" [prj/sol/.autopilot/db/v_tpg.cpp:1355->prj/sol/.autopilot/db/v_tpg.cpp:657]   --->   Operation 1329 'sext' 'sext_ln1355_1' <Predicate = (patternId_val_read == 10)> <Delay = 0.00>
ST_19 : Operation 1330 [1/1] (2.59ns)   --->   "%mul_ln1356_1 = mul i28 %sext_ln1355_1, i28 221" [prj/sol/.autopilot/db/v_tpg.cpp:1356->prj/sol/.autopilot/db/v_tpg.cpp:657]   --->   Operation 1330 'mul' 'mul_ln1356_1' <Predicate = (patternId_val_read == 10)> <Delay = 2.59> <CoreInst = "Multiplier">   --->   Core 3 'Multiplier' <Latency = 0> <II = 1> <Delay = 2.59> <FuncUnit> <Opcode : 'mul'> <InPorts = 2> <OutPorts = 1>
ST_19 : Operation 1331 [1/1] (0.00ns)   --->   "%trunc_ln1356_3 = trunc i28 %mul_ln1356_1" [prj/sol/.autopilot/db/v_tpg.cpp:1356->prj/sol/.autopilot/db/v_tpg.cpp:657]   --->   Operation 1331 'trunc' 'trunc_ln1356_3' <Predicate = (patternId_val_read == 10)> <Delay = 0.00>
ST_19 : Operation 1332 [1/1] (0.00ns) (grouped into LUT with out node outpix_31)   --->   "%tmp_55 = bitselect i1 @_ssdm_op_BitSelect.i1.i28.i32, i28 %mul_ln1356_1, i32 27" [prj/sol/.autopilot/db/v_tpg.cpp:1356->prj/sol/.autopilot/db/v_tpg.cpp:657]   --->   Operation 1332 'bitselect' 'tmp_55' <Predicate = (patternId_val_read == 10)> <Delay = 0.00>
ST_19 : Operation 1333 [1/1] (0.96ns)   --->   "%sub_ln1356_2 = sub i27 0, i27 %trunc_ln1356_3" [prj/sol/.autopilot/db/v_tpg.cpp:1356->prj/sol/.autopilot/db/v_tpg.cpp:657]   --->   Operation 1333 'sub' 'sub_ln1356_2' <Predicate = (patternId_val_read == 10)> <Delay = 0.96> <CoreInst = "Adder">   --->   Core 1 'Adder' <Latency = 0> <II = 1> <Delay = 0.96> <FuncUnit> <Opcode : 'add' 'sub'> <InPorts = 2> <OutPorts = 1>
ST_19 : Operation 1334 [1/1] (0.00ns)   --->   "%trunc_ln1356_4 = partselect i8 @_ssdm_op_PartSelect.i8.i27.i32.i32, i27 %sub_ln1356_2, i32 19, i32 26" [prj/sol/.autopilot/db/v_tpg.cpp:1356->prj/sol/.autopilot/db/v_tpg.cpp:657]   --->   Operation 1334 'partselect' 'trunc_ln1356_4' <Predicate = (patternId_val_read == 10)> <Delay = 0.00>
ST_19 : Operation 1335 [1/1] (0.76ns)   --->   "%sub_ln1356_3 = sub i8 0, i8 %trunc_ln1356_4" [prj/sol/.autopilot/db/v_tpg.cpp:1356->prj/sol/.autopilot/db/v_tpg.cpp:657]   --->   Operation 1335 'sub' 'sub_ln1356_3' <Predicate = (patternId_val_read == 10)> <Delay = 0.76> <CoreInst = "Adder">   --->   Core 1 'Adder' <Latency = 0> <II = 1> <Delay = 0.76> <FuncUnit> <Opcode : 'add' 'sub'> <InPorts = 2> <OutPorts = 1>
ST_19 : Operation 1336 [1/1] (0.00ns) (grouped into LUT with out node outpix_31)   --->   "%trunc_ln1356_5 = partselect i8 @_ssdm_op_PartSelect.i8.i28.i32.i32, i28 %mul_ln1356_1, i32 19, i32 26" [prj/sol/.autopilot/db/v_tpg.cpp:1356->prj/sol/.autopilot/db/v_tpg.cpp:657]   --->   Operation 1336 'partselect' 'trunc_ln1356_5' <Predicate = (patternId_val_read == 10)> <Delay = 0.00>
ST_19 : Operation 1337 [1/1] (0.00ns) (grouped into LUT with out node outpix_31)   --->   "%select_ln1356_1 = select i1 %tmp_55, i8 %sub_ln1356_3, i8 %trunc_ln1356_5" [prj/sol/.autopilot/db/v_tpg.cpp:1356->prj/sol/.autopilot/db/v_tpg.cpp:657]   --->   Operation 1337 'select' 'select_ln1356_1' <Predicate = (patternId_val_read == 10)> <Delay = 0.00> <CoreInst = "Sel">   --->   Core 73 'Sel' <Latency = 0> <II = 1> <Delay = 0.38> <FuncUnit> <Opcode : 'select'> <InPorts = 3> <OutPorts = 1>
ST_19 : Operation 1338 [1/1] (0.76ns) (out node of the LUT)   --->   "%outpix_31 = add i8 %select_ln1356_1, i8 144" [prj/sol/.autopilot/db/v_tpg.cpp:1359->prj/sol/.autopilot/db/v_tpg.cpp:657]   --->   Operation 1338 'add' 'outpix_31' <Predicate = (patternId_val_read == 10)> <Delay = 0.76> <CoreInst = "Adder">   --->   Core 1 'Adder' <Latency = 0> <II = 1> <Delay = 0.76> <FuncUnit> <Opcode : 'add' 'sub'> <InPorts = 2> <OutPorts = 1>
ST_19 : Operation 1339 [1/1] (0.87ns)   --->   "%store_ln552 = store i8 %outpix_31, i8 %outpix_9_out" [prj/sol/.autopilot/db/v_tpg.cpp:552]   --->   Operation 1339 'store' 'store_ln552' <Predicate = (patternId_val_read == 10)> <Delay = 0.87>
ST_19 : Operation 1340 [1/1] (0.73ns)   --->   "%store_ln552 = store i8 %outpix_29, i8 %outpix_6_out" [prj/sol/.autopilot/db/v_tpg.cpp:552]   --->   Operation 1340 'store' 'store_ln552' <Predicate = (patternId_val_read == 10)> <Delay = 0.73>
ST_19 : Operation 1341 [1/2] ( I:0.67ns O:0.67ns )   --->   "%tpgBarSelRgb_r_load = load i3 %tpgBarSelRgb_r_addr" [prj/sol/.autopilot/db/v_tpg.cpp:1260->prj/sol/.autopilot/db/v_tpg.cpp:649]   --->   Operation 1341 'load' 'tpgBarSelRgb_r_load' <Predicate = (patternId_val_read == 9 & icmp_ln1122)> <Delay = 0.67> <CoreInst = "ROM">   --->   Core 100 'ROM' <Latency = 1> <II = 1> <Delay = 0.67> <Storage> <Opcode : 'load'> <Ports = 0> <Width = 2> <Depth = 8> <ROM>
ST_19 : Operation 1342 [1/1] (0.00ns)   --->   "%tpgBarSelRgb_r_load_cast = sext i2 %tpgBarSelRgb_r_load" [prj/sol/.autopilot/db/v_tpg.cpp:1260->prj/sol/.autopilot/db/v_tpg.cpp:649]   --->   Operation 1342 'sext' 'tpgBarSelRgb_r_load_cast' <Predicate = (patternId_val_read == 9 & icmp_ln1122)> <Delay = 0.00>
ST_19 : Operation 1343 [1/2] ( I:0.67ns O:0.67ns )   --->   "%tpgBarSelRgb_g_load = load i3 %tpgBarSelRgb_g_addr" [prj/sol/.autopilot/db/v_tpg.cpp:1263->prj/sol/.autopilot/db/v_tpg.cpp:649]   --->   Operation 1343 'load' 'tpgBarSelRgb_g_load' <Predicate = (patternId_val_read == 9 & icmp_ln1122)> <Delay = 0.67> <CoreInst = "ROM">   --->   Core 100 'ROM' <Latency = 1> <II = 1> <Delay = 0.67> <Storage> <Opcode : 'load'> <Ports = 0> <Width = 2> <Depth = 8> <ROM>
ST_19 : Operation 1344 [1/1] (0.00ns)   --->   "%tpgBarSelRgb_g_load_cast = sext i2 %tpgBarSelRgb_g_load" [prj/sol/.autopilot/db/v_tpg.cpp:1263->prj/sol/.autopilot/db/v_tpg.cpp:649]   --->   Operation 1344 'sext' 'tpgBarSelRgb_g_load_cast' <Predicate = (patternId_val_read == 9 & icmp_ln1122)> <Delay = 0.00>
ST_19 : Operation 1345 [1/2] ( I:0.67ns O:0.67ns )   --->   "%tpgBarSelRgb_b_load = load i3 %tpgBarSelRgb_b_addr" [prj/sol/.autopilot/db/v_tpg.cpp:1268->prj/sol/.autopilot/db/v_tpg.cpp:649]   --->   Operation 1345 'load' 'tpgBarSelRgb_b_load' <Predicate = (patternId_val_read == 9 & icmp_ln1122)> <Delay = 0.67> <CoreInst = "ROM">   --->   Core 100 'ROM' <Latency = 1> <II = 1> <Delay = 0.67> <Storage> <Opcode : 'load'> <Ports = 0> <Width = 2> <Depth = 8> <ROM>
ST_19 : Operation 1346 [1/1] (0.00ns)   --->   "%tpgBarSelRgb_b_load_cast = sext i2 %tpgBarSelRgb_b_load" [prj/sol/.autopilot/db/v_tpg.cpp:1268->prj/sol/.autopilot/db/v_tpg.cpp:649]   --->   Operation 1346 'sext' 'tpgBarSelRgb_b_load_cast' <Predicate = (patternId_val_read == 9 & icmp_ln1122)> <Delay = 0.00>
ST_19 : Operation 1347 [1/2] ( I:0.67ns O:0.67ns )   --->   "%tpgBarSelYuv_y_load = load i3 %tpgBarSelYuv_y_addr" [prj/sol/.autopilot/db/v_tpg.cpp:1260->prj/sol/.autopilot/db/v_tpg.cpp:649]   --->   Operation 1347 'load' 'tpgBarSelYuv_y_load' <Predicate = (patternId_val_read == 9 & !icmp_ln1122)> <Delay = 0.67> <CoreInst = "ROM">   --->   Core 100 'ROM' <Latency = 1> <II = 1> <Delay = 0.67> <Storage> <Opcode : 'load'> <Ports = 0> <Width = 8> <Depth = 8> <ROM>
ST_19 : Operation 1348 [1/2] ( I:0.67ns O:0.67ns )   --->   "%tpgBarSelYuv_u_load = load i3 %tpgBarSelYuv_u_addr" [prj/sol/.autopilot/db/v_tpg.cpp:1265->prj/sol/.autopilot/db/v_tpg.cpp:649]   --->   Operation 1348 'load' 'tpgBarSelYuv_u_load' <Predicate = (patternId_val_read == 9 & !icmp_ln1122)> <Delay = 0.67> <CoreInst = "ROM">   --->   Core 100 'ROM' <Latency = 1> <II = 1> <Delay = 0.67> <Storage> <Opcode : 'load'> <Ports = 0> <Width = 8> <Depth = 8> <ROM>
ST_19 : Operation 1349 [1/2] ( I:0.67ns O:0.67ns )   --->   "%tpgBarSelYuv_v_load = load i3 %tpgBarSelYuv_v_addr" [prj/sol/.autopilot/db/v_tpg.cpp:1268->prj/sol/.autopilot/db/v_tpg.cpp:649]   --->   Operation 1349 'load' 'tpgBarSelYuv_v_load' <Predicate = (patternId_val_read == 9 & !icmp_ln1122)> <Delay = 0.67> <CoreInst = "ROM">   --->   Core 100 'ROM' <Latency = 1> <II = 1> <Delay = 0.67> <Storage> <Opcode : 'load'> <Ports = 0> <Width = 8> <Depth = 8> <ROM>
ST_19 : Operation 1350 [1/1] (0.38ns)   --->   "%outpix_63 = select i1 %icmp_ln1122, i8 %tpgBarSelRgb_g_load_cast, i8 %tpgBarSelYuv_u_load" [prj/sol/.autopilot/db/v_tpg.cpp:1122->prj/sol/.autopilot/db/v_tpg.cpp:601]   --->   Operation 1350 'select' 'outpix_63' <Predicate = (patternId_val_read == 9)> <Delay = 0.38> <CoreInst = "Sel">   --->   Core 73 'Sel' <Latency = 0> <II = 1> <Delay = 0.38> <FuncUnit> <Opcode : 'select'> <InPorts = 3> <OutPorts = 1>
ST_19 : Operation 1351 [1/1] (0.38ns)   --->   "%outpix_64 = select i1 %icmp_ln1122, i8 %tpgBarSelRgb_r_load_cast, i8 %tpgBarSelYuv_y_load" [prj/sol/.autopilot/db/v_tpg.cpp:1122->prj/sol/.autopilot/db/v_tpg.cpp:601]   --->   Operation 1351 'select' 'outpix_64' <Predicate = (patternId_val_read == 9)> <Delay = 0.38> <CoreInst = "Sel">   --->   Core 73 'Sel' <Latency = 0> <II = 1> <Delay = 0.38> <FuncUnit> <Opcode : 'select'> <InPorts = 3> <OutPorts = 1>
ST_19 : Operation 1352 [1/1] (0.38ns)   --->   "%outpix_62 = select i1 %icmp_ln1122, i8 %tpgBarSelRgb_b_load_cast, i8 %tpgBarSelYuv_v_load" [prj/sol/.autopilot/db/v_tpg.cpp:1122->prj/sol/.autopilot/db/v_tpg.cpp:601]   --->   Operation 1352 'select' 'outpix_62' <Predicate = (patternId_val_read == 9)> <Delay = 0.38> <CoreInst = "Sel">   --->   Core 73 'Sel' <Latency = 0> <II = 1> <Delay = 0.38> <FuncUnit> <Opcode : 'select'> <InPorts = 3> <OutPorts = 1>
ST_19 : Operation 1353 [1/1] (0.00ns)   --->   "%br_ln1245 = br i1 %icmp_ln1072, void %if.else.1.i, void %if.then.1.i179" [prj/sol/.autopilot/db/v_tpg.cpp:1245->prj/sol/.autopilot/db/v_tpg.cpp:649]   --->   Operation 1353 'br' 'br_ln1245' <Predicate = (patternId_val_read == 9)> <Delay = 0.00>
ST_19 : Operation 1354 [1/1] (0.76ns)   --->   "%store_ln552 = store i8 %outpix_62, i8 %outpix_8_out" [prj/sol/.autopilot/db/v_tpg.cpp:552]   --->   Operation 1354 'store' 'store_ln552' <Predicate = (patternId_val_read == 9)> <Delay = 0.76>
ST_19 : Operation 1355 [1/1] (0.76ns)   --->   "%store_ln552 = store i8 %outpix_63, i8 %outpix_7_out" [prj/sol/.autopilot/db/v_tpg.cpp:552]   --->   Operation 1355 'store' 'store_ln552' <Predicate = (patternId_val_read == 9)> <Delay = 0.76>
ST_19 : Operation 1356 [1/1] (0.73ns)   --->   "%store_ln552 = store i8 %outpix_64, i8 %outpix_6_out" [prj/sol/.autopilot/db/v_tpg.cpp:552]   --->   Operation 1356 'store' 'store_ln552' <Predicate = (patternId_val_read == 9)> <Delay = 0.73>
ST_19 : Operation 1357 [1/2] ( I:0.67ns O:0.67ns )   --->   "%tpgBarSelYuv_y_load_3 = load i3 %tpgBarSelYuv_y_addr_3" [prj/sol/.autopilot/db/v_tpg.cpp:1260->prj/sol/.autopilot/db/v_tpg.cpp:649]   --->   Operation 1357 'load' 'tpgBarSelYuv_y_load_3' <Predicate = (patternId_val_read == 9 & !icmp_ln1122)> <Delay = 0.67> <CoreInst = "ROM">   --->   Core 100 'ROM' <Latency = 1> <II = 1> <Delay = 0.67> <Storage> <Opcode : 'load'> <Ports = 0> <Width = 8> <Depth = 8> <ROM>
ST_19 : Operation 1358 [1/2] ( I:0.67ns O:0.67ns )   --->   "%tpgBarSelYuv_u_load_3 = load i3 %tpgBarSelYuv_u_addr_3" [prj/sol/.autopilot/db/v_tpg.cpp:1265->prj/sol/.autopilot/db/v_tpg.cpp:649]   --->   Operation 1358 'load' 'tpgBarSelYuv_u_load_3' <Predicate = (patternId_val_read == 9 & !icmp_ln1122 & icmp_ln1144)> <Delay = 0.67> <CoreInst = "ROM">   --->   Core 100 'ROM' <Latency = 1> <II = 1> <Delay = 0.67> <Storage> <Opcode : 'load'> <Ports = 0> <Width = 8> <Depth = 8> <ROM>
ST_19 : Operation 1359 [1/2] ( I:0.67ns O:0.67ns )   --->   "%tpgBarSelYuv_v_load_3 = load i3 %tpgBarSelYuv_v_addr_3" [prj/sol/.autopilot/db/v_tpg.cpp:1265->prj/sol/.autopilot/db/v_tpg.cpp:649]   --->   Operation 1359 'load' 'tpgBarSelYuv_v_load_3' <Predicate = (patternId_val_read == 9 & !icmp_ln1122)> <Delay = 0.67> <CoreInst = "ROM">   --->   Core 100 'ROM' <Latency = 1> <II = 1> <Delay = 0.67> <Storage> <Opcode : 'load'> <Ports = 0> <Width = 8> <Depth = 8> <ROM>
ST_19 : Operation 1360 [1/1] (0.38ns)   --->   "%cond74_1_ph_i = select i1 %icmp_ln1144, i8 %tpgBarSelYuv_u_load_3, i8 %tpgBarSelYuv_v_load_3" [prj/sol/.autopilot/db/v_tpg.cpp:1144->prj/sol/.autopilot/db/v_tpg.cpp:609]   --->   Operation 1360 'select' 'cond74_1_ph_i' <Predicate = (patternId_val_read == 9 & !icmp_ln1122)> <Delay = 0.38> <CoreInst = "Sel">   --->   Core 73 'Sel' <Latency = 0> <II = 1> <Delay = 0.38> <FuncUnit> <Opcode : 'select'> <InPorts = 3> <OutPorts = 1>
ST_19 : Operation 1361 [1/1] (0.90ns)   --->   "%store_ln552 = store i8 %tpgBarSelYuv_v_load_3, i8 %outpix_11_out" [prj/sol/.autopilot/db/v_tpg.cpp:552]   --->   Operation 1361 'store' 'store_ln552' <Predicate = (patternId_val_read == 9 & !icmp_ln1122)> <Delay = 0.90>
ST_19 : Operation 1362 [1/1] (0.96ns)   --->   "%store_ln552 = store i8 %cond74_1_ph_i, i8 %outpix_10_out" [prj/sol/.autopilot/db/v_tpg.cpp:552]   --->   Operation 1362 'store' 'store_ln552' <Predicate = (patternId_val_read == 9 & !icmp_ln1122)> <Delay = 0.96>
ST_19 : Operation 1363 [1/1] (0.87ns)   --->   "%store_ln552 = store i8 %tpgBarSelYuv_y_load_3, i8 %outpix_9_out" [prj/sol/.autopilot/db/v_tpg.cpp:552]   --->   Operation 1363 'store' 'store_ln552' <Predicate = (patternId_val_read == 9 & !icmp_ln1122)> <Delay = 0.87>
ST_19 : Operation 1364 [1/1] (0.00ns)   --->   "%br_ln1268 = br void %sw.epilog_ifconv" [prj/sol/.autopilot/db/v_tpg.cpp:1268->prj/sol/.autopilot/db/v_tpg.cpp:649]   --->   Operation 1364 'br' 'br_ln1268' <Predicate = (patternId_val_read == 9 & !icmp_ln1122)> <Delay = 0.00>
ST_19 : Operation 1365 [1/2] ( I:0.67ns O:0.67ns )   --->   "%tpgBarSelRgb_r_load_3 = load i3 %tpgBarSelRgb_r_addr_3" [prj/sol/.autopilot/db/v_tpg.cpp:1260->prj/sol/.autopilot/db/v_tpg.cpp:649]   --->   Operation 1365 'load' 'tpgBarSelRgb_r_load_3' <Predicate = (patternId_val_read == 9 & icmp_ln1122)> <Delay = 0.67> <CoreInst = "ROM">   --->   Core 100 'ROM' <Latency = 1> <II = 1> <Delay = 0.67> <Storage> <Opcode : 'load'> <Ports = 0> <Width = 2> <Depth = 8> <ROM>
ST_19 : Operation 1366 [1/1] (0.00ns)   --->   "%tpgBarSelRgb_r_load_3_cast = sext i2 %tpgBarSelRgb_r_load_3" [prj/sol/.autopilot/db/v_tpg.cpp:1260->prj/sol/.autopilot/db/v_tpg.cpp:649]   --->   Operation 1366 'sext' 'tpgBarSelRgb_r_load_3_cast' <Predicate = (patternId_val_read == 9 & icmp_ln1122)> <Delay = 0.00>
ST_19 : Operation 1367 [1/2] ( I:0.67ns O:0.67ns )   --->   "%tpgBarSelRgb_g_load_3 = load i3 %tpgBarSelRgb_g_addr_3" [prj/sol/.autopilot/db/v_tpg.cpp:1263->prj/sol/.autopilot/db/v_tpg.cpp:649]   --->   Operation 1367 'load' 'tpgBarSelRgb_g_load_3' <Predicate = (patternId_val_read == 9 & icmp_ln1122)> <Delay = 0.67> <CoreInst = "ROM">   --->   Core 100 'ROM' <Latency = 1> <II = 1> <Delay = 0.67> <Storage> <Opcode : 'load'> <Ports = 0> <Width = 2> <Depth = 8> <ROM>
ST_19 : Operation 1368 [1/1] (0.00ns)   --->   "%tpgBarSelRgb_g_load_3_cast = sext i2 %tpgBarSelRgb_g_load_3" [prj/sol/.autopilot/db/v_tpg.cpp:1263->prj/sol/.autopilot/db/v_tpg.cpp:649]   --->   Operation 1368 'sext' 'tpgBarSelRgb_g_load_3_cast' <Predicate = (patternId_val_read == 9 & icmp_ln1122)> <Delay = 0.00>
ST_19 : Operation 1369 [1/2] ( I:0.67ns O:0.67ns )   --->   "%tpgBarSelRgb_b_load_3 = load i3 %tpgBarSelRgb_b_addr_3" [prj/sol/.autopilot/db/v_tpg.cpp:1268->prj/sol/.autopilot/db/v_tpg.cpp:649]   --->   Operation 1369 'load' 'tpgBarSelRgb_b_load_3' <Predicate = (patternId_val_read == 9 & icmp_ln1122)> <Delay = 0.67> <CoreInst = "ROM">   --->   Core 100 'ROM' <Latency = 1> <II = 1> <Delay = 0.67> <Storage> <Opcode : 'load'> <Ports = 0> <Width = 2> <Depth = 8> <ROM>
ST_19 : Operation 1370 [1/1] (0.00ns)   --->   "%tpgBarSelRgb_b_load_3_cast = sext i2 %tpgBarSelRgb_b_load_3" [prj/sol/.autopilot/db/v_tpg.cpp:1268->prj/sol/.autopilot/db/v_tpg.cpp:649]   --->   Operation 1370 'sext' 'tpgBarSelRgb_b_load_3_cast' <Predicate = (patternId_val_read == 9 & icmp_ln1122)> <Delay = 0.00>
ST_19 : Operation 1371 [1/1] (0.90ns)   --->   "%store_ln552 = store i8 %tpgBarSelRgb_b_load_3_cast, i8 %outpix_11_out" [prj/sol/.autopilot/db/v_tpg.cpp:552]   --->   Operation 1371 'store' 'store_ln552' <Predicate = (patternId_val_read == 9 & icmp_ln1122)> <Delay = 0.90>
ST_19 : Operation 1372 [1/1] (0.96ns)   --->   "%store_ln552 = store i8 %tpgBarSelRgb_g_load_3_cast, i8 %outpix_10_out" [prj/sol/.autopilot/db/v_tpg.cpp:552]   --->   Operation 1372 'store' 'store_ln552' <Predicate = (patternId_val_read == 9 & icmp_ln1122)> <Delay = 0.96>
ST_19 : Operation 1373 [1/1] (0.87ns)   --->   "%store_ln552 = store i8 %tpgBarSelRgb_r_load_3_cast, i8 %outpix_9_out" [prj/sol/.autopilot/db/v_tpg.cpp:552]   --->   Operation 1373 'store' 'store_ln552' <Predicate = (patternId_val_read == 9 & icmp_ln1122)> <Delay = 0.87>
ST_19 : Operation 1374 [1/1] (0.00ns)   --->   "%br_ln1268 = br void %sw.epilog_ifconv" [prj/sol/.autopilot/db/v_tpg.cpp:1268->prj/sol/.autopilot/db/v_tpg.cpp:649]   --->   Operation 1374 'br' 'br_ln1268' <Predicate = (patternId_val_read == 9 & icmp_ln1122)> <Delay = 0.00>
ST_19 : Operation 1375 [1/1] (0.38ns)   --->   "%select_ln1227 = select i1 %icmp_ln1122, i8 255, i8 %whiYuv_load_read" [prj/sol/.autopilot/db/v_tpg.cpp:1227->prj/sol/.autopilot/db/v_tpg.cpp:641]   --->   Operation 1375 'select' 'select_ln1227' <Predicate = (patternId_val_read == 8)> <Delay = 0.38> <CoreInst = "Sel">   --->   Core 73 'Sel' <Latency = 0> <II = 1> <Delay = 0.38> <FuncUnit> <Opcode : 'select'> <InPorts = 3> <OutPorts = 1>
ST_19 : Operation 1376 [1/1] (0.90ns)   --->   "%store_ln552 = store i8 %select_ln1503_read, i8 %outpix_11_out" [prj/sol/.autopilot/db/v_tpg.cpp:552]   --->   Operation 1376 'store' 'store_ln552' <Predicate = (patternId_val_read == 8)> <Delay = 0.90>
ST_19 : Operation 1377 [1/1] (0.96ns)   --->   "%store_ln552 = store i8 %select_ln1227, i8 %outpix_10_out" [prj/sol/.autopilot/db/v_tpg.cpp:552]   --->   Operation 1377 'store' 'store_ln552' <Predicate = (patternId_val_read == 8)> <Delay = 0.96>
ST_19 : Operation 1378 [1/1] (0.87ns)   --->   "%store_ln552 = store i8 255, i8 %outpix_9_out" [prj/sol/.autopilot/db/v_tpg.cpp:552]   --->   Operation 1378 'store' 'store_ln552' <Predicate = (patternId_val_read == 8)> <Delay = 0.87>
ST_19 : Operation 1379 [1/1] (0.76ns)   --->   "%store_ln552 = store i8 %select_ln1503_read, i8 %outpix_8_out" [prj/sol/.autopilot/db/v_tpg.cpp:552]   --->   Operation 1379 'store' 'store_ln552' <Predicate = (patternId_val_read == 8)> <Delay = 0.76>
ST_19 : Operation 1380 [1/1] (0.76ns)   --->   "%store_ln552 = store i8 %select_ln1503_read, i8 %outpix_7_out" [prj/sol/.autopilot/db/v_tpg.cpp:552]   --->   Operation 1380 'store' 'store_ln552' <Predicate = (patternId_val_read == 8)> <Delay = 0.76>
ST_19 : Operation 1381 [1/1] (0.73ns)   --->   "%store_ln552 = store i8 255, i8 %outpix_6_out" [prj/sol/.autopilot/db/v_tpg.cpp:552]   --->   Operation 1381 'store' 'store_ln552' <Predicate = (patternId_val_read == 8)> <Delay = 0.73>
ST_19 : Operation 1382 [1/1] (0.00ns)   --->   "%br_ln1227 = br void %sw.epilog_ifconv" [prj/sol/.autopilot/db/v_tpg.cpp:1227->prj/sol/.autopilot/db/v_tpg.cpp:641]   --->   Operation 1382 'br' 'br_ln1227' <Predicate = (patternId_val_read == 8)> <Delay = 0.00>
ST_19 : Operation 1383 [1/1] (0.38ns)   --->   "%select_ln1206 = select i1 %icmp_ln1122, i8 0, i8 %blkYuv_load_read" [prj/sol/.autopilot/db/v_tpg.cpp:1206->prj/sol/.autopilot/db/v_tpg.cpp:633]   --->   Operation 1383 'select' 'select_ln1206' <Predicate = (patternId_val_read == 7)> <Delay = 0.38> <CoreInst = "Sel">   --->   Core 73 'Sel' <Latency = 0> <II = 1> <Delay = 0.38> <FuncUnit> <Opcode : 'select'> <InPorts = 3> <OutPorts = 1>
ST_19 : Operation 1384 [1/1] (0.90ns)   --->   "%store_ln552 = store i8 %select_ln1518_read, i8 %outpix_11_out" [prj/sol/.autopilot/db/v_tpg.cpp:552]   --->   Operation 1384 'store' 'store_ln552' <Predicate = (patternId_val_read == 7)> <Delay = 0.90>
ST_19 : Operation 1385 [1/1] (0.96ns)   --->   "%store_ln552 = store i8 %select_ln1206, i8 %outpix_10_out" [prj/sol/.autopilot/db/v_tpg.cpp:552]   --->   Operation 1385 'store' 'store_ln552' <Predicate = (patternId_val_read == 7)> <Delay = 0.96>
ST_19 : Operation 1386 [1/1] (0.87ns)   --->   "%store_ln552 = store i8 0, i8 %outpix_9_out" [prj/sol/.autopilot/db/v_tpg.cpp:552]   --->   Operation 1386 'store' 'store_ln552' <Predicate = (patternId_val_read == 7)> <Delay = 0.87>
ST_19 : Operation 1387 [1/1] (0.76ns)   --->   "%store_ln552 = store i8 %select_ln1518_read, i8 %outpix_8_out" [prj/sol/.autopilot/db/v_tpg.cpp:552]   --->   Operation 1387 'store' 'store_ln552' <Predicate = (patternId_val_read == 7)> <Delay = 0.76>
ST_19 : Operation 1388 [1/1] (0.76ns)   --->   "%store_ln552 = store i8 %select_ln1518_read, i8 %outpix_7_out" [prj/sol/.autopilot/db/v_tpg.cpp:552]   --->   Operation 1388 'store' 'store_ln552' <Predicate = (patternId_val_read == 7)> <Delay = 0.76>
ST_19 : Operation 1389 [1/1] (0.73ns)   --->   "%store_ln552 = store i8 0, i8 %outpix_6_out" [prj/sol/.autopilot/db/v_tpg.cpp:552]   --->   Operation 1389 'store' 'store_ln552' <Predicate = (patternId_val_read == 7)> <Delay = 0.73>
ST_19 : Operation 1390 [1/1] (0.00ns)   --->   "%br_ln1206 = br void %sw.epilog_ifconv" [prj/sol/.autopilot/db/v_tpg.cpp:1206->prj/sol/.autopilot/db/v_tpg.cpp:633]   --->   Operation 1390 'br' 'br_ln1206' <Predicate = (patternId_val_read == 7)> <Delay = 0.00>
ST_19 : Operation 1391 [1/1] (0.38ns)   --->   "%select_ln1185 = select i1 %icmp_ln1122, i8 255, i8 107" [prj/sol/.autopilot/db/v_tpg.cpp:1185->prj/sol/.autopilot/db/v_tpg.cpp:625]   --->   Operation 1391 'select' 'select_ln1185' <Predicate = (patternId_val_read == 6)> <Delay = 0.38> <CoreInst = "Sel">   --->   Core 73 'Sel' <Latency = 0> <II = 1> <Delay = 0.38> <FuncUnit> <Opcode : 'select'> <InPorts = 3> <OutPorts = 1>
ST_19 : Operation 1392 [1/1] (0.38ns)   --->   "%select_ln1185_1 = select i1 %icmp_ln1122, i8 0, i8 %bluYuv_load_read" [prj/sol/.autopilot/db/v_tpg.cpp:1185->prj/sol/.autopilot/db/v_tpg.cpp:625]   --->   Operation 1392 'select' 'select_ln1185_1' <Predicate = (patternId_val_read == 6)> <Delay = 0.38> <CoreInst = "Sel">   --->   Core 73 'Sel' <Latency = 0> <II = 1> <Delay = 0.38> <FuncUnit> <Opcode : 'select'> <InPorts = 3> <OutPorts = 1>
ST_19 : Operation 1393 [1/1] (0.36ns)   --->   "%select_ln1185_2 = select i1 %icmp_ln1122, i8 0, i8 29" [prj/sol/.autopilot/db/v_tpg.cpp:1185->prj/sol/.autopilot/db/v_tpg.cpp:625]   --->   Operation 1393 'select' 'select_ln1185_2' <Predicate = (patternId_val_read == 6)> <Delay = 0.36> <CoreInst = "Sel">   --->   Core 73 'Sel' <Latency = 0> <II = 1> <Delay = 0.36> <FuncUnit> <Opcode : 'select'> <InPorts = 3> <OutPorts = 1>
ST_19 : Operation 1394 [1/1] (0.00ns) (grouped into LUT with out node select_ln1185_3)   --->   "%xor_ln1185 = xor i1 %icmp_ln1122, i1 1" [prj/sol/.autopilot/db/v_tpg.cpp:1185->prj/sol/.autopilot/db/v_tpg.cpp:625]   --->   Operation 1394 'xor' 'xor_ln1185' <Predicate = (patternId_val_read == 6)> <Delay = 0.00> <CoreInst = "LogicGate">   --->   Core 74 'LogicGate' <Latency = 0> <II = 1> <Delay = 0.28> <FuncUnit> <Opcode : 'and' 'or' 'xor'> <InPorts = 2> <OutPorts = 1>
ST_19 : Operation 1395 [1/1] (0.33ns) (out node of the LUT)   --->   "%select_ln1185_3 = select i1 %xor_ln1185, i8 255, i8 0" [prj/sol/.autopilot/db/v_tpg.cpp:1185->prj/sol/.autopilot/db/v_tpg.cpp:625]   --->   Operation 1395 'select' 'select_ln1185_3' <Predicate = (patternId_val_read == 6)> <Delay = 0.33> <CoreInst = "Sel">   --->   Core 73 'Sel' <Latency = 0> <II = 1> <Delay = 0.33> <FuncUnit> <Opcode : 'select'> <InPorts = 3> <OutPorts = 1>
ST_19 : Operation 1396 [1/1] (0.90ns)   --->   "%store_ln552 = store i8 %select_ln1185, i8 %outpix_11_out" [prj/sol/.autopilot/db/v_tpg.cpp:552]   --->   Operation 1396 'store' 'store_ln552' <Predicate = (patternId_val_read == 6)> <Delay = 0.90>
ST_19 : Operation 1397 [1/1] (0.96ns)   --->   "%store_ln552 = store i8 %select_ln1185_1, i8 %outpix_10_out" [prj/sol/.autopilot/db/v_tpg.cpp:552]   --->   Operation 1397 'store' 'store_ln552' <Predicate = (patternId_val_read == 6)> <Delay = 0.96>
ST_19 : Operation 1398 [1/1] (0.87ns)   --->   "%store_ln552 = store i8 %select_ln1185_2, i8 %outpix_9_out" [prj/sol/.autopilot/db/v_tpg.cpp:552]   --->   Operation 1398 'store' 'store_ln552' <Predicate = (patternId_val_read == 6)> <Delay = 0.87>
ST_19 : Operation 1399 [1/1] (0.76ns)   --->   "%store_ln552 = store i8 %select_ln1185, i8 %outpix_8_out" [prj/sol/.autopilot/db/v_tpg.cpp:552]   --->   Operation 1399 'store' 'store_ln552' <Predicate = (patternId_val_read == 6)> <Delay = 0.76>
ST_19 : Operation 1400 [1/1] (0.76ns)   --->   "%store_ln552 = store i8 %select_ln1185_3, i8 %outpix_7_out" [prj/sol/.autopilot/db/v_tpg.cpp:552]   --->   Operation 1400 'store' 'store_ln552' <Predicate = (patternId_val_read == 6)> <Delay = 0.76>
ST_19 : Operation 1401 [1/1] (0.73ns)   --->   "%store_ln552 = store i8 %select_ln1185_2, i8 %outpix_6_out" [prj/sol/.autopilot/db/v_tpg.cpp:552]   --->   Operation 1401 'store' 'store_ln552' <Predicate = (patternId_val_read == 6)> <Delay = 0.73>
ST_19 : Operation 1402 [1/1] (0.00ns)   --->   "%br_ln1185 = br void %sw.epilog_ifconv" [prj/sol/.autopilot/db/v_tpg.cpp:1185->prj/sol/.autopilot/db/v_tpg.cpp:625]   --->   Operation 1402 'br' 'br_ln1185' <Predicate = (patternId_val_read == 6)> <Delay = 0.00>
ST_19 : Operation 1403 [1/1] (0.36ns)   --->   "%select_ln1164 = select i1 %icmp_ln1122, i8 0, i8 21" [prj/sol/.autopilot/db/v_tpg.cpp:1164->prj/sol/.autopilot/db/v_tpg.cpp:617]   --->   Operation 1403 'select' 'select_ln1164' <Predicate = (patternId_val_read == 5)> <Delay = 0.36> <CoreInst = "Sel">   --->   Core 73 'Sel' <Latency = 0> <II = 1> <Delay = 0.36> <FuncUnit> <Opcode : 'select'> <InPorts = 3> <OutPorts = 1>
ST_19 : Operation 1404 [1/1] (0.38ns)   --->   "%select_ln1164_1 = select i1 %icmp_ln1122, i8 255, i8 %grnYuv_load_read" [prj/sol/.autopilot/db/v_tpg.cpp:1164->prj/sol/.autopilot/db/v_tpg.cpp:617]   --->   Operation 1404 'select' 'select_ln1164_1' <Predicate = (patternId_val_read == 5)> <Delay = 0.38> <CoreInst = "Sel">   --->   Core 73 'Sel' <Latency = 0> <II = 1> <Delay = 0.38> <FuncUnit> <Opcode : 'select'> <InPorts = 3> <OutPorts = 1>
ST_19 : Operation 1405 [1/1] (0.38ns)   --->   "%select_ln1164_2 = select i1 %icmp_ln1122, i8 0, i8 149" [prj/sol/.autopilot/db/v_tpg.cpp:1164->prj/sol/.autopilot/db/v_tpg.cpp:617]   --->   Operation 1405 'select' 'select_ln1164_2' <Predicate = (patternId_val_read == 5)> <Delay = 0.38> <CoreInst = "Sel">   --->   Core 73 'Sel' <Latency = 0> <II = 1> <Delay = 0.38> <FuncUnit> <Opcode : 'select'> <InPorts = 3> <OutPorts = 1>
ST_19 : Operation 1406 [1/1] (0.29ns)   --->   "%select_ln1164_3 = select i1 %icmp_ln1122, i8 255, i8 43" [prj/sol/.autopilot/db/v_tpg.cpp:1164->prj/sol/.autopilot/db/v_tpg.cpp:617]   --->   Operation 1406 'select' 'select_ln1164_3' <Predicate = (patternId_val_read == 5)> <Delay = 0.29> <CoreInst = "Sel">   --->   Core 73 'Sel' <Latency = 0> <II = 1> <Delay = 0.29> <FuncUnit> <Opcode : 'select'> <InPorts = 3> <OutPorts = 1>
ST_19 : Operation 1407 [1/1] (0.90ns)   --->   "%store_ln552 = store i8 %select_ln1164, i8 %outpix_11_out" [prj/sol/.autopilot/db/v_tpg.cpp:552]   --->   Operation 1407 'store' 'store_ln552' <Predicate = (patternId_val_read == 5)> <Delay = 0.90>
ST_19 : Operation 1408 [1/1] (0.96ns)   --->   "%store_ln552 = store i8 %select_ln1164_1, i8 %outpix_10_out" [prj/sol/.autopilot/db/v_tpg.cpp:552]   --->   Operation 1408 'store' 'store_ln552' <Predicate = (patternId_val_read == 5)> <Delay = 0.96>
ST_19 : Operation 1409 [1/1] (0.87ns)   --->   "%store_ln552 = store i8 %select_ln1164_2, i8 %outpix_9_out" [prj/sol/.autopilot/db/v_tpg.cpp:552]   --->   Operation 1409 'store' 'store_ln552' <Predicate = (patternId_val_read == 5)> <Delay = 0.87>
ST_19 : Operation 1410 [1/1] (0.76ns)   --->   "%store_ln552 = store i8 %select_ln1164, i8 %outpix_8_out" [prj/sol/.autopilot/db/v_tpg.cpp:552]   --->   Operation 1410 'store' 'store_ln552' <Predicate = (patternId_val_read == 5)> <Delay = 0.76>
ST_19 : Operation 1411 [1/1] (0.76ns)   --->   "%store_ln552 = store i8 %select_ln1164_3, i8 %outpix_7_out" [prj/sol/.autopilot/db/v_tpg.cpp:552]   --->   Operation 1411 'store' 'store_ln552' <Predicate = (patternId_val_read == 5)> <Delay = 0.76>
ST_19 : Operation 1412 [1/1] (0.73ns)   --->   "%store_ln552 = store i8 %select_ln1164_2, i8 %outpix_6_out" [prj/sol/.autopilot/db/v_tpg.cpp:552]   --->   Operation 1412 'store' 'store_ln552' <Predicate = (patternId_val_read == 5)> <Delay = 0.73>
ST_19 : Operation 1413 [1/1] (0.00ns)   --->   "%br_ln1164 = br void %sw.epilog_ifconv" [prj/sol/.autopilot/db/v_tpg.cpp:1164->prj/sol/.autopilot/db/v_tpg.cpp:617]   --->   Operation 1413 'br' 'br_ln1164' <Predicate = (patternId_val_read == 5)> <Delay = 0.00>
ST_19 : Operation 1414 [1/1] (0.00ns) (grouped into LUT with out node select_ln1143_2)   --->   "%xor_ln1143 = xor i1 %icmp_ln1122, i1 1" [prj/sol/.autopilot/db/v_tpg.cpp:1143->prj/sol/.autopilot/db/v_tpg.cpp:609]   --->   Operation 1414 'xor' 'xor_ln1143' <Predicate = (patternId_val_read == 4)> <Delay = 0.00> <CoreInst = "LogicGate">   --->   Core 74 'LogicGate' <Latency = 0> <II = 1> <Delay = 0.28> <FuncUnit> <Opcode : 'and' 'or' 'xor'> <InPorts = 2> <OutPorts = 1>
ST_19 : Operation 1415 [1/1] (0.33ns) (out node of the LUT)   --->   "%select_ln1143_2 = select i1 %xor_ln1143, i8 255, i8 0" [prj/sol/.autopilot/db/v_tpg.cpp:1143->prj/sol/.autopilot/db/v_tpg.cpp:609]   --->   Operation 1415 'select' 'select_ln1143_2' <Predicate = (patternId_val_read == 4)> <Delay = 0.33> <CoreInst = "Sel">   --->   Core 73 'Sel' <Latency = 0> <II = 1> <Delay = 0.33> <FuncUnit> <Opcode : 'select'> <InPorts = 3> <OutPorts = 1>
ST_19 : Operation 1416 [1/1] (0.38ns)   --->   "%select_ln1143 = select i1 %icmp_ln1122, i8 0, i8 %redYuv_load_read" [prj/sol/.autopilot/db/v_tpg.cpp:1143->prj/sol/.autopilot/db/v_tpg.cpp:609]   --->   Operation 1416 'select' 'select_ln1143' <Predicate = (patternId_val_read == 4)> <Delay = 0.38> <CoreInst = "Sel">   --->   Core 73 'Sel' <Latency = 0> <II = 1> <Delay = 0.38> <FuncUnit> <Opcode : 'select'> <InPorts = 3> <OutPorts = 1>
ST_19 : Operation 1417 [1/1] (0.38ns)   --->   "%select_ln1143_1 = select i1 %icmp_ln1122, i8 255, i8 76" [prj/sol/.autopilot/db/v_tpg.cpp:1143->prj/sol/.autopilot/db/v_tpg.cpp:609]   --->   Operation 1417 'select' 'select_ln1143_1' <Predicate = (patternId_val_read == 4)> <Delay = 0.38> <CoreInst = "Sel">   --->   Core 73 'Sel' <Latency = 0> <II = 1> <Delay = 0.38> <FuncUnit> <Opcode : 'select'> <InPorts = 3> <OutPorts = 1>
ST_19 : Operation 1418 [1/1] (0.38ns)   --->   "%select_ln1143_3 = select i1 %icmp_ln1122, i8 0, i8 85" [prj/sol/.autopilot/db/v_tpg.cpp:1143->prj/sol/.autopilot/db/v_tpg.cpp:609]   --->   Operation 1418 'select' 'select_ln1143_3' <Predicate = (patternId_val_read == 4)> <Delay = 0.38> <CoreInst = "Sel">   --->   Core 73 'Sel' <Latency = 0> <II = 1> <Delay = 0.38> <FuncUnit> <Opcode : 'select'> <InPorts = 3> <OutPorts = 1>
ST_19 : Operation 1419 [1/1] (0.90ns)   --->   "%store_ln552 = store i8 %select_ln1143_2, i8 %outpix_11_out" [prj/sol/.autopilot/db/v_tpg.cpp:552]   --->   Operation 1419 'store' 'store_ln552' <Predicate = (patternId_val_read == 4)> <Delay = 0.90>
ST_19 : Operation 1420 [1/1] (0.96ns)   --->   "%store_ln552 = store i8 %select_ln1143, i8 %outpix_10_out" [prj/sol/.autopilot/db/v_tpg.cpp:552]   --->   Operation 1420 'store' 'store_ln552' <Predicate = (patternId_val_read == 4)> <Delay = 0.96>
ST_19 : Operation 1421 [1/1] (0.87ns)   --->   "%store_ln552 = store i8 %select_ln1143_1, i8 %outpix_9_out" [prj/sol/.autopilot/db/v_tpg.cpp:552]   --->   Operation 1421 'store' 'store_ln552' <Predicate = (patternId_val_read == 4)> <Delay = 0.87>
ST_19 : Operation 1422 [1/1] (0.76ns)   --->   "%store_ln552 = store i8 %select_ln1143_2, i8 %outpix_8_out" [prj/sol/.autopilot/db/v_tpg.cpp:552]   --->   Operation 1422 'store' 'store_ln552' <Predicate = (patternId_val_read == 4)> <Delay = 0.76>
ST_19 : Operation 1423 [1/1] (0.76ns)   --->   "%store_ln552 = store i8 %select_ln1143_3, i8 %outpix_7_out" [prj/sol/.autopilot/db/v_tpg.cpp:552]   --->   Operation 1423 'store' 'store_ln552' <Predicate = (patternId_val_read == 4)> <Delay = 0.76>
ST_19 : Operation 1424 [1/1] (0.73ns)   --->   "%store_ln552 = store i8 %select_ln1143_1, i8 %outpix_6_out" [prj/sol/.autopilot/db/v_tpg.cpp:552]   --->   Operation 1424 'store' 'store_ln552' <Predicate = (patternId_val_read == 4)> <Delay = 0.73>
ST_19 : Operation 1425 [1/1] (0.00ns)   --->   "%br_ln1143 = br void %sw.epilog_ifconv" [prj/sol/.autopilot/db/v_tpg.cpp:1143->prj/sol/.autopilot/db/v_tpg.cpp:609]   --->   Operation 1425 'br' 'br_ln1143' <Predicate = (patternId_val_read == 4)> <Delay = 0.00>
ST_19 : Operation 1426 [1/1] (0.90ns)   --->   "%store_ln552 = store i8 %outpix_24_read, i8 %outpix_11_out" [prj/sol/.autopilot/db/v_tpg.cpp:552]   --->   Operation 1426 'store' 'store_ln552' <Predicate = (patternId_val_read == 3)> <Delay = 0.90>
ST_19 : Operation 1427 [1/1] (0.96ns)   --->   "%store_ln552 = store i8 %outpix_24_read, i8 %outpix_10_out" [prj/sol/.autopilot/db/v_tpg.cpp:552]   --->   Operation 1427 'store' 'store_ln552' <Predicate = (patternId_val_read == 3)> <Delay = 0.96>
ST_19 : Operation 1428 [1/1] (0.87ns)   --->   "%store_ln552 = store i8 %rampStart_1_read, i8 %outpix_9_out" [prj/sol/.autopilot/db/v_tpg.cpp:552]   --->   Operation 1428 'store' 'store_ln552' <Predicate = (patternId_val_read == 3)> <Delay = 0.87>
ST_19 : Operation 1429 [1/1] (0.76ns)   --->   "%store_ln552 = store i8 %outpix_24_read, i8 %outpix_8_out" [prj/sol/.autopilot/db/v_tpg.cpp:552]   --->   Operation 1429 'store' 'store_ln552' <Predicate = (patternId_val_read == 3)> <Delay = 0.76>
ST_19 : Operation 1430 [1/1] (0.76ns)   --->   "%store_ln552 = store i8 %outpix_24_read, i8 %outpix_7_out" [prj/sol/.autopilot/db/v_tpg.cpp:552]   --->   Operation 1430 'store' 'store_ln552' <Predicate = (patternId_val_read == 3)> <Delay = 0.76>
ST_19 : Operation 1431 [1/1] (0.73ns)   --->   "%store_ln552 = store i8 %rampStart_1_read, i8 %outpix_6_out" [prj/sol/.autopilot/db/v_tpg.cpp:552]   --->   Operation 1431 'store' 'store_ln552' <Predicate = (patternId_val_read == 3)> <Delay = 0.73>
ST_19 : Operation 1432 [1/1] (0.00ns)   --->   "%br_ln605 = br void %sw.epilog_ifconv" [prj/sol/.autopilot/db/v_tpg.cpp:605]   --->   Operation 1432 'br' 'br_ln605' <Predicate = (patternId_val_read == 3)> <Delay = 0.00>
ST_19 : Operation 1433 [1/1] (0.00ns)   --->   "%rampVal_loc_1_out_load_1 = load i16 %rampVal_loc_1_out" [prj/sol/.autopilot/db/v_tpg.cpp:1105->prj/sol/.autopilot/db/v_tpg.cpp:593]   --->   Operation 1433 'load' 'rampVal_loc_1_out_load_1' <Predicate = (patternId_val_read == 2)> <Delay = 0.00>
ST_19 : Operation 1434 [1/1] (0.00ns)   --->   "%outpix_27 = trunc i16 %rampVal_loc_1_out_load_1" [prj/sol/.autopilot/db/v_tpg.cpp:1105->prj/sol/.autopilot/db/v_tpg.cpp:593]   --->   Operation 1434 'trunc' 'outpix_27' <Predicate = (patternId_val_read == 2)> <Delay = 0.00>
ST_19 : Operation 1435 [1/1] (0.38ns)   --->   "%outpix_28 = select i1 %icmp_ln1122, i8 %outpix_27, i8 128" [prj/sol/.autopilot/db/v_tpg.cpp:1107->prj/sol/.autopilot/db/v_tpg.cpp:593]   --->   Operation 1435 'select' 'outpix_28' <Predicate = (patternId_val_read == 2)> <Delay = 0.38> <CoreInst = "Sel">   --->   Core 73 'Sel' <Latency = 0> <II = 1> <Delay = 0.38> <FuncUnit> <Opcode : 'select'> <InPorts = 3> <OutPorts = 1>
ST_19 : Operation 1436 [1/1] (0.90ns)   --->   "%store_ln552 = store i8 %outpix_28, i8 %outpix_11_out" [prj/sol/.autopilot/db/v_tpg.cpp:552]   --->   Operation 1436 'store' 'store_ln552' <Predicate = (patternId_val_read == 2)> <Delay = 0.90>
ST_19 : Operation 1437 [1/1] (0.96ns)   --->   "%store_ln552 = store i8 %outpix_28, i8 %outpix_10_out" [prj/sol/.autopilot/db/v_tpg.cpp:552]   --->   Operation 1437 'store' 'store_ln552' <Predicate = (patternId_val_read == 2)> <Delay = 0.96>
ST_19 : Operation 1438 [1/1] (0.87ns)   --->   "%store_ln552 = store i8 %outpix_27, i8 %outpix_9_out" [prj/sol/.autopilot/db/v_tpg.cpp:552]   --->   Operation 1438 'store' 'store_ln552' <Predicate = (patternId_val_read == 2)> <Delay = 0.87>
ST_19 : Operation 1439 [1/1] (0.76ns)   --->   "%store_ln552 = store i8 %outpix_28, i8 %outpix_8_out" [prj/sol/.autopilot/db/v_tpg.cpp:552]   --->   Operation 1439 'store' 'store_ln552' <Predicate = (patternId_val_read == 2)> <Delay = 0.76>
ST_19 : Operation 1440 [1/1] (0.76ns)   --->   "%store_ln552 = store i8 %outpix_28, i8 %outpix_7_out" [prj/sol/.autopilot/db/v_tpg.cpp:552]   --->   Operation 1440 'store' 'store_ln552' <Predicate = (patternId_val_read == 2)> <Delay = 0.76>
ST_19 : Operation 1441 [1/1] (0.73ns)   --->   "%store_ln552 = store i8 %outpix_27, i8 %outpix_6_out" [prj/sol/.autopilot/db/v_tpg.cpp:552]   --->   Operation 1441 'store' 'store_ln552' <Predicate = (patternId_val_read == 2)> <Delay = 0.73>
ST_19 : Operation 1442 [1/1] (0.00ns)   --->   "%br_ln597 = br void %sw.epilog_ifconv" [prj/sol/.autopilot/db/v_tpg.cpp:597]   --->   Operation 1442 'br' 'br_ln597' <Predicate = (patternId_val_read == 2)> <Delay = 0.00>
ST_19 : Operation 1443 [1/1] (0.38ns)   --->   "%outpix = select i1 %icmp_ln1072, i8 %rampStart_1_read, i8 %trunc_ln565_1" [prj/sol/.autopilot/db/v_tpg.cpp:1072->prj/sol/.autopilot/db/v_tpg.cpp:585]   --->   Operation 1443 'select' 'outpix' <Predicate = (patternId_val_read == 1)> <Delay = 0.38> <CoreInst = "Sel">   --->   Core 73 'Sel' <Latency = 0> <II = 1> <Delay = 0.38> <FuncUnit> <Opcode : 'select'> <InPorts = 3> <OutPorts = 1>
ST_19 : Operation 1444 [1/1] (0.38ns)   --->   "%outpix_1 = select i1 %icmp_ln1122, i8 %outpix, i8 128" [prj/sol/.autopilot/db/v_tpg.cpp:1079->prj/sol/.autopilot/db/v_tpg.cpp:585]   --->   Operation 1444 'select' 'outpix_1' <Predicate = (patternId_val_read == 1)> <Delay = 0.38> <CoreInst = "Sel">   --->   Core 73 'Sel' <Latency = 0> <II = 1> <Delay = 0.38> <FuncUnit> <Opcode : 'select'> <InPorts = 3> <OutPorts = 1>
ST_19 : Operation 1445 [1/1] (0.76ns)   --->   "%outpix_2 = add i8 %outpix, i8 1" [prj/sol/.autopilot/db/v_tpg.cpp:1077->prj/sol/.autopilot/db/v_tpg.cpp:585]   --->   Operation 1445 'add' 'outpix_2' <Predicate = (patternId_val_read == 1)> <Delay = 0.76> <CoreInst = "Adder">   --->   Core 1 'Adder' <Latency = 0> <II = 1> <Delay = 0.76> <FuncUnit> <Opcode : 'add' 'sub'> <InPorts = 2> <OutPorts = 1>
ST_19 : Operation 1446 [1/1] (0.38ns)   --->   "%outpix_3 = select i1 %icmp_ln1122, i8 %outpix_2, i8 128" [prj/sol/.autopilot/db/v_tpg.cpp:1079->prj/sol/.autopilot/db/v_tpg.cpp:585]   --->   Operation 1446 'select' 'outpix_3' <Predicate = (patternId_val_read == 1)> <Delay = 0.38> <CoreInst = "Sel">   --->   Core 73 'Sel' <Latency = 0> <II = 1> <Delay = 0.38> <FuncUnit> <Opcode : 'select'> <InPorts = 3> <OutPorts = 1>
ST_19 : Operation 1447 [1/1] (0.76ns)   --->   "%add_ln1084 = add i8 %outpix, i8 2" [prj/sol/.autopilot/db/v_tpg.cpp:1084->prj/sol/.autopilot/db/v_tpg.cpp:585]   --->   Operation 1447 'add' 'add_ln1084' <Predicate = (patternId_val_read == 1)> <Delay = 0.76> <CoreInst = "Adder">   --->   Core 1 'Adder' <Latency = 0> <II = 1> <Delay = 0.76> <FuncUnit> <Opcode : 'add' 'sub'> <InPorts = 2> <OutPorts = 1>
ST_19 : Operation 1448 [1/1] (0.00ns)   --->   "%zext_ln552 = zext i8 %add_ln1084" [prj/sol/.autopilot/db/v_tpg.cpp:552]   --->   Operation 1448 'zext' 'zext_ln552' <Predicate = (patternId_val_read == 1)> <Delay = 0.00>
ST_19 : Operation 1449 [1/1] (0.90ns)   --->   "%store_ln552 = store i8 %outpix_3, i8 %outpix_11_out" [prj/sol/.autopilot/db/v_tpg.cpp:552]   --->   Operation 1449 'store' 'store_ln552' <Predicate = (patternId_val_read == 1)> <Delay = 0.90>
ST_19 : Operation 1450 [1/1] (0.96ns)   --->   "%store_ln552 = store i8 %outpix_3, i8 %outpix_10_out" [prj/sol/.autopilot/db/v_tpg.cpp:552]   --->   Operation 1450 'store' 'store_ln552' <Predicate = (patternId_val_read == 1)> <Delay = 0.96>
ST_19 : Operation 1451 [1/1] (0.87ns)   --->   "%store_ln552 = store i8 %outpix_2, i8 %outpix_9_out" [prj/sol/.autopilot/db/v_tpg.cpp:552]   --->   Operation 1451 'store' 'store_ln552' <Predicate = (patternId_val_read == 1)> <Delay = 0.87>
ST_19 : Operation 1452 [1/1] (0.76ns)   --->   "%store_ln552 = store i8 %outpix_1, i8 %outpix_8_out" [prj/sol/.autopilot/db/v_tpg.cpp:552]   --->   Operation 1452 'store' 'store_ln552' <Predicate = (patternId_val_read == 1)> <Delay = 0.76>
ST_19 : Operation 1453 [1/1] (0.76ns)   --->   "%store_ln552 = store i8 %outpix_1, i8 %outpix_7_out" [prj/sol/.autopilot/db/v_tpg.cpp:552]   --->   Operation 1453 'store' 'store_ln552' <Predicate = (patternId_val_read == 1)> <Delay = 0.76>
ST_19 : Operation 1454 [1/1] (0.73ns)   --->   "%store_ln552 = store i8 %outpix, i8 %outpix_6_out" [prj/sol/.autopilot/db/v_tpg.cpp:552]   --->   Operation 1454 'store' 'store_ln552' <Predicate = (patternId_val_read == 1)> <Delay = 0.73>
ST_19 : Operation 1455 [1/1] (0.42ns)   --->   "%store_ln0 = store i1 1, i1 %rampVal_3_flag_1"   --->   Operation 1455 'store' 'store_ln0' <Predicate = (patternId_val_read == 1)> <Delay = 0.42>
ST_19 : Operation 1456 [1/1] (0.00ns)   --->   "%store_ln552 = store i16 %zext_ln552, i16 %rampVal_3_new_1_out" [prj/sol/.autopilot/db/v_tpg.cpp:552]   --->   Operation 1456 'store' 'store_ln552' <Predicate = (patternId_val_read == 1)> <Delay = 0.00>
ST_19 : Operation 1457 [1/1] (0.00ns)   --->   "%store_ln552 = store i16 %zext_ln552, i16 %rampVal_3_loc_1_out" [prj/sol/.autopilot/db/v_tpg.cpp:552]   --->   Operation 1457 'store' 'store_ln552' <Predicate = (patternId_val_read == 1)> <Delay = 0.00>
ST_19 : Operation 1458 [1/1] (0.00ns)   --->   "%br_ln589 = br void %sw.epilog_ifconv" [prj/sol/.autopilot/db/v_tpg.cpp:589]   --->   Operation 1458 'br' 'br_ln589' <Predicate = (patternId_val_read == 1)> <Delay = 0.00>
ST_19 : Operation 1525 [1/1] (0.00ns)   --->   "%rampVal_2_flag_1_load = load i1 %rampVal_2_flag_1"   --->   Operation 1525 'load' 'rampVal_2_flag_1_load' <Predicate = (!icmp_ln565)> <Delay = 0.00>
ST_19 : Operation 1526 [1/1] (0.00ns)   --->   "%hdata_flag_1_load = load i1 %hdata_flag_1"   --->   Operation 1526 'load' 'hdata_flag_1_load' <Predicate = (!icmp_ln565)> <Delay = 0.00>
ST_19 : Operation 1527 [1/1] (0.00ns)   --->   "%rampVal_3_flag_1_load = load i1 %rampVal_3_flag_1"   --->   Operation 1527 'load' 'rampVal_3_flag_1_load' <Predicate = (!icmp_ln565)> <Delay = 0.00>
ST_19 : Operation 1528 [1/1] (0.00ns)   --->   "%write_ln0 = write void @_ssdm_op_Write.ap_auto.i1P0A, i1 %rampVal_3_flag_1_out, i1 %rampVal_3_flag_1_load"   --->   Operation 1528 'write' 'write_ln0' <Predicate = (!icmp_ln565)> <Delay = 0.00>
ST_19 : Operation 1529 [1/1] (0.00ns)   --->   "%write_ln0 = write void @_ssdm_op_Write.ap_auto.i1P0A, i1 %hdata_flag_1_out, i1 %hdata_flag_1_load"   --->   Operation 1529 'write' 'write_ln0' <Predicate = (!icmp_ln565)> <Delay = 0.00>
ST_19 : Operation 1530 [1/1] (0.00ns)   --->   "%write_ln0 = write void @_ssdm_op_Write.ap_auto.i1P0A, i1 %rampVal_2_flag_1_out, i1 %rampVal_2_flag_1_load"   --->   Operation 1530 'write' 'write_ln0' <Predicate = (!icmp_ln565)> <Delay = 0.00>
ST_19 : Operation 1531 [1/1] (0.42ns)   --->   "%ret_ln0 = ret"   --->   Operation 1531 'ret' 'ret_ln0' <Predicate = (!icmp_ln565)> <Delay = 0.42>

State 20 <SV = 19> <Delay = 4.34>
ST_20 : Operation 1459 [1/2] (0.64ns) (root node of the DSP)   --->   "%add_ln1302_2 = add i17 %zext_ln1302_6, i17 %zext_ln1302_4" [prj/sol/.autopilot/db/v_tpg.cpp:1302->prj/sol/.autopilot/db/v_tpg.cpp:681]   --->   Operation 1459 'add' 'add_ln1302_2' <Predicate = (patternId_val_read == 13 & !icmp_ln1122)> <Delay = 0.64> <CoreInst = "DSP48">   --->   Core 124 'DSP48' <Latency = 3> <II = 1> <Delay = 0.53> <IPBlock> <Opcode : 'add' 'sub' 'mul' 'select'> <InPorts = 0> <OutPorts = 1> <Sync> <CReg>
ST_20 : Operation 1460 [1/1] (0.00ns) (grouped into LUT with out node pix_32)   --->   "%tmp_37 = bitselect i1 @_ssdm_op_BitSelect.i1.i17.i32, i17 %add_ln1302_2, i32 16" [prj/sol/.autopilot/db/v_tpg.cpp:1305->prj/sol/.autopilot/db/v_tpg.cpp:681]   --->   Operation 1460 'bitselect' 'tmp_37' <Predicate = (patternId_val_read == 13 & !icmp_ln1122)> <Delay = 0.00>
ST_20 : Operation 1461 [1/1] (0.00ns) (grouped into LUT with out node pix_32)   --->   "%trunc_ln = partselect i8 @_ssdm_op_PartSelect.i8.i17.i32.i32, i17 %add_ln1302_2, i32 8, i32 15" [prj/sol/.autopilot/db/v_tpg.cpp:1305->prj/sol/.autopilot/db/v_tpg.cpp:681]   --->   Operation 1461 'partselect' 'trunc_ln' <Predicate = (patternId_val_read == 13 & !icmp_ln1122)> <Delay = 0.00>
ST_20 : Operation 1462 [1/1] (0.00ns) (grouped into LUT with out node pix_32)   --->   "%r_1 = select i1 %tmp_37, i8 255, i8 %trunc_ln" [prj/sol/.autopilot/db/v_tpg.cpp:1305->prj/sol/.autopilot/db/v_tpg.cpp:681]   --->   Operation 1462 'select' 'r_1' <Predicate = (patternId_val_read == 13 & !icmp_ln1122)> <Delay = 0.00> <CoreInst = "Sel">   --->   Core 73 'Sel' <Latency = 0> <II = 1> <Delay = 0.38> <FuncUnit> <Opcode : 'select'> <InPorts = 3> <OutPorts = 1>
ST_20 : Operation 1463 [1/2] (0.64ns) (root node of the DSP)   --->   "%add_ln1302_5 = add i17 %zext_ln1302_13, i17 %zext_ln1302_11" [prj/sol/.autopilot/db/v_tpg.cpp:1302->prj/sol/.autopilot/db/v_tpg.cpp:681]   --->   Operation 1463 'add' 'add_ln1302_5' <Predicate = (patternId_val_read == 13 & !icmp_ln1122)> <Delay = 0.64> <CoreInst = "DSP48">   --->   Core 124 'DSP48' <Latency = 3> <II = 1> <Delay = 0.53> <IPBlock> <Opcode : 'add' 'sub' 'mul' 'select'> <InPorts = 0> <OutPorts = 1> <Sync> <CReg>
ST_20 : Operation 1464 [1/1] (0.00ns) (grouped into LUT with out node r_6)   --->   "%tmp_40 = bitselect i1 @_ssdm_op_BitSelect.i1.i17.i32, i17 %add_ln1302_5, i32 16" [prj/sol/.autopilot/db/v_tpg.cpp:1305->prj/sol/.autopilot/db/v_tpg.cpp:681]   --->   Operation 1464 'bitselect' 'tmp_40' <Predicate = (patternId_val_read == 13 & !icmp_ln1122)> <Delay = 0.00>
ST_20 : Operation 1465 [1/1] (0.00ns) (grouped into LUT with out node r_6)   --->   "%trunc_ln1305_1 = partselect i8 @_ssdm_op_PartSelect.i8.i17.i32.i32, i17 %add_ln1302_5, i32 8, i32 15" [prj/sol/.autopilot/db/v_tpg.cpp:1305->prj/sol/.autopilot/db/v_tpg.cpp:681]   --->   Operation 1465 'partselect' 'trunc_ln1305_1' <Predicate = (patternId_val_read == 13 & !icmp_ln1122)> <Delay = 0.00>
ST_20 : Operation 1466 [1/1] (0.00ns) (grouped into LUT with out node r_6)   --->   "%r_3 = select i1 %tmp_40, i8 255, i8 %trunc_ln1305_1" [prj/sol/.autopilot/db/v_tpg.cpp:1305->prj/sol/.autopilot/db/v_tpg.cpp:681]   --->   Operation 1466 'select' 'r_3' <Predicate = (patternId_val_read == 13 & !icmp_ln1122)> <Delay = 0.00> <CoreInst = "Sel">   --->   Core 73 'Sel' <Latency = 0> <II = 1> <Delay = 0.38> <FuncUnit> <Opcode : 'select'> <InPorts = 3> <OutPorts = 1>
ST_20 : Operation 1467 [1/1] (0.38ns) (out node of the LUT)   --->   "%pix_32 = select i1 %icmp_ln1122, i8 %r, i8 %r_1" [prj/sol/.autopilot/db/v_tpg.cpp:1122->prj/sol/.autopilot/db/v_tpg.cpp:601]   --->   Operation 1467 'select' 'pix_32' <Predicate = (patternId_val_read == 13)> <Delay = 0.38> <CoreInst = "Sel">   --->   Core 73 'Sel' <Latency = 0> <II = 1> <Delay = 0.38> <FuncUnit> <Opcode : 'select'> <InPorts = 3> <OutPorts = 1>
ST_20 : Operation 1468 [1/1] (0.38ns) (out node of the LUT)   --->   "%r_6 = select i1 %icmp_ln1122, i8 %r_2, i8 %r_3" [prj/sol/.autopilot/db/v_tpg.cpp:1122->prj/sol/.autopilot/db/v_tpg.cpp:601]   --->   Operation 1468 'select' 'r_6' <Predicate = (patternId_val_read == 13)> <Delay = 0.38> <CoreInst = "Sel">   --->   Core 73 'Sel' <Latency = 0> <II = 1> <Delay = 0.38> <FuncUnit> <Opcode : 'select'> <InPorts = 3> <OutPorts = 1>
ST_20 : Operation 1469 [1/1] (0.87ns)   --->   "%store_ln552 = store i8 %r_6, i8 %outpix_9_out" [prj/sol/.autopilot/db/v_tpg.cpp:552]   --->   Operation 1469 'store' 'store_ln552' <Predicate = (patternId_val_read == 13)> <Delay = 0.87>
ST_20 : Operation 1470 [1/1] (0.73ns)   --->   "%store_ln552 = store i8 %pix_32, i8 %outpix_6_out" [prj/sol/.autopilot/db/v_tpg.cpp:552]   --->   Operation 1470 'store' 'store_ln552' <Predicate = (patternId_val_read == 13)> <Delay = 0.73>
ST_20 : Operation 1471 [1/1] (0.00ns)   --->   "%br_ln685 = br void %sw.epilog_ifconv" [prj/sol/.autopilot/db/v_tpg.cpp:685]   --->   Operation 1471 'br' 'br_ln685' <Predicate = (patternId_val_read == 13)> <Delay = 0.00>
ST_20 : Operation 1472 [1/1] (0.38ns)   --->   "%outpix_30 = select i1 %icmp_ln1122, i8 %outpix_29, i8 128" [prj/sol/.autopilot/db/v_tpg.cpp:1361->prj/sol/.autopilot/db/v_tpg.cpp:657]   --->   Operation 1472 'select' 'outpix_30' <Predicate = (patternId_val_read == 10)> <Delay = 0.38> <CoreInst = "Sel">   --->   Core 73 'Sel' <Latency = 0> <II = 1> <Delay = 0.38> <FuncUnit> <Opcode : 'select'> <InPorts = 3> <OutPorts = 1>
ST_20 : Operation 1473 [1/1] (0.38ns)   --->   "%outpix_32 = select i1 %icmp_ln1122, i8 %outpix_31, i8 128" [prj/sol/.autopilot/db/v_tpg.cpp:1361->prj/sol/.autopilot/db/v_tpg.cpp:657]   --->   Operation 1473 'select' 'outpix_32' <Predicate = (patternId_val_read == 10)> <Delay = 0.38> <CoreInst = "Sel">   --->   Core 73 'Sel' <Latency = 0> <II = 1> <Delay = 0.38> <FuncUnit> <Opcode : 'select'> <InPorts = 3> <OutPorts = 1>
ST_20 : Operation 1474 [1/1] (0.90ns)   --->   "%store_ln552 = store i8 %outpix_32, i8 %outpix_11_out" [prj/sol/.autopilot/db/v_tpg.cpp:552]   --->   Operation 1474 'store' 'store_ln552' <Predicate = (patternId_val_read == 10)> <Delay = 0.90>
ST_20 : Operation 1475 [1/1] (0.96ns)   --->   "%store_ln552 = store i8 %outpix_32, i8 %outpix_10_out" [prj/sol/.autopilot/db/v_tpg.cpp:552]   --->   Operation 1475 'store' 'store_ln552' <Predicate = (patternId_val_read == 10)> <Delay = 0.96>
ST_20 : Operation 1476 [1/1] (0.76ns)   --->   "%store_ln552 = store i8 %outpix_30, i8 %outpix_8_out" [prj/sol/.autopilot/db/v_tpg.cpp:552]   --->   Operation 1476 'store' 'store_ln552' <Predicate = (patternId_val_read == 10)> <Delay = 0.76>
ST_20 : Operation 1477 [1/1] (0.76ns)   --->   "%store_ln552 = store i8 %outpix_30, i8 %outpix_7_out" [prj/sol/.autopilot/db/v_tpg.cpp:552]   --->   Operation 1477 'store' 'store_ln552' <Predicate = (patternId_val_read == 10)> <Delay = 0.76>
ST_20 : Operation 1478 [1/1] (0.00ns)   --->   "%br_ln661 = br void %sw.epilog_ifconv" [prj/sol/.autopilot/db/v_tpg.cpp:661]   --->   Operation 1478 'br' 'br_ln661' <Predicate = (patternId_val_read == 10)> <Delay = 0.00>
ST_20 : Operation 1479 [1/1] (0.00ns)   --->   "%p_0_0_010368_out_load = load i8 %p_0_0_010368_out" [prj/sol/.autopilot/db/v_tpg.cpp:552]   --->   Operation 1479 'load' 'p_0_0_010368_out_load' <Predicate = (patternId_val_read == 0)> <Delay = 0.00>
ST_20 : Operation 1480 [1/1] (0.00ns)   --->   "%p_0_0_09370_out_load = load i8 %p_0_0_09370_out" [prj/sol/.autopilot/db/v_tpg.cpp:552]   --->   Operation 1480 'load' 'p_0_0_09370_out_load' <Predicate = (patternId_val_read == 0)> <Delay = 0.00>
ST_20 : Operation 1481 [1/1] (0.00ns)   --->   "%p_0_0_0372_out_load = load i8 %p_0_0_0372_out" [prj/sol/.autopilot/db/v_tpg.cpp:552]   --->   Operation 1481 'load' 'p_0_0_0372_out_load' <Predicate = (patternId_val_read == 0)> <Delay = 0.00>
ST_20 : Operation 1482 [1/1] (0.00ns)   --->   "%p_0_0_010_1374_out_load = load i8 %p_0_0_010_1374_out" [prj/sol/.autopilot/db/v_tpg.cpp:552]   --->   Operation 1482 'load' 'p_0_0_010_1374_out_load' <Predicate = (patternId_val_read == 0)> <Delay = 0.00>
ST_20 : Operation 1483 [1/1] (0.00ns)   --->   "%p_0_0_09_1376_out_load = load i8 %p_0_0_09_1376_out" [prj/sol/.autopilot/db/v_tpg.cpp:552]   --->   Operation 1483 'load' 'p_0_0_09_1376_out_load' <Predicate = (patternId_val_read == 0)> <Delay = 0.00>
ST_20 : Operation 1484 [1/1] (0.00ns)   --->   "%p_0_0_0_1378_out_load = load i8 %p_0_0_0_1378_out" [prj/sol/.autopilot/db/v_tpg.cpp:552]   --->   Operation 1484 'load' 'p_0_0_0_1378_out_load' <Predicate = (patternId_val_read == 0)> <Delay = 0.00>
ST_20 : Operation 1485 [1/1] (0.90ns)   --->   "%store_ln552 = store i8 %p_0_0_0_1378_out_load, i8 %outpix_11_out" [prj/sol/.autopilot/db/v_tpg.cpp:552]   --->   Operation 1485 'store' 'store_ln552' <Predicate = (patternId_val_read == 0)> <Delay = 0.90>
ST_20 : Operation 1486 [1/1] (0.96ns)   --->   "%store_ln552 = store i8 %p_0_0_09_1376_out_load, i8 %outpix_10_out" [prj/sol/.autopilot/db/v_tpg.cpp:552]   --->   Operation 1486 'store' 'store_ln552' <Predicate = (patternId_val_read == 0)> <Delay = 0.96>
ST_20 : Operation 1487 [1/1] (0.87ns)   --->   "%store_ln552 = store i8 %p_0_0_010_1374_out_load, i8 %outpix_9_out" [prj/sol/.autopilot/db/v_tpg.cpp:552]   --->   Operation 1487 'store' 'store_ln552' <Predicate = (patternId_val_read == 0)> <Delay = 0.87>
ST_20 : Operation 1488 [1/1] (0.76ns)   --->   "%store_ln552 = store i8 %p_0_0_0372_out_load, i8 %outpix_8_out" [prj/sol/.autopilot/db/v_tpg.cpp:552]   --->   Operation 1488 'store' 'store_ln552' <Predicate = (patternId_val_read == 0)> <Delay = 0.76>
ST_20 : Operation 1489 [1/1] (0.76ns)   --->   "%store_ln552 = store i8 %p_0_0_09370_out_load, i8 %outpix_7_out" [prj/sol/.autopilot/db/v_tpg.cpp:552]   --->   Operation 1489 'store' 'store_ln552' <Predicate = (patternId_val_read == 0)> <Delay = 0.76>
ST_20 : Operation 1490 [1/1] (0.73ns)   --->   "%store_ln552 = store i8 %p_0_0_010368_out_load, i8 %outpix_6_out" [prj/sol/.autopilot/db/v_tpg.cpp:552]   --->   Operation 1490 'store' 'store_ln552' <Predicate = (patternId_val_read == 0)> <Delay = 0.73>
ST_20 : Operation 1491 [1/1] (0.00ns)   --->   "%br_ln580 = br void %sw.epilog_ifconv" [prj/sol/.autopilot/db/v_tpg.cpp:580]   --->   Operation 1491 'br' 'br_ln580' <Predicate = (patternId_val_read == 0)> <Delay = 0.00>
ST_20 : Operation 1492 [1/1] (0.00ns)   --->   "%p_0_0_010368_out_load_1 = load i8 %p_0_0_010368_out" [prj/sol/.autopilot/db/v_tpg.cpp:736]   --->   Operation 1492 'load' 'p_0_0_010368_out_load_1' <Predicate = (icmp_ln570 & !or_ln736_2)> <Delay = 0.00>
ST_20 : Operation 1493 [1/1] (0.00ns)   --->   "%p_0_0_09370_out_load_1 = load i8 %p_0_0_09370_out" [prj/sol/.autopilot/db/v_tpg.cpp:736]   --->   Operation 1493 'load' 'p_0_0_09370_out_load_1' <Predicate = (icmp_ln570 & !or_ln736_2)> <Delay = 0.00>
ST_20 : Operation 1494 [1/1] (0.00ns)   --->   "%p_0_0_0372_out_load_1 = load i8 %p_0_0_0372_out" [prj/sol/.autopilot/db/v_tpg.cpp:736]   --->   Operation 1494 'load' 'p_0_0_0372_out_load_1' <Predicate = (icmp_ln570 & !or_ln736_2)> <Delay = 0.00>
ST_20 : Operation 1495 [1/1] (0.00ns)   --->   "%p_0_0_010_1374_out_load_1 = load i8 %p_0_0_010_1374_out" [prj/sol/.autopilot/db/v_tpg.cpp:736]   --->   Operation 1495 'load' 'p_0_0_010_1374_out_load_1' <Predicate = (icmp_ln570 & !or_ln736_6)> <Delay = 0.00>
ST_20 : Operation 1496 [1/1] (0.00ns)   --->   "%p_0_0_09_1376_out_load_1 = load i8 %p_0_0_09_1376_out" [prj/sol/.autopilot/db/v_tpg.cpp:736]   --->   Operation 1496 'load' 'p_0_0_09_1376_out_load_1' <Predicate = (icmp_ln570 & !or_ln736_6)> <Delay = 0.00>
ST_20 : Operation 1497 [1/1] (0.00ns)   --->   "%p_0_0_0_1378_out_load_1 = load i8 %p_0_0_0_1378_out" [prj/sol/.autopilot/db/v_tpg.cpp:736]   --->   Operation 1497 'load' 'p_0_0_0_1378_out_load_1' <Predicate = (icmp_ln570 & !or_ln736_6)> <Delay = 0.00>
ST_20 : Operation 1498 [1/1] (0.00ns)   --->   "%outpix_44 = load i8 %outpix_6_out"   --->   Operation 1498 'load' 'outpix_44' <Predicate = true> <Delay = 0.00>
ST_20 : Operation 1499 [1/1] (0.00ns)   --->   "%outpix_45 = load i8 %outpix_7_out"   --->   Operation 1499 'load' 'outpix_45' <Predicate = true> <Delay = 0.00>
ST_20 : Operation 1500 [1/1] (0.00ns)   --->   "%outpix_46 = load i8 %outpix_8_out"   --->   Operation 1500 'load' 'outpix_46' <Predicate = true> <Delay = 0.00>
ST_20 : Operation 1501 [1/1] (0.00ns)   --->   "%outpix_47 = load i8 %outpix_9_out"   --->   Operation 1501 'load' 'outpix_47' <Predicate = true> <Delay = 0.00>
ST_20 : Operation 1502 [1/1] (0.00ns)   --->   "%outpix_48 = load i8 %outpix_10_out"   --->   Operation 1502 'load' 'outpix_48' <Predicate = true> <Delay = 0.00>
ST_20 : Operation 1503 [1/1] (0.00ns)   --->   "%outpix_49 = load i8 %outpix_11_out"   --->   Operation 1503 'load' 'outpix_49' <Predicate = true> <Delay = 0.00>
ST_20 : Operation 1504 [1/1] (0.00ns) (grouped into LUT with out node outpix_59)   --->   "%outpix_52 = select i1 %or_ln736_2, i8 %outpix_46, i8 %p_0_0_0372_out_load_1" [prj/sol/.autopilot/db/v_tpg.cpp:736]   --->   Operation 1504 'select' 'outpix_52' <Predicate = (icmp_ln570)> <Delay = 0.00> <CoreInst = "Sel">   --->   Core 73 'Sel' <Latency = 0> <II = 1> <Delay = 0.38> <FuncUnit> <Opcode : 'select'> <InPorts = 3> <OutPorts = 1>
ST_20 : Operation 1505 [1/1] (0.00ns) (grouped into LUT with out node outpix_60)   --->   "%outpix_51 = select i1 %or_ln736_2, i8 %outpix_45, i8 %p_0_0_09370_out_load_1" [prj/sol/.autopilot/db/v_tpg.cpp:736]   --->   Operation 1505 'select' 'outpix_51' <Predicate = (icmp_ln570)> <Delay = 0.00> <CoreInst = "Sel">   --->   Core 73 'Sel' <Latency = 0> <II = 1> <Delay = 0.38> <FuncUnit> <Opcode : 'select'> <InPorts = 3> <OutPorts = 1>
ST_20 : Operation 1506 [1/1] (0.00ns) (grouped into LUT with out node outpix_61)   --->   "%outpix_50 = select i1 %or_ln736_2, i8 %outpix_44, i8 %p_0_0_010368_out_load_1" [prj/sol/.autopilot/db/v_tpg.cpp:736]   --->   Operation 1506 'select' 'outpix_50' <Predicate = (icmp_ln570)> <Delay = 0.00> <CoreInst = "Sel">   --->   Core 73 'Sel' <Latency = 0> <II = 1> <Delay = 0.38> <FuncUnit> <Opcode : 'select'> <InPorts = 3> <OutPorts = 1>
ST_20 : Operation 1507 [1/1] (0.00ns) (grouped into LUT with out node outpix_56)   --->   "%outpix_55 = select i1 %or_ln736_6, i8 %outpix_49, i8 %p_0_0_0_1378_out_load_1" [prj/sol/.autopilot/db/v_tpg.cpp:736]   --->   Operation 1507 'select' 'outpix_55' <Predicate = (icmp_ln570)> <Delay = 0.00> <CoreInst = "Sel">   --->   Core 73 'Sel' <Latency = 0> <II = 1> <Delay = 0.38> <FuncUnit> <Opcode : 'select'> <InPorts = 3> <OutPorts = 1>
ST_20 : Operation 1508 [1/1] (0.00ns) (grouped into LUT with out node outpix_57)   --->   "%outpix_54 = select i1 %or_ln736_6, i8 %outpix_48, i8 %p_0_0_09_1376_out_load_1" [prj/sol/.autopilot/db/v_tpg.cpp:736]   --->   Operation 1508 'select' 'outpix_54' <Predicate = (icmp_ln570)> <Delay = 0.00> <CoreInst = "Sel">   --->   Core 73 'Sel' <Latency = 0> <II = 1> <Delay = 0.38> <FuncUnit> <Opcode : 'select'> <InPorts = 3> <OutPorts = 1>
ST_20 : Operation 1509 [1/1] (0.00ns) (grouped into LUT with out node outpix_58)   --->   "%outpix_53 = select i1 %or_ln736_6, i8 %outpix_47, i8 %p_0_0_010_1374_out_load_1" [prj/sol/.autopilot/db/v_tpg.cpp:736]   --->   Operation 1509 'select' 'outpix_53' <Predicate = (icmp_ln570)> <Delay = 0.00> <CoreInst = "Sel">   --->   Core 73 'Sel' <Latency = 0> <II = 1> <Delay = 0.38> <FuncUnit> <Opcode : 'select'> <InPorts = 3> <OutPorts = 1>
ST_20 : Operation 1510 [1/1] (0.38ns) (out node of the LUT)   --->   "%outpix_56 = select i1 %icmp_ln570, i8 %outpix_55, i8 %outpix_49" [prj/sol/.autopilot/db/v_tpg.cpp:570]   --->   Operation 1510 'select' 'outpix_56' <Predicate = true> <Delay = 0.38> <CoreInst = "Sel">   --->   Core 73 'Sel' <Latency = 0> <II = 1> <Delay = 0.38> <FuncUnit> <Opcode : 'select'> <InPorts = 3> <OutPorts = 1>
ST_20 : Operation 1511 [1/1] (0.38ns) (out node of the LUT)   --->   "%outpix_57 = select i1 %icmp_ln570, i8 %outpix_54, i8 %outpix_48" [prj/sol/.autopilot/db/v_tpg.cpp:570]   --->   Operation 1511 'select' 'outpix_57' <Predicate = true> <Delay = 0.38> <CoreInst = "Sel">   --->   Core 73 'Sel' <Latency = 0> <II = 1> <Delay = 0.38> <FuncUnit> <Opcode : 'select'> <InPorts = 3> <OutPorts = 1>
ST_20 : Operation 1512 [1/1] (0.38ns) (out node of the LUT)   --->   "%outpix_58 = select i1 %icmp_ln570, i8 %outpix_53, i8 %outpix_47" [prj/sol/.autopilot/db/v_tpg.cpp:570]   --->   Operation 1512 'select' 'outpix_58' <Predicate = true> <Delay = 0.38> <CoreInst = "Sel">   --->   Core 73 'Sel' <Latency = 0> <II = 1> <Delay = 0.38> <FuncUnit> <Opcode : 'select'> <InPorts = 3> <OutPorts = 1>
ST_20 : Operation 1513 [1/1] (0.38ns) (out node of the LUT)   --->   "%outpix_59 = select i1 %icmp_ln570, i8 %outpix_52, i8 %outpix_46" [prj/sol/.autopilot/db/v_tpg.cpp:570]   --->   Operation 1513 'select' 'outpix_59' <Predicate = true> <Delay = 0.38> <CoreInst = "Sel">   --->   Core 73 'Sel' <Latency = 0> <II = 1> <Delay = 0.38> <FuncUnit> <Opcode : 'select'> <InPorts = 3> <OutPorts = 1>
ST_20 : Operation 1514 [1/1] (0.38ns) (out node of the LUT)   --->   "%outpix_60 = select i1 %icmp_ln570, i8 %outpix_51, i8 %outpix_45" [prj/sol/.autopilot/db/v_tpg.cpp:570]   --->   Operation 1514 'select' 'outpix_60' <Predicate = true> <Delay = 0.38> <CoreInst = "Sel">   --->   Core 73 'Sel' <Latency = 0> <II = 1> <Delay = 0.38> <FuncUnit> <Opcode : 'select'> <InPorts = 3> <OutPorts = 1>
ST_20 : Operation 1515 [1/1] (0.38ns) (out node of the LUT)   --->   "%outpix_61 = select i1 %icmp_ln570, i8 %outpix_50, i8 %outpix_44" [prj/sol/.autopilot/db/v_tpg.cpp:570]   --->   Operation 1515 'select' 'outpix_61' <Predicate = true> <Delay = 0.38> <CoreInst = "Sel">   --->   Core 73 'Sel' <Latency = 0> <II = 1> <Delay = 0.38> <FuncUnit> <Opcode : 'select'> <InPorts = 3> <OutPorts = 1>
ST_20 : Operation 1516 [1/1] (0.00ns)   --->   "%or_ln747_9 = bitconcatenate i48 @_ssdm_op_BitConcatenate.i48.i8.i8.i8.i8.i8.i8, i8 %outpix_56, i8 %outpix_57, i8 %outpix_58, i8 %outpix_59, i8 %outpix_60, i8 %outpix_61" [prj/sol/.autopilot/db/v_tpg.cpp:747]   --->   Operation 1516 'bitconcatenate' 'or_ln747_9' <Predicate = true> <Delay = 0.00>
ST_20 : Operation 1517 [1/1] ( I:2.04ns O:2.04ns )   --->   "%write_ln747 = write void @_ssdm_op_Write.ap_fifo.volatile.i48P0A, i48 %bckgndYUV, i48 %or_ln747_9" [prj/sol/.autopilot/db/v_tpg.cpp:747]   --->   Operation 1517 'write' 'write_ln747' <Predicate = true> <Delay = 2.04> <CoreInst = "FIFO_SRL">   --->   Core 80 'FIFO_SRL' <Latency = 0> <II = 1> <Delay = 2.04> <Storage> <Opcode : 'read' 'write' 'nbread' 'nbwrite'> <Ports = 0> <Width = 48> <Depth = 16> <FIFO>
ST_20 : Operation 1518 [1/1] (0.90ns)   --->   "%store_ln552 = store i8 %outpix_56, i8 %outpix_11_out" [prj/sol/.autopilot/db/v_tpg.cpp:552]   --->   Operation 1518 'store' 'store_ln552' <Predicate = true> <Delay = 0.90>
ST_20 : Operation 1519 [1/1] (0.96ns)   --->   "%store_ln552 = store i8 %outpix_57, i8 %outpix_10_out" [prj/sol/.autopilot/db/v_tpg.cpp:552]   --->   Operation 1519 'store' 'store_ln552' <Predicate = true> <Delay = 0.96>
ST_20 : Operation 1520 [1/1] (0.87ns)   --->   "%store_ln552 = store i8 %outpix_58, i8 %outpix_9_out" [prj/sol/.autopilot/db/v_tpg.cpp:552]   --->   Operation 1520 'store' 'store_ln552' <Predicate = true> <Delay = 0.87>
ST_20 : Operation 1521 [1/1] (0.76ns)   --->   "%store_ln552 = store i8 %outpix_59, i8 %outpix_8_out" [prj/sol/.autopilot/db/v_tpg.cpp:552]   --->   Operation 1521 'store' 'store_ln552' <Predicate = true> <Delay = 0.76>
ST_20 : Operation 1522 [1/1] (0.76ns)   --->   "%store_ln552 = store i8 %outpix_60, i8 %outpix_7_out" [prj/sol/.autopilot/db/v_tpg.cpp:552]   --->   Operation 1522 'store' 'store_ln552' <Predicate = true> <Delay = 0.76>
ST_20 : Operation 1523 [1/1] (0.73ns)   --->   "%store_ln552 = store i8 %outpix_61, i8 %outpix_6_out" [prj/sol/.autopilot/db/v_tpg.cpp:552]   --->   Operation 1523 'store' 'store_ln552' <Predicate = true> <Delay = 0.73>
ST_20 : Operation 1524 [1/1] (0.00ns)   --->   "%br_ln565 = br void %for.body6" [prj/sol/.autopilot/db/v_tpg.cpp:565]   --->   Operation 1524 'br' 'br_ln565' <Predicate = true> <Delay = 0.00>


============================================================
+ Verbose Summary: Timing violations
============================================================
Target clock period: 10.000ns, clock uncertainty: 2.700ns.

 <State 1>: 3.819ns
The critical path consists of the following:
	'store' operation ('store_ln549', prj/sol/.autopilot/db/v_tpg.cpp:549) of constant 0 17 bit on local variable 'x', prj/sol/.autopilot/db/v_tpg.cpp:549 [216]  (0.427 ns)
	'load' operation 17 bit ('x', prj/sol/.autopilot/db/v_tpg.cpp:565) on local variable 'x', prj/sol/.autopilot/db/v_tpg.cpp:549 [219]  (0.000 ns)
	'add' operation 17 bit of DSP[1224] ('add_ln1347', prj/sol/.autopilot/db/v_tpg.cpp:1347->prj/sol/.autopilot/db/v_tpg.cpp:657) [1223]  (2.396 ns)
	'mul' operation 17 bit of DSP[1224] ('mul_ln1347', prj/sol/.autopilot/db/v_tpg.cpp:1347->prj/sol/.autopilot/db/v_tpg.cpp:657) [1224]  (0.996 ns)

 <State 2>: 2.083ns
The critical path consists of the following:
	'load' operation 11 bit ('tpgPatternColorBars_unsigned_short_unsigned_short_unsigned_char_int_xBar_9_lo', prj/sol/.autopilot/db/v_tpg.cpp:1250->prj/sol/.autopilot/db/v_tpg.cpp:649) on static variable 'tpgPatternColorBars_unsigned_short_unsigned_short_unsigned_char_int_xBar_9' [1319]  (0.000 ns)
	'add' operation 12 bit ('add_ln1250_1', prj/sol/.autopilot/db/v_tpg.cpp:1250->prj/sol/.autopilot/db/v_tpg.cpp:649) [1321]  (0.798 ns)
	'icmp' operation 1 bit ('icmp_ln1250_1', prj/sol/.autopilot/db/v_tpg.cpp:1250->prj/sol/.autopilot/db/v_tpg.cpp:649) [1322]  (0.809 ns)
	'store' operation ('store_ln1252', prj/sol/.autopilot/db/v_tpg.cpp:1252->prj/sol/.autopilot/db/v_tpg.cpp:649) of variable 'add_ln1256', prj/sol/.autopilot/db/v_tpg.cpp:1256->prj/sol/.autopilot/db/v_tpg.cpp:649 11 bit on static variable 'tpgPatternColorBars_unsigned_short_unsigned_short_unsigned_char_int_xBar_9' [1334]  (0.476 ns)

 <State 3>: 1.312ns
The critical path consists of the following:
	'call' operation 10 bit ('barWidthMinSamples_delayed', prj/sol/.autopilot/db/v_tpg.cpp:1442->prj/sol/.autopilot/db/v_tpg.cpp:673) to 'reg<ap_uint<10> >' [941]  (0.000 ns)
	'icmp' operation 1 bit ('icmp_ln1478_1', prj/sol/.autopilot/db/v_tpg.cpp:1478->prj/sol/.autopilot/db/v_tpg.cpp:673) [1018]  (0.787 ns)
	'store' operation ('store_ln1480', prj/sol/.autopilot/db/v_tpg.cpp:1480->prj/sol/.autopilot/db/v_tpg.cpp:673) of variable 'add_ln1480_1', prj/sol/.autopilot/db/v_tpg.cpp:1480->prj/sol/.autopilot/db/v_tpg.cpp:673 10 bit on static variable 'tpgPatternCrossHatch_unsigned_short_unsigned_short_unsigned_short_unsigned_sh' [1032]  (0.525 ns)

 <State 4>: 1.234ns
The critical path consists of the following:
	'urem' operation 2 bit ('urem_ln1281', prj/sol/.autopilot/db/v_tpg.cpp:1281->prj/sol/.autopilot/db/v_tpg.cpp:681) [727]  (1.234 ns)

 <State 5>: 1.234ns
The critical path consists of the following:
	'urem' operation 2 bit ('urem_ln1281', prj/sol/.autopilot/db/v_tpg.cpp:1281->prj/sol/.autopilot/db/v_tpg.cpp:681) [727]  (1.234 ns)

 <State 6>: 1.234ns
The critical path consists of the following:
	'urem' operation 2 bit ('urem_ln1281', prj/sol/.autopilot/db/v_tpg.cpp:1281->prj/sol/.autopilot/db/v_tpg.cpp:681) [727]  (1.234 ns)

 <State 7>: 1.234ns
The critical path consists of the following:
	'urem' operation 2 bit ('urem_ln1281', prj/sol/.autopilot/db/v_tpg.cpp:1281->prj/sol/.autopilot/db/v_tpg.cpp:681) [727]  (1.234 ns)

 <State 8>: 2.143ns
The critical path consists of the following:
	'add' operation 16 bit of DSP[1230] ('add_ln1351', prj/sol/.autopilot/db/v_tpg.cpp:1351->prj/sol/.autopilot/db/v_tpg.cpp:657) [1230]  (0.645 ns)
	'add' operation 16 bit ('add_ln1351_3', prj/sol/.autopilot/db/v_tpg.cpp:1351->prj/sol/.autopilot/db/v_tpg.cpp:657) [1247]  (0.853 ns)
	'add' operation 16 bit of DSP[1248] ('add_ln1351_1', prj/sol/.autopilot/db/v_tpg.cpp:1351->prj/sol/.autopilot/db/v_tpg.cpp:657) [1248]  (0.645 ns)

 <State 9>: 1.234ns
The critical path consists of the following:
	'urem' operation 2 bit ('urem_ln1281', prj/sol/.autopilot/db/v_tpg.cpp:1281->prj/sol/.autopilot/db/v_tpg.cpp:681) [727]  (1.234 ns)

 <State 10>: 1.234ns
The critical path consists of the following:
	'urem' operation 2 bit ('urem_ln1281', prj/sol/.autopilot/db/v_tpg.cpp:1281->prj/sol/.autopilot/db/v_tpg.cpp:681) [727]  (1.234 ns)

 <State 11>: 1.234ns
The critical path consists of the following:
	'urem' operation 2 bit ('urem_ln1281', prj/sol/.autopilot/db/v_tpg.cpp:1281->prj/sol/.autopilot/db/v_tpg.cpp:681) [727]  (1.234 ns)

 <State 12>: 1.234ns
The critical path consists of the following:
	'urem' operation 2 bit ('urem_ln1281', prj/sol/.autopilot/db/v_tpg.cpp:1281->prj/sol/.autopilot/db/v_tpg.cpp:681) [727]  (1.234 ns)

 <State 13>: 1.234ns
The critical path consists of the following:
	'urem' operation 2 bit ('urem_ln1281', prj/sol/.autopilot/db/v_tpg.cpp:1281->prj/sol/.autopilot/db/v_tpg.cpp:681) [727]  (1.234 ns)

 <State 14>: 3.473ns
The critical path consists of the following:
	'mul' operation 23 bit ('mul_ln1281', prj/sol/.autopilot/db/v_tpg.cpp:1281->prj/sol/.autopilot/db/v_tpg.cpp:681) [724]  (2.236 ns)
	'getelementptr' operation 10 bit ('tpgSinTableArray_9bit_0_addr', prj/sol/.autopilot/db/v_tpg.cpp:1281->prj/sol/.autopilot/db/v_tpg.cpp:681) [729]  (0.000 ns)
	'load' operation 8 bit ('tpgSinTableArray_9bit_0_load', prj/sol/.autopilot/db/v_tpg.cpp:1281->prj/sol/.autopilot/db/v_tpg.cpp:681) on array 'tpgSinTableArray_9bit_0' [732]  (1.237 ns)

 <State 15>: 3.823ns
The critical path consists of the following:
	'load' operation 8 bit ('tpgSinTableArray_9bit_0_load', prj/sol/.autopilot/db/v_tpg.cpp:1281->prj/sol/.autopilot/db/v_tpg.cpp:681) on array 'tpgSinTableArray_9bit_0' [732]  (1.237 ns)
	'sparsemux' operation 9 bit ('tmp_3', prj/sol/.autopilot/db/v_tpg.cpp:1281->prj/sol/.autopilot/db/v_tpg.cpp:681) [737]  (0.427 ns)
	'add' operation 9 bit ('add_ln1281_2', prj/sol/.autopilot/db/v_tpg.cpp:1281->prj/sol/.autopilot/db/v_tpg.cpp:681) [738]  (0.776 ns)
	'select' operation 8 bit ('r', prj/sol/.autopilot/db/v_tpg.cpp:1281->prj/sol/.autopilot/db/v_tpg.cpp:681) [741]  (0.387 ns)
	'mul' operation 15 bit of DSP[849] ('mul_ln1302_1', prj/sol/.autopilot/db/v_tpg.cpp:1302->prj/sol/.autopilot/db/v_tpg.cpp:681) [847]  (0.996 ns)

 <State 16>: 1.192ns
The critical path consists of the following:
	'load' operation 8 bit ('vBarSel_2_loc_1_out_load', prj/sol/.autopilot/db/v_tpg.cpp:1575->prj/sol/.autopilot/db/v_tpg.cpp:697) on local variable 'vBarSel_2_loc_1_out' [573]  (0.000 ns)
	'add' operation 8 bit ('add_ln1575', prj/sol/.autopilot/db/v_tpg.cpp:1575->prj/sol/.autopilot/db/v_tpg.cpp:697) [575]  (0.765 ns)
	'store' operation ('store_ln1575', prj/sol/.autopilot/db/v_tpg.cpp:1575->prj/sol/.autopilot/db/v_tpg.cpp:697) of variable 'add_ln1575', prj/sol/.autopilot/db/v_tpg.cpp:1575->prj/sol/.autopilot/db/v_tpg.cpp:697 8 bit on static variable 'vBarSel_2' [576]  (0.427 ns)

 <State 17>: 1.100ns
The critical path consists of the following:
	'load' operation 8 bit ('tpgPatternColorBars_unsigned_short_unsigned_short_unsigned_char_int_hBarSel_l', prj/sol/.autopilot/db/v_tpg.cpp:565) on local variable 'tpgPatternColorBars_unsigned_short_unsigned_short_unsigned_char_int_hBarSel_l_2_out' [231]  (0.000 ns)
	'add' operation 3 bit ('add_ln1257', prj/sol/.autopilot/db/v_tpg.cpp:1257->prj/sol/.autopilot/db/v_tpg.cpp:649) [1283]  (0.673 ns)
	'store' operation ('store_ln1257', prj/sol/.autopilot/db/v_tpg.cpp:1257->prj/sol/.autopilot/db/v_tpg.cpp:649) of variable 'zext_ln1257', prj/sol/.autopilot/db/v_tpg.cpp:1257->prj/sol/.autopilot/db/v_tpg.cpp:649 8 bit on static variable 'tpgPatternColorBars_unsigned_short_unsigned_short_unsigned_char_int_hBarSel' [1285]  (0.427 ns)

 <State 18>: 1.885ns
The critical path consists of the following:
	'add' operation 16 bit of DSP[868] ('add_ln1304', prj/sol/.autopilot/db/v_tpg.cpp:1304->prj/sol/.autopilot/db/v_tpg.cpp:681) [868]  (0.645 ns)
	'add' operation 17 bit ('add_ln1304_2', prj/sol/.autopilot/db/v_tpg.cpp:1304->prj/sol/.autopilot/db/v_tpg.cpp:681) [873]  (0.853 ns)
	'select' operation 8 bit ('b', prj/sol/.autopilot/db/v_tpg.cpp:1307->prj/sol/.autopilot/db/v_tpg.cpp:681) [882]  (0.000 ns)
	'select' operation 8 bit ('b', prj/sol/.autopilot/db/v_tpg.cpp:1122->prj/sol/.autopilot/db/v_tpg.cpp:601) [925]  (0.387 ns)

 <State 19>: 7.199ns
The critical path consists of the following:
	'load' operation 20 bit ('tpgSinTableArray_load_1', prj/sol/.autopilot/db/v_tpg.cpp:1355->prj/sol/.autopilot/db/v_tpg.cpp:657) on array 'tpgSinTableArray' [1252]  (1.237 ns)
	'mul' operation 28 bit ('mul_ln1356_1', prj/sol/.autopilot/db/v_tpg.cpp:1356->prj/sol/.autopilot/db/v_tpg.cpp:657) [1254]  (2.590 ns)
	'sub' operation 27 bit ('sub_ln1356_2', prj/sol/.autopilot/db/v_tpg.cpp:1356->prj/sol/.autopilot/db/v_tpg.cpp:657) [1257]  (0.965 ns)
	'sub' operation 8 bit ('sub_ln1356_3', prj/sol/.autopilot/db/v_tpg.cpp:1356->prj/sol/.autopilot/db/v_tpg.cpp:657) [1259]  (0.765 ns)
	'select' operation 8 bit ('select_ln1356_1', prj/sol/.autopilot/db/v_tpg.cpp:1356->prj/sol/.autopilot/db/v_tpg.cpp:657) [1261]  (0.000 ns)
	'add' operation 8 bit ('outpix', prj/sol/.autopilot/db/v_tpg.cpp:1359->prj/sol/.autopilot/db/v_tpg.cpp:657) [1262]  (0.765 ns)
	'store' operation ('store_ln552', prj/sol/.autopilot/db/v_tpg.cpp:552) of variable 'outpix', prj/sol/.autopilot/db/v_tpg.cpp:1359->prj/sol/.autopilot/db/v_tpg.cpp:657 8 bit on local variable 'outpix_9_out' [1266]  (0.877 ns)

 <State 20>: 4.340ns
The critical path consists of the following:
	'add' operation 17 bit of DSP[895] ('add_ln1302_5', prj/sol/.autopilot/db/v_tpg.cpp:1302->prj/sol/.autopilot/db/v_tpg.cpp:681) [895]  (0.645 ns)
	'select' operation 8 bit ('r', prj/sol/.autopilot/db/v_tpg.cpp:1305->prj/sol/.autopilot/db/v_tpg.cpp:681) [918]  (0.000 ns)
	'select' operation 8 bit ('r', prj/sol/.autopilot/db/v_tpg.cpp:1122->prj/sol/.autopilot/db/v_tpg.cpp:601) [928]  (0.387 ns)
	'store' operation ('store_ln552', prj/sol/.autopilot/db/v_tpg.cpp:552) of variable 'r', prj/sol/.autopilot/db/v_tpg.cpp:1122->prj/sol/.autopilot/db/v_tpg.cpp:601 8 bit on local variable 'outpix_9_out' [935]  (0.877 ns)
	'load' operation 8 bit ('outpix') on local variable 'outpix_9_out' [1506]  (0.000 ns)
	'select' operation 8 bit ('outpix', prj/sol/.autopilot/db/v_tpg.cpp:570) [1531]  (0.387 ns)
	fifo write operation ('write_ln747', prj/sol/.autopilot/db/v_tpg.cpp:747) on port 'bckgndYUV' (prj/sol/.autopilot/db/v_tpg.cpp:747) [1536]  (2.044 ns)


============================================================
+ Verbose Summary: Binding
============================================================
N/A
* FSMD analyzer results:
  - Output states:
 - Input state : 
  - Chain level:
	State 1
	State 2
	State 3
	State 4
	State 5
	State 6
	State 7
	State 8
	State 9
	State 10
	State 11
	State 12
	State 13
	State 14
	State 15
	State 16
	State 17
	State 18
	State 19
	State 20


============================================================
+ Verbose Summary: Datapath Resource usage 
============================================================
N/A
