

================================================================
== Vitis HLS Report for 'tpgBackground'
================================================================
* Date:           Wed Jun  3 12:59:09 2026

* Version:        2025.2 (Build 6295257 on Nov 14 2025)
* Project:        prj
* Solution:       sol (Vivado IP Flow Target)
* Product family: artixuplus
* Target device:  xcau15p-ffvb676-2-e


================================================================
== Performance Estimates
================================================================
+ Timing: 
    * Summary: 
    +--------+----------+----------+------------+
    |  Clock |  Target  | Estimated| Uncertainty|
    +--------+----------+----------+------------+
    |ap_clk  |  10.00 ns|  7.199 ns|     2.70 ns|
    +--------+----------+----------+------------+

+ Latency: 
    * Summary: 
    +---------+------------+-----------+------------+-----+------------+---------+
    |   Latency (cycles)   |   Latency (absolute)   |     Interval     | Pipeline|
    |   min   |     max    |    min    |     max    | min |     max    |   Type  |
    +---------+------------+-----------+------------+-----+------------+---------+
    |        2|  2148958187|  20.000 ns|  21.490 sec|    2|  2148958187|       no|
    +---------+------------+-----------+------------+-----+------------+---------+

    + Detail: 
        * Instance: 
        +----------------------------------------------------+-----------------------------------------+---------+---------+----------+----------+-----+-----+-------------------+
        |                                                    |                                         |  Latency (cycles) |  Latency (absolute) |  Interval |      Pipeline     |
        |                      Instance                      |                  Module                 |   min   |   max   |    min   |    max   | min | max |        Type       |
        +----------------------------------------------------+-----------------------------------------+---------+---------+----------+----------+-----+-----+-------------------+
        |grp_tpgBackground_Pipeline_VITIS_LOOP_565_2_fu_621  |tpgBackground_Pipeline_VITIS_LOOP_565_2  |       21|    32788|  0.210 us|  0.328 ms|    0|    0|  loop pipeline stp|
        +----------------------------------------------------+-----------------------------------------+---------+---------+----------+----------+-----+-----+-------------------+

        * Loop: 
        +--------------------+---------+------------+------------+-----------+-----------+-----------+----------+
        |                    |   Latency (cycles)   |  Iteration |  Initiation Interval  |    Trip   |          |
        |      Loop Name     |   min   |     max    |   Latency  |  achieved |   target  |   Count   | Pipelined|
        +--------------------+---------+------------+------------+-----------+-----------+-----------+----------+
        |- VITIS_LOOP_563_1  |        0|  2148958185|  24 ~ 32791|          -|          -|  0 ~ 65535|        no|
        +--------------------+---------+------------+------------+-----------+-----------+-----------+----------+



================================================================
== Utilization Estimates
================================================================
* Summary: 
+-----------------+---------+-----+--------+-------+-----+
|       Name      | BRAM_18K| DSP |   FF   |  LUT  | URAM|
+-----------------+---------+-----+--------+-------+-----+
|DSP              |        -|    -|       -|      -|    -|
|Expression       |        -|    -|       0|    378|    -|
|FIFO             |        -|    -|       -|      -|    -|
|Instance         |       12|   26|    5663|   7607|    -|
|Memory           |        0|    -|      56|      7|    -|
|Multiplexer      |        -|    -|       0|    229|    -|
|Register         |        -|    -|     872|      -|    -|
+-----------------+---------+-----+--------+-------+-----+
|Total            |       12|   26|    6591|   8221|    0|
+-----------------+---------+-----+--------+-------+-----+
|Available        |      288|  576|  155520|  77760|    0|
+-----------------+---------+-----+--------+-------+-----+
|Utilization (%)  |        4|    4|       4|     10|    0|
+-----------------+---------+-----+--------+-------+-----+

+ Detail: 
    * Instance: 
    +----------------------------------------------------+-----------------------------------------+---------+----+------+------+-----+
    |                      Instance                      |                  Module                 | BRAM_18K| DSP|  FF  |  LUT | URAM|
    +----------------------------------------------------+-----------------------------------------+---------+----+------+------+-----+
    |grp_tpgBackground_Pipeline_VITIS_LOOP_565_2_fu_621  |tpgBackground_Pipeline_VITIS_LOOP_565_2  |       12|  26|  5663|  7607|    0|
    +----------------------------------------------------+-----------------------------------------+---------+----+------+------+-----+
    |Total                                               |                                         |       12|  26|  5663|  7607|    0|
    +----------------------------------------------------+-----------------------------------------+---------+----+------+------+-----+

    * DSP: 
    N/A

    * Memory: 
    +------------+----------------------------------+---------+---+----+-----+------+-----+------+-------------+
    |   Memory   |              Module              | BRAM_18K| FF| LUT| URAM| Words| Bits| Banks| W*Bits*Banks|
    +------------+----------------------------------+---------+---+----+-----+------+-----+------+-------------+
    |blkYuv_U    |tpgBackground_blkYuv_ROM_AUTO_1R  |        0|  8|   1|    0|     3|    8|     1|           24|
    |blkYuv_1_U  |tpgBackground_blkYuv_ROM_AUTO_1R  |        0|  8|   1|    0|     3|    8|     1|           24|
    |bluYuv_U    |tpgBackground_bluYuv_ROM_AUTO_1R  |        0|  8|   1|    0|     3|    8|     1|           24|
    |grnYuv_U    |tpgBackground_grnYuv_ROM_AUTO_1R  |        0|  8|   1|    0|     3|    8|     1|           24|
    |redYuv_U    |tpgBackground_redYuv_ROM_AUTO_1R  |        0|  8|   1|    0|     3|    8|     1|           24|
    |whiYuv_U    |tpgBackground_whiYuv_ROM_AUTO_1R  |        0|  8|   1|    0|     3|    8|     1|           24|
    |whiYuv_1_U  |tpgBackground_whiYuv_ROM_AUTO_1R  |        0|  8|   1|    0|     3|    8|     1|           24|
    +------------+----------------------------------+---------+---+----+-----+------+-----+------+-------------+
    |Total       |                                  |        0| 56|   7|    0|    21|   56|     7|          168|
    +------------+----------------------------------+---------+---+----+-----+------+-----+------+-------------+

    * FIFO: 
    N/A

    * Expression: 
    +--------------------------+----------+----+---+----+------------+------------+
    |       Variable Name      | Operation| DSP| FF| LUT| Bitwidth P0| Bitwidth P1|
    +--------------------------+----------+----+---+----+------------+------------+
    |add_ln1241_fu_1076_p2     |         +|   0|  0|  21|          14|           3|
    |add_ln1373_1_fu_1112_p2   |         +|   0|  0|  17|          10|           3|
    |add_ln1373_fu_1096_p2     |         +|   0|  0|  21|          14|           4|
    |add_ln1374_fu_1118_p2     |         +|   0|  0|  21|          14|           4|
    |add_ln1386_fu_1146_p2     |         +|   0|  0|  18|          11|           2|
    |add_ln1449_fu_1158_p2     |         +|   0|  0|  24|          17|           2|
    |add_ln1473_fu_1152_p2     |         +|   0|  0|  24|          17|           2|
    |add_ln1533_fu_1234_p2     |         +|   0|  0|  15|           8|           8|
    |add_ln563_fu_1189_p2      |         +|   0|  0|  23|          16|           1|
    |add_ln750_fu_1256_p2      |         +|   0|  0|  15|           8|           8|
    |icmp_ln1122_fu_1047_p2    |      icmp|   0|  0|  15|           8|           1|
    |icmp_ln1144_fu_823_p2     |      icmp|   0|  0|  15|           8|           1|
    |icmp_ln1337_fu_1217_p2    |      icmp|   0|  0|  23|          16|           1|
    |icmp_ln1449_fu_1224_p2    |      icmp|   0|  0|  24|          17|          17|
    |icmp_ln563_fu_1184_p2     |      icmp|   0|  0|  23|          16|          16|
    |icmp_ln736_fu_1199_p2     |      icmp|   0|  0|  23|          16|          16|
    |icmp_ln737_fu_1205_p2     |      icmp|   0|  0|  23|          16|          16|
    |ap_block_state1           |        or|   0|  0|   2|           1|           1|
    |select_ln1122_fu_1064_p3  |    select|   0|  0|   9|           1|           8|
    |select_ln1144_fu_839_p3   |    select|   0|  0|   2|           1|           1|
    |select_ln1503_fu_1164_p3  |    select|   0|  0|   9|           1|           2|
    |select_ln1518_fu_1172_p3  |    select|   0|  0|   9|           1|           1|
    |xor_ln737_fu_1210_p2      |       xor|   0|  0|   2|           1|           2|
    +--------------------------+----------+----+---+----+------------+------------+
    |Total                     |          |   0|  0| 378|         232|         120|
    +--------------------------+----------+----+---+----+------------+------------+

    * Multiplexer: 
    +----------------------------------------------------------------------------------------+----+-----------+-----+-----------+
    |                                          Name                                          | LUT| Input Size| Bits| Total Bits|
    +----------------------------------------------------------------------------------------+----+-----------+-----+-----------+
    |ap_NS_fsm                                                                               |  31|          6|    1|          6|
    |ap_done                                                                                 |   9|          2|    1|          2|
    |hdata_flag_0_reg_597                                                                    |   9|          2|    1|          2|
    |hdata_loc_0_fu_342                                                                      |   9|          2|   16|         32|
    |rampVal_2_flag_0_reg_609                                                                |   9|          2|    1|          2|
    |rampVal_2_loc_0_fu_322                                                                  |   9|          2|   16|         32|
    |rampVal_3_flag_0_reg_585                                                                |   9|          2|    1|          2|
    |rampVal_3_loc_0_fu_378                                                                  |   9|          2|   16|         32|
    |rampVal_loc_0_fu_374                                                                    |   9|          2|   16|         32|
    |real_start                                                                              |   9|          2|    1|          2|
    |tpgPatternCheckerBoard_unsigned_short_unsigned_short_unsigned_short_unsigned_6_fu_334   |   9|          2|    8|         16|
    |tpgPatternCheckerBoard_unsigned_short_unsigned_short_unsigned_short_unsigned_7_fu_330   |   9|          2|    8|         16|
    |tpgPatternColorBars_unsigned_short_unsigned_short_unsigned_char_int_hBarSel_8_2_fu_366  |   9|          2|    8|         16|
    |tpgPatternColorBars_unsigned_short_unsigned_short_unsigned_char_int_hBarSel_l_1_fu_370  |   9|          2|    8|         16|
    |tpgPatternDPColorSquare_unsigned_short_unsigned_short_unsigned_char_unsigned_6_fu_314   |   9|          2|    8|         16|
    |tpgPatternDPColorSquare_unsigned_short_unsigned_short_unsigned_char_unsigned_7_fu_310   |   9|          2|    8|         16|
    |tpgPatternTartanColorBars_unsigned_short_unsigned_short_unsigned_short_unsign_6_fu_354  |   9|          2|    8|         16|
    |tpgPatternTartanColorBars_unsigned_short_unsigned_short_unsigned_short_unsign_7_fu_350  |   9|          2|    8|         16|
    |vBarSel_2_loc_0_fu_338                                                                  |   9|          2|    8|         16|
    |vBarSel_3_loc_0_fu_318                                                                  |   9|          2|    8|         16|
    |vBarSel_loc_0_fu_358                                                                    |   9|          2|    8|         16|
    |y_fu_306                                                                                |   9|          2|   16|         32|
    |zonePlateVAddr_loc_0_fu_362                                                             |   9|          2|   16|         32|
    +----------------------------------------------------------------------------------------+----+-----------+-----+-----------+
    |Total                                                                                   | 229|         50|  190|        384|
    +----------------------------------------------------------------------------------------+----+-----------+-----+-----------+

    * Register: 
    +----------------------------------------------------------------------------------------+----+----+-----+-----------+
    |                                          Name                                          | FF | LUT| Bits| Const Bits|
    +----------------------------------------------------------------------------------------+----+----+-----+-----------+
    |Sel_reg_1748                                                                            |   2|   0|    2|          0|
    |ZplateHorContDelta_val_read_reg_1572                                                    |  16|   0|   16|          0|
    |ZplateHorContStart_val_read_reg_1577                                                    |  16|   0|   16|          0|
    |ZplateVerContDelta_val_read_reg_1562                                                    |  16|   0|   16|          0|
    |ZplateVerContStart_val_read_reg_1567                                                    |  16|   0|   16|          0|
    |add_ln1373_1_reg_1645                                                                   |  10|   0|   10|          0|
    |add_ln1386_reg_1655                                                                     |  11|   0|   11|          0|
    |add_ln1449_reg_1665                                                                     |  17|   0|   17|          0|
    |add_ln1473_reg_1660                                                                     |  17|   0|   17|          0|
    |add_ln1533_reg_1743                                                                     |   8|   0|    8|          0|
    |ap_CS_fsm                                                                               |   5|   0|    5|          0|
    |ap_done_reg                                                                             |   1|   0|    1|          0|
    |barWidth_reg_1635                                                                       |  11|   0|   11|          0|
    |blkYuv_1_load_reg_1710                                                                  |   8|   0|    8|          0|
    |blkYuv_load_reg_1695                                                                    |   8|   0|    8|          0|
    |bluYuv_load_reg_1690                                                                    |   8|   0|    8|          0|
    |colorFormat_val_read_reg_1483                                                           |   8|   0|    8|          0|
    |dpDynamicRange_val_read_reg_1557                                                        |   8|   0|    8|          0|
    |dpYUVCoef_val_read_reg_1552                                                             |   8|   0|    8|          0|
    |enableInput_val_read_reg_1587                                                           |   8|   0|    8|          0|
    |grnYuv_load_reg_1685                                                                    |   8|   0|    8|          0|
    |grp_tpgBackground_Pipeline_VITIS_LOOP_565_2_fu_621_ap_start_reg                         |   1|   0|    1|          0|
    |hdata                                                                                   |  16|   0|   16|          0|
    |hdata_flag_0_reg_597                                                                    |   1|   0|    1|          0|
    |hdata_loc_0_fu_342                                                                      |  16|   0|   16|          0|
    |hdata_new_0_fu_346                                                                      |  16|   0|   16|          0|
    |height_val_read_reg_1619                                                                |  16|   0|   16|          0|
    |icmp_ln1337_reg_1733                                                                    |   1|   0|    1|          0|
    |icmp_ln1449_reg_1738                                                                    |   1|   0|    1|          0|
    |icmp_ln736_reg_1723                                                                     |   1|   0|    1|          0|
    |motionSpeed_val_read_reg_1547                                                           |   8|   0|    8|          0|
    |outpix_1_fu_286                                                                         |   8|   0|    8|          0|
    |outpix_2_fu_290                                                                         |   8|   0|    8|          0|
    |outpix_3_fu_294                                                                         |   8|   0|    8|          0|
    |outpix_4_fu_298                                                                         |   8|   0|    8|          0|
    |outpix_5_fu_302                                                                         |   8|   0|    8|          0|
    |outpix_fu_282                                                                           |   8|   0|    8|          0|
    |p_0_0_010369_lcssa382_fu_258                                                            |   8|   0|    8|          0|
    |p_0_0_010_1375_lcssa391_fu_270                                                          |   8|   0|    8|          0|
    |p_0_0_0373_lcssa388_fu_266                                                              |   8|   0|    8|          0|
    |p_0_0_09371_lcssa385_fu_262                                                             |   8|   0|    8|          0|
    |p_0_0_09_1377_lcssa394_fu_274                                                           |   8|   0|    8|          0|
    |p_0_0_0_1379_lcssa397_fu_278                                                            |   8|   0|    8|          0|
    |passthruEndX_val_read_reg_1597                                                          |  16|   0|   16|          0|
    |passthruEndY_val_read_reg_1592                                                          |  16|   0|   16|          0|
    |passthruStartX_val_read_reg_1608                                                        |  16|   0|   16|          0|
    |passthruStartY_val_read_reg_1603                                                        |  16|   0|   16|          0|
    |patternId_val_read_reg_1582                                                             |   8|   0|    8|          0|
    |rampStart                                                                               |   8|   0|    8|          0|
    |rampStart_load_reg_1624                                                                 |   8|   0|    8|          0|
    |rampVal                                                                                 |   8|   0|    8|          0|
    |rampVal_1                                                                               |  16|   0|   16|          0|
    |rampVal_2                                                                               |  16|   0|   16|          0|
    |rampVal_2_flag_0_reg_609                                                                |   1|   0|    1|          0|
    |rampVal_2_loc_0_fu_322                                                                  |  16|   0|   16|          0|
    |rampVal_2_new_0_fu_326                                                                  |  16|   0|   16|          0|
    |rampVal_3_flag_0_reg_585                                                                |   1|   0|    1|          0|
    |rampVal_3_loc_0_fu_378                                                                  |  16|   0|   16|          0|
    |rampVal_3_new_0_fu_382                                                                  |  16|   0|   16|          0|
    |rampVal_loc_0_fu_374                                                                    |  16|   0|   16|          0|
    |redYuv_load_reg_1680                                                                    |   8|   0|    8|          0|
    |select_ln1122_reg_1630                                                                  |   8|   0|    8|          0|
    |select_ln1503_reg_1670                                                                  |   7|   0|    8|          1|
    |select_ln1518_reg_1675                                                                  |   1|   0|    8|          7|
    |shl_ln_reg_1650                                                                         |   8|   0|   16|          8|
    |start_once_reg                                                                          |   1|   0|    1|          0|
    |tmp_reg_1507                                                                            |   7|   0|    7|          0|
    |tpgPatternCheckerBoard_unsigned_short_unsigned_short_unsigned_short_unsigned_2          |   3|   0|    3|          0|
    |tpgPatternCheckerBoard_unsigned_short_unsigned_short_unsigned_short_unsigned_3          |   3|   0|    3|          0|
    |tpgPatternCheckerBoard_unsigned_short_unsigned_short_unsigned_short_unsigned_6_fu_334   |   8|   0|    8|          0|
    |tpgPatternCheckerBoard_unsigned_short_unsigned_short_unsigned_short_unsigned_7_fu_330   |   8|   0|    8|          0|
    |tpgPatternColorBars_unsigned_short_unsigned_short_unsigned_char_int_hBarSel             |   8|   0|    8|          0|
    |tpgPatternColorBars_unsigned_short_unsigned_short_unsigned_char_int_hBarSel_8           |   8|   0|    8|          0|
    |tpgPatternColorBars_unsigned_short_unsigned_short_unsigned_char_int_hBarSel_8_2_fu_366  |   8|   0|    8|          0|
    |tpgPatternColorBars_unsigned_short_unsigned_short_unsigned_char_int_hBarSel_l_1_fu_370  |   8|   0|    8|          0|
    |tpgPatternDPColorSquare_unsigned_short_unsigned_short_unsigned_char_unsigned_2          |   3|   0|    3|          0|
    |tpgPatternDPColorSquare_unsigned_short_unsigned_short_unsigned_char_unsigned_3          |   3|   0|    3|          0|
    |tpgPatternDPColorSquare_unsigned_short_unsigned_short_unsigned_char_unsigned_6_fu_314   |   8|   0|    8|          0|
    |tpgPatternDPColorSquare_unsigned_short_unsigned_short_unsigned_char_unsigned_7_fu_310   |   8|   0|    8|          0|
    |tpgPatternTartanColorBars_unsigned_short_unsigned_short_unsigned_short_unsign_2         |   3|   0|    3|          0|
    |tpgPatternTartanColorBars_unsigned_short_unsigned_short_unsigned_short_unsign_3         |   3|   0|    3|          0|
    |tpgPatternTartanColorBars_unsigned_short_unsigned_short_unsigned_short_unsign_6_fu_354  |   8|   0|    8|          0|
    |tpgPatternTartanColorBars_unsigned_short_unsigned_short_unsigned_short_unsign_7_fu_350  |   8|   0|    8|          0|
    |trunc_ln1247_reg_1640                                                                   |   8|   0|    8|          0|
    |vBarSel                                                                                 |   3|   0|    3|          0|
    |vBarSel_1                                                                               |   1|   0|    1|          0|
    |vBarSel_2                                                                               |   8|   0|    8|          0|
    |vBarSel_2_loc_0_fu_338                                                                  |   8|   0|    8|          0|
    |vBarSel_3_loc_0_fu_318                                                                  |   8|   0|    8|          0|
    |vBarSel_loc_0_fu_358                                                                    |   8|   0|    8|          0|
    |whiYuv_1_load_reg_1705                                                                  |   8|   0|    8|          0|
    |whiYuv_load_reg_1700                                                                    |   8|   0|    8|          0|
    |width_val_read_reg_1614                                                                 |  16|   0|   16|          0|
    |xor_ln737_reg_1728                                                                      |   1|   0|    1|          0|
    |y_3_reg_1715                                                                            |  16|   0|   16|          0|
    |y_fu_306                                                                                |  16|   0|   16|          0|
    |zonePlateVAddr                                                                          |  16|   0|   16|          0|
    |zonePlateVAddr_loc_0_fu_362                                                             |  16|   0|   16|          0|
    +----------------------------------------------------------------------------------------+----+----+-----+-----------+
    |Total                                                                                   | 872|   0|  888|         16|
    +----------------------------------------------------------------------------------------+----+----+-----+-----------+



================================================================
== Interface
================================================================
* Summary: 
+--------------------------+-----+-----+------------+------------------------+--------------+
|         RTL Ports        | Dir | Bits|  Protocol  |      Source Object     |    C Type    |
+--------------------------+-----+-----+------------+------------------------+--------------+
|ap_clk                    |   in|    1|  ap_ctrl_hs|           tpgBackground|  return value|
|ap_rst                    |   in|    1|  ap_ctrl_hs|           tpgBackground|  return value|
|ap_start                  |   in|    1|  ap_ctrl_hs|           tpgBackground|  return value|
|start_full_n              |   in|    1|  ap_ctrl_hs|           tpgBackground|  return value|
|ap_done                   |  out|    1|  ap_ctrl_hs|           tpgBackground|  return value|
|ap_continue               |   in|    1|  ap_ctrl_hs|           tpgBackground|  return value|
|ap_idle                   |  out|    1|  ap_ctrl_hs|           tpgBackground|  return value|
|ap_ready                  |  out|    1|  ap_ctrl_hs|           tpgBackground|  return value|
|start_out                 |  out|    1|  ap_ctrl_hs|           tpgBackground|  return value|
|start_write               |  out|    1|  ap_ctrl_hs|           tpgBackground|  return value|
|srcYUV_dout               |   in|   48|     ap_fifo|                  srcYUV|       pointer|
|srcYUV_empty_n            |   in|    1|     ap_fifo|                  srcYUV|       pointer|
|srcYUV_read               |  out|    1|     ap_fifo|                  srcYUV|       pointer|
|srcYUV_num_data_valid     |   in|    5|     ap_fifo|                  srcYUV|       pointer|
|srcYUV_fifo_cap           |   in|    5|     ap_fifo|                  srcYUV|       pointer|
|height_val                |   in|   16|   ap_stable|              height_val|        scalar|
|width_val                 |   in|   16|   ap_stable|               width_val|        scalar|
|passthruStartX_val        |   in|   16|   ap_stable|      passthruStartX_val|        scalar|
|passthruStartY_val        |   in|   16|   ap_stable|      passthruStartY_val|        scalar|
|passthruEndX_val          |   in|   16|   ap_stable|        passthruEndX_val|        scalar|
|passthruEndY_val          |   in|   16|   ap_stable|        passthruEndY_val|        scalar|
|enableInput_val           |   in|    8|   ap_stable|         enableInput_val|        scalar|
|patternId_val             |   in|    8|   ap_stable|           patternId_val|        scalar|
|ZplateHorContStart_val    |   in|   16|   ap_stable|  ZplateHorContStart_val|        scalar|
|ZplateHorContDelta_val    |   in|   16|   ap_stable|  ZplateHorContDelta_val|        scalar|
|ZplateVerContStart_val    |   in|   16|   ap_stable|  ZplateVerContStart_val|        scalar|
|ZplateVerContDelta_val    |   in|   16|   ap_stable|  ZplateVerContDelta_val|        scalar|
|dpDynamicRange_val        |   in|    8|   ap_stable|      dpDynamicRange_val|        scalar|
|dpYUVCoef_val             |   in|    8|   ap_stable|           dpYUVCoef_val|        scalar|
|motionSpeed_val           |   in|    8|   ap_stable|         motionSpeed_val|        scalar|
|colorFormat_val           |   in|    8|   ap_stable|         colorFormat_val|        scalar|
|bckgndYUV_din             |  out|   48|     ap_fifo|               bckgndYUV|       pointer|
|bckgndYUV_full_n          |   in|    1|     ap_fifo|               bckgndYUV|       pointer|
|bckgndYUV_write           |  out|    1|     ap_fifo|               bckgndYUV|       pointer|
|bckgndYUV_num_data_valid  |   in|    5|     ap_fifo|               bckgndYUV|       pointer|
|bckgndYUV_fifo_cap        |   in|    5|     ap_fifo|               bckgndYUV|       pointer|
|s                         |   in|   32|     ap_none|                       s|       pointer|
+--------------------------+-----+-----+------------+------------------------+--------------+

============================================================
+ Verbose Summary: Synthesis Manager
============================================================
InlineROM: 1
ExposeGlobal: 0
============================================================
+ Verbose Summary: CDFG Model
============================================================
IsTopModel: 0
ResetActiveHigh: 1
IsCombinational: 2
IsDatapathOnly: 0
HasWiredReturn: 1
HasMFsm: 0
HasVarLatency: 1
IsPipeline: 0
IsRtlPipelined: 0
IsInstanceOverlapped: 0
IsDontTouch: 0
HasImplIP: 0
IsGatedGlobalClock: 0


============================================================
+ Verbose Summary: Schedule
============================================================
* Number of FSM states : 5
* Pipeline : 0
* Dataflow Pipeline: 0

* FSM state transitions: 
1 --> 2 
2 --> 3 
3 --> 4 
4 --> 5 
5 --> 3 

* FSM state operations: 

State 1 <SV = 0> <Delay = 1.79>
ST_1 : Operation 6 [1/1] (0.00ns)   --->   "%p_0_0_010369_lcssa382 = alloca i32 1"   --->   Operation 6 'alloca' 'p_0_0_010369_lcssa382' <Predicate = true> <Delay = 0.00>
ST_1 : Operation 7 [1/1] (0.00ns)   --->   "%p_0_0_09371_lcssa385 = alloca i32 1"   --->   Operation 7 'alloca' 'p_0_0_09371_lcssa385' <Predicate = true> <Delay = 0.00>
ST_1 : Operation 8 [1/1] (0.00ns)   --->   "%p_0_0_0373_lcssa388 = alloca i32 1"   --->   Operation 8 'alloca' 'p_0_0_0373_lcssa388' <Predicate = true> <Delay = 0.00>
ST_1 : Operation 9 [1/1] (0.00ns)   --->   "%p_0_0_010_1375_lcssa391 = alloca i32 1"   --->   Operation 9 'alloca' 'p_0_0_010_1375_lcssa391' <Predicate = true> <Delay = 0.00>
ST_1 : Operation 10 [1/1] (0.00ns)   --->   "%p_0_0_09_1377_lcssa394 = alloca i32 1"   --->   Operation 10 'alloca' 'p_0_0_09_1377_lcssa394' <Predicate = true> <Delay = 0.00>
ST_1 : Operation 11 [1/1] (0.00ns)   --->   "%p_0_0_0_1379_lcssa397 = alloca i32 1"   --->   Operation 11 'alloca' 'p_0_0_0_1379_lcssa397' <Predicate = true> <Delay = 0.00>
ST_1 : Operation 12 [1/1] (0.00ns)   --->   "%outpix = alloca i32 1" [prj/sol/.autopilot/db/v_tpg.cpp:552]   --->   Operation 12 'alloca' 'outpix' <Predicate = true> <Delay = 0.00>
ST_1 : Operation 13 [1/1] (0.00ns)   --->   "%outpix_1 = alloca i32 1" [prj/sol/.autopilot/db/v_tpg.cpp:552]   --->   Operation 13 'alloca' 'outpix_1' <Predicate = true> <Delay = 0.00>
ST_1 : Operation 14 [1/1] (0.00ns)   --->   "%outpix_2 = alloca i32 1" [prj/sol/.autopilot/db/v_tpg.cpp:552]   --->   Operation 14 'alloca' 'outpix_2' <Predicate = true> <Delay = 0.00>
ST_1 : Operation 15 [1/1] (0.00ns)   --->   "%outpix_3 = alloca i32 1" [prj/sol/.autopilot/db/v_tpg.cpp:552]   --->   Operation 15 'alloca' 'outpix_3' <Predicate = true> <Delay = 0.00>
ST_1 : Operation 16 [1/1] (0.00ns)   --->   "%outpix_4 = alloca i32 1" [prj/sol/.autopilot/db/v_tpg.cpp:552]   --->   Operation 16 'alloca' 'outpix_4' <Predicate = true> <Delay = 0.00>
ST_1 : Operation 17 [1/1] (0.00ns)   --->   "%outpix_5 = alloca i32 1" [prj/sol/.autopilot/db/v_tpg.cpp:552]   --->   Operation 17 'alloca' 'outpix_5' <Predicate = true> <Delay = 0.00>
ST_1 : Operation 18 [1/1] (0.00ns)   --->   "%y = alloca i32 1" [prj/sol/.autopilot/db/v_tpg.cpp:549]   --->   Operation 18 'alloca' 'y' <Predicate = true> <Delay = 0.00>
ST_1 : Operation 19 [1/1] (0.00ns)   --->   "%tpgPatternDPColorSquare_unsigned_short_unsigned_short_unsigned_char_unsigned_7 = alloca i32 1"   --->   Operation 19 'alloca' 'tpgPatternDPColorSquare_unsigned_short_unsigned_short_unsigned_char_unsigned_7' <Predicate = true> <Delay = 0.00>
ST_1 : Operation 20 [1/1] (0.00ns)   --->   "%tpgPatternDPColorSquare_unsigned_short_unsigned_short_unsigned_char_unsigned_6 = alloca i32 1"   --->   Operation 20 'alloca' 'tpgPatternDPColorSquare_unsigned_short_unsigned_short_unsigned_char_unsigned_6' <Predicate = true> <Delay = 0.00>
ST_1 : Operation 21 [1/1] (0.00ns)   --->   "%vBarSel_3_loc_0 = alloca i32 1"   --->   Operation 21 'alloca' 'vBarSel_3_loc_0' <Predicate = true> <Delay = 0.00>
ST_1 : Operation 22 [1/1] (0.00ns)   --->   "%rampVal_2_loc_0 = alloca i32 1"   --->   Operation 22 'alloca' 'rampVal_2_loc_0' <Predicate = true> <Delay = 0.00>
ST_1 : Operation 23 [1/1] (0.00ns)   --->   "%rampVal_2_new_0 = alloca i32 1"   --->   Operation 23 'alloca' 'rampVal_2_new_0' <Predicate = true> <Delay = 0.00>
ST_1 : Operation 24 [1/1] (0.00ns)   --->   "%tpgPatternCheckerBoard_unsigned_short_unsigned_short_unsigned_short_unsigned_7 = alloca i32 1"   --->   Operation 24 'alloca' 'tpgPatternCheckerBoard_unsigned_short_unsigned_short_unsigned_short_unsigned_7' <Predicate = true> <Delay = 0.00>
ST_1 : Operation 25 [1/1] (0.00ns)   --->   "%tpgPatternCheckerBoard_unsigned_short_unsigned_short_unsigned_short_unsigned_6 = alloca i32 1"   --->   Operation 25 'alloca' 'tpgPatternCheckerBoard_unsigned_short_unsigned_short_unsigned_short_unsigned_6' <Predicate = true> <Delay = 0.00>
ST_1 : Operation 26 [1/1] (0.00ns)   --->   "%vBarSel_2_loc_0 = alloca i32 1"   --->   Operation 26 'alloca' 'vBarSel_2_loc_0' <Predicate = true> <Delay = 0.00>
ST_1 : Operation 27 [1/1] (0.00ns)   --->   "%hdata_loc_0 = alloca i32 1"   --->   Operation 27 'alloca' 'hdata_loc_0' <Predicate = true> <Delay = 0.00>
ST_1 : Operation 28 [1/1] (0.00ns)   --->   "%hdata_new_0 = alloca i32 1"   --->   Operation 28 'alloca' 'hdata_new_0' <Predicate = true> <Delay = 0.00>
ST_1 : Operation 29 [1/1] (0.00ns)   --->   "%tpgPatternTartanColorBars_unsigned_short_unsigned_short_unsigned_short_unsign_7 = alloca i32 1"   --->   Operation 29 'alloca' 'tpgPatternTartanColorBars_unsigned_short_unsigned_short_unsigned_short_unsign_7' <Predicate = true> <Delay = 0.00>
ST_1 : Operation 30 [1/1] (0.00ns)   --->   "%tpgPatternTartanColorBars_unsigned_short_unsigned_short_unsigned_short_unsign_6 = alloca i32 1"   --->   Operation 30 'alloca' 'tpgPatternTartanColorBars_unsigned_short_unsigned_short_unsigned_short_unsign_6' <Predicate = true> <Delay = 0.00>
ST_1 : Operation 31 [1/1] (0.00ns)   --->   "%vBarSel_loc_0 = alloca i32 1"   --->   Operation 31 'alloca' 'vBarSel_loc_0' <Predicate = true> <Delay = 0.00>
ST_1 : Operation 32 [1/1] (0.00ns)   --->   "%zonePlateVAddr_loc_0 = alloca i32 1"   --->   Operation 32 'alloca' 'zonePlateVAddr_loc_0' <Predicate = true> <Delay = 0.00>
ST_1 : Operation 33 [1/1] (0.00ns)   --->   "%tpgPatternColorBars_unsigned_short_unsigned_short_unsigned_char_int_hBarSel_8_2 = alloca i32 1"   --->   Operation 33 'alloca' 'tpgPatternColorBars_unsigned_short_unsigned_short_unsigned_char_int_hBarSel_8_2' <Predicate = true> <Delay = 0.00>
ST_1 : Operation 34 [1/1] (0.00ns)   --->   "%tpgPatternColorBars_unsigned_short_unsigned_short_unsigned_char_int_hBarSel_l_1 = alloca i32 1"   --->   Operation 34 'alloca' 'tpgPatternColorBars_unsigned_short_unsigned_short_unsigned_char_int_hBarSel_l_1' <Predicate = true> <Delay = 0.00>
ST_1 : Operation 35 [1/1] (0.00ns)   --->   "%rampVal_loc_0 = alloca i32 1"   --->   Operation 35 'alloca' 'rampVal_loc_0' <Predicate = true> <Delay = 0.00>
ST_1 : Operation 36 [1/1] (0.00ns)   --->   "%rampVal_3_loc_0 = alloca i32 1"   --->   Operation 36 'alloca' 'rampVal_3_loc_0' <Predicate = true> <Delay = 0.00>
ST_1 : Operation 37 [1/1] (0.00ns)   --->   "%rampVal_3_new_0 = alloca i32 1"   --->   Operation 37 'alloca' 'rampVal_3_new_0' <Predicate = true> <Delay = 0.00>
ST_1 : Operation 38 [1/1] (0.00ns)   --->   "%colorFormat_val_read = read i8 @_ssdm_op_Read.ap_auto.i8, i8 %colorFormat_val"   --->   Operation 38 'read' 'colorFormat_val_read' <Predicate = true> <Delay = 0.00>
ST_1 : Operation 39 [1/1] (0.00ns)   --->   "%rampVal_2_flag_1_loc = alloca i64 1"   --->   Operation 39 'alloca' 'rampVal_2_flag_1_loc' <Predicate = true> <Delay = 0.00>
ST_1 : Operation 40 [1/1] (0.00ns)   --->   "%hdata_flag_1_loc = alloca i64 1"   --->   Operation 40 'alloca' 'hdata_flag_1_loc' <Predicate = true> <Delay = 0.00>
ST_1 : Operation 41 [1/1] (0.00ns)   --->   "%rampVal_3_flag_1_loc = alloca i64 1"   --->   Operation 41 'alloca' 'rampVal_3_flag_1_loc' <Predicate = true> <Delay = 0.00>
ST_1 : Operation 42 [1/1] (0.76ns)   --->   "%icmp_ln1144 = icmp_eq  i8 %colorFormat_val_read, i8 1" [prj/sol/.autopilot/db/v_tpg.cpp:1144->prj/sol/.autopilot/db/v_tpg.cpp:609]   --->   Operation 42 'icmp' 'icmp_ln1144' <Predicate = true> <Delay = 0.76> <CoreInst = "Cmp">   --->   Core 9 'Cmp' <Latency = 0> <II = 1> <Delay = 0.76> <FuncUnit> <Opcode : 'seteq' 'setne' 'setle' 'setge' 'setlt' 'setgt'> <InPorts = 2> <OutPorts = 1>
ST_1 : Operation 43 [1/1] (0.00ns)   --->   "%tmp = partselect i7 @_ssdm_op_PartSelect.i7.i8.i32.i32, i8 %colorFormat_val_read, i32 1, i32 7" [prj/sol/.autopilot/db/v_tpg.cpp:1862->prj/sol/.autopilot/db/v_tpg.cpp:703]   --->   Operation 43 'partselect' 'tmp' <Predicate = true> <Delay = 0.00>
ST_1 : Operation 44 [1/1] (0.35ns)   --->   "%select_ln1144 = select i1 %icmp_ln1144, i64 1, i64 2" [prj/sol/.autopilot/db/v_tpg.cpp:1144->prj/sol/.autopilot/db/v_tpg.cpp:609]   --->   Operation 44 'select' 'select_ln1144' <Predicate = true> <Delay = 0.35> <CoreInst = "Sel">   --->   Core 73 'Sel' <Latency = 0> <II = 1> <Delay = 0.33> <FuncUnit> <Opcode : 'select'> <InPorts = 3> <OutPorts = 1>
ST_1 : Operation 45 [1/1] (0.00ns)   --->   "%redYuv_addr = getelementptr i8 %redYuv, i64 0, i64 %select_ln1144" [prj/sol/.autopilot/db/v_tpg.cpp:1144->prj/sol/.autopilot/db/v_tpg.cpp:609]   --->   Operation 45 'getelementptr' 'redYuv_addr' <Predicate = true> <Delay = 0.00>
ST_1 : Operation 46 [1/1] (0.00ns)   --->   "%grnYuv_addr = getelementptr i8 %grnYuv, i64 0, i64 %select_ln1144" [prj/sol/.autopilot/db/v_tpg.cpp:1165->prj/sol/.autopilot/db/v_tpg.cpp:617]   --->   Operation 46 'getelementptr' 'grnYuv_addr' <Predicate = true> <Delay = 0.00>
ST_1 : Operation 47 [1/1] (0.00ns)   --->   "%bluYuv_addr = getelementptr i8 %bluYuv, i64 0, i64 %select_ln1144" [prj/sol/.autopilot/db/v_tpg.cpp:1186->prj/sol/.autopilot/db/v_tpg.cpp:625]   --->   Operation 47 'getelementptr' 'bluYuv_addr' <Predicate = true> <Delay = 0.00>
ST_1 : Operation 48 [1/1] (0.00ns)   --->   "%blkYuv_addr = getelementptr i8 %blkYuv, i64 0, i64 %select_ln1144" [prj/sol/.autopilot/db/v_tpg.cpp:1207->prj/sol/.autopilot/db/v_tpg.cpp:633]   --->   Operation 48 'getelementptr' 'blkYuv_addr' <Predicate = true> <Delay = 0.00>
ST_1 : Operation 49 [1/1] (0.00ns)   --->   "%whiYuv_addr = getelementptr i8 %whiYuv, i64 0, i64 %select_ln1144" [prj/sol/.autopilot/db/v_tpg.cpp:1228->prj/sol/.autopilot/db/v_tpg.cpp:641]   --->   Operation 49 'getelementptr' 'whiYuv_addr' <Predicate = true> <Delay = 0.00>
ST_1 : Operation 50 [1/1] (0.00ns)   --->   "%whiYuv_1_addr = getelementptr i8 %whiYuv_1, i64 0, i64 %select_ln1144" [prj/sol/.autopilot/db/v_tpg.cpp:1504->prj/sol/.autopilot/db/v_tpg.cpp:673]   --->   Operation 50 'getelementptr' 'whiYuv_1_addr' <Predicate = true> <Delay = 0.00>
ST_1 : Operation 51 [1/1] (0.00ns)   --->   "%blkYuv_1_addr = getelementptr i8 %blkYuv_1, i64 0, i64 %select_ln1144" [prj/sol/.autopilot/db/v_tpg.cpp:1519->prj/sol/.autopilot/db/v_tpg.cpp:673]   --->   Operation 51 'getelementptr' 'blkYuv_1_addr' <Predicate = true> <Delay = 0.00>
ST_1 : Operation 52 [2/2] (0.67ns)   --->   "%redYuv_load = load i2 %redYuv_addr" [prj/sol/.autopilot/db/v_tpg.cpp:1143->prj/sol/.autopilot/db/v_tpg.cpp:609]   --->   Operation 52 'load' 'redYuv_load' <Predicate = true> <Delay = 0.67> <CoreInst = "ROM">   --->   Core 100 'ROM' <Latency = 1> <II = 1> <Delay = 0.67> <Storage> <Opcode : 'load'> <Ports = 0> <Width = 8> <Depth = 3> <ROM>
ST_1 : Operation 53 [2/2] (0.67ns)   --->   "%grnYuv_load = load i2 %grnYuv_addr" [prj/sol/.autopilot/db/v_tpg.cpp:1164->prj/sol/.autopilot/db/v_tpg.cpp:617]   --->   Operation 53 'load' 'grnYuv_load' <Predicate = true> <Delay = 0.67> <CoreInst = "ROM">   --->   Core 100 'ROM' <Latency = 1> <II = 1> <Delay = 0.67> <Storage> <Opcode : 'load'> <Ports = 0> <Width = 8> <Depth = 3> <ROM>
ST_1 : Operation 54 [2/2] (0.67ns)   --->   "%bluYuv_load = load i2 %bluYuv_addr" [prj/sol/.autopilot/db/v_tpg.cpp:1185->prj/sol/.autopilot/db/v_tpg.cpp:625]   --->   Operation 54 'load' 'bluYuv_load' <Predicate = true> <Delay = 0.67> <CoreInst = "ROM">   --->   Core 100 'ROM' <Latency = 1> <II = 1> <Delay = 0.67> <Storage> <Opcode : 'load'> <Ports = 0> <Width = 8> <Depth = 3> <ROM>
ST_1 : Operation 55 [2/2] (0.67ns)   --->   "%blkYuv_load = load i2 %blkYuv_addr" [prj/sol/.autopilot/db/v_tpg.cpp:1206->prj/sol/.autopilot/db/v_tpg.cpp:633]   --->   Operation 55 'load' 'blkYuv_load' <Predicate = true> <Delay = 0.67> <CoreInst = "ROM">   --->   Core 100 'ROM' <Latency = 1> <II = 1> <Delay = 0.67> <Storage> <Opcode : 'load'> <Ports = 0> <Width = 8> <Depth = 3> <ROM>
ST_1 : Operation 56 [2/2] (0.67ns)   --->   "%whiYuv_load = load i2 %whiYuv_addr" [prj/sol/.autopilot/db/v_tpg.cpp:1227->prj/sol/.autopilot/db/v_tpg.cpp:641]   --->   Operation 56 'load' 'whiYuv_load' <Predicate = true> <Delay = 0.67> <CoreInst = "ROM">   --->   Core 100 'ROM' <Latency = 1> <II = 1> <Delay = 0.67> <Storage> <Opcode : 'load'> <Ports = 0> <Width = 8> <Depth = 3> <ROM>
ST_1 : Operation 57 [2/2] (0.67ns)   --->   "%whiYuv_1_load = load i2 %whiYuv_1_addr" [prj/sol/.autopilot/db/v_tpg.cpp:1503->prj/sol/.autopilot/db/v_tpg.cpp:673]   --->   Operation 57 'load' 'whiYuv_1_load' <Predicate = true> <Delay = 0.67> <CoreInst = "ROM">   --->   Core 100 'ROM' <Latency = 1> <II = 1> <Delay = 0.67> <Storage> <Opcode : 'load'> <Ports = 0> <Width = 8> <Depth = 3> <ROM>
ST_1 : Operation 58 [2/2] (0.67ns)   --->   "%blkYuv_1_load = load i2 %blkYuv_1_addr" [prj/sol/.autopilot/db/v_tpg.cpp:1518->prj/sol/.autopilot/db/v_tpg.cpp:673]   --->   Operation 58 'load' 'blkYuv_1_load' <Predicate = true> <Delay = 0.67> <CoreInst = "ROM">   --->   Core 100 'ROM' <Latency = 1> <II = 1> <Delay = 0.67> <Storage> <Opcode : 'load'> <Ports = 0> <Width = 8> <Depth = 3> <ROM>
ST_1 : Operation 59 [1/1] (0.00ns)   --->   "%rampVal_1_load = load i16 %rampVal_1" [prj/sol/.autopilot/db/v_tpg.cpp:1084->prj/sol/.autopilot/db/v_tpg.cpp:585]   --->   Operation 59 'load' 'rampVal_1_load' <Predicate = true> <Delay = 0.00>
ST_1 : Operation 60 [1/1] (0.00ns)   --->   "%rampVal_load = load i8 %rampVal" [prj/sol/.autopilot/db/v_tpg.cpp:1101->prj/sol/.autopilot/db/v_tpg.cpp:593]   --->   Operation 60 'load' 'rampVal_load' <Predicate = true> <Delay = 0.00>
ST_1 : Operation 61 [1/1] (0.00ns)   --->   "%zext_ln1257 = zext i8 %rampVal_load" [prj/sol/.autopilot/db/v_tpg.cpp:1257->prj/sol/.autopilot/db/v_tpg.cpp:649]   --->   Operation 61 'zext' 'zext_ln1257' <Predicate = true> <Delay = 0.00>
ST_1 : Operation 62 [1/1] (0.00ns)   --->   "%tpgPatternColorBars_unsigned_short_unsigned_short_unsigned_char_int_hBarSel_l = load i8 %tpgPatternColorBars_unsigned_short_unsigned_short_unsigned_char_int_hBarSel" [prj/sol/.autopilot/db/v_tpg.cpp:1257->prj/sol/.autopilot/db/v_tpg.cpp:649]   --->   Operation 62 'load' 'tpgPatternColorBars_unsigned_short_unsigned_short_unsigned_char_int_hBarSel_l' <Predicate = true> <Delay = 0.00>
ST_1 : Operation 63 [1/1] (0.00ns)   --->   "%tpgPatternColorBars_unsigned_short_unsigned_short_unsigned_char_int_hBarSel_8_3 = load i8 %tpgPatternColorBars_unsigned_short_unsigned_short_unsigned_char_int_hBarSel_8" [prj/sol/.autopilot/db/v_tpg.cpp:1257->prj/sol/.autopilot/db/v_tpg.cpp:649]   --->   Operation 63 'load' 'tpgPatternColorBars_unsigned_short_unsigned_short_unsigned_char_int_hBarSel_8_3' <Predicate = true> <Delay = 0.00>
ST_1 : Operation 64 [1/1] (0.00ns)   --->   "%zonePlateVAddr_load = load i16 %zonePlateVAddr" [prj/sol/.autopilot/db/v_tpg.cpp:1341->prj/sol/.autopilot/db/v_tpg.cpp:657]   --->   Operation 64 'load' 'zonePlateVAddr_load' <Predicate = true> <Delay = 0.00>
ST_1 : Operation 65 [1/1] (0.00ns)   --->   "%vBarSel_load = load i3 %vBarSel" [prj/sol/.autopilot/db/v_tpg.cpp:1393->prj/sol/.autopilot/db/v_tpg.cpp:665]   --->   Operation 65 'load' 'vBarSel_load' <Predicate = true> <Delay = 0.00>
ST_1 : Operation 66 [1/1] (0.00ns)   --->   "%zext_ln1412 = zext i3 %vBarSel_load" [prj/sol/.autopilot/db/v_tpg.cpp:1412->prj/sol/.autopilot/db/v_tpg.cpp:665]   --->   Operation 66 'zext' 'zext_ln1412' <Predicate = true> <Delay = 0.00>
ST_1 : Operation 67 [1/1] (0.00ns)   --->   "%tpgPatternTartanColorBars_unsigned_short_unsigned_short_unsigned_short_unsign_10 = load i3 %tpgPatternTartanColorBars_unsigned_short_unsigned_short_unsigned_short_unsign_3" [prj/sol/.autopilot/db/v_tpg.cpp:1412->prj/sol/.autopilot/db/v_tpg.cpp:665]   --->   Operation 67 'load' 'tpgPatternTartanColorBars_unsigned_short_unsigned_short_unsigned_short_unsign_10' <Predicate = true> <Delay = 0.00>
ST_1 : Operation 68 [1/1] (0.00ns)   --->   "%zext_ln1412_1 = zext i3 %tpgPatternTartanColorBars_unsigned_short_unsigned_short_unsigned_short_unsign_10" [prj/sol/.autopilot/db/v_tpg.cpp:1412->prj/sol/.autopilot/db/v_tpg.cpp:665]   --->   Operation 68 'zext' 'zext_ln1412_1' <Predicate = true> <Delay = 0.00>
ST_1 : Operation 69 [1/1] (0.00ns)   --->   "%tpgPatternTartanColorBars_unsigned_short_unsigned_short_unsigned_short_unsign_11 = load i3 %tpgPatternTartanColorBars_unsigned_short_unsigned_short_unsigned_short_unsign_2" [prj/sol/.autopilot/db/v_tpg.cpp:1412->prj/sol/.autopilot/db/v_tpg.cpp:665]   --->   Operation 69 'load' 'tpgPatternTartanColorBars_unsigned_short_unsigned_short_unsigned_short_unsign_11' <Predicate = true> <Delay = 0.00>
ST_1 : Operation 70 [1/1] (0.00ns)   --->   "%zext_ln1545 = zext i3 %tpgPatternTartanColorBars_unsigned_short_unsigned_short_unsigned_short_unsign_11" [prj/sol/.autopilot/db/v_tpg.cpp:1545->prj/sol/.autopilot/db/v_tpg.cpp:689]   --->   Operation 70 'zext' 'zext_ln1545' <Predicate = true> <Delay = 0.00>
ST_1 : Operation 71 [1/1] (0.00ns)   --->   "%hdata_load = load i16 %hdata" [prj/sol/.autopilot/db/v_tpg.cpp:1545->prj/sol/.autopilot/db/v_tpg.cpp:689]   --->   Operation 71 'load' 'hdata_load' <Predicate = true> <Delay = 0.00>
ST_1 : Operation 72 [1/1] (0.00ns)   --->   "%vBarSel_2_load = load i8 %vBarSel_2" [prj/sol/.autopilot/db/v_tpg.cpp:1575->prj/sol/.autopilot/db/v_tpg.cpp:697]   --->   Operation 72 'load' 'vBarSel_2_load' <Predicate = true> <Delay = 0.00>
ST_1 : Operation 73 [1/1] (0.00ns)   --->   "%tpgPatternCheckerBoard_unsigned_short_unsigned_short_unsigned_short_unsigned_10 = load i3 %tpgPatternCheckerBoard_unsigned_short_unsigned_short_unsigned_short_unsigned_3" [prj/sol/.autopilot/db/v_tpg.cpp:1593->prj/sol/.autopilot/db/v_tpg.cpp:697]   --->   Operation 73 'load' 'tpgPatternCheckerBoard_unsigned_short_unsigned_short_unsigned_short_unsigned_10' <Predicate = true> <Delay = 0.00>
ST_1 : Operation 74 [1/1] (0.00ns)   --->   "%zext_ln1593 = zext i3 %tpgPatternCheckerBoard_unsigned_short_unsigned_short_unsigned_short_unsigned_10" [prj/sol/.autopilot/db/v_tpg.cpp:1593->prj/sol/.autopilot/db/v_tpg.cpp:697]   --->   Operation 74 'zext' 'zext_ln1593' <Predicate = true> <Delay = 0.00>
ST_1 : Operation 75 [1/1] (0.00ns)   --->   "%tpgPatternCheckerBoard_unsigned_short_unsigned_short_unsigned_short_unsigned_11 = load i3 %tpgPatternCheckerBoard_unsigned_short_unsigned_short_unsigned_short_unsigned_2" [prj/sol/.autopilot/db/v_tpg.cpp:1593->prj/sol/.autopilot/db/v_tpg.cpp:697]   --->   Operation 75 'load' 'tpgPatternCheckerBoard_unsigned_short_unsigned_short_unsigned_short_unsigned_11' <Predicate = true> <Delay = 0.00>
ST_1 : Operation 76 [1/1] (0.00ns)   --->   "%zext_ln1664 = zext i3 %tpgPatternCheckerBoard_unsigned_short_unsigned_short_unsigned_short_unsigned_11" [prj/sol/.autopilot/db/v_tpg.cpp:1664->prj/sol/.autopilot/db/v_tpg.cpp:707]   --->   Operation 76 'zext' 'zext_ln1664' <Predicate = true> <Delay = 0.00>
ST_1 : Operation 77 [1/1] (0.00ns)   --->   "%rampVal_2_load = load i16 %rampVal_2" [prj/sol/.autopilot/db/v_tpg.cpp:1664->prj/sol/.autopilot/db/v_tpg.cpp:707]   --->   Operation 77 'load' 'rampVal_2_load' <Predicate = true> <Delay = 0.00>
ST_1 : Operation 78 [1/1] (0.00ns)   --->   "%vBarSel_1_load = load i1 %vBarSel_1" [prj/sol/.autopilot/db/v_tpg.cpp:1758->prj/sol/.autopilot/db/v_tpg.cpp:721]   --->   Operation 78 'load' 'vBarSel_1_load' <Predicate = true> <Delay = 0.00>
ST_1 : Operation 79 [1/1] (0.00ns)   --->   "%zext_ln1775 = zext i1 %vBarSel_1_load" [prj/sol/.autopilot/db/v_tpg.cpp:1775->prj/sol/.autopilot/db/v_tpg.cpp:721]   --->   Operation 79 'zext' 'zext_ln1775' <Predicate = true> <Delay = 0.00>
ST_1 : Operation 80 [1/1] (0.00ns)   --->   "%tpgPatternDPColorSquare_unsigned_short_unsigned_short_unsigned_char_unsigned_10 = load i3 %tpgPatternDPColorSquare_unsigned_short_unsigned_short_unsigned_char_unsigned_3" [prj/sol/.autopilot/db/v_tpg.cpp:1775->prj/sol/.autopilot/db/v_tpg.cpp:721]   --->   Operation 80 'load' 'tpgPatternDPColorSquare_unsigned_short_unsigned_short_unsigned_char_unsigned_10' <Predicate = true> <Delay = 0.00>
ST_1 : Operation 81 [1/1] (0.00ns)   --->   "%zext_ln1775_1 = zext i3 %tpgPatternDPColorSquare_unsigned_short_unsigned_short_unsigned_char_unsigned_10" [prj/sol/.autopilot/db/v_tpg.cpp:1775->prj/sol/.autopilot/db/v_tpg.cpp:721]   --->   Operation 81 'zext' 'zext_ln1775_1' <Predicate = true> <Delay = 0.00>
ST_1 : Operation 82 [1/1] (0.00ns)   --->   "%tpgPatternDPColorSquare_unsigned_short_unsigned_short_unsigned_char_unsigned_11 = load i3 %tpgPatternDPColorSquare_unsigned_short_unsigned_short_unsigned_char_unsigned_2" [prj/sol/.autopilot/db/v_tpg.cpp:1775->prj/sol/.autopilot/db/v_tpg.cpp:721]   --->   Operation 82 'load' 'tpgPatternDPColorSquare_unsigned_short_unsigned_short_unsigned_char_unsigned_11' <Predicate = true> <Delay = 0.00>
ST_1 : Operation 83 [1/1] (0.00ns)   --->   "%zext_ln563 = zext i3 %tpgPatternDPColorSquare_unsigned_short_unsigned_short_unsigned_char_unsigned_11" [prj/sol/.autopilot/db/v_tpg.cpp:563]   --->   Operation 83 'zext' 'zext_ln563' <Predicate = true> <Delay = 0.00>
ST_1 : Operation 84 [1/1] (0.00ns)   --->   "%store_ln1084 = store i16 %rampVal_1_load, i16 %rampVal_3_loc_0" [prj/sol/.autopilot/db/v_tpg.cpp:1084->prj/sol/.autopilot/db/v_tpg.cpp:585]   --->   Operation 84 'store' 'store_ln1084' <Predicate = true> <Delay = 0.00>
ST_1 : Operation 85 [1/1] (0.00ns)   --->   "%store_ln1257 = store i16 %zext_ln1257, i16 %rampVal_loc_0" [prj/sol/.autopilot/db/v_tpg.cpp:1257->prj/sol/.autopilot/db/v_tpg.cpp:649]   --->   Operation 85 'store' 'store_ln1257' <Predicate = true> <Delay = 0.00>
ST_1 : Operation 86 [1/1] (0.00ns)   --->   "%store_ln1257 = store i8 %tpgPatternColorBars_unsigned_short_unsigned_short_unsigned_char_int_hBarSel_l, i8 %tpgPatternColorBars_unsigned_short_unsigned_short_unsigned_char_int_hBarSel_l_1" [prj/sol/.autopilot/db/v_tpg.cpp:1257->prj/sol/.autopilot/db/v_tpg.cpp:649]   --->   Operation 86 'store' 'store_ln1257' <Predicate = true> <Delay = 0.00>
ST_1 : Operation 87 [1/1] (0.00ns)   --->   "%store_ln1257 = store i8 %tpgPatternColorBars_unsigned_short_unsigned_short_unsigned_char_int_hBarSel_8_3, i8 %tpgPatternColorBars_unsigned_short_unsigned_short_unsigned_char_int_hBarSel_8_2" [prj/sol/.autopilot/db/v_tpg.cpp:1257->prj/sol/.autopilot/db/v_tpg.cpp:649]   --->   Operation 87 'store' 'store_ln1257' <Predicate = true> <Delay = 0.00>
ST_1 : Operation 88 [1/1] (0.00ns)   --->   "%store_ln1341 = store i16 %zonePlateVAddr_load, i16 %zonePlateVAddr_loc_0" [prj/sol/.autopilot/db/v_tpg.cpp:1341->prj/sol/.autopilot/db/v_tpg.cpp:657]   --->   Operation 88 'store' 'store_ln1341' <Predicate = true> <Delay = 0.00>
ST_1 : Operation 89 [1/1] (0.00ns)   --->   "%store_ln1412 = store i8 %zext_ln1412, i8 %vBarSel_loc_0" [prj/sol/.autopilot/db/v_tpg.cpp:1412->prj/sol/.autopilot/db/v_tpg.cpp:665]   --->   Operation 89 'store' 'store_ln1412' <Predicate = true> <Delay = 0.00>
ST_1 : Operation 90 [1/1] (0.00ns)   --->   "%store_ln1412 = store i8 %zext_ln1412_1, i8 %tpgPatternTartanColorBars_unsigned_short_unsigned_short_unsigned_short_unsign_6" [prj/sol/.autopilot/db/v_tpg.cpp:1412->prj/sol/.autopilot/db/v_tpg.cpp:665]   --->   Operation 90 'store' 'store_ln1412' <Predicate = true> <Delay = 0.00>
ST_1 : Operation 91 [1/1] (0.00ns)   --->   "%store_ln1545 = store i8 %zext_ln1545, i8 %tpgPatternTartanColorBars_unsigned_short_unsigned_short_unsigned_short_unsign_7" [prj/sol/.autopilot/db/v_tpg.cpp:1545->prj/sol/.autopilot/db/v_tpg.cpp:689]   --->   Operation 91 'store' 'store_ln1545' <Predicate = true> <Delay = 0.00>
ST_1 : Operation 92 [1/1] (0.00ns)   --->   "%store_ln1545 = store i16 %hdata_load, i16 %hdata_loc_0" [prj/sol/.autopilot/db/v_tpg.cpp:1545->prj/sol/.autopilot/db/v_tpg.cpp:689]   --->   Operation 92 'store' 'store_ln1545' <Predicate = true> <Delay = 0.00>
ST_1 : Operation 93 [1/1] (0.00ns)   --->   "%store_ln1575 = store i8 %vBarSel_2_load, i8 %vBarSel_2_loc_0" [prj/sol/.autopilot/db/v_tpg.cpp:1575->prj/sol/.autopilot/db/v_tpg.cpp:697]   --->   Operation 93 'store' 'store_ln1575' <Predicate = true> <Delay = 0.00>
ST_1 : Operation 94 [1/1] (0.00ns)   --->   "%store_ln1593 = store i8 %zext_ln1593, i8 %tpgPatternCheckerBoard_unsigned_short_unsigned_short_unsigned_short_unsigned_6" [prj/sol/.autopilot/db/v_tpg.cpp:1593->prj/sol/.autopilot/db/v_tpg.cpp:697]   --->   Operation 94 'store' 'store_ln1593' <Predicate = true> <Delay = 0.00>
ST_1 : Operation 95 [1/1] (0.00ns)   --->   "%store_ln1664 = store i8 %zext_ln1664, i8 %tpgPatternCheckerBoard_unsigned_short_unsigned_short_unsigned_short_unsigned_7" [prj/sol/.autopilot/db/v_tpg.cpp:1664->prj/sol/.autopilot/db/v_tpg.cpp:707]   --->   Operation 95 'store' 'store_ln1664' <Predicate = true> <Delay = 0.00>
ST_1 : Operation 96 [1/1] (0.00ns)   --->   "%store_ln1664 = store i16 %rampVal_2_load, i16 %rampVal_2_loc_0" [prj/sol/.autopilot/db/v_tpg.cpp:1664->prj/sol/.autopilot/db/v_tpg.cpp:707]   --->   Operation 96 'store' 'store_ln1664' <Predicate = true> <Delay = 0.00>
ST_1 : Operation 97 [1/1] (0.00ns)   --->   "%store_ln1775 = store i8 %zext_ln1775, i8 %vBarSel_3_loc_0" [prj/sol/.autopilot/db/v_tpg.cpp:1775->prj/sol/.autopilot/db/v_tpg.cpp:721]   --->   Operation 97 'store' 'store_ln1775' <Predicate = true> <Delay = 0.00>
ST_1 : Operation 98 [1/1] (0.00ns)   --->   "%store_ln1775 = store i8 %zext_ln1775_1, i8 %tpgPatternDPColorSquare_unsigned_short_unsigned_short_unsigned_char_unsigned_6" [prj/sol/.autopilot/db/v_tpg.cpp:1775->prj/sol/.autopilot/db/v_tpg.cpp:721]   --->   Operation 98 'store' 'store_ln1775' <Predicate = true> <Delay = 0.00>
ST_1 : Operation 99 [1/1] (0.00ns)   --->   "%store_ln563 = store i8 %zext_ln563, i8 %tpgPatternDPColorSquare_unsigned_short_unsigned_short_unsigned_char_unsigned_7" [prj/sol/.autopilot/db/v_tpg.cpp:563]   --->   Operation 99 'store' 'store_ln563' <Predicate = true> <Delay = 0.00>
ST_1 : Operation 100 [1/1] (0.42ns)   --->   "%store_ln549 = store i16 0, i16 %y" [prj/sol/.autopilot/db/v_tpg.cpp:549]   --->   Operation 100 'store' 'store_ln549' <Predicate = true> <Delay = 0.42>

State 2 <SV = 1> <Delay = 1.61>
ST_2 : Operation 101 [1/1] (0.00ns)   --->   "%motionSpeed_val_read = read i8 @_ssdm_op_Read.ap_auto.i8, i8 %motionSpeed_val"   --->   Operation 101 'read' 'motionSpeed_val_read' <Predicate = true> <Delay = 0.00>
ST_2 : Operation 102 [1/1] (0.00ns)   --->   "%dpYUVCoef_val_read = read i8 @_ssdm_op_Read.ap_auto.i8, i8 %dpYUVCoef_val"   --->   Operation 102 'read' 'dpYUVCoef_val_read' <Predicate = true> <Delay = 0.00>
ST_2 : Operation 103 [1/1] (0.00ns)   --->   "%dpDynamicRange_val_read = read i8 @_ssdm_op_Read.ap_auto.i8, i8 %dpDynamicRange_val"   --->   Operation 103 'read' 'dpDynamicRange_val_read' <Predicate = true> <Delay = 0.00>
ST_2 : Operation 104 [1/1] (0.00ns)   --->   "%ZplateVerContDelta_val_read = read i16 @_ssdm_op_Read.ap_auto.i16, i16 %ZplateVerContDelta_val"   --->   Operation 104 'read' 'ZplateVerContDelta_val_read' <Predicate = true> <Delay = 0.00>
ST_2 : Operation 105 [1/1] (0.00ns)   --->   "%ZplateVerContStart_val_read = read i16 @_ssdm_op_Read.ap_auto.i16, i16 %ZplateVerContStart_val"   --->   Operation 105 'read' 'ZplateVerContStart_val_read' <Predicate = true> <Delay = 0.00>
ST_2 : Operation 106 [1/1] (0.00ns)   --->   "%ZplateHorContDelta_val_read = read i16 @_ssdm_op_Read.ap_auto.i16, i16 %ZplateHorContDelta_val"   --->   Operation 106 'read' 'ZplateHorContDelta_val_read' <Predicate = true> <Delay = 0.00>
ST_2 : Operation 107 [1/1] (0.00ns)   --->   "%ZplateHorContStart_val_read = read i16 @_ssdm_op_Read.ap_auto.i16, i16 %ZplateHorContStart_val"   --->   Operation 107 'read' 'ZplateHorContStart_val_read' <Predicate = true> <Delay = 0.00>
ST_2 : Operation 108 [1/1] (0.00ns)   --->   "%patternId_val_read = read i8 @_ssdm_op_Read.ap_auto.i8, i8 %patternId_val"   --->   Operation 108 'read' 'patternId_val_read' <Predicate = true> <Delay = 0.00>
ST_2 : Operation 109 [1/1] (0.00ns)   --->   "%enableInput_val_read = read i8 @_ssdm_op_Read.ap_auto.i8, i8 %enableInput_val"   --->   Operation 109 'read' 'enableInput_val_read' <Predicate = true> <Delay = 0.00>
ST_2 : Operation 110 [1/1] (0.00ns)   --->   "%passthruEndY_val_read = read i16 @_ssdm_op_Read.ap_auto.i16, i16 %passthruEndY_val"   --->   Operation 110 'read' 'passthruEndY_val_read' <Predicate = true> <Delay = 0.00>
ST_2 : Operation 111 [1/1] (0.00ns)   --->   "%passthruEndX_val_read = read i16 @_ssdm_op_Read.ap_auto.i16, i16 %passthruEndX_val"   --->   Operation 111 'read' 'passthruEndX_val_read' <Predicate = true> <Delay = 0.00>
ST_2 : Operation 112 [1/1] (0.00ns)   --->   "%passthruStartY_val_read = read i16 @_ssdm_op_Read.ap_auto.i16, i16 %passthruStartY_val"   --->   Operation 112 'read' 'passthruStartY_val_read' <Predicate = true> <Delay = 0.00>
ST_2 : Operation 113 [1/1] (0.00ns)   --->   "%passthruStartX_val_read = read i16 @_ssdm_op_Read.ap_auto.i16, i16 %passthruStartX_val"   --->   Operation 113 'read' 'passthruStartX_val_read' <Predicate = true> <Delay = 0.00>
ST_2 : Operation 114 [1/1] (0.00ns)   --->   "%width_val_read = read i16 @_ssdm_op_Read.ap_auto.i16, i16 %width_val"   --->   Operation 114 'read' 'width_val_read' <Predicate = true> <Delay = 0.00>
ST_2 : Operation 115 [1/1] (0.00ns)   --->   "%height_val_read = read i16 @_ssdm_op_Read.ap_auto.i16, i16 %height_val"   --->   Operation 115 'read' 'height_val_read' <Predicate = true> <Delay = 0.00>
ST_2 : Operation 116 [1/1] (0.00ns)   --->   "%specstablecontent_ln0 = specstablecontent void @_ssdm_op_SpecStableContent, i8 %dpYUVCoef_val, i1 1, void @p_str"   --->   Operation 116 'specstablecontent' 'specstablecontent_ln0' <Predicate = true> <Delay = 0.00>
ST_2 : Operation 117 [1/1] (0.00ns)   --->   "%specstablecontent_ln0 = specstablecontent void @_ssdm_op_SpecStableContent, i8 %dpDynamicRange_val, i1 1, void @p_str"   --->   Operation 117 'specstablecontent' 'specstablecontent_ln0' <Predicate = true> <Delay = 0.00>
ST_2 : Operation 118 [1/1] (0.00ns)   --->   "%specstablecontent_ln0 = specstablecontent void @_ssdm_op_SpecStableContent, i16 %ZplateVerContDelta_val, i1 1, void @p_str"   --->   Operation 118 'specstablecontent' 'specstablecontent_ln0' <Predicate = true> <Delay = 0.00>
ST_2 : Operation 119 [1/1] (0.00ns)   --->   "%specstablecontent_ln0 = specstablecontent void @_ssdm_op_SpecStableContent, i16 %ZplateVerContStart_val, i1 1, void @p_str"   --->   Operation 119 'specstablecontent' 'specstablecontent_ln0' <Predicate = true> <Delay = 0.00>
ST_2 : Operation 120 [1/1] (0.00ns)   --->   "%specstablecontent_ln0 = specstablecontent void @_ssdm_op_SpecStableContent, i16 %ZplateHorContDelta_val, i1 1, void @p_str"   --->   Operation 120 'specstablecontent' 'specstablecontent_ln0' <Predicate = true> <Delay = 0.00>
ST_2 : Operation 121 [1/1] (0.00ns)   --->   "%specstablecontent_ln0 = specstablecontent void @_ssdm_op_SpecStableContent, i16 %ZplateHorContStart_val, i1 1, void @p_str"   --->   Operation 121 'specstablecontent' 'specstablecontent_ln0' <Predicate = true> <Delay = 0.00>
ST_2 : Operation 122 [1/1] (0.00ns)   --->   "%specstablecontent_ln0 = specstablecontent void @_ssdm_op_SpecStableContent, i8 %colorFormat_val, i1 1, void @p_str"   --->   Operation 122 'specstablecontent' 'specstablecontent_ln0' <Predicate = true> <Delay = 0.00>
ST_2 : Operation 123 [1/1] (0.00ns)   --->   "%specstablecontent_ln0 = specstablecontent void @_ssdm_op_SpecStableContent, i8 %motionSpeed_val, i1 1, void @p_str"   --->   Operation 123 'specstablecontent' 'specstablecontent_ln0' <Predicate = true> <Delay = 0.00>
ST_2 : Operation 124 [1/1] (0.00ns)   --->   "%specstablecontent_ln0 = specstablecontent void @_ssdm_op_SpecStableContent, i8 %patternId_val, i1 1, void @p_str"   --->   Operation 124 'specstablecontent' 'specstablecontent_ln0' <Predicate = true> <Delay = 0.00>
ST_2 : Operation 125 [1/1] (0.00ns)   --->   "%specstablecontent_ln0 = specstablecontent void @_ssdm_op_SpecStableContent, i8 %enableInput_val, i1 1, void @p_str"   --->   Operation 125 'specstablecontent' 'specstablecontent_ln0' <Predicate = true> <Delay = 0.00>
ST_2 : Operation 126 [1/1] (0.00ns)   --->   "%specstablecontent_ln0 = specstablecontent void @_ssdm_op_SpecStableContent, i16 %passthruEndY_val, i1 1, void @p_str"   --->   Operation 126 'specstablecontent' 'specstablecontent_ln0' <Predicate = true> <Delay = 0.00>
ST_2 : Operation 127 [1/1] (0.00ns)   --->   "%specstablecontent_ln0 = specstablecontent void @_ssdm_op_SpecStableContent, i16 %passthruEndX_val, i1 1, void @p_str"   --->   Operation 127 'specstablecontent' 'specstablecontent_ln0' <Predicate = true> <Delay = 0.00>
ST_2 : Operation 128 [1/1] (0.00ns)   --->   "%specstablecontent_ln0 = specstablecontent void @_ssdm_op_SpecStableContent, i16 %passthruStartY_val, i1 1, void @p_str"   --->   Operation 128 'specstablecontent' 'specstablecontent_ln0' <Predicate = true> <Delay = 0.00>
ST_2 : Operation 129 [1/1] (0.00ns)   --->   "%specstablecontent_ln0 = specstablecontent void @_ssdm_op_SpecStableContent, i16 %passthruStartX_val, i1 1, void @p_str"   --->   Operation 129 'specstablecontent' 'specstablecontent_ln0' <Predicate = true> <Delay = 0.00>
ST_2 : Operation 130 [1/1] (0.00ns)   --->   "%specstablecontent_ln0 = specstablecontent void @_ssdm_op_SpecStableContent, i16 %width_val, i1 1, void @p_str"   --->   Operation 130 'specstablecontent' 'specstablecontent_ln0' <Predicate = true> <Delay = 0.00>
ST_2 : Operation 131 [1/1] (0.00ns)   --->   "%specstablecontent_ln0 = specstablecontent void @_ssdm_op_SpecStableContent, i16 %height_val, i1 1, void @p_str"   --->   Operation 131 'specstablecontent' 'specstablecontent_ln0' <Predicate = true> <Delay = 0.00>
ST_2 : Operation 132 [1/1] (0.00ns)   --->   "%specinterface_ln0 = specinterface void @_ssdm_op_SpecInterface, i48 %bckgndYUV, void @empty_35, i32 0, i32 0, void @empty_15, i32 0, i32 0, void @empty_15, void @empty_15, void @empty_15, i32 0, i32 0, i32 0, i32 0, void @empty_15, void @empty_15, i32 4294967295, i32 0, i32 0, i32 0"   --->   Operation 132 'specinterface' 'specinterface_ln0' <Predicate = true> <Delay = 0.00>
ST_2 : Operation 133 [1/1] (0.00ns)   --->   "%specinterface_ln0 = specinterface void @_ssdm_op_SpecInterface, i48 %srcYUV, void @empty_35, i32 0, i32 0, void @empty_15, i32 0, i32 0, void @empty_15, void @empty_15, void @empty_15, i32 0, i32 0, i32 0, i32 0, void @empty_15, void @empty_15, i32 4294967295, i32 0, i32 0, i32 0"   --->   Operation 133 'specinterface' 'specinterface_ln0' <Predicate = true> <Delay = 0.00>
ST_2 : Operation 134 [1/1] (0.00ns)   --->   "%zext_ln1122 = zext i16 %width_val_read" [prj/sol/.autopilot/db/v_tpg.cpp:1122->prj/sol/.autopilot/db/v_tpg.cpp:601]   --->   Operation 134 'zext' 'zext_ln1122' <Predicate = true> <Delay = 0.00>
ST_2 : Operation 135 [1/1] (0.00ns)   --->   "%trunc_ln1122 = trunc i16 %width_val_read" [prj/sol/.autopilot/db/v_tpg.cpp:1122->prj/sol/.autopilot/db/v_tpg.cpp:601]   --->   Operation 135 'trunc' 'trunc_ln1122' <Predicate = true> <Delay = 0.00>
ST_2 : Operation 136 [1/1] (0.76ns)   --->   "%icmp_ln1122 = icmp_eq  i8 %colorFormat_val_read, i8 0" [prj/sol/.autopilot/db/v_tpg.cpp:1122->prj/sol/.autopilot/db/v_tpg.cpp:601]   --->   Operation 136 'icmp' 'icmp_ln1122' <Predicate = true> <Delay = 0.76> <CoreInst = "Cmp">   --->   Core 9 'Cmp' <Latency = 0> <II = 1> <Delay = 0.76> <FuncUnit> <Opcode : 'seteq' 'setne' 'setle' 'setge' 'setlt' 'setgt'> <InPorts = 2> <OutPorts = 1>
ST_2 : Operation 137 [1/1] (0.00ns)   --->   "%zext_ln1120 = zext i16 %height_val_read" [prj/sol/.autopilot/db/v_tpg.cpp:1120->prj/sol/.autopilot/db/v_tpg.cpp:601]   --->   Operation 137 'zext' 'zext_ln1120' <Predicate = true> <Delay = 0.00>
ST_2 : Operation 138 [1/1] (0.00ns)   --->   "%trunc_ln1120 = trunc i16 %height_val_read" [prj/sol/.autopilot/db/v_tpg.cpp:1120->prj/sol/.autopilot/db/v_tpg.cpp:601]   --->   Operation 138 'trunc' 'trunc_ln1120' <Predicate = true> <Delay = 0.00>
ST_2 : Operation 139 [1/1] (0.00ns)   --->   "%rampStart_load = load i8 %rampStart" [prj/sol/.autopilot/db/v_tpg.cpp:1120->prj/sol/.autopilot/db/v_tpg.cpp:601]   --->   Operation 139 'load' 'rampStart_load' <Predicate = true> <Delay = 0.00>
ST_2 : Operation 140 [1/1] (0.38ns)   --->   "%select_ln1122 = select i1 %icmp_ln1122, i8 %rampStart_load, i8 128" [prj/sol/.autopilot/db/v_tpg.cpp:1122->prj/sol/.autopilot/db/v_tpg.cpp:601]   --->   Operation 140 'select' 'select_ln1122' <Predicate = true> <Delay = 0.38> <CoreInst = "Sel">   --->   Core 73 'Sel' <Latency = 0> <II = 1> <Delay = 0.38> <FuncUnit> <Opcode : 'select'> <InPorts = 3> <OutPorts = 1>
ST_2 : Operation 141 [1/1] (0.00ns)   --->   "%s_load = load i32 %s" [prj/sol/.autopilot/db/v_tpg.cpp:649]   --->   Operation 141 'load' 's_load' <Predicate = true> <Delay = 0.00>
ST_2 : Operation 142 [1/1] (0.83ns)   --->   "%add_ln1241 = add i14 %trunc_ln1122, i14 7" [prj/sol/.autopilot/db/v_tpg.cpp:1241->prj/sol/.autopilot/db/v_tpg.cpp:649]   --->   Operation 142 'add' 'add_ln1241' <Predicate = true> <Delay = 0.83> <CoreInst = "Adder">   --->   Core 1 'Adder' <Latency = 0> <II = 1> <Delay = 0.83> <FuncUnit> <Opcode : 'add' 'sub'> <InPorts = 2> <OutPorts = 1>
ST_2 : Operation 143 [1/1] (0.00ns)   --->   "%barWidth = partselect i11 @_ssdm_op_PartSelect.i11.i14.i32.i32, i14 %add_ln1241, i32 3, i32 13" [prj/sol/.autopilot/db/v_tpg.cpp:1241->prj/sol/.autopilot/db/v_tpg.cpp:649]   --->   Operation 143 'partselect' 'barWidth' <Predicate = true> <Delay = 0.00>
ST_2 : Operation 144 [1/1] (0.00ns)   --->   "%trunc_ln1247 = trunc i32 %s_load" [prj/sol/.autopilot/db/v_tpg.cpp:1247->prj/sol/.autopilot/db/v_tpg.cpp:649]   --->   Operation 144 'trunc' 'trunc_ln1247' <Predicate = true> <Delay = 0.00>
ST_2 : Operation 145 [1/1] (0.83ns)   --->   "%add_ln1373 = add i14 %trunc_ln1122, i14 15" [prj/sol/.autopilot/db/v_tpg.cpp:1373->prj/sol/.autopilot/db/v_tpg.cpp:665]   --->   Operation 145 'add' 'add_ln1373' <Predicate = true> <Delay = 0.83> <CoreInst = "Adder">   --->   Core 1 'Adder' <Latency = 0> <II = 1> <Delay = 0.83> <FuncUnit> <Opcode : 'add' 'sub'> <InPorts = 2> <OutPorts = 1>
ST_2 : Operation 146 [1/1] (0.00ns)   --->   "%trunc_ln5 = partselect i10 @_ssdm_op_PartSelect.i10.i14.i32.i32, i14 %add_ln1373, i32 4, i32 13" [prj/sol/.autopilot/db/v_tpg.cpp:1373->prj/sol/.autopilot/db/v_tpg.cpp:665]   --->   Operation 146 'partselect' 'trunc_ln5' <Predicate = true> <Delay = 0.00>
ST_2 : Operation 147 [1/1] (0.78ns)   --->   "%add_ln1373_1 = add i10 %trunc_ln5, i10 1022" [prj/sol/.autopilot/db/v_tpg.cpp:1373->prj/sol/.autopilot/db/v_tpg.cpp:665]   --->   Operation 147 'add' 'add_ln1373_1' <Predicate = true> <Delay = 0.78> <CoreInst = "Adder">   --->   Core 1 'Adder' <Latency = 0> <II = 1> <Delay = 0.78> <FuncUnit> <Opcode : 'add' 'sub'> <InPorts = 2> <OutPorts = 1>
ST_2 : Operation 148 [1/1] (0.83ns)   --->   "%add_ln1374 = add i14 %trunc_ln1120, i14 15" [prj/sol/.autopilot/db/v_tpg.cpp:1374->prj/sol/.autopilot/db/v_tpg.cpp:665]   --->   Operation 148 'add' 'add_ln1374' <Predicate = true> <Delay = 0.83> <CoreInst = "Adder">   --->   Core 1 'Adder' <Latency = 0> <II = 1> <Delay = 0.83> <FuncUnit> <Opcode : 'add' 'sub'> <InPorts = 2> <OutPorts = 1>
ST_2 : Operation 149 [1/1] (0.00ns)   --->   "%shl_ln = bitconcatenate i16 @_ssdm_op_BitConcatenate.i16.i8.i8, i8 %rampStart_load, i8 0" [prj/sol/.autopilot/db/v_tpg.cpp:1332->prj/sol/.autopilot/db/v_tpg.cpp:657]   --->   Operation 149 'bitconcatenate' 'shl_ln' <Predicate = true> <Delay = 0.00>
ST_2 : Operation 150 [1/1] (0.00ns)   --->   "%tmp_2 = partselect i10 @_ssdm_op_PartSelect.i10.i14.i32.i32, i14 %add_ln1374, i32 4, i32 13" [prj/sol/.autopilot/db/v_tpg.cpp:1386->prj/sol/.autopilot/db/v_tpg.cpp:665]   --->   Operation 150 'partselect' 'tmp_2' <Predicate = true> <Delay = 0.00>
ST_2 : Operation 151 [1/1] (0.00ns)   --->   "%zext_ln1386 = zext i10 %tmp_2" [prj/sol/.autopilot/db/v_tpg.cpp:1386->prj/sol/.autopilot/db/v_tpg.cpp:665]   --->   Operation 151 'zext' 'zext_ln1386' <Predicate = true> <Delay = 0.00>
ST_2 : Operation 152 [1/1] (0.78ns)   --->   "%add_ln1386 = add i11 %zext_ln1386, i11 2047" [prj/sol/.autopilot/db/v_tpg.cpp:1386->prj/sol/.autopilot/db/v_tpg.cpp:665]   --->   Operation 152 'add' 'add_ln1386' <Predicate = true> <Delay = 0.78> <CoreInst = "Adder">   --->   Core 1 'Adder' <Latency = 0> <II = 1> <Delay = 0.79> <FuncUnit> <Opcode : 'add' 'sub'> <InPorts = 2> <OutPorts = 1>
ST_2 : Operation 153 [1/1] (0.85ns)   --->   "%add_ln1473 = add i17 %zext_ln1122, i17 131071" [prj/sol/.autopilot/db/v_tpg.cpp:1473->prj/sol/.autopilot/db/v_tpg.cpp:673]   --->   Operation 153 'add' 'add_ln1473' <Predicate = true> <Delay = 0.85> <CoreInst = "Adder">   --->   Core 1 'Adder' <Latency = 0> <II = 1> <Delay = 0.86> <FuncUnit> <Opcode : 'add' 'sub'> <InPorts = 2> <OutPorts = 1>
ST_2 : Operation 154 [1/1] (0.85ns)   --->   "%add_ln1449 = add i17 %zext_ln1120, i17 131071" [prj/sol/.autopilot/db/v_tpg.cpp:1449->prj/sol/.autopilot/db/v_tpg.cpp:673]   --->   Operation 154 'add' 'add_ln1449' <Predicate = true> <Delay = 0.85> <CoreInst = "Adder">   --->   Core 1 'Adder' <Latency = 0> <II = 1> <Delay = 0.86> <FuncUnit> <Opcode : 'add' 'sub'> <InPorts = 2> <OutPorts = 1>
ST_2 : Operation 155 [1/1] (0.38ns)   --->   "%select_ln1503 = select i1 %icmp_ln1122, i8 255, i8 128" [prj/sol/.autopilot/db/v_tpg.cpp:1503->prj/sol/.autopilot/db/v_tpg.cpp:673]   --->   Operation 155 'select' 'select_ln1503' <Predicate = true> <Delay = 0.38> <CoreInst = "Sel">   --->   Core 73 'Sel' <Latency = 0> <II = 1> <Delay = 0.38> <FuncUnit> <Opcode : 'select'> <InPorts = 3> <OutPorts = 1>
ST_2 : Operation 156 [1/1] (0.38ns)   --->   "%select_ln1518 = select i1 %icmp_ln1122, i8 0, i8 128" [prj/sol/.autopilot/db/v_tpg.cpp:1518->prj/sol/.autopilot/db/v_tpg.cpp:673]   --->   Operation 156 'select' 'select_ln1518' <Predicate = true> <Delay = 0.38> <CoreInst = "Sel">   --->   Core 73 'Sel' <Latency = 0> <II = 1> <Delay = 0.38> <FuncUnit> <Opcode : 'select'> <InPorts = 3> <OutPorts = 1>
ST_2 : Operation 157 [1/2] ( I:0.67ns O:0.67ns )   --->   "%redYuv_load = load i2 %redYuv_addr" [prj/sol/.autopilot/db/v_tpg.cpp:1143->prj/sol/.autopilot/db/v_tpg.cpp:609]   --->   Operation 157 'load' 'redYuv_load' <Predicate = true> <Delay = 0.67> <CoreInst = "ROM">   --->   Core 100 'ROM' <Latency = 1> <II = 1> <Delay = 0.67> <Storage> <Opcode : 'load'> <Ports = 0> <Width = 8> <Depth = 3> <ROM>
ST_2 : Operation 158 [1/2] ( I:0.67ns O:0.67ns )   --->   "%grnYuv_load = load i2 %grnYuv_addr" [prj/sol/.autopilot/db/v_tpg.cpp:1164->prj/sol/.autopilot/db/v_tpg.cpp:617]   --->   Operation 158 'load' 'grnYuv_load' <Predicate = true> <Delay = 0.67> <CoreInst = "ROM">   --->   Core 100 'ROM' <Latency = 1> <II = 1> <Delay = 0.67> <Storage> <Opcode : 'load'> <Ports = 0> <Width = 8> <Depth = 3> <ROM>
ST_2 : Operation 159 [1/2] ( I:0.67ns O:0.67ns )   --->   "%bluYuv_load = load i2 %bluYuv_addr" [prj/sol/.autopilot/db/v_tpg.cpp:1185->prj/sol/.autopilot/db/v_tpg.cpp:625]   --->   Operation 159 'load' 'bluYuv_load' <Predicate = true> <Delay = 0.67> <CoreInst = "ROM">   --->   Core 100 'ROM' <Latency = 1> <II = 1> <Delay = 0.67> <Storage> <Opcode : 'load'> <Ports = 0> <Width = 8> <Depth = 3> <ROM>
ST_2 : Operation 160 [1/2] ( I:0.67ns O:0.67ns )   --->   "%blkYuv_load = load i2 %blkYuv_addr" [prj/sol/.autopilot/db/v_tpg.cpp:1206->prj/sol/.autopilot/db/v_tpg.cpp:633]   --->   Operation 160 'load' 'blkYuv_load' <Predicate = true> <Delay = 0.67> <CoreInst = "ROM">   --->   Core 100 'ROM' <Latency = 1> <II = 1> <Delay = 0.67> <Storage> <Opcode : 'load'> <Ports = 0> <Width = 8> <Depth = 3> <ROM>
ST_2 : Operation 161 [1/2] ( I:0.67ns O:0.67ns )   --->   "%whiYuv_load = load i2 %whiYuv_addr" [prj/sol/.autopilot/db/v_tpg.cpp:1227->prj/sol/.autopilot/db/v_tpg.cpp:641]   --->   Operation 161 'load' 'whiYuv_load' <Predicate = true> <Delay = 0.67> <CoreInst = "ROM">   --->   Core 100 'ROM' <Latency = 1> <II = 1> <Delay = 0.67> <Storage> <Opcode : 'load'> <Ports = 0> <Width = 8> <Depth = 3> <ROM>
ST_2 : Operation 162 [1/2] ( I:0.67ns O:0.67ns )   --->   "%whiYuv_1_load = load i2 %whiYuv_1_addr" [prj/sol/.autopilot/db/v_tpg.cpp:1503->prj/sol/.autopilot/db/v_tpg.cpp:673]   --->   Operation 162 'load' 'whiYuv_1_load' <Predicate = true> <Delay = 0.67> <CoreInst = "ROM">   --->   Core 100 'ROM' <Latency = 1> <II = 1> <Delay = 0.67> <Storage> <Opcode : 'load'> <Ports = 0> <Width = 8> <Depth = 3> <ROM>
ST_2 : Operation 163 [1/2] ( I:0.67ns O:0.67ns )   --->   "%blkYuv_1_load = load i2 %blkYuv_1_addr" [prj/sol/.autopilot/db/v_tpg.cpp:1518->prj/sol/.autopilot/db/v_tpg.cpp:673]   --->   Operation 163 'load' 'blkYuv_1_load' <Predicate = true> <Delay = 0.67> <CoreInst = "ROM">   --->   Core 100 'ROM' <Latency = 1> <II = 1> <Delay = 0.67> <Storage> <Opcode : 'load'> <Ports = 0> <Width = 8> <Depth = 3> <ROM>
ST_2 : Operation 164 [1/1] (0.42ns)   --->   "%br_ln563 = br void %VITIS_LOOP_565_2" [prj/sol/.autopilot/db/v_tpg.cpp:563]   --->   Operation 164 'br' 'br_ln563' <Predicate = true> <Delay = 0.42>

State 3 <SV = 2> <Delay = 2.47>
ST_3 : Operation 165 [1/1] (0.00ns)   --->   "%rampVal_3_flag_0 = phi i1 0, void %entry, i1 %rampVal_3_flag_1_loc_load, void %for.body6.lr.ph"   --->   Operation 165 'phi' 'rampVal_3_flag_0' <Predicate = true> <Delay = 0.00>
ST_3 : Operation 166 [1/1] (0.00ns)   --->   "%hdata_flag_0 = phi i1 0, void %entry, i1 %hdata_flag_1_loc_load, void %for.body6.lr.ph"   --->   Operation 166 'phi' 'hdata_flag_0' <Predicate = true> <Delay = 0.00>
ST_3 : Operation 167 [1/1] (0.00ns)   --->   "%rampVal_2_flag_0 = phi i1 0, void %entry, i1 %rampVal_2_flag_1_loc_load, void %for.body6.lr.ph"   --->   Operation 167 'phi' 'rampVal_2_flag_0' <Predicate = true> <Delay = 0.00>
ST_3 : Operation 168 [1/1] (0.00ns)   --->   "%y_3 = load i16 %y" [prj/sol/.autopilot/db/v_tpg.cpp:563]   --->   Operation 168 'load' 'y_3' <Predicate = true> <Delay = 0.00>
ST_3 : Operation 169 [1/1] (0.85ns)   --->   "%icmp_ln563 = icmp_eq  i16 %y_3, i16 %height_val_read" [prj/sol/.autopilot/db/v_tpg.cpp:563]   --->   Operation 169 'icmp' 'icmp_ln563' <Predicate = true> <Delay = 0.85> <CoreInst = "Cmp">   --->   Core 9 'Cmp' <Latency = 0> <II = 1> <Delay = 0.85> <FuncUnit> <Opcode : 'seteq' 'setne' 'setle' 'setge' 'setlt' 'setgt'> <InPorts = 2> <OutPorts = 1>
ST_3 : Operation 170 [1/1] (0.85ns)   --->   "%add_ln563 = add i16 %y_3, i16 1" [prj/sol/.autopilot/db/v_tpg.cpp:563]   --->   Operation 170 'add' 'add_ln563' <Predicate = true> <Delay = 0.85> <CoreInst = "Adder">   --->   Core 1 'Adder' <Latency = 0> <II = 1> <Delay = 0.85> <FuncUnit> <Opcode : 'add' 'sub'> <InPorts = 2> <OutPorts = 1>
ST_3 : Operation 171 [1/1] (0.00ns)   --->   "%br_ln563 = br i1 %icmp_ln563, void %for.body6.lr.ph, void %for.end105" [prj/sol/.autopilot/db/v_tpg.cpp:563]   --->   Operation 171 'br' 'br_ln563' <Predicate = true> <Delay = 0.00>
ST_3 : Operation 172 [1/1] (0.00ns)   --->   "%zext_ln563_1 = zext i16 %y_3" [prj/sol/.autopilot/db/v_tpg.cpp:563]   --->   Operation 172 'zext' 'zext_ln563_1' <Predicate = (!icmp_ln563)> <Delay = 0.00>
ST_3 : Operation 173 [1/1] (0.85ns)   --->   "%icmp_ln736 = icmp_ult  i16 %y_3, i16 %passthruStartY_val_read" [prj/sol/.autopilot/db/v_tpg.cpp:736]   --->   Operation 173 'icmp' 'icmp_ln736' <Predicate = (!icmp_ln563)> <Delay = 0.85> <CoreInst = "Cmp">   --->   Core 9 'Cmp' <Latency = 0> <II = 1> <Delay = 0.85> <FuncUnit> <Opcode : 'seteq' 'setne' 'setle' 'setge' 'setlt' 'setgt'> <InPorts = 2> <OutPorts = 1>
ST_3 : Operation 174 [1/1] (0.85ns)   --->   "%icmp_ln737 = icmp_ult  i16 %y_3, i16 %passthruEndY_val_read" [prj/sol/.autopilot/db/v_tpg.cpp:737]   --->   Operation 174 'icmp' 'icmp_ln737' <Predicate = (!icmp_ln563)> <Delay = 0.85> <CoreInst = "Cmp">   --->   Core 9 'Cmp' <Latency = 0> <II = 1> <Delay = 0.85> <FuncUnit> <Opcode : 'seteq' 'setne' 'setle' 'setge' 'setlt' 'setgt'> <InPorts = 2> <OutPorts = 1>
ST_3 : Operation 175 [1/1] (0.28ns)   --->   "%xor_ln737 = xor i1 %icmp_ln737, i1 1" [prj/sol/.autopilot/db/v_tpg.cpp:737]   --->   Operation 175 'xor' 'xor_ln737' <Predicate = (!icmp_ln563)> <Delay = 0.28> <CoreInst = "LogicGate">   --->   Core 74 'LogicGate' <Latency = 0> <II = 1> <Delay = 0.28> <FuncUnit> <Opcode : 'and' 'or' 'xor'> <InPorts = 2> <OutPorts = 1>
ST_3 : Operation 176 [1/1] (0.85ns)   --->   "%icmp_ln1337 = icmp_ne  i16 %y_3, i16 0" [prj/sol/.autopilot/db/v_tpg.cpp:1337->prj/sol/.autopilot/db/v_tpg.cpp:657]   --->   Operation 176 'icmp' 'icmp_ln1337' <Predicate = (!icmp_ln563)> <Delay = 0.85> <CoreInst = "Cmp">   --->   Core 9 'Cmp' <Latency = 0> <II = 1> <Delay = 0.85> <FuncUnit> <Opcode : 'seteq' 'setne' 'setle' 'setge' 'setlt' 'setgt'> <InPorts = 2> <OutPorts = 1>
ST_3 : Operation 177 [1/1] (0.86ns)   --->   "%icmp_ln1449 = icmp_eq  i17 %add_ln1449, i17 %zext_ln563_1" [prj/sol/.autopilot/db/v_tpg.cpp:1449->prj/sol/.autopilot/db/v_tpg.cpp:673]   --->   Operation 177 'icmp' 'icmp_ln1449' <Predicate = (!icmp_ln563)> <Delay = 0.86> <CoreInst = "Cmp">   --->   Core 9 'Cmp' <Latency = 0> <II = 1> <Delay = 0.86> <FuncUnit> <Opcode : 'seteq' 'setne' 'setle' 'setge' 'setlt' 'setgt'> <InPorts = 2> <OutPorts = 1>
ST_3 : Operation 178 [1/1] (0.00ns)   --->   "%trunc_ln1533 = trunc i16 %y_3" [prj/sol/.autopilot/db/v_tpg.cpp:1533->prj/sol/.autopilot/db/v_tpg.cpp:689]   --->   Operation 178 'trunc' 'trunc_ln1533' <Predicate = (!icmp_ln563)> <Delay = 0.00>
ST_3 : Operation 179 [1/1] (0.76ns)   --->   "%add_ln1533 = add i8 %rampStart_load, i8 %trunc_ln1533" [prj/sol/.autopilot/db/v_tpg.cpp:1533->prj/sol/.autopilot/db/v_tpg.cpp:689]   --->   Operation 179 'add' 'add_ln1533' <Predicate = (!icmp_ln563)> <Delay = 0.76> <CoreInst = "Adder">   --->   Core 1 'Adder' <Latency = 0> <II = 1> <Delay = 0.76> <FuncUnit> <Opcode : 'add' 'sub'> <InPorts = 2> <OutPorts = 1>
ST_3 : Operation 180 [1/1] (0.00ns)   --->   "%Sel = partselect i2 @_ssdm_op_PartSelect.i2.i16.i32.i32, i16 %y_3, i32 6, i32 7" [prj/sol/.autopilot/db/v_tpg.cpp:1633->prj/sol/.autopilot/db/v_tpg.cpp:707]   --->   Operation 180 'partselect' 'Sel' <Predicate = (!icmp_ln563)> <Delay = 0.00>
ST_3 : Operation 181 [2/2] (1.33ns)   --->   "%call_ln1862 = call void @tpgBackground_Pipeline_VITIS_LOOP_565_2, i1 %rampVal_3_flag_0, i1 %hdata_flag_0, i1 %rampVal_2_flag_0, i8 %dpDynamicRange_val_read, i8 %colorFormat_val_read, i8 %dpYUVCoef_val_read, i7 %tmp, i2 %Sel, i16 %y_3, i11 %barWidth, i8 %enableInput_val_read, i16 %width_val_read, i8 %select_ln1122, i8 %select_ln1518, i8 %select_ln1503, i8 %rampStart_load, i16 %passthruStartX_val_read, i16 %passthruEndX_val_read, i1 %xor_ln737, i1 %icmp_ln736, i16 %passthruStartX_val_read, i16 %passthruEndX_val_read, i48 %bckgndYUV, i8 %patternId_val_read, i48 %srcYUV, i8 %rampStart_load, i8 %redYuv_load, i8 %grnYuv_load, i8 %bluYuv_load, i8 %blkYuv_load, i8 %whiYuv_load, i8 %trunc_ln1247, i16 %shl_ln, i16 %ZplateHorContStart_val_read, i16 %ZplateHorContDelta_val_read, i16 %ZplateVerContStart_val_read, i1 %icmp_ln1337, i16 %ZplateVerContDelta_val_read, i10 %add_ln1373_1, i11 %add_ln1386, i8 %blkYuv_1_load, i17 %add_ln1473, i1 %icmp_ln1449, i8 %whiYuv_1_load, i8 %add_ln1533, i1 %rampVal_3_flag_1_loc, i16 %rampVal_3_new_0, i16 %rampVal_3_loc_0, i16 %rampVal_loc_0, i8 %tpgPatternColorBars_unsigned_short_unsigned_short_unsigned_char_int_hBarSel_l_1, i8 %tpgPatternColorBars_unsigned_short_unsigned_short_unsigned_char_int_hBarSel_8_2, i16 %zonePlateVAddr_loc_0, i8 %vBarSel_loc_0, i8 %tpgPatternTartanColorBars_unsigned_short_unsigned_short_unsigned_short_unsign_6, i8 %tpgPatternTartanColorBars_unsigned_short_unsigned_short_unsigned_short_unsign_7, i1 %hdata_flag_1_loc, i16 %hdata_new_0, i16 %hdata_loc_0, i8 %vBarSel_2_loc_0, i8 %tpgPatternCheckerBoard_unsigned_short_unsigned_short_unsigned_short_unsigned_6, i8 %tpgPatternCheckerBoard_unsigned_short_unsigned_short_unsigned_short_unsigned_7, i1 %rampVal_2_flag_1_loc, i16 %rampVal_2_new_0, i16 %rampVal_2_loc_0, i8 %vBarSel_3_loc_0, i8 %tpgPatternDPColorSquare_unsigned_short_unsigned_short_unsigned_char_unsigned_6, i8 %tpgPatternDPColorSquare_unsigned_short_unsigned_short_unsigned_char_unsigned_7, i8 %outpix_5, i8 %outpix_4, i8 %outpix_3, i8 %outpix_2, i8 %outpix_1, i8 %outpix, i8 %p_0_0_0_1379_lcssa397, i8 %p_0_0_09_1377_lcssa394, i8 %p_0_0_010_1375_lcssa391, i8 %p_0_0_0373_lcssa388, i8 %p_0_0_09371_lcssa385, i8 %p_0_0_010369_lcssa382, i8 %rampVal, i8 %tpgBarSelYuv_y, i8 %tpgBarSelYuv_u, i8 %tpgBarSelYuv_v, i11 %tpgPatternColorBars_unsigned_short_unsigned_short_unsigned_char_int_xBar_9, i8 %tpgPatternColorBars_unsigned_short_unsigned_short_unsigned_char_int_hBarSel_8, i2 %tpgBarSelRgb_r, i2 %tpgBarSelRgb_g, i2 %tpgBarSelRgb_b, i8 %tpgPatternColorBars_unsigned_short_unsigned_short_unsigned_char_int_hBarSel, i11 %tpgPatternColorBars_unsigned_short_unsigned_short_unsigned_char_int_xBar, i20 %tpgSinTableArray, i16 %zonePlateVAddr, i16 %zonePlateVDelta, i3 %tpgTartanBarArray, i10 %tpgPatternTartanColorBars_unsigned_short_unsigned_short_unsigned_short_unsign, i3 %tpgPatternTartanColorBars_unsigned_short_unsigned_short_unsigned_short_unsign_2, i3 %tpgPatternTartanColorBars_unsigned_short_unsigned_short_unsigned_short_unsign_3, i10 %tpgPatternTartanColorBars_unsigned_short_unsigned_short_unsigned_short_unsign_1, i10 %yCount, i3 %vBarSel, i10 %tpgPatternCrossHatch_unsigned_short_unsigned_short_unsigned_short_unsigned_sh, i10 %tpgPatternCrossHatch_unsigned_short_unsigned_short_unsigned_short_unsigned_sh_1, i1 %vHatch, i10 %yCount_2, i8 %tpgSinTableArray_9bit_0, i8 %tpgSinTableArray_9bit_1, i9 %tpgSinTableArray_9bit_2, i2 %tpgCheckerBoardArray, i10 %tpgPatternCheckerBoard_unsigned_short_unsigned_short_unsigned_short_unsigned_s, i3 %tpgPatternCheckerBoard_unsigned_short_unsigned_short_unsigned_short_unsigned_2, i3 %tpgPatternCheckerBoard_unsigned_short_unsigned_short_unsigned_short_unsigned_3, i10 %tpgPatternCheckerBoard_unsigned_short_unsigned_short_unsigned_short_unsigned_1, i10 %yCount_3, i8 %vBarSel_2, i28 %rSerie, i28 %gSerie, i28 %bSerie, i8 %DPtpgBarSelYuv_709_y, i8 %DPtpgBarSelYuv_709_u, i8 %DPtpgBarSelYuv_709_v, i3 %DPtpgBarArray, i10 %tpgPatternDPColorSquare_unsigned_short_unsigned_short_unsigned_char_unsigned_s, i3 %tpgPatternDPColorSquare_unsigned_short_unsigned_short_unsigned_char_unsigned_2, i2 %DPtpgBarSelRgb_VESA_r, i2 %DPtpgBarSelRgb_VESA_g, i2 %DPtpgBarSelRgb_VESA_b, i6 %DPtpgBarSelRgb_CEA_r, i6 %DPtpgBarSelRgb_CEA_g, i6 %DPtpgBarSelRgb_CEA_b, i8 %DPtpgBarSelYuv_601_y, i8 %DPtpgBarSelYuv_601_u, i8 %DPtpgBarSelYuv_601_v, i3 %tpgPatternDPColorSquare_unsigned_short_unsigned_short_unsigned_char_unsigned_3, i10 %tpgPatternDPColorSquare_unsigned_short_unsigned_short_unsigned_char_unsigned_1, i6 %yCount_1, i1 %vBarSel_1" [prj/sol/.autopilot/db/v_tpg.cpp:1862->prj/sol/.autopilot/db/v_tpg.cpp:703]   --->   Operation 181 'call' 'call_ln1862' <Predicate = (!icmp_ln563)> <Delay = 1.33> <CoreType = "Generic">   --->   Generic Core
ST_3 : Operation 182 [1/1] (0.42ns)   --->   "%store_ln549 = store i16 %add_ln563, i16 %y" [prj/sol/.autopilot/db/v_tpg.cpp:549]   --->   Operation 182 'store' 'store_ln549' <Predicate = (!icmp_ln563)> <Delay = 0.42>
ST_3 : Operation 183 [1/1] (0.76ns)   --->   "%add_ln750 = add i8 %rampStart_load, i8 %motionSpeed_val_read" [prj/sol/.autopilot/db/v_tpg.cpp:750]   --->   Operation 183 'add' 'add_ln750' <Predicate = (icmp_ln563)> <Delay = 0.76> <CoreInst = "Adder">   --->   Core 1 'Adder' <Latency = 0> <II = 1> <Delay = 0.76> <FuncUnit> <Opcode : 'add' 'sub'> <InPorts = 2> <OutPorts = 1>
ST_3 : Operation 184 [1/1] (0.00ns)   --->   "%store_ln750 = store i8 %add_ln750, i8 %rampStart" [prj/sol/.autopilot/db/v_tpg.cpp:750]   --->   Operation 184 'store' 'store_ln750' <Predicate = (icmp_ln563)> <Delay = 0.00>
ST_3 : Operation 185 [1/1] (0.00ns)   --->   "%br_ln0 = br i1 %rampVal_2_flag_0, void %for.end105.new29, void %mergeST28"   --->   Operation 185 'br' 'br_ln0' <Predicate = (icmp_ln563)> <Delay = 0.00>
ST_3 : Operation 186 [1/1] (0.00ns)   --->   "%rampVal_2_new_0_load = load i16 %rampVal_2_new_0" [prj/sol/.autopilot/db/v_tpg.cpp:1630->prj/sol/.autopilot/db/v_tpg.cpp:707]   --->   Operation 186 'load' 'rampVal_2_new_0_load' <Predicate = (icmp_ln563 & rampVal_2_flag_0)> <Delay = 0.00>
ST_3 : Operation 187 [1/1] (0.00ns)   --->   "%store_ln1630 = store i16 %rampVal_2_new_0_load, i16 %rampVal_2" [prj/sol/.autopilot/db/v_tpg.cpp:1630->prj/sol/.autopilot/db/v_tpg.cpp:707]   --->   Operation 187 'store' 'store_ln1630' <Predicate = (icmp_ln563 & rampVal_2_flag_0)> <Delay = 0.00>
ST_3 : Operation 188 [1/1] (0.00ns)   --->   "%br_ln0 = br void %for.end105.new29"   --->   Operation 188 'br' 'br_ln0' <Predicate = (icmp_ln563 & rampVal_2_flag_0)> <Delay = 0.00>
ST_3 : Operation 189 [1/1] (0.00ns)   --->   "%br_ln0 = br i1 %hdata_flag_0, void %for.end105.new27, void %mergeST26"   --->   Operation 189 'br' 'br_ln0' <Predicate = (icmp_ln563)> <Delay = 0.00>
ST_3 : Operation 190 [1/1] (0.00ns)   --->   "%hdata_new_0_load = load i16 %hdata_new_0" [prj/sol/.autopilot/db/v_tpg.cpp:1533->prj/sol/.autopilot/db/v_tpg.cpp:689]   --->   Operation 190 'load' 'hdata_new_0_load' <Predicate = (icmp_ln563 & hdata_flag_0)> <Delay = 0.00>
ST_3 : Operation 191 [1/1] (0.00ns)   --->   "%store_ln1533 = store i16 %hdata_new_0_load, i16 %hdata" [prj/sol/.autopilot/db/v_tpg.cpp:1533->prj/sol/.autopilot/db/v_tpg.cpp:689]   --->   Operation 191 'store' 'store_ln1533' <Predicate = (icmp_ln563 & hdata_flag_0)> <Delay = 0.00>
ST_3 : Operation 192 [1/1] (0.00ns)   --->   "%br_ln0 = br void %for.end105.new27"   --->   Operation 192 'br' 'br_ln0' <Predicate = (icmp_ln563 & hdata_flag_0)> <Delay = 0.00>
ST_3 : Operation 193 [1/1] (0.00ns)   --->   "%br_ln0 = br i1 %rampVal_3_flag_0, void %for.end105.new, void %mergeST"   --->   Operation 193 'br' 'br_ln0' <Predicate = (icmp_ln563)> <Delay = 0.00>
ST_3 : Operation 194 [1/1] (0.00ns)   --->   "%rampVal_3_new_0_load = load i16 %rampVal_3_new_0" [prj/sol/.autopilot/db/v_tpg.cpp:1073->prj/sol/.autopilot/db/v_tpg.cpp:585]   --->   Operation 194 'load' 'rampVal_3_new_0_load' <Predicate = (icmp_ln563 & rampVal_3_flag_0)> <Delay = 0.00>
ST_3 : Operation 195 [1/1] (0.00ns)   --->   "%store_ln1073 = store i16 %rampVal_3_new_0_load, i16 %rampVal_1" [prj/sol/.autopilot/db/v_tpg.cpp:1073->prj/sol/.autopilot/db/v_tpg.cpp:585]   --->   Operation 195 'store' 'store_ln1073' <Predicate = (icmp_ln563 & rampVal_3_flag_0)> <Delay = 0.00>
ST_3 : Operation 196 [1/1] (0.00ns)   --->   "%br_ln0 = br void %for.end105.new"   --->   Operation 196 'br' 'br_ln0' <Predicate = (icmp_ln563 & rampVal_3_flag_0)> <Delay = 0.00>
ST_3 : Operation 197 [1/1] (0.00ns)   --->   "%ret_ln751 = ret" [prj/sol/.autopilot/db/v_tpg.cpp:751]   --->   Operation 197 'ret' 'ret_ln751' <Predicate = (icmp_ln563)> <Delay = 0.00>

State 4 <SV = 3> <Delay = 0.00>
ST_4 : Operation 198 [1/2] (0.00ns)   --->   "%call_ln1862 = call void @tpgBackground_Pipeline_VITIS_LOOP_565_2, i1 %rampVal_3_flag_0, i1 %hdata_flag_0, i1 %rampVal_2_flag_0, i8 %dpDynamicRange_val_read, i8 %colorFormat_val_read, i8 %dpYUVCoef_val_read, i7 %tmp, i2 %Sel, i16 %y_3, i11 %barWidth, i8 %enableInput_val_read, i16 %width_val_read, i8 %select_ln1122, i8 %select_ln1518, i8 %select_ln1503, i8 %rampStart_load, i16 %passthruStartX_val_read, i16 %passthruEndX_val_read, i1 %xor_ln737, i1 %icmp_ln736, i16 %passthruStartX_val_read, i16 %passthruEndX_val_read, i48 %bckgndYUV, i8 %patternId_val_read, i48 %srcYUV, i8 %rampStart_load, i8 %redYuv_load, i8 %grnYuv_load, i8 %bluYuv_load, i8 %blkYuv_load, i8 %whiYuv_load, i8 %trunc_ln1247, i16 %shl_ln, i16 %ZplateHorContStart_val_read, i16 %ZplateHorContDelta_val_read, i16 %ZplateVerContStart_val_read, i1 %icmp_ln1337, i16 %ZplateVerContDelta_val_read, i10 %add_ln1373_1, i11 %add_ln1386, i8 %blkYuv_1_load, i17 %add_ln1473, i1 %icmp_ln1449, i8 %whiYuv_1_load, i8 %add_ln1533, i1 %rampVal_3_flag_1_loc, i16 %rampVal_3_new_0, i16 %rampVal_3_loc_0, i16 %rampVal_loc_0, i8 %tpgPatternColorBars_unsigned_short_unsigned_short_unsigned_char_int_hBarSel_l_1, i8 %tpgPatternColorBars_unsigned_short_unsigned_short_unsigned_char_int_hBarSel_8_2, i16 %zonePlateVAddr_loc_0, i8 %vBarSel_loc_0, i8 %tpgPatternTartanColorBars_unsigned_short_unsigned_short_unsigned_short_unsign_6, i8 %tpgPatternTartanColorBars_unsigned_short_unsigned_short_unsigned_short_unsign_7, i1 %hdata_flag_1_loc, i16 %hdata_new_0, i16 %hdata_loc_0, i8 %vBarSel_2_loc_0, i8 %tpgPatternCheckerBoard_unsigned_short_unsigned_short_unsigned_short_unsigned_6, i8 %tpgPatternCheckerBoard_unsigned_short_unsigned_short_unsigned_short_unsigned_7, i1 %rampVal_2_flag_1_loc, i16 %rampVal_2_new_0, i16 %rampVal_2_loc_0, i8 %vBarSel_3_loc_0, i8 %tpgPatternDPColorSquare_unsigned_short_unsigned_short_unsigned_char_unsigned_6, i8 %tpgPatternDPColorSquare_unsigned_short_unsigned_short_unsigned_char_unsigned_7, i8 %outpix_5, i8 %outpix_4, i8 %outpix_3, i8 %outpix_2, i8 %outpix_1, i8 %outpix, i8 %p_0_0_0_1379_lcssa397, i8 %p_0_0_09_1377_lcssa394, i8 %p_0_0_010_1375_lcssa391, i8 %p_0_0_0373_lcssa388, i8 %p_0_0_09371_lcssa385, i8 %p_0_0_010369_lcssa382, i8 %rampVal, i8 %tpgBarSelYuv_y, i8 %tpgBarSelYuv_u, i8 %tpgBarSelYuv_v, i11 %tpgPatternColorBars_unsigned_short_unsigned_short_unsigned_char_int_xBar_9, i8 %tpgPatternColorBars_unsigned_short_unsigned_short_unsigned_char_int_hBarSel_8, i2 %tpgBarSelRgb_r, i2 %tpgBarSelRgb_g, i2 %tpgBarSelRgb_b, i8 %tpgPatternColorBars_unsigned_short_unsigned_short_unsigned_char_int_hBarSel, i11 %tpgPatternColorBars_unsigned_short_unsigned_short_unsigned_char_int_xBar, i20 %tpgSinTableArray, i16 %zonePlateVAddr, i16 %zonePlateVDelta, i3 %tpgTartanBarArray, i10 %tpgPatternTartanColorBars_unsigned_short_unsigned_short_unsigned_short_unsign, i3 %tpgPatternTartanColorBars_unsigned_short_unsigned_short_unsigned_short_unsign_2, i3 %tpgPatternTartanColorBars_unsigned_short_unsigned_short_unsigned_short_unsign_3, i10 %tpgPatternTartanColorBars_unsigned_short_unsigned_short_unsigned_short_unsign_1, i10 %yCount, i3 %vBarSel, i10 %tpgPatternCrossHatch_unsigned_short_unsigned_short_unsigned_short_unsigned_sh, i10 %tpgPatternCrossHatch_unsigned_short_unsigned_short_unsigned_short_unsigned_sh_1, i1 %vHatch, i10 %yCount_2, i8 %tpgSinTableArray_9bit_0, i8 %tpgSinTableArray_9bit_1, i9 %tpgSinTableArray_9bit_2, i2 %tpgCheckerBoardArray, i10 %tpgPatternCheckerBoard_unsigned_short_unsigned_short_unsigned_short_unsigned_s, i3 %tpgPatternCheckerBoard_unsigned_short_unsigned_short_unsigned_short_unsigned_2, i3 %tpgPatternCheckerBoard_unsigned_short_unsigned_short_unsigned_short_unsigned_3, i10 %tpgPatternCheckerBoard_unsigned_short_unsigned_short_unsigned_short_unsigned_1, i10 %yCount_3, i8 %vBarSel_2, i28 %rSerie, i28 %gSerie, i28 %bSerie, i8 %DPtpgBarSelYuv_709_y, i8 %DPtpgBarSelYuv_709_u, i8 %DPtpgBarSelYuv_709_v, i3 %DPtpgBarArray, i10 %tpgPatternDPColorSquare_unsigned_short_unsigned_short_unsigned_char_unsigned_s, i3 %tpgPatternDPColorSquare_unsigned_short_unsigned_short_unsigned_char_unsigned_2, i2 %DPtpgBarSelRgb_VESA_r, i2 %DPtpgBarSelRgb_VESA_g, i2 %DPtpgBarSelRgb_VESA_b, i6 %DPtpgBarSelRgb_CEA_r, i6 %DPtpgBarSelRgb_CEA_g, i6 %DPtpgBarSelRgb_CEA_b, i8 %DPtpgBarSelYuv_601_y, i8 %DPtpgBarSelYuv_601_u, i8 %DPtpgBarSelYuv_601_v, i3 %tpgPatternDPColorSquare_unsigned_short_unsigned_short_unsigned_char_unsigned_3, i10 %tpgPatternDPColorSquare_unsigned_short_unsigned_short_unsigned_char_unsigned_1, i6 %yCount_1, i1 %vBarSel_1" [prj/sol/.autopilot/db/v_tpg.cpp:1862->prj/sol/.autopilot/db/v_tpg.cpp:703]   --->   Operation 198 'call' 'call_ln1862' <Predicate = true> <Delay = 0.00> <CoreType = "Generic">   --->   Generic Core

State 5 <SV = 4> <Delay = 0.00>
ST_5 : Operation 199 [1/1] (0.00ns)   --->   "%speclooptripcount_ln552 = speclooptripcount void @_ssdm_op_SpecLoopTripCount, i64 0, i64 65535, i64 32767" [prj/sol/.autopilot/db/v_tpg.cpp:552]   --->   Operation 199 'speclooptripcount' 'speclooptripcount_ln552' <Predicate = true> <Delay = 0.00>
ST_5 : Operation 200 [1/1] (0.00ns)   --->   "%specloopname_ln563 = specloopname void @_ssdm_op_SpecLoopName, void @empty_12" [prj/sol/.autopilot/db/v_tpg.cpp:563]   --->   Operation 200 'specloopname' 'specloopname_ln563' <Predicate = true> <Delay = 0.00>
ST_5 : Operation 201 [1/1] (0.00ns)   --->   "%rampVal_3_flag_1_loc_load = load i1 %rampVal_3_flag_1_loc"   --->   Operation 201 'load' 'rampVal_3_flag_1_loc_load' <Predicate = true> <Delay = 0.00>
ST_5 : Operation 202 [1/1] (0.00ns)   --->   "%hdata_flag_1_loc_load = load i1 %hdata_flag_1_loc"   --->   Operation 202 'load' 'hdata_flag_1_loc_load' <Predicate = true> <Delay = 0.00>
ST_5 : Operation 203 [1/1] (0.00ns)   --->   "%rampVal_2_flag_1_loc_load = load i1 %rampVal_2_flag_1_loc"   --->   Operation 203 'load' 'rampVal_2_flag_1_loc_load' <Predicate = true> <Delay = 0.00>
ST_5 : Operation 204 [1/1] (0.00ns)   --->   "%br_ln563 = br void %VITIS_LOOP_565_2" [prj/sol/.autopilot/db/v_tpg.cpp:563]   --->   Operation 204 'br' 'br_ln563' <Predicate = true> <Delay = 0.00>


============================================================
+ Verbose Summary: Binding
============================================================
STG Binding: 
---------------- STG Properties BEGIN ----------------
- Is combinational: 0
- Is one-state seq: 0
- Is datapath-only: 0
- Is pipelined: 0
- Is top level: 0
Port [ Return ] is wired: 1; IO mode=ap_ctrl_hs:ce=0
Port [ srcYUV]:  wired=1; compound=1; hidden=0; nouse=0; global=0; static=0; extern=0; dir=0; type=3; pingpong=0; private_global=0; IO mode=ap_fifo:ce=0
Port [ height_val]:  wired=1; compound=0; hidden=0; nouse=0; global=0; static=0; extern=0; dir=0; type=0; pingpong=0; private_global=0; IO mode=ap_stable:ce=0
Port [ width_val]:  wired=1; compound=0; hidden=0; nouse=0; global=0; static=0; extern=0; dir=0; type=0; pingpong=0; private_global=0; IO mode=ap_stable:ce=0
Port [ passthruStartX_val]:  wired=1; compound=0; hidden=0; nouse=0; global=0; static=0; extern=0; dir=0; type=0; pingpong=0; private_global=0; IO mode=ap_stable:ce=0
Port [ passthruStartY_val]:  wired=1; compound=0; hidden=0; nouse=0; global=0; static=0; extern=0; dir=0; type=0; pingpong=0; private_global=0; IO mode=ap_stable:ce=0
Port [ passthruEndX_val]:  wired=1; compound=0; hidden=0; nouse=0; global=0; static=0; extern=0; dir=0; type=0; pingpong=0; private_global=0; IO mode=ap_stable:ce=0
Port [ passthruEndY_val]:  wired=1; compound=0; hidden=0; nouse=0; global=0; static=0; extern=0; dir=0; type=0; pingpong=0; private_global=0; IO mode=ap_stable:ce=0
Port [ enableInput_val]:  wired=1; compound=0; hidden=0; nouse=0; global=0; static=0; extern=0; dir=0; type=0; pingpong=0; private_global=0; IO mode=ap_stable:ce=0
Port [ patternId_val]:  wired=1; compound=0; hidden=0; nouse=0; global=0; static=0; extern=0; dir=0; type=0; pingpong=0; private_global=0; IO mode=ap_stable:ce=0
Port [ ZplateHorContStart_val]:  wired=1; compound=0; hidden=0; nouse=0; global=0; static=0; extern=0; dir=0; type=0; pingpong=0; private_global=0; IO mode=ap_stable:ce=0
Port [ ZplateHorContDelta_val]:  wired=1; compound=0; hidden=0; nouse=0; global=0; static=0; extern=0; dir=0; type=0; pingpong=0; private_global=0; IO mode=ap_stable:ce=0
Port [ ZplateVerContStart_val]:  wired=1; compound=0; hidden=0; nouse=0; global=0; static=0; extern=0; dir=0; type=0; pingpong=0; private_global=0; IO mode=ap_stable:ce=0
Port [ ZplateVerContDelta_val]:  wired=1; compound=0; hidden=0; nouse=0; global=0; static=0; extern=0; dir=0; type=0; pingpong=0; private_global=0; IO mode=ap_stable:ce=0
Port [ dpDynamicRange_val]:  wired=1; compound=0; hidden=0; nouse=0; global=0; static=0; extern=0; dir=0; type=0; pingpong=0; private_global=0; IO mode=ap_stable:ce=0
Port [ dpYUVCoef_val]:  wired=1; compound=0; hidden=0; nouse=0; global=0; static=0; extern=0; dir=0; type=0; pingpong=0; private_global=0; IO mode=ap_stable:ce=0
Port [ motionSpeed_val]:  wired=1; compound=0; hidden=0; nouse=0; global=0; static=0; extern=0; dir=0; type=0; pingpong=0; private_global=0; IO mode=ap_stable:ce=0
Port [ colorFormat_val]:  wired=1; compound=0; hidden=0; nouse=0; global=0; static=0; extern=0; dir=0; type=0; pingpong=0; private_global=0; IO mode=ap_stable:ce=0
Port [ bckgndYUV]:  wired=1; compound=1; hidden=0; nouse=0; global=0; static=0; extern=0; dir=1; type=3; pingpong=0; private_global=0; IO mode=ap_fifo:ce=0
Port [ rampStart]:  wired=0; compound=0; hidden=1; nouse=0; global=1; static=1; extern=0; dir=2; type=0; pingpong=0; private_global=1; IO mode=ap_ovld:ce=0
Port [ s]:  wired=1; compound=0; hidden=0; nouse=0; global=1; static=1; extern=0; dir=0; type=0; pingpong=0; private_global=0; IO mode=ap_none:ce=0
Port [ redYuv]:  wired=0; compound=1; hidden=1; nouse=0; global=1; static=1; extern=0; dir=0; type=1; pingpong=0; private_global=1; MemPort=[1]; IO mode=ap_memory:ce=0
Port [ grnYuv]:  wired=0; compound=1; hidden=1; nouse=0; global=1; static=1; extern=0; dir=0; type=1; pingpong=0; private_global=1; MemPort=[1]; IO mode=ap_memory:ce=0
Port [ bluYuv]:  wired=0; compound=1; hidden=1; nouse=0; global=1; static=1; extern=0; dir=0; type=1; pingpong=0; private_global=1; MemPort=[1]; IO mode=ap_memory:ce=0
Port [ blkYuv]:  wired=0; compound=1; hidden=1; nouse=0; global=1; static=1; extern=0; dir=0; type=1; pingpong=0; private_global=1; MemPort=[1]; IO mode=ap_memory:ce=0
Port [ whiYuv]:  wired=0; compound=1; hidden=1; nouse=0; global=1; static=1; extern=0; dir=0; type=1; pingpong=0; private_global=1; MemPort=[1]; IO mode=ap_memory:ce=0
Port [ whiYuv_1]:  wired=0; compound=1; hidden=1; nouse=0; global=1; static=1; extern=0; dir=0; type=1; pingpong=0; private_global=1; MemPort=[1]; IO mode=ap_memory:ce=0
Port [ blkYuv_1]:  wired=0; compound=1; hidden=1; nouse=0; global=1; static=1; extern=0; dir=0; type=1; pingpong=0; private_global=1; MemPort=[1]; IO mode=ap_memory:ce=0
Port [ rampVal_1]:  wired=0; compound=0; hidden=1; nouse=0; global=1; static=1; extern=0; dir=2; type=0; pingpong=0; private_global=1; IO mode=ap_ovld:ce=0
Port [ rampVal]:  wired=0; compound=0; hidden=1; nouse=0; global=1; static=1; extern=0; dir=2; type=0; pingpong=0; private_global=1; IO mode=ap_ovld:ce=0
Port [ tpgPatternColorBars_unsigned_short_unsigned_short_unsigned_char_int_hBarSel]:  wired=0; compound=0; hidden=1; nouse=0; global=1; static=1; extern=0; dir=2; type=0; pingpong=0; private_global=1; IO mode=ap_ovld:ce=0
Port [ tpgPatternColorBars_unsigned_short_unsigned_short_unsigned_char_int_hBarSel_8]:  wired=0; compound=0; hidden=1; nouse=0; global=1; static=1; extern=0; dir=2; type=0; pingpong=0; private_global=1; IO mode=ap_ovld:ce=0
Port [ zonePlateVAddr]:  wired=0; compound=0; hidden=1; nouse=0; global=1; static=1; extern=0; dir=2; type=0; pingpong=0; private_global=1; IO mode=ap_ovld:ce=0
Port [ vBarSel]:  wired=0; compound=0; hidden=1; nouse=0; global=1; static=1; extern=0; dir=2; type=0; pingpong=0; private_global=1; IO mode=ap_ovld:ce=0
Port [ tpgPatternTartanColorBars_unsigned_short_unsigned_short_unsigned_short_unsign_3]:  wired=0; compound=0; hidden=1; nouse=0; global=1; static=1; extern=0; dir=2; type=0; pingpong=0; private_global=1; IO mode=ap_ovld:ce=0
Port [ tpgPatternTartanColorBars_unsigned_short_unsigned_short_unsigned_short_unsign_2]:  wired=0; compound=0; hidden=1; nouse=0; global=1; static=1; extern=0; dir=2; type=0; pingpong=0; private_global=1; IO mode=ap_ovld:ce=0
Port [ hdata]:  wired=0; compound=0; hidden=1; nouse=0; global=1; static=1; extern=0; dir=2; type=0; pingpong=0; private_global=1; IO mode=ap_ovld:ce=0
Port [ vBarSel_2]:  wired=0; compound=0; hidden=1; nouse=0; global=1; static=1; extern=0; dir=2; type=0; pingpong=0; private_global=1; IO mode=ap_ovld:ce=0
Port [ tpgPatternCheckerBoard_unsigned_short_unsigned_short_unsigned_short_unsigned_3]:  wired=0; compound=0; hidden=1; nouse=0; global=1; static=1; extern=0; dir=2; type=0; pingpong=0; private_global=1; IO mode=ap_ovld:ce=0
Port [ tpgPatternCheckerBoard_unsigned_short_unsigned_short_unsigned_short_unsigned_2]:  wired=0; compound=0; hidden=1; nouse=0; global=1; static=1; extern=0; dir=2; type=0; pingpong=0; private_global=1; IO mode=ap_ovld:ce=0
Port [ rampVal_2]:  wired=0; compound=0; hidden=1; nouse=0; global=1; static=1; extern=0; dir=2; type=0; pingpong=0; private_global=1; IO mode=ap_ovld:ce=0
Port [ vBarSel_1]:  wired=0; compound=0; hidden=1; nouse=0; global=1; static=1; extern=0; dir=2; type=0; pingpong=0; private_global=1; IO mode=ap_ovld:ce=0
Port [ tpgPatternDPColorSquare_unsigned_short_unsigned_short_unsigned_char_unsigned_3]:  wired=0; compound=0; hidden=1; nouse=0; global=1; static=1; extern=0; dir=2; type=0; pingpong=0; private_global=1; IO mode=ap_ovld:ce=0
Port [ tpgPatternDPColorSquare_unsigned_short_unsigned_short_unsigned_char_unsigned_2]:  wired=0; compound=0; hidden=1; nouse=0; global=1; static=1; extern=0; dir=2; type=0; pingpong=0; private_global=1; IO mode=ap_ovld:ce=0
Port [ tpgBarSelYuv_y]:  wired=0; compound=1; hidden=1; nouse=1; global=1; static=1; extern=0; dir=0; type=1; pingpong=0; private_global=0; MemPort=[11]; IO mode=ap_memory:ce=0
Port [ tpgBarSelYuv_u]:  wired=0; compound=1; hidden=1; nouse=1; global=1; static=1; extern=0; dir=0; type=1; pingpong=0; private_global=0; MemPort=[11]; IO mode=ap_memory:ce=0
Port [ tpgBarSelYuv_v]:  wired=0; compound=1; hidden=1; nouse=1; global=1; static=1; extern=0; dir=0; type=1; pingpong=0; private_global=0; MemPort=[11]; IO mode=ap_memory:ce=0
Port [ tpgPatternColorBars_unsigned_short_unsigned_short_unsigned_char_int_xBar_9]:  wired=0; compound=0; hidden=1; nouse=1; global=1; static=1; extern=0; dir=2; type=0; pingpong=0; private_global=0; IO mode=ap_ovld:ce=0
Port [ tpgBarSelRgb_r]:  wired=0; compound=1; hidden=1; nouse=1; global=1; static=1; extern=0; dir=0; type=1; pingpong=0; private_global=0; MemPort=[11]; IO mode=ap_memory:ce=0
Port [ tpgBarSelRgb_g]:  wired=0; compound=1; hidden=1; nouse=1; global=1; static=1; extern=0; dir=0; type=1; pingpong=0; private_global=0; MemPort=[11]; IO mode=ap_memory:ce=0
Port [ tpgBarSelRgb_b]:  wired=0; compound=1; hidden=1; nouse=1; global=1; static=1; extern=0; dir=0; type=1; pingpong=0; private_global=0; MemPort=[11]; IO mode=ap_memory:ce=0
Port [ tpgPatternColorBars_unsigned_short_unsigned_short_unsigned_char_int_xBar]:  wired=0; compound=0; hidden=1; nouse=1; global=1; static=1; extern=0; dir=2; type=0; pingpong=0; private_global=0; IO mode=ap_ovld:ce=0
Port [ tpgSinTableArray]:  wired=0; compound=1; hidden=1; nouse=1; global=1; static=1; extern=0; dir=0; type=1; pingpong=0; private_global=0; MemPort=[11]; IO mode=ap_memory:ce=0
Port [ zonePlateVDelta]:  wired=0; compound=0; hidden=1; nouse=1; global=1; static=1; extern=0; dir=2; type=0; pingpong=0; private_global=0; IO mode=ap_ovld:ce=0
Port [ tpgTartanBarArray]:  wired=0; compound=1; hidden=1; nouse=1; global=1; static=1; extern=0; dir=0; type=1; pingpong=0; private_global=0; MemPort=[11]; IO mode=ap_memory:ce=0
Port [ tpgPatternTartanColorBars_unsigned_short_unsigned_short_unsigned_short_unsign]:  wired=0; compound=0; hidden=1; nouse=1; global=1; static=1; extern=0; dir=2; type=0; pingpong=0; private_global=0; IO mode=ap_ovld:ce=0
Port [ tpgPatternTartanColorBars_unsigned_short_unsigned_short_unsigned_short_unsign_1]:  wired=0; compound=0; hidden=1; nouse=1; global=1; static=1; extern=0; dir=2; type=0; pingpong=0; private_global=0; IO mode=ap_ovld:ce=0
Port [ yCount]:  wired=0; compound=0; hidden=1; nouse=1; global=1; static=1; extern=0; dir=2; type=0; pingpong=0; private_global=0; IO mode=ap_ovld:ce=0
Port [ tpgPatternCrossHatch_unsigned_short_unsigned_short_unsigned_short_unsigned_sh]:  wired=0; compound=0; hidden=1; nouse=1; global=1; static=1; extern=0; dir=2; type=0; pingpong=0; private_global=0; IO mode=ap_ovld:ce=0
Port [ tpgPatternCrossHatch_unsigned_short_unsigned_short_unsigned_short_unsigned_sh_1]:  wired=0; compound=0; hidden=1; nouse=1; global=1; static=1; extern=0; dir=2; type=0; pingpong=0; private_global=0; IO mode=ap_ovld:ce=0
Port [ vHatch]:  wired=0; compound=0; hidden=1; nouse=1; global=1; static=1; extern=0; dir=2; type=0; pingpong=0; private_global=0; IO mode=ap_ovld:ce=0
Port [ yCount_2]:  wired=0; compound=0; hidden=1; nouse=1; global=1; static=1; extern=0; dir=2; type=0; pingpong=0; private_global=0; IO mode=ap_ovld:ce=0
Port [ tpgSinTableArray_9bit_0]:  wired=0; compound=1; hidden=1; nouse=1; global=1; static=1; extern=0; dir=0; type=1; pingpong=0; private_global=0; MemPort=[111111]; IO mode=ap_memory:ce=0
Port [ tpgSinTableArray_9bit_1]:  wired=0; compound=1; hidden=1; nouse=1; global=1; static=1; extern=0; dir=0; type=1; pingpong=0; private_global=0; MemPort=[111111]; IO mode=ap_memory:ce=0
Port [ tpgSinTableArray_9bit_2]:  wired=0; compound=1; hidden=1; nouse=1; global=1; static=1; extern=0; dir=0; type=1; pingpong=0; private_global=0; MemPort=[111111]; IO mode=ap_memory:ce=0
Port [ tpgCheckerBoardArray]:  wired=0; compound=1; hidden=1; nouse=1; global=1; static=1; extern=0; dir=0; type=1; pingpong=0; private_global=0; MemPort=[11]; IO mode=ap_memory:ce=0
Port [ tpgPatternCheckerBoard_unsigned_short_unsigned_short_unsigned_short_unsigned_s]:  wired=0; compound=0; hidden=1; nouse=1; global=1; static=1; extern=0; dir=2; type=0; pingpong=0; private_global=0; IO mode=ap_ovld:ce=0
Port [ tpgPatternCheckerBoard_unsigned_short_unsigned_short_unsigned_short_unsigned_1]:  wired=0; compound=0; hidden=1; nouse=1; global=1; static=1; extern=0; dir=2; type=0; pingpong=0; private_global=0; IO mode=ap_ovld:ce=0
Port [ yCount_3]:  wired=0; compound=0; hidden=1; nouse=1; global=1; static=1; extern=0; dir=2; type=0; pingpong=0; private_global=0; IO mode=ap_ovld:ce=0
Port [ rSerie]:  wired=0; compound=0; hidden=1; nouse=1; global=1; static=1; extern=0; dir=2; type=0; pingpong=0; private_global=0; IO mode=ap_ovld:ce=0
Port [ gSerie]:  wired=0; compound=0; hidden=1; nouse=1; global=1; static=1; extern=0; dir=2; type=0; pingpong=0; private_global=0; IO mode=ap_ovld:ce=0
Port [ bSerie]:  wired=0; compound=0; hidden=1; nouse=1; global=1; static=1; extern=0; dir=2; type=0; pingpong=0; private_global=0; IO mode=ap_ovld:ce=0
Port [ DPtpgBarSelYuv_709_y]:  wired=0; compound=1; hidden=1; nouse=1; global=1; static=1; extern=0; dir=0; type=1; pingpong=0; private_global=0; MemPort=[11]; IO mode=ap_memory:ce=0
Port [ DPtpgBarSelYuv_709_u]:  wired=0; compound=1; hidden=1; nouse=1; global=1; static=1; extern=0; dir=0; type=1; pingpong=0; private_global=0; MemPort=[11]; IO mode=ap_memory:ce=0
Port [ DPtpgBarSelYuv_709_v]:  wired=0; compound=1; hidden=1; nouse=1; global=1; static=1; extern=0; dir=0; type=1; pingpong=0; private_global=0; MemPort=[11]; IO mode=ap_memory:ce=0
Port [ DPtpgBarArray]:  wired=0; compound=1; hidden=1; nouse=1; global=1; static=1; extern=0; dir=0; type=1; pingpong=0; private_global=0; MemPort=[11]; IO mode=ap_memory:ce=0
Port [ tpgPatternDPColorSquare_unsigned_short_unsigned_short_unsigned_char_unsigned_s]:  wired=0; compound=0; hidden=1; nouse=1; global=1; static=1; extern=0; dir=2; type=0; pingpong=0; private_global=0; IO mode=ap_ovld:ce=0
Port [ DPtpgBarSelRgb_VESA_r]:  wired=0; compound=1; hidden=1; nouse=1; global=1; static=1; extern=0; dir=0; type=1; pingpong=0; private_global=0; MemPort=[11]; IO mode=ap_memory:ce=0
Port [ DPtpgBarSelRgb_VESA_g]:  wired=0; compound=1; hidden=1; nouse=1; global=1; static=1; extern=0; dir=0; type=1; pingpong=0; private_global=0; MemPort=[11]; IO mode=ap_memory:ce=0
Port [ DPtpgBarSelRgb_VESA_b]:  wired=0; compound=1; hidden=1; nouse=1; global=1; static=1; extern=0; dir=0; type=1; pingpong=0; private_global=0; MemPort=[11]; IO mode=ap_memory:ce=0
Port [ DPtpgBarSelRgb_CEA_r]:  wired=0; compound=1; hidden=1; nouse=1; global=1; static=1; extern=0; dir=0; type=1; pingpong=0; private_global=0; MemPort=[11]; IO mode=ap_memory:ce=0
Port [ DPtpgBarSelRgb_CEA_g]:  wired=0; compound=1; hidden=1; nouse=1; global=1; static=1; extern=0; dir=0; type=1; pingpong=0; private_global=0; MemPort=[11]; IO mode=ap_memory:ce=0
Port [ DPtpgBarSelRgb_CEA_b]:  wired=0; compound=1; hidden=1; nouse=1; global=1; static=1; extern=0; dir=0; type=1; pingpong=0; private_global=0; MemPort=[11]; IO mode=ap_memory:ce=0
Port [ DPtpgBarSelYuv_601_y]:  wired=0; compound=1; hidden=1; nouse=1; global=1; static=1; extern=0; dir=0; type=1; pingpong=0; private_global=0; MemPort=[11]; IO mode=ap_memory:ce=0
Port [ DPtpgBarSelYuv_601_u]:  wired=0; compound=1; hidden=1; nouse=1; global=1; static=1; extern=0; dir=0; type=1; pingpong=0; private_global=0; MemPort=[11]; IO mode=ap_memory:ce=0
Port [ DPtpgBarSelYuv_601_v]:  wired=0; compound=1; hidden=1; nouse=1; global=1; static=1; extern=0; dir=0; type=1; pingpong=0; private_global=0; MemPort=[11]; IO mode=ap_memory:ce=0
Port [ tpgPatternDPColorSquare_unsigned_short_unsigned_short_unsigned_char_unsigned_1]:  wired=0; compound=0; hidden=1; nouse=1; global=1; static=1; extern=0; dir=2; type=0; pingpong=0; private_global=0; IO mode=ap_ovld:ce=0
Port [ yCount_1]:  wired=0; compound=0; hidden=1; nouse=1; global=1; static=1; extern=0; dir=2; type=0; pingpong=0; private_global=0; IO mode=ap_ovld:ce=0
---------------- STG Properties END ------------------

---------------- Datapath Model BEGIN ----------------

<LifeTime>
<method=bitvector/>
p_0_0_010369_lcssa382                                                            (alloca           ) [ 001111]
p_0_0_09371_lcssa385                                                             (alloca           ) [ 001111]
p_0_0_0373_lcssa388                                                              (alloca           ) [ 001111]
p_0_0_010_1375_lcssa391                                                          (alloca           ) [ 001111]
p_0_0_09_1377_lcssa394                                                           (alloca           ) [ 001111]
p_0_0_0_1379_lcssa397                                                            (alloca           ) [ 001111]
outpix                                                                           (alloca           ) [ 001111]
outpix_1                                                                         (alloca           ) [ 001111]
outpix_2                                                                         (alloca           ) [ 001111]
outpix_3                                                                         (alloca           ) [ 001111]
outpix_4                                                                         (alloca           ) [ 001111]
outpix_5                                                                         (alloca           ) [ 001111]
y                                                                                (alloca           ) [ 011111]
tpgPatternDPColorSquare_unsigned_short_unsigned_short_unsigned_char_unsigned_7   (alloca           ) [ 011111]
tpgPatternDPColorSquare_unsigned_short_unsigned_short_unsigned_char_unsigned_6   (alloca           ) [ 011111]
vBarSel_3_loc_0                                                                  (alloca           ) [ 011111]
rampVal_2_loc_0                                                                  (alloca           ) [ 011111]
rampVal_2_new_0                                                                  (alloca           ) [ 001111]
tpgPatternCheckerBoard_unsigned_short_unsigned_short_unsigned_short_unsigned_7   (alloca           ) [ 011111]
tpgPatternCheckerBoard_unsigned_short_unsigned_short_unsigned_short_unsigned_6   (alloca           ) [ 011111]
vBarSel_2_loc_0                                                                  (alloca           ) [ 011111]
hdata_loc_0                                                                      (alloca           ) [ 011111]
hdata_new_0                                                                      (alloca           ) [ 001111]
tpgPatternTartanColorBars_unsigned_short_unsigned_short_unsigned_short_unsign_7  (alloca           ) [ 011111]
tpgPatternTartanColorBars_unsigned_short_unsigned_short_unsigned_short_unsign_6  (alloca           ) [ 011111]
vBarSel_loc_0                                                                    (alloca           ) [ 011111]
zonePlateVAddr_loc_0                                                             (alloca           ) [ 011111]
tpgPatternColorBars_unsigned_short_unsigned_short_unsigned_char_int_hBarSel_8_2  (alloca           ) [ 011111]
tpgPatternColorBars_unsigned_short_unsigned_short_unsigned_char_int_hBarSel_l_1  (alloca           ) [ 011111]
rampVal_loc_0                                                                    (alloca           ) [ 011111]
rampVal_3_loc_0                                                                  (alloca           ) [ 011111]
rampVal_3_new_0                                                                  (alloca           ) [ 001111]
colorFormat_val_read                                                             (read             ) [ 001111]
rampVal_2_flag_1_loc                                                             (alloca           ) [ 001111]
hdata_flag_1_loc                                                                 (alloca           ) [ 001111]
rampVal_3_flag_1_loc                                                             (alloca           ) [ 001111]
icmp_ln1144                                                                      (icmp             ) [ 000000]
tmp                                                                              (partselect       ) [ 001111]
select_ln1144                                                                    (select           ) [ 000000]
redYuv_addr                                                                      (getelementptr    ) [ 001000]
grnYuv_addr                                                                      (getelementptr    ) [ 001000]
bluYuv_addr                                                                      (getelementptr    ) [ 001000]
blkYuv_addr                                                                      (getelementptr    ) [ 001000]
whiYuv_addr                                                                      (getelementptr    ) [ 001000]
whiYuv_1_addr                                                                    (getelementptr    ) [ 001000]
blkYuv_1_addr                                                                    (getelementptr    ) [ 001000]
rampVal_1_load                                                                   (load             ) [ 000000]
rampVal_load                                                                     (load             ) [ 000000]
zext_ln1257                                                                      (zext             ) [ 000000]
tpgPatternColorBars_unsigned_short_unsigned_short_unsigned_char_int_hBarSel_l    (load             ) [ 000000]
tpgPatternColorBars_unsigned_short_unsigned_short_unsigned_char_int_hBarSel_8_3  (load             ) [ 000000]
zonePlateVAddr_load                                                              (load             ) [ 000000]
vBarSel_load                                                                     (load             ) [ 000000]
zext_ln1412                                                                      (zext             ) [ 000000]
tpgPatternTartanColorBars_unsigned_short_unsigned_short_unsigned_short_unsign_10 (load             ) [ 000000]
zext_ln1412_1                                                                    (zext             ) [ 000000]
tpgPatternTartanColorBars_unsigned_short_unsigned_short_unsigned_short_unsign_11 (load             ) [ 000000]
zext_ln1545                                                                      (zext             ) [ 000000]
hdata_load                                                                       (load             ) [ 000000]
vBarSel_2_load                                                                   (load             ) [ 000000]
tpgPatternCheckerBoard_unsigned_short_unsigned_short_unsigned_short_unsigned_10  (load             ) [ 000000]
zext_ln1593                                                                      (zext             ) [ 000000]
tpgPatternCheckerBoard_unsigned_short_unsigned_short_unsigned_short_unsigned_11  (load             ) [ 000000]
zext_ln1664                                                                      (zext             ) [ 000000]
rampVal_2_load                                                                   (load             ) [ 000000]
vBarSel_1_load                                                                   (load             ) [ 000000]
zext_ln1775                                                                      (zext             ) [ 000000]
tpgPatternDPColorSquare_unsigned_short_unsigned_short_unsigned_char_unsigned_10  (load             ) [ 000000]
zext_ln1775_1                                                                    (zext             ) [ 000000]
tpgPatternDPColorSquare_unsigned_short_unsigned_short_unsigned_char_unsigned_11  (load             ) [ 000000]
zext_ln563                                                                       (zext             ) [ 000000]
store_ln1084                                                                     (store            ) [ 000000]
store_ln1257                                                                     (store            ) [ 000000]
store_ln1257                                                                     (store            ) [ 000000]
store_ln1257                                                                     (store            ) [ 000000]
store_ln1341                                                                     (store            ) [ 000000]
store_ln1412                                                                     (store            ) [ 000000]
store_ln1412                                                                     (store            ) [ 000000]
store_ln1545                                                                     (store            ) [ 000000]
store_ln1545                                                                     (store            ) [ 000000]
store_ln1575                                                                     (store            ) [ 000000]
store_ln1593                                                                     (store            ) [ 000000]
store_ln1664                                                                     (store            ) [ 000000]
store_ln1664                                                                     (store            ) [ 000000]
store_ln1775                                                                     (store            ) [ 000000]
store_ln1775                                                                     (store            ) [ 000000]
store_ln563                                                                      (store            ) [ 000000]
store_ln549                                                                      (store            ) [ 000000]
motionSpeed_val_read                                                             (read             ) [ 000111]
dpYUVCoef_val_read                                                               (read             ) [ 000111]
dpDynamicRange_val_read                                                          (read             ) [ 000111]
ZplateVerContDelta_val_read                                                      (read             ) [ 000111]
ZplateVerContStart_val_read                                                      (read             ) [ 000111]
ZplateHorContDelta_val_read                                                      (read             ) [ 000111]
ZplateHorContStart_val_read                                                      (read             ) [ 000111]
patternId_val_read                                                               (read             ) [ 000111]
enableInput_val_read                                                             (read             ) [ 000111]
passthruEndY_val_read                                                            (read             ) [ 000111]
passthruEndX_val_read                                                            (read             ) [ 000111]
passthruStartY_val_read                                                          (read             ) [ 000111]
passthruStartX_val_read                                                          (read             ) [ 000111]
width_val_read                                                                   (read             ) [ 000111]
height_val_read                                                                  (read             ) [ 000111]
specstablecontent_ln0                                                            (specstablecontent) [ 000000]
specstablecontent_ln0                                                            (specstablecontent) [ 000000]
specstablecontent_ln0                                                            (specstablecontent) [ 000000]
specstablecontent_ln0                                                            (specstablecontent) [ 000000]
specstablecontent_ln0                                                            (specstablecontent) [ 000000]
specstablecontent_ln0                                                            (specstablecontent) [ 000000]
specstablecontent_ln0                                                            (specstablecontent) [ 000000]
specstablecontent_ln0                                                            (specstablecontent) [ 000000]
specstablecontent_ln0                                                            (specstablecontent) [ 000000]
specstablecontent_ln0                                                            (specstablecontent) [ 000000]
specstablecontent_ln0                                                            (specstablecontent) [ 000000]
specstablecontent_ln0                                                            (specstablecontent) [ 000000]
specstablecontent_ln0                                                            (specstablecontent) [ 000000]
specstablecontent_ln0                                                            (specstablecontent) [ 000000]
specstablecontent_ln0                                                            (specstablecontent) [ 000000]
specstablecontent_ln0                                                            (specstablecontent) [ 000000]
specinterface_ln0                                                                (specinterface    ) [ 000000]
specinterface_ln0                                                                (specinterface    ) [ 000000]
zext_ln1122                                                                      (zext             ) [ 000000]
trunc_ln1122                                                                     (trunc            ) [ 000000]
icmp_ln1122                                                                      (icmp             ) [ 000000]
zext_ln1120                                                                      (zext             ) [ 000000]
trunc_ln1120                                                                     (trunc            ) [ 000000]
rampStart_load                                                                   (load             ) [ 000111]
select_ln1122                                                                    (select           ) [ 000111]
s_load                                                                           (load             ) [ 000000]
add_ln1241                                                                       (add              ) [ 000000]
barWidth                                                                         (partselect       ) [ 000111]
trunc_ln1247                                                                     (trunc            ) [ 000111]
add_ln1373                                                                       (add              ) [ 000000]
trunc_ln5                                                                        (partselect       ) [ 000000]
add_ln1373_1                                                                     (add              ) [ 000111]
add_ln1374                                                                       (add              ) [ 000000]
shl_ln                                                                           (bitconcatenate   ) [ 000111]
tmp_2                                                                            (partselect       ) [ 000000]
zext_ln1386                                                                      (zext             ) [ 000000]
add_ln1386                                                                       (add              ) [ 000111]
add_ln1473                                                                       (add              ) [ 000111]
add_ln1449                                                                       (add              ) [ 000111]
select_ln1503                                                                    (select           ) [ 000111]
select_ln1518                                                                    (select           ) [ 000111]
redYuv_load                                                                      (load             ) [ 000111]
grnYuv_load                                                                      (load             ) [ 000111]
bluYuv_load                                                                      (load             ) [ 000111]
blkYuv_load                                                                      (load             ) [ 000111]
whiYuv_load                                                                      (load             ) [ 000111]
whiYuv_1_load                                                                    (load             ) [ 000111]
blkYuv_1_load                                                                    (load             ) [ 000111]
br_ln563                                                                         (br               ) [ 001111]
rampVal_3_flag_0                                                                 (phi              ) [ 000110]
hdata_flag_0                                                                     (phi              ) [ 000110]
rampVal_2_flag_0                                                                 (phi              ) [ 000110]
y_3                                                                              (load             ) [ 000010]
icmp_ln563                                                                       (icmp             ) [ 000111]
add_ln563                                                                        (add              ) [ 000000]
br_ln563                                                                         (br               ) [ 000000]
zext_ln563_1                                                                     (zext             ) [ 000000]
icmp_ln736                                                                       (icmp             ) [ 000010]
icmp_ln737                                                                       (icmp             ) [ 000000]
xor_ln737                                                                        (xor              ) [ 000010]
icmp_ln1337                                                                      (icmp             ) [ 000010]
icmp_ln1449                                                                      (icmp             ) [ 000010]
trunc_ln1533                                                                     (trunc            ) [ 000000]
add_ln1533                                                                       (add              ) [ 000010]
Sel                                                                              (partselect       ) [ 000010]
store_ln549                                                                      (store            ) [ 000000]
add_ln750                                                                        (add              ) [ 000000]
store_ln750                                                                      (store            ) [ 000000]
br_ln0                                                                           (br               ) [ 000000]
rampVal_2_new_0_load                                                             (load             ) [ 000000]
store_ln1630                                                                     (store            ) [ 000000]
br_ln0                                                                           (br               ) [ 000000]
br_ln0                                                                           (br               ) [ 000000]
hdata_new_0_load                                                                 (load             ) [ 000000]
store_ln1533                                                                     (store            ) [ 000000]
br_ln0                                                                           (br               ) [ 000000]
br_ln0                                                                           (br               ) [ 000000]
rampVal_3_new_0_load                                                             (load             ) [ 000000]
store_ln1073                                                                     (store            ) [ 000000]
br_ln0                                                                           (br               ) [ 000000]
ret_ln751                                                                        (ret              ) [ 000000]
call_ln1862                                                                      (call             ) [ 000000]
speclooptripcount_ln552                                                          (speclooptripcount) [ 000000]
specloopname_ln563                                                               (specloopname     ) [ 000000]
rampVal_3_flag_1_loc_load                                                        (load             ) [ 001111]
hdata_flag_1_loc_load                                                            (load             ) [ 001111]
rampVal_2_flag_1_loc_load                                                        (load             ) [ 001111]
br_ln563                                                                         (br               ) [ 001111]
</LifeTime>

<model>

<comp_list>
<comp id="0" class="1000" name="srcYUV">
<pin_list>
<pin id="1" dir="1" index="0" bw="1" slack="0"/>
</pin_list>
<bind>
<StgValue><ssdm name="srcYUV"/></StgValue>
</bind>
</comp>

<comp id="2" class="1000" name="height_val">
<pin_list>
<pin id="3" dir="1" index="0" bw="1" slack="0"/>
</pin_list>
<bind>
<StgValue><ssdm name="height_val"/></StgValue>
</bind>
</comp>

<comp id="4" class="1000" name="width_val">
<pin_list>
<pin id="5" dir="1" index="0" bw="1" slack="0"/>
</pin_list>
<bind>
<StgValue><ssdm name="width_val"/></StgValue>
</bind>
</comp>

<comp id="6" class="1000" name="passthruStartX_val">
<pin_list>
<pin id="7" dir="1" index="0" bw="1" slack="0"/>
</pin_list>
<bind>
<StgValue><ssdm name="passthruStartX_val"/></StgValue>
</bind>
</comp>

<comp id="8" class="1000" name="passthruStartY_val">
<pin_list>
<pin id="9" dir="1" index="0" bw="1" slack="0"/>
</pin_list>
<bind>
<StgValue><ssdm name="passthruStartY_val"/></StgValue>
</bind>
</comp>

<comp id="10" class="1000" name="passthruEndX_val">
<pin_list>
<pin id="11" dir="1" index="0" bw="1" slack="0"/>
</pin_list>
<bind>
<StgValue><ssdm name="passthruEndX_val"/></StgValue>
</bind>
</comp>

<comp id="12" class="1000" name="passthruEndY_val">
<pin_list>
<pin id="13" dir="1" index="0" bw="1" slack="0"/>
</pin_list>
<bind>
<StgValue><ssdm name="passthruEndY_val"/></StgValue>
</bind>
</comp>

<comp id="14" class="1000" name="enableInput_val">
<pin_list>
<pin id="15" dir="1" index="0" bw="1" slack="0"/>
</pin_list>
<bind>
<StgValue><ssdm name="enableInput_val"/></StgValue>
</bind>
</comp>

<comp id="16" class="1000" name="patternId_val">
<pin_list>
<pin id="17" dir="1" index="0" bw="1" slack="0"/>
</pin_list>
<bind>
<StgValue><ssdm name="patternId_val"/></StgValue>
</bind>
</comp>

<comp id="18" class="1000" name="ZplateHorContStart_val">
<pin_list>
<pin id="19" dir="1" index="0" bw="1" slack="0"/>
</pin_list>
<bind>
<StgValue><ssdm name="ZplateHorContStart_val"/></StgValue>
</bind>
</comp>

<comp id="20" class="1000" name="ZplateHorContDelta_val">
<pin_list>
<pin id="21" dir="1" index="0" bw="1" slack="0"/>
</pin_list>
<bind>
<StgValue><ssdm name="ZplateHorContDelta_val"/></StgValue>
</bind>
</comp>

<comp id="22" class="1000" name="ZplateVerContStart_val">
<pin_list>
<pin id="23" dir="1" index="0" bw="1" slack="0"/>
</pin_list>
<bind>
<StgValue><ssdm name="ZplateVerContStart_val"/></StgValue>
</bind>
</comp>

<comp id="24" class="1000" name="ZplateVerContDelta_val">
<pin_list>
<pin id="25" dir="1" index="0" bw="1" slack="0"/>
</pin_list>
<bind>
<StgValue><ssdm name="ZplateVerContDelta_val"/></StgValue>
</bind>
</comp>

<comp id="26" class="1000" name="dpDynamicRange_val">
<pin_list>
<pin id="27" dir="1" index="0" bw="1" slack="0"/>
</pin_list>
<bind>
<StgValue><ssdm name="dpDynamicRange_val"/></StgValue>
</bind>
</comp>

<comp id="28" class="1000" name="dpYUVCoef_val">
<pin_list>
<pin id="29" dir="1" index="0" bw="1" slack="0"/>
</pin_list>
<bind>
<StgValue><ssdm name="dpYUVCoef_val"/></StgValue>
</bind>
</comp>

<comp id="30" class="1000" name="motionSpeed_val">
<pin_list>
<pin id="31" dir="1" index="0" bw="1" slack="0"/>
</pin_list>
<bind>
<StgValue><ssdm name="motionSpeed_val"/></StgValue>
</bind>
</comp>

<comp id="32" class="1000" name="colorFormat_val">
<pin_list>
<pin id="33" dir="1" index="0" bw="1" slack="0"/>
</pin_list>
<bind>
<StgValue><ssdm name="colorFormat_val"/></StgValue>
</bind>
</comp>

<comp id="34" class="1000" name="bckgndYUV">
<pin_list>
<pin id="35" dir="1" index="0" bw="1" slack="0"/>
</pin_list>
<bind>
<StgValue><ssdm name="bckgndYUV"/></StgValue>
</bind>
</comp>

<comp id="36" class="1000" name="rampStart">
<pin_list>
<pin id="37" dir="1" index="0" bw="1" slack="0"/>
</pin_list>
<bind>
<StgValue><ssdm name="rampStart"/></StgValue>
</bind>
</comp>

<comp id="38" class="1000" name="s">
<pin_list>
<pin id="39" dir="1" index="0" bw="1" slack="0"/>
</pin_list>
<bind>
<StgValue><ssdm name="s"/></StgValue>
</bind>
</comp>

<comp id="40" class="1000" name="redYuv">
<pin_list>
<pin id="41" dir="1" index="0" bw="1" slack="0"/>
</pin_list>
<bind>
<StgValue><ssdm name="redYuv"/><MemPortTyVec>1 </MemPortTyVec>
</StgValue>
</bind>
</comp>

<comp id="42" class="1000" name="grnYuv">
<pin_list>
<pin id="43" dir="1" index="0" bw="1" slack="0"/>
</pin_list>
<bind>
<StgValue><ssdm name="grnYuv"/><MemPortTyVec>1 </MemPortTyVec>
</StgValue>
</bind>
</comp>

<comp id="44" class="1000" name="bluYuv">
<pin_list>
<pin id="45" dir="1" index="0" bw="1" slack="0"/>
</pin_list>
<bind>
<StgValue><ssdm name="bluYuv"/><MemPortTyVec>1 </MemPortTyVec>
</StgValue>
</bind>
</comp>

<comp id="46" class="1000" name="blkYuv">
<pin_list>
<pin id="47" dir="1" index="0" bw="1" slack="0"/>
</pin_list>
<bind>
<StgValue><ssdm name="blkYuv"/><MemPortTyVec>1 </MemPortTyVec>
</StgValue>
</bind>
</comp>

<comp id="48" class="1000" name="whiYuv">
<pin_list>
<pin id="49" dir="1" index="0" bw="1" slack="0"/>
</pin_list>
<bind>
<StgValue><ssdm name="whiYuv"/><MemPortTyVec>1 </MemPortTyVec>
</StgValue>
</bind>
</comp>

<comp id="50" class="1000" name="whiYuv_1">
<pin_list>
<pin id="51" dir="1" index="0" bw="1" slack="0"/>
</pin_list>
<bind>
<StgValue><ssdm name="whiYuv_1"/><MemPortTyVec>1 </MemPortTyVec>
</StgValue>
</bind>
</comp>

<comp id="52" class="1000" name="blkYuv_1">
<pin_list>
<pin id="53" dir="1" index="0" bw="1" slack="0"/>
</pin_list>
<bind>
<StgValue><ssdm name="blkYuv_1"/><MemPortTyVec>1 </MemPortTyVec>
</StgValue>
</bind>
</comp>

<comp id="54" class="1000" name="rampVal_1">
<pin_list>
<pin id="55" dir="1" index="0" bw="1" slack="0"/>
</pin_list>
<bind>
<StgValue><ssdm name="rampVal_1"/></StgValue>
</bind>
</comp>

<comp id="56" class="1000" name="rampVal">
<pin_list>
<pin id="57" dir="1" index="0" bw="1" slack="0"/>
</pin_list>
<bind>
<StgValue><ssdm name="rampVal"/></StgValue>
</bind>
</comp>

<comp id="58" class="1000" name="tpgPatternColorBars_unsigned_short_unsigned_short_unsigned_char_int_hBarSel">
<pin_list>
<pin id="59" dir="1" index="0" bw="1" slack="0"/>
</pin_list>
<bind>
<StgValue><ssdm name="tpgPatternColorBars_unsigned_short_unsigned_short_unsigned_char_int_hBarSel"/></StgValue>
</bind>
</comp>

<comp id="60" class="1000" name="tpgPatternColorBars_unsigned_short_unsigned_short_unsigned_char_int_hBarSel_8">
<pin_list>
<pin id="61" dir="1" index="0" bw="1" slack="0"/>
</pin_list>
<bind>
<StgValue><ssdm name="tpgPatternColorBars_unsigned_short_unsigned_short_unsigned_char_int_hBarSel_8"/></StgValue>
</bind>
</comp>

<comp id="62" class="1000" name="zonePlateVAddr">
<pin_list>
<pin id="63" dir="1" index="0" bw="1" slack="0"/>
</pin_list>
<bind>
<StgValue><ssdm name="zonePlateVAddr"/></StgValue>
</bind>
</comp>

<comp id="64" class="1000" name="vBarSel">
<pin_list>
<pin id="65" dir="1" index="0" bw="1" slack="0"/>
</pin_list>
<bind>
<StgValue><ssdm name="vBarSel"/></StgValue>
</bind>
</comp>

<comp id="66" class="1000" name="tpgPatternTartanColorBars_unsigned_short_unsigned_short_unsigned_short_unsign_3">
<pin_list>
<pin id="67" dir="1" index="0" bw="1" slack="0"/>
</pin_list>
<bind>
<StgValue><ssdm name="tpgPatternTartanColorBars_unsigned_short_unsigned_short_unsigned_short_unsign_3"/></StgValue>
</bind>
</comp>

<comp id="68" class="1000" name="tpgPatternTartanColorBars_unsigned_short_unsigned_short_unsigned_short_unsign_2">
<pin_list>
<pin id="69" dir="1" index="0" bw="1" slack="0"/>
</pin_list>
<bind>
<StgValue><ssdm name="tpgPatternTartanColorBars_unsigned_short_unsigned_short_unsigned_short_unsign_2"/></StgValue>
</bind>
</comp>

<comp id="70" class="1000" name="hdata">
<pin_list>
<pin id="71" dir="1" index="0" bw="1" slack="0"/>
</pin_list>
<bind>
<StgValue><ssdm name="hdata"/></StgValue>
</bind>
</comp>

<comp id="72" class="1000" name="vBarSel_2">
<pin_list>
<pin id="73" dir="1" index="0" bw="1" slack="0"/>
</pin_list>
<bind>
<StgValue><ssdm name="vBarSel_2"/></StgValue>
</bind>
</comp>

<comp id="74" class="1000" name="tpgPatternCheckerBoard_unsigned_short_unsigned_short_unsigned_short_unsigned_3">
<pin_list>
<pin id="75" dir="1" index="0" bw="1" slack="0"/>
</pin_list>
<bind>
<StgValue><ssdm name="tpgPatternCheckerBoard_unsigned_short_unsigned_short_unsigned_short_unsigned_3"/></StgValue>
</bind>
</comp>

<comp id="76" class="1000" name="tpgPatternCheckerBoard_unsigned_short_unsigned_short_unsigned_short_unsigned_2">
<pin_list>
<pin id="77" dir="1" index="0" bw="1" slack="0"/>
</pin_list>
<bind>
<StgValue><ssdm name="tpgPatternCheckerBoard_unsigned_short_unsigned_short_unsigned_short_unsigned_2"/></StgValue>
</bind>
</comp>

<comp id="78" class="1000" name="rampVal_2">
<pin_list>
<pin id="79" dir="1" index="0" bw="1" slack="0"/>
</pin_list>
<bind>
<StgValue><ssdm name="rampVal_2"/></StgValue>
</bind>
</comp>

<comp id="80" class="1000" name="vBarSel_1">
<pin_list>
<pin id="81" dir="1" index="0" bw="1" slack="0"/>
</pin_list>
<bind>
<StgValue><ssdm name="vBarSel_1"/></StgValue>
</bind>
</comp>

<comp id="82" class="1000" name="tpgPatternDPColorSquare_unsigned_short_unsigned_short_unsigned_char_unsigned_3">
<pin_list>
<pin id="83" dir="1" index="0" bw="1" slack="0"/>
</pin_list>
<bind>
<StgValue><ssdm name="tpgPatternDPColorSquare_unsigned_short_unsigned_short_unsigned_char_unsigned_3"/></StgValue>
</bind>
</comp>

<comp id="84" class="1000" name="tpgPatternDPColorSquare_unsigned_short_unsigned_short_unsigned_char_unsigned_2">
<pin_list>
<pin id="85" dir="1" index="0" bw="1" slack="0"/>
</pin_list>
<bind>
<StgValue><ssdm name="tpgPatternDPColorSquare_unsigned_short_unsigned_short_unsigned_char_unsigned_2"/></StgValue>
</bind>
</comp>

<comp id="86" class="1000" name="tpgBarSelYuv_y">
<pin_list>
<pin id="87" dir="1" index="0" bw="1" slack="0"/>
</pin_list>
<bind>
<StgValue><ssdm name="tpgBarSelYuv_y"/><MemPortTyVec>1 1 </MemPortTyVec>
</StgValue>
</bind>
</comp>

<comp id="88" class="1000" name="tpgBarSelYuv_u">
<pin_list>
<pin id="89" dir="1" index="0" bw="1" slack="0"/>
</pin_list>
<bind>
<StgValue><ssdm name="tpgBarSelYuv_u"/><MemPortTyVec>1 1 </MemPortTyVec>
</StgValue>
</bind>
</comp>

<comp id="90" class="1000" name="tpgBarSelYuv_v">
<pin_list>
<pin id="91" dir="1" index="0" bw="1" slack="0"/>
</pin_list>
<bind>
<StgValue><ssdm name="tpgBarSelYuv_v"/><MemPortTyVec>1 1 </MemPortTyVec>
</StgValue>
</bind>
</comp>

<comp id="92" class="1000" name="tpgPatternColorBars_unsigned_short_unsigned_short_unsigned_char_int_xBar_9">
<pin_list>
<pin id="93" dir="1" index="0" bw="1" slack="0"/>
</pin_list>
<bind>
<StgValue><ssdm name="tpgPatternColorBars_unsigned_short_unsigned_short_unsigned_char_int_xBar_9"/></StgValue>
</bind>
</comp>

<comp id="94" class="1000" name="tpgBarSelRgb_r">
<pin_list>
<pin id="95" dir="1" index="0" bw="1" slack="0"/>
</pin_list>
<bind>
<StgValue><ssdm name="tpgBarSelRgb_r"/><MemPortTyVec>1 1 </MemPortTyVec>
</StgValue>
</bind>
</comp>

<comp id="96" class="1000" name="tpgBarSelRgb_g">
<pin_list>
<pin id="97" dir="1" index="0" bw="1" slack="0"/>
</pin_list>
<bind>
<StgValue><ssdm name="tpgBarSelRgb_g"/><MemPortTyVec>1 1 </MemPortTyVec>
</StgValue>
</bind>
</comp>

<comp id="98" class="1000" name="tpgBarSelRgb_b">
<pin_list>
<pin id="99" dir="1" index="0" bw="1" slack="0"/>
</pin_list>
<bind>
<StgValue><ssdm name="tpgBarSelRgb_b"/><MemPortTyVec>1 1 </MemPortTyVec>
</StgValue>
</bind>
</comp>

<comp id="100" class="1000" name="tpgPatternColorBars_unsigned_short_unsigned_short_unsigned_char_int_xBar">
<pin_list>
<pin id="101" dir="1" index="0" bw="1" slack="0"/>
</pin_list>
<bind>
<StgValue><ssdm name="tpgPatternColorBars_unsigned_short_unsigned_short_unsigned_char_int_xBar"/></StgValue>
</bind>
</comp>

<comp id="102" class="1000" name="tpgSinTableArray">
<pin_list>
<pin id="103" dir="1" index="0" bw="1" slack="0"/>
</pin_list>
<bind>
<StgValue><ssdm name="tpgSinTableArray"/><MemPortTyVec>1 1 </MemPortTyVec>
</StgValue>
</bind>
</comp>

<comp id="104" class="1000" name="zonePlateVDelta">
<pin_list>
<pin id="105" dir="1" index="0" bw="1" slack="0"/>
</pin_list>
<bind>
<StgValue><ssdm name="zonePlateVDelta"/></StgValue>
</bind>
</comp>

<comp id="106" class="1000" name="tpgTartanBarArray">
<pin_list>
<pin id="107" dir="1" index="0" bw="1" slack="0"/>
</pin_list>
<bind>
<StgValue><ssdm name="tpgTartanBarArray"/><MemPortTyVec>1 1 </MemPortTyVec>
</StgValue>
</bind>
</comp>

<comp id="108" class="1000" name="tpgPatternTartanColorBars_unsigned_short_unsigned_short_unsigned_short_unsign">
<pin_list>
<pin id="109" dir="1" index="0" bw="1" slack="0"/>
</pin_list>
<bind>
<StgValue><ssdm name="tpgPatternTartanColorBars_unsigned_short_unsigned_short_unsigned_short_unsign"/></StgValue>
</bind>
</comp>

<comp id="110" class="1000" name="tpgPatternTartanColorBars_unsigned_short_unsigned_short_unsigned_short_unsign_1">
<pin_list>
<pin id="111" dir="1" index="0" bw="1" slack="0"/>
</pin_list>
<bind>
<StgValue><ssdm name="tpgPatternTartanColorBars_unsigned_short_unsigned_short_unsigned_short_unsign_1"/></StgValue>
</bind>
</comp>

<comp id="112" class="1000" name="yCount">
<pin_list>
<pin id="113" dir="1" index="0" bw="1" slack="0"/>
</pin_list>
<bind>
<StgValue><ssdm name="yCount"/></StgValue>
</bind>
</comp>

<comp id="114" class="1000" name="tpgPatternCrossHatch_unsigned_short_unsigned_short_unsigned_short_unsigned_sh">
<pin_list>
<pin id="115" dir="1" index="0" bw="1" slack="0"/>
</pin_list>
<bind>
<StgValue><ssdm name="tpgPatternCrossHatch_unsigned_short_unsigned_short_unsigned_short_unsigned_sh"/></StgValue>
</bind>
</comp>

<comp id="116" class="1000" name="tpgPatternCrossHatch_unsigned_short_unsigned_short_unsigned_short_unsigned_sh_1">
<pin_list>
<pin id="117" dir="1" index="0" bw="1" slack="0"/>
</pin_list>
<bind>
<StgValue><ssdm name="tpgPatternCrossHatch_unsigned_short_unsigned_short_unsigned_short_unsigned_sh_1"/></StgValue>
</bind>
</comp>

<comp id="118" class="1000" name="vHatch">
<pin_list>
<pin id="119" dir="1" index="0" bw="1" slack="0"/>
</pin_list>
<bind>
<StgValue><ssdm name="vHatch"/></StgValue>
</bind>
</comp>

<comp id="120" class="1000" name="yCount_2">
<pin_list>
<pin id="121" dir="1" index="0" bw="1" slack="0"/>
</pin_list>
<bind>
<StgValue><ssdm name="yCount_2"/></StgValue>
</bind>
</comp>

<comp id="122" class="1000" name="tpgSinTableArray_9bit_0">
<pin_list>
<pin id="123" dir="1" index="0" bw="1" slack="0"/>
</pin_list>
<bind>
<StgValue><ssdm name="tpgSinTableArray_9bit_0"/><MemPortTyVec>1 1 1 1 1 1 </MemPortTyVec>
</StgValue>
</bind>
</comp>

<comp id="124" class="1000" name="tpgSinTableArray_9bit_1">
<pin_list>
<pin id="125" dir="1" index="0" bw="1" slack="0"/>
</pin_list>
<bind>
<StgValue><ssdm name="tpgSinTableArray_9bit_1"/><MemPortTyVec>1 1 1 1 1 1 </MemPortTyVec>
</StgValue>
</bind>
</comp>

<comp id="126" class="1000" name="tpgSinTableArray_9bit_2">
<pin_list>
<pin id="127" dir="1" index="0" bw="1" slack="0"/>
</pin_list>
<bind>
<StgValue><ssdm name="tpgSinTableArray_9bit_2"/><MemPortTyVec>1 1 1 1 1 1 </MemPortTyVec>
</StgValue>
</bind>
</comp>

<comp id="128" class="1000" name="tpgCheckerBoardArray">
<pin_list>
<pin id="129" dir="1" index="0" bw="1" slack="0"/>
</pin_list>
<bind>
<StgValue><ssdm name="tpgCheckerBoardArray"/><MemPortTyVec>1 1 </MemPortTyVec>
</StgValue>
</bind>
</comp>

<comp id="130" class="1000" name="tpgPatternCheckerBoard_unsigned_short_unsigned_short_unsigned_short_unsigned_s">
<pin_list>
<pin id="131" dir="1" index="0" bw="1" slack="0"/>
</pin_list>
<bind>
<StgValue><ssdm name="tpgPatternCheckerBoard_unsigned_short_unsigned_short_unsigned_short_unsigned_s"/></StgValue>
</bind>
</comp>

<comp id="132" class="1000" name="tpgPatternCheckerBoard_unsigned_short_unsigned_short_unsigned_short_unsigned_1">
<pin_list>
<pin id="133" dir="1" index="0" bw="1" slack="0"/>
</pin_list>
<bind>
<StgValue><ssdm name="tpgPatternCheckerBoard_unsigned_short_unsigned_short_unsigned_short_unsigned_1"/></StgValue>
</bind>
</comp>

<comp id="134" class="1000" name="yCount_3">
<pin_list>
<pin id="135" dir="1" index="0" bw="1" slack="0"/>
</pin_list>
<bind>
<StgValue><ssdm name="yCount_3"/></StgValue>
</bind>
</comp>

<comp id="136" class="1000" name="rSerie">
<pin_list>
<pin id="137" dir="1" index="0" bw="1" slack="0"/>
</pin_list>
<bind>
<StgValue><ssdm name="rSerie"/></StgValue>
</bind>
</comp>

<comp id="138" class="1000" name="gSerie">
<pin_list>
<pin id="139" dir="1" index="0" bw="1" slack="0"/>
</pin_list>
<bind>
<StgValue><ssdm name="gSerie"/></StgValue>
</bind>
</comp>

<comp id="140" class="1000" name="bSerie">
<pin_list>
<pin id="141" dir="1" index="0" bw="1" slack="0"/>
</pin_list>
<bind>
<StgValue><ssdm name="bSerie"/></StgValue>
</bind>
</comp>

<comp id="142" class="1000" name="DPtpgBarSelYuv_709_y">
<pin_list>
<pin id="143" dir="1" index="0" bw="1" slack="0"/>
</pin_list>
<bind>
<StgValue><ssdm name="DPtpgBarSelYuv_709_y"/><MemPortTyVec>1 1 </MemPortTyVec>
</StgValue>
</bind>
</comp>

<comp id="144" class="1000" name="DPtpgBarSelYuv_709_u">
<pin_list>
<pin id="145" dir="1" index="0" bw="1" slack="0"/>
</pin_list>
<bind>
<StgValue><ssdm name="DPtpgBarSelYuv_709_u"/><MemPortTyVec>1 1 </MemPortTyVec>
</StgValue>
</bind>
</comp>

<comp id="146" class="1000" name="DPtpgBarSelYuv_709_v">
<pin_list>
<pin id="147" dir="1" index="0" bw="1" slack="0"/>
</pin_list>
<bind>
<StgValue><ssdm name="DPtpgBarSelYuv_709_v"/><MemPortTyVec>1 1 </MemPortTyVec>
</StgValue>
</bind>
</comp>

<comp id="148" class="1000" name="DPtpgBarArray">
<pin_list>
<pin id="149" dir="1" index="0" bw="1" slack="0"/>
</pin_list>
<bind>
<StgValue><ssdm name="DPtpgBarArray"/><MemPortTyVec>1 1 </MemPortTyVec>
</StgValue>
</bind>
</comp>

<comp id="150" class="1000" name="tpgPatternDPColorSquare_unsigned_short_unsigned_short_unsigned_char_unsigned_s">
<pin_list>
<pin id="151" dir="1" index="0" bw="1" slack="0"/>
</pin_list>
<bind>
<StgValue><ssdm name="tpgPatternDPColorSquare_unsigned_short_unsigned_short_unsigned_char_unsigned_s"/></StgValue>
</bind>
</comp>

<comp id="152" class="1000" name="DPtpgBarSelRgb_VESA_r">
<pin_list>
<pin id="153" dir="1" index="0" bw="1" slack="0"/>
</pin_list>
<bind>
<StgValue><ssdm name="DPtpgBarSelRgb_VESA_r"/><MemPortTyVec>1 1 </MemPortTyVec>
</StgValue>
</bind>
</comp>

<comp id="154" class="1000" name="DPtpgBarSelRgb_VESA_g">
<pin_list>
<pin id="155" dir="1" index="0" bw="1" slack="0"/>
</pin_list>
<bind>
<StgValue><ssdm name="DPtpgBarSelRgb_VESA_g"/><MemPortTyVec>1 1 </MemPortTyVec>
</StgValue>
</bind>
</comp>

<comp id="156" class="1000" name="DPtpgBarSelRgb_VESA_b">
<pin_list>
<pin id="157" dir="1" index="0" bw="1" slack="0"/>
</pin_list>
<bind>
<StgValue><ssdm name="DPtpgBarSelRgb_VESA_b"/><MemPortTyVec>1 1 </MemPortTyVec>
</StgValue>
</bind>
</comp>

<comp id="158" class="1000" name="DPtpgBarSelRgb_CEA_r">
<pin_list>
<pin id="159" dir="1" index="0" bw="1" slack="0"/>
</pin_list>
<bind>
<StgValue><ssdm name="DPtpgBarSelRgb_CEA_r"/><MemPortTyVec>1 1 </MemPortTyVec>
</StgValue>
</bind>
</comp>

<comp id="160" class="1000" name="DPtpgBarSelRgb_CEA_g">
<pin_list>
<pin id="161" dir="1" index="0" bw="1" slack="0"/>
</pin_list>
<bind>
<StgValue><ssdm name="DPtpgBarSelRgb_CEA_g"/><MemPortTyVec>1 1 </MemPortTyVec>
</StgValue>
</bind>
</comp>

<comp id="162" class="1000" name="DPtpgBarSelRgb_CEA_b">
<pin_list>
<pin id="163" dir="1" index="0" bw="1" slack="0"/>
</pin_list>
<bind>
<StgValue><ssdm name="DPtpgBarSelRgb_CEA_b"/><MemPortTyVec>1 1 </MemPortTyVec>
</StgValue>
</bind>
</comp>

<comp id="164" class="1000" name="DPtpgBarSelYuv_601_y">
<pin_list>
<pin id="165" dir="1" index="0" bw="1" slack="0"/>
</pin_list>
<bind>
<StgValue><ssdm name="DPtpgBarSelYuv_601_y"/><MemPortTyVec>1 1 </MemPortTyVec>
</StgValue>
</bind>
</comp>

<comp id="166" class="1000" name="DPtpgBarSelYuv_601_u">
<pin_list>
<pin id="167" dir="1" index="0" bw="1" slack="0"/>
</pin_list>
<bind>
<StgValue><ssdm name="DPtpgBarSelYuv_601_u"/><MemPortTyVec>1 1 </MemPortTyVec>
</StgValue>
</bind>
</comp>

<comp id="168" class="1000" name="DPtpgBarSelYuv_601_v">
<pin_list>
<pin id="169" dir="1" index="0" bw="1" slack="0"/>
</pin_list>
<bind>
<StgValue><ssdm name="DPtpgBarSelYuv_601_v"/><MemPortTyVec>1 1 </MemPortTyVec>
</StgValue>
</bind>
</comp>

<comp id="170" class="1000" name="tpgPatternDPColorSquare_unsigned_short_unsigned_short_unsigned_char_unsigned_1">
<pin_list>
<pin id="171" dir="1" index="0" bw="1" slack="0"/>
</pin_list>
<bind>
<StgValue><ssdm name="tpgPatternDPColorSquare_unsigned_short_unsigned_short_unsigned_char_unsigned_1"/></StgValue>
</bind>
</comp>

<comp id="172" class="1000" name="yCount_1">
<pin_list>
<pin id="173" dir="1" index="0" bw="1" slack="0"/>
</pin_list>
<bind>
<StgValue><ssdm name="yCount_1"/></StgValue>
</bind>
</comp>

<comp id="174" class="1001" name="const_174">
<pin_list>
<pin id="175" dir="1" index="0" bw="1" slack="0"/>
</pin_list>
<bind>
<StgValue><ssdm name=""/></StgValue>
</bind>
</comp>

<comp id="176" class="1001" name="const_176">
<pin_list>
<pin id="177" dir="1" index="0" bw="1" slack="0"/>
</pin_list>
<bind>
<StgValue><ssdm name="_ssdm_op_Read.ap_auto.i8"/></StgValue>
</bind>
</comp>

<comp id="178" class="1001" name="const_178">
<pin_list>
<pin id="179" dir="1" index="0" bw="1" slack="0"/>
</pin_list>
<bind>
<StgValue><ssdm name=""/></StgValue>
</bind>
</comp>

<comp id="180" class="1001" name="const_180">
<pin_list>
<pin id="181" dir="1" index="0" bw="1" slack="0"/>
</pin_list>
<bind>
<StgValue><ssdm name=""/></StgValue>
</bind>
</comp>

<comp id="182" class="1001" name="const_182">
<pin_list>
<pin id="183" dir="1" index="0" bw="1" slack="0"/>
</pin_list>
<bind>
<StgValue><ssdm name="_ssdm_op_PartSelect.i7.i8.i32.i32"/></StgValue>
</bind>
</comp>

<comp id="184" class="1001" name="const_184">
<pin_list>
<pin id="185" dir="1" index="0" bw="1" slack="0"/>
</pin_list>
<bind>
<StgValue><ssdm name=""/></StgValue>
</bind>
</comp>

<comp id="186" class="1001" name="const_186">
<pin_list>
<pin id="187" dir="1" index="0" bw="1" slack="0"/>
</pin_list>
<bind>
<StgValue><ssdm name=""/></StgValue>
</bind>
</comp>

<comp id="188" class="1001" name="const_188">
<pin_list>
<pin id="189" dir="1" index="0" bw="1" slack="0"/>
</pin_list>
<bind>
<StgValue><ssdm name=""/></StgValue>
</bind>
</comp>

<comp id="190" class="1001" name="const_190">
<pin_list>
<pin id="191" dir="1" index="0" bw="1" slack="0"/>
</pin_list>
<bind>
<StgValue><ssdm name=""/></StgValue>
</bind>
</comp>

<comp id="192" class="1001" name="const_192">
<pin_list>
<pin id="193" dir="1" index="0" bw="1" slack="0"/>
</pin_list>
<bind>
<StgValue><ssdm name="_ssdm_op_Read.ap_auto.i16"/></StgValue>
</bind>
</comp>

<comp id="194" class="1001" name="const_194">
<pin_list>
<pin id="195" dir="1" index="0" bw="1" slack="2147483647"/>
</pin_list>
<bind>
<StgValue><ssdm name="_ssdm_op_SpecStableContent"/></StgValue>
</bind>
</comp>

<comp id="196" class="1001" name="const_196">
<pin_list>
<pin id="197" dir="1" index="0" bw="1" slack="0"/>
</pin_list>
<bind>
<StgValue><ssdm name=""/></StgValue>
</bind>
</comp>

<comp id="198" class="1001" name="const_198">
<pin_list>
<pin id="199" dir="1" index="0" bw="1" slack="2147483647"/>
</pin_list>
<bind>
<StgValue><ssdm name="p_str"/></StgValue>
</bind>
</comp>

<comp id="200" class="1001" name="const_200">
<pin_list>
<pin id="201" dir="1" index="0" bw="1" slack="2147483647"/>
</pin_list>
<bind>
<StgValue><ssdm name="_ssdm_op_SpecInterface"/></StgValue>
</bind>
</comp>

<comp id="202" class="1001" name="const_202">
<pin_list>
<pin id="203" dir="1" index="0" bw="1" slack="2147483647"/>
</pin_list>
<bind>
<StgValue><ssdm name="empty_35"/></StgValue>
</bind>
</comp>

<comp id="204" class="1001" name="const_204">
<pin_list>
<pin id="205" dir="1" index="0" bw="1" slack="2147483647"/>
</pin_list>
<bind>
<StgValue><ssdm name=""/></StgValue>
</bind>
</comp>

<comp id="206" class="1001" name="const_206">
<pin_list>
<pin id="207" dir="1" index="0" bw="1" slack="2147483647"/>
</pin_list>
<bind>
<StgValue><ssdm name="empty_15"/></StgValue>
</bind>
</comp>

<comp id="208" class="1001" name="const_208">
<pin_list>
<pin id="209" dir="1" index="0" bw="1" slack="2147483647"/>
</pin_list>
<bind>
<StgValue><ssdm name=""/></StgValue>
</bind>
</comp>

<comp id="210" class="1001" name="const_210">
<pin_list>
<pin id="211" dir="1" index="0" bw="1" slack="0"/>
</pin_list>
<bind>
<StgValue><ssdm name=""/></StgValue>
</bind>
</comp>

<comp id="212" class="1001" name="const_212">
<pin_list>
<pin id="213" dir="1" index="0" bw="1" slack="0"/>
</pin_list>
<bind>
<StgValue><ssdm name=""/></StgValue>
</bind>
</comp>

<comp id="214" class="1001" name="const_214">
<pin_list>
<pin id="215" dir="1" index="0" bw="1" slack="0"/>
</pin_list>
<bind>
<StgValue><ssdm name=""/></StgValue>
</bind>
</comp>

<comp id="216" class="1001" name="const_216">
<pin_list>
<pin id="217" dir="1" index="0" bw="1" slack="0"/>
</pin_list>
<bind>
<StgValue><ssdm name="_ssdm_op_PartSelect.i11.i14.i32.i32"/></StgValue>
</bind>
</comp>

<comp id="218" class="1001" name="const_218">
<pin_list>
<pin id="219" dir="1" index="0" bw="1" slack="0"/>
</pin_list>
<bind>
<StgValue><ssdm name=""/></StgValue>
</bind>
</comp>

<comp id="220" class="1001" name="const_220">
<pin_list>
<pin id="221" dir="1" index="0" bw="1" slack="0"/>
</pin_list>
<bind>
<StgValue><ssdm name=""/></StgValue>
</bind>
</comp>

<comp id="222" class="1001" name="const_222">
<pin_list>
<pin id="223" dir="1" index="0" bw="1" slack="0"/>
</pin_list>
<bind>
<StgValue><ssdm name=""/></StgValue>
</bind>
</comp>

<comp id="224" class="1001" name="const_224">
<pin_list>
<pin id="225" dir="1" index="0" bw="1" slack="0"/>
</pin_list>
<bind>
<StgValue><ssdm name="_ssdm_op_PartSelect.i10.i14.i32.i32"/></StgValue>
</bind>
</comp>

<comp id="226" class="1001" name="const_226">
<pin_list>
<pin id="227" dir="1" index="0" bw="1" slack="0"/>
</pin_list>
<bind>
<StgValue><ssdm name=""/></StgValue>
</bind>
</comp>

<comp id="228" class="1001" name="const_228">
<pin_list>
<pin id="229" dir="1" index="0" bw="1" slack="0"/>
</pin_list>
<bind>
<StgValue><ssdm name=""/></StgValue>
</bind>
</comp>

<comp id="230" class="1001" name="const_230">
<pin_list>
<pin id="231" dir="1" index="0" bw="1" slack="0"/>
</pin_list>
<bind>
<StgValue><ssdm name="_ssdm_op_BitConcatenate.i16.i8.i8"/></StgValue>
</bind>
</comp>

<comp id="232" class="1001" name="const_232">
<pin_list>
<pin id="233" dir="1" index="0" bw="1" slack="0"/>
</pin_list>
<bind>
<StgValue><ssdm name=""/></StgValue>
</bind>
</comp>

<comp id="234" class="1001" name="const_234">
<pin_list>
<pin id="235" dir="1" index="0" bw="1" slack="0"/>
</pin_list>
<bind>
<StgValue><ssdm name=""/></StgValue>
</bind>
</comp>

<comp id="236" class="1001" name="const_236">
<pin_list>
<pin id="237" dir="1" index="0" bw="1" slack="0"/>
</pin_list>
<bind>
<StgValue><ssdm name=""/></StgValue>
</bind>
</comp>

<comp id="238" class="1001" name="const_238">
<pin_list>
<pin id="239" dir="1" index="0" bw="1" slack="1"/>
</pin_list>
<bind>
<StgValue><ssdm name=""/></StgValue>
</bind>
</comp>

<comp id="240" class="1001" name="const_240">
<pin_list>
<pin id="241" dir="1" index="0" bw="1" slack="0"/>
</pin_list>
<bind>
<StgValue><ssdm name=""/></StgValue>
</bind>
</comp>

<comp id="242" class="1001" name="const_242">
<pin_list>
<pin id="243" dir="1" index="0" bw="1" slack="0"/>
</pin_list>
<bind>
<StgValue><ssdm name="_ssdm_op_PartSelect.i2.i16.i32.i32"/></StgValue>
</bind>
</comp>

<comp id="244" class="1001" name="const_244">
<pin_list>
<pin id="245" dir="1" index="0" bw="1" slack="0"/>
</pin_list>
<bind>
<StgValue><ssdm name=""/></StgValue>
</bind>
</comp>

<comp id="246" class="1001" name="const_246">
<pin_list>
<pin id="247" dir="1" index="0" bw="1" slack="0"/>
</pin_list>
<bind>
<StgValue><ssdm name="tpgBackground_Pipeline_VITIS_LOOP_565_2"/></StgValue>
</bind>
</comp>

<comp id="248" class="1001" name="const_248">
<pin_list>
<pin id="249" dir="1" index="0" bw="1" slack="2147483647"/>
</pin_list>
<bind>
<StgValue><ssdm name="_ssdm_op_SpecLoopTripCount"/></StgValue>
</bind>
</comp>

<comp id="250" class="1001" name="const_250">
<pin_list>
<pin id="251" dir="1" index="0" bw="1" slack="2147483647"/>
</pin_list>
<bind>
<StgValue><ssdm name=""/></StgValue>
</bind>
</comp>

<comp id="252" class="1001" name="const_252">
<pin_list>
<pin id="253" dir="1" index="0" bw="1" slack="2147483647"/>
</pin_list>
<bind>
<StgValue><ssdm name=""/></StgValue>
</bind>
</comp>

<comp id="254" class="1001" name="const_254">
<pin_list>
<pin id="255" dir="1" index="0" bw="1" slack="2147483647"/>
</pin_list>
<bind>
<StgValue><ssdm name="_ssdm_op_SpecLoopName"/></StgValue>
</bind>
</comp>

<comp id="256" class="1001" name="const_256">
<pin_list>
<pin id="257" dir="1" index="0" bw="1" slack="2147483647"/>
</pin_list>
<bind>
<StgValue><ssdm name="empty_12"/></StgValue>
</bind>
</comp>

<comp id="258" class="1004" name="p_0_0_010369_lcssa382_fu_258">
<pin_list>
<pin id="259" dir="0" index="0" bw="1" slack="0"/>
<pin id="260" dir="1" index="1" bw="8" slack="2"/>
</pin_list>
<bind>
<opcode="alloca(26) " fcode="alloca"/>
<opset="p_0_0_010369_lcssa382/1 "/>
</bind>
</comp>

<comp id="262" class="1004" name="p_0_0_09371_lcssa385_fu_262">
<pin_list>
<pin id="263" dir="0" index="0" bw="1" slack="0"/>
<pin id="264" dir="1" index="1" bw="8" slack="2"/>
</pin_list>
<bind>
<opcode="alloca(26) " fcode="alloca"/>
<opset="p_0_0_09371_lcssa385/1 "/>
</bind>
</comp>

<comp id="266" class="1004" name="p_0_0_0373_lcssa388_fu_266">
<pin_list>
<pin id="267" dir="0" index="0" bw="1" slack="0"/>
<pin id="268" dir="1" index="1" bw="8" slack="2"/>
</pin_list>
<bind>
<opcode="alloca(26) " fcode="alloca"/>
<opset="p_0_0_0373_lcssa388/1 "/>
</bind>
</comp>

<comp id="270" class="1004" name="p_0_0_010_1375_lcssa391_fu_270">
<pin_list>
<pin id="271" dir="0" index="0" bw="1" slack="0"/>
<pin id="272" dir="1" index="1" bw="8" slack="2"/>
</pin_list>
<bind>
<opcode="alloca(26) " fcode="alloca"/>
<opset="p_0_0_010_1375_lcssa391/1 "/>
</bind>
</comp>

<comp id="274" class="1004" name="p_0_0_09_1377_lcssa394_fu_274">
<pin_list>
<pin id="275" dir="0" index="0" bw="1" slack="0"/>
<pin id="276" dir="1" index="1" bw="8" slack="2"/>
</pin_list>
<bind>
<opcode="alloca(26) " fcode="alloca"/>
<opset="p_0_0_09_1377_lcssa394/1 "/>
</bind>
</comp>

<comp id="278" class="1004" name="p_0_0_0_1379_lcssa397_fu_278">
<pin_list>
<pin id="279" dir="0" index="0" bw="1" slack="0"/>
<pin id="280" dir="1" index="1" bw="8" slack="2"/>
</pin_list>
<bind>
<opcode="alloca(26) " fcode="alloca"/>
<opset="p_0_0_0_1379_lcssa397/1 "/>
</bind>
</comp>

<comp id="282" class="1004" name="outpix_fu_282">
<pin_list>
<pin id="283" dir="0" index="0" bw="1" slack="0"/>
<pin id="284" dir="1" index="1" bw="8" slack="2"/>
</pin_list>
<bind>
<opcode="alloca(26) " fcode="alloca"/>
<opset="outpix/1 "/>
</bind>
</comp>

<comp id="286" class="1004" name="outpix_1_fu_286">
<pin_list>
<pin id="287" dir="0" index="0" bw="1" slack="0"/>
<pin id="288" dir="1" index="1" bw="8" slack="2"/>
</pin_list>
<bind>
<opcode="alloca(26) " fcode="alloca"/>
<opset="outpix_1/1 "/>
</bind>
</comp>

<comp id="290" class="1004" name="outpix_2_fu_290">
<pin_list>
<pin id="291" dir="0" index="0" bw="1" slack="0"/>
<pin id="292" dir="1" index="1" bw="8" slack="2"/>
</pin_list>
<bind>
<opcode="alloca(26) " fcode="alloca"/>
<opset="outpix_2/1 "/>
</bind>
</comp>

<comp id="294" class="1004" name="outpix_3_fu_294">
<pin_list>
<pin id="295" dir="0" index="0" bw="1" slack="0"/>
<pin id="296" dir="1" index="1" bw="8" slack="2"/>
</pin_list>
<bind>
<opcode="alloca(26) " fcode="alloca"/>
<opset="outpix_3/1 "/>
</bind>
</comp>

<comp id="298" class="1004" name="outpix_4_fu_298">
<pin_list>
<pin id="299" dir="0" index="0" bw="1" slack="0"/>
<pin id="300" dir="1" index="1" bw="8" slack="2"/>
</pin_list>
<bind>
<opcode="alloca(26) " fcode="alloca"/>
<opset="outpix_4/1 "/>
</bind>
</comp>

<comp id="302" class="1004" name="outpix_5_fu_302">
<pin_list>
<pin id="303" dir="0" index="0" bw="1" slack="0"/>
<pin id="304" dir="1" index="1" bw="8" slack="2"/>
</pin_list>
<bind>
<opcode="alloca(26) " fcode="alloca"/>
<opset="outpix_5/1 "/>
</bind>
</comp>

<comp id="306" class="1004" name="y_fu_306">
<pin_list>
<pin id="307" dir="0" index="0" bw="1" slack="0"/>
<pin id="308" dir="1" index="1" bw="16" slack="0"/>
</pin_list>
<bind>
<opcode="alloca(26) " fcode="alloca"/>
<opset="y/1 "/>
</bind>
</comp>

<comp id="310" class="1004" name="tpgPatternDPColorSquare_unsigned_short_unsigned_short_unsigned_char_unsigned_7_fu_310">
<pin_list>
<pin id="311" dir="0" index="0" bw="1" slack="0"/>
<pin id="312" dir="1" index="1" bw="8" slack="0"/>
</pin_list>
<bind>
<opcode="alloca(26) " fcode="alloca"/>
<opset="tpgPatternDPColorSquare_unsigned_short_unsigned_short_unsigned_char_unsigned_7/1 "/>
</bind>
</comp>

<comp id="314" class="1004" name="tpgPatternDPColorSquare_unsigned_short_unsigned_short_unsigned_char_unsigned_6_fu_314">
<pin_list>
<pin id="315" dir="0" index="0" bw="1" slack="0"/>
<pin id="316" dir="1" index="1" bw="8" slack="0"/>
</pin_list>
<bind>
<opcode="alloca(26) " fcode="alloca"/>
<opset="tpgPatternDPColorSquare_unsigned_short_unsigned_short_unsigned_char_unsigned_6/1 "/>
</bind>
</comp>

<comp id="318" class="1004" name="vBarSel_3_loc_0_fu_318">
<pin_list>
<pin id="319" dir="0" index="0" bw="1" slack="0"/>
<pin id="320" dir="1" index="1" bw="8" slack="0"/>
</pin_list>
<bind>
<opcode="alloca(26) " fcode="alloca"/>
<opset="vBarSel_3_loc_0/1 "/>
</bind>
</comp>

<comp id="322" class="1004" name="rampVal_2_loc_0_fu_322">
<pin_list>
<pin id="323" dir="0" index="0" bw="1" slack="0"/>
<pin id="324" dir="1" index="1" bw="16" slack="0"/>
</pin_list>
<bind>
<opcode="alloca(26) " fcode="alloca"/>
<opset="rampVal_2_loc_0/1 "/>
</bind>
</comp>

<comp id="326" class="1004" name="rampVal_2_new_0_fu_326">
<pin_list>
<pin id="327" dir="0" index="0" bw="1" slack="0"/>
<pin id="328" dir="1" index="1" bw="16" slack="2"/>
</pin_list>
<bind>
<opcode="alloca(26) " fcode="alloca"/>
<opset="rampVal_2_new_0/1 "/>
</bind>
</comp>

<comp id="330" class="1004" name="tpgPatternCheckerBoard_unsigned_short_unsigned_short_unsigned_short_unsigned_7_fu_330">
<pin_list>
<pin id="331" dir="0" index="0" bw="1" slack="0"/>
<pin id="332" dir="1" index="1" bw="8" slack="0"/>
</pin_list>
<bind>
<opcode="alloca(26) " fcode="alloca"/>
<opset="tpgPatternCheckerBoard_unsigned_short_unsigned_short_unsigned_short_unsigned_7/1 "/>
</bind>
</comp>

<comp id="334" class="1004" name="tpgPatternCheckerBoard_unsigned_short_unsigned_short_unsigned_short_unsigned_6_fu_334">
<pin_list>
<pin id="335" dir="0" index="0" bw="1" slack="0"/>
<pin id="336" dir="1" index="1" bw="8" slack="0"/>
</pin_list>
<bind>
<opcode="alloca(26) " fcode="alloca"/>
<opset="tpgPatternCheckerBoard_unsigned_short_unsigned_short_unsigned_short_unsigned_6/1 "/>
</bind>
</comp>

<comp id="338" class="1004" name="vBarSel_2_loc_0_fu_338">
<pin_list>
<pin id="339" dir="0" index="0" bw="1" slack="0"/>
<pin id="340" dir="1" index="1" bw="8" slack="0"/>
</pin_list>
<bind>
<opcode="alloca(26) " fcode="alloca"/>
<opset="vBarSel_2_loc_0/1 "/>
</bind>
</comp>

<comp id="342" class="1004" name="hdata_loc_0_fu_342">
<pin_list>
<pin id="343" dir="0" index="0" bw="1" slack="0"/>
<pin id="344" dir="1" index="1" bw="16" slack="0"/>
</pin_list>
<bind>
<opcode="alloca(26) " fcode="alloca"/>
<opset="hdata_loc_0/1 "/>
</bind>
</comp>

<comp id="346" class="1004" name="hdata_new_0_fu_346">
<pin_list>
<pin id="347" dir="0" index="0" bw="1" slack="0"/>
<pin id="348" dir="1" index="1" bw="16" slack="2"/>
</pin_list>
<bind>
<opcode="alloca(26) " fcode="alloca"/>
<opset="hdata_new_0/1 "/>
</bind>
</comp>

<comp id="350" class="1004" name="tpgPatternTartanColorBars_unsigned_short_unsigned_short_unsigned_short_unsign_7_fu_350">
<pin_list>
<pin id="351" dir="0" index="0" bw="1" slack="0"/>
<pin id="352" dir="1" index="1" bw="8" slack="0"/>
</pin_list>
<bind>
<opcode="alloca(26) " fcode="alloca"/>
<opset="tpgPatternTartanColorBars_unsigned_short_unsigned_short_unsigned_short_unsign_7/1 "/>
</bind>
</comp>

<comp id="354" class="1004" name="tpgPatternTartanColorBars_unsigned_short_unsigned_short_unsigned_short_unsign_6_fu_354">
<pin_list>
<pin id="355" dir="0" index="0" bw="1" slack="0"/>
<pin id="356" dir="1" index="1" bw="8" slack="0"/>
</pin_list>
<bind>
<opcode="alloca(26) " fcode="alloca"/>
<opset="tpgPatternTartanColorBars_unsigned_short_unsigned_short_unsigned_short_unsign_6/1 "/>
</bind>
</comp>

<comp id="358" class="1004" name="vBarSel_loc_0_fu_358">
<pin_list>
<pin id="359" dir="0" index="0" bw="1" slack="0"/>
<pin id="360" dir="1" index="1" bw="8" slack="0"/>
</pin_list>
<bind>
<opcode="alloca(26) " fcode="alloca"/>
<opset="vBarSel_loc_0/1 "/>
</bind>
</comp>

<comp id="362" class="1004" name="zonePlateVAddr_loc_0_fu_362">
<pin_list>
<pin id="363" dir="0" index="0" bw="1" slack="0"/>
<pin id="364" dir="1" index="1" bw="16" slack="0"/>
</pin_list>
<bind>
<opcode="alloca(26) " fcode="alloca"/>
<opset="zonePlateVAddr_loc_0/1 "/>
</bind>
</comp>

<comp id="366" class="1004" name="tpgPatternColorBars_unsigned_short_unsigned_short_unsigned_char_int_hBarSel_8_2_fu_366">
<pin_list>
<pin id="367" dir="0" index="0" bw="1" slack="0"/>
<pin id="368" dir="1" index="1" bw="8" slack="0"/>
</pin_list>
<bind>
<opcode="alloca(26) " fcode="alloca"/>
<opset="tpgPatternColorBars_unsigned_short_unsigned_short_unsigned_char_int_hBarSel_8_2/1 "/>
</bind>
</comp>

<comp id="370" class="1004" name="tpgPatternColorBars_unsigned_short_unsigned_short_unsigned_char_int_hBarSel_l_1_fu_370">
<pin_list>
<pin id="371" dir="0" index="0" bw="1" slack="0"/>
<pin id="372" dir="1" index="1" bw="8" slack="0"/>
</pin_list>
<bind>
<opcode="alloca(26) " fcode="alloca"/>
<opset="tpgPatternColorBars_unsigned_short_unsigned_short_unsigned_char_int_hBarSel_l_1/1 "/>
</bind>
</comp>

<comp id="374" class="1004" name="rampVal_loc_0_fu_374">
<pin_list>
<pin id="375" dir="0" index="0" bw="1" slack="0"/>
<pin id="376" dir="1" index="1" bw="16" slack="0"/>
</pin_list>
<bind>
<opcode="alloca(26) " fcode="alloca"/>
<opset="rampVal_loc_0/1 "/>
</bind>
</comp>

<comp id="378" class="1004" name="rampVal_3_loc_0_fu_378">
<pin_list>
<pin id="379" dir="0" index="0" bw="1" slack="0"/>
<pin id="380" dir="1" index="1" bw="16" slack="0"/>
</pin_list>
<bind>
<opcode="alloca(26) " fcode="alloca"/>
<opset="rampVal_3_loc_0/1 "/>
</bind>
</comp>

<comp id="382" class="1004" name="rampVal_3_new_0_fu_382">
<pin_list>
<pin id="383" dir="0" index="0" bw="1" slack="0"/>
<pin id="384" dir="1" index="1" bw="16" slack="2"/>
</pin_list>
<bind>
<opcode="alloca(26) " fcode="alloca"/>
<opset="rampVal_3_new_0/1 "/>
</bind>
</comp>

<comp id="386" class="1004" name="rampVal_2_flag_1_loc_fu_386">
<pin_list>
<pin id="387" dir="0" index="0" bw="1" slack="0"/>
<pin id="388" dir="1" index="1" bw="1" slack="2"/>
</pin_list>
<bind>
<opcode="alloca(26) " fcode="alloca"/>
<opset="rampVal_2_flag_1_loc/1 "/>
</bind>
</comp>

<comp id="390" class="1004" name="hdata_flag_1_loc_fu_390">
<pin_list>
<pin id="391" dir="0" index="0" bw="1" slack="0"/>
<pin id="392" dir="1" index="1" bw="1" slack="2"/>
</pin_list>
<bind>
<opcode="alloca(26) " fcode="alloca"/>
<opset="hdata_flag_1_loc/1 "/>
</bind>
</comp>

<comp id="394" class="1004" name="rampVal_3_flag_1_loc_fu_394">
<pin_list>
<pin id="395" dir="0" index="0" bw="1" slack="0"/>
<pin id="396" dir="1" index="1" bw="1" slack="2"/>
</pin_list>
<bind>
<opcode="alloca(26) " fcode="alloca"/>
<opset="rampVal_3_flag_1_loc/1 "/>
</bind>
</comp>

<comp id="398" class="1004" name="colorFormat_val_read_read_fu_398">
<pin_list>
<pin id="399" dir="0" index="0" bw="8" slack="0"/>
<pin id="400" dir="0" index="1" bw="8" slack="0"/>
<pin id="401" dir="1" index="2" bw="8" slack="0"/>
</pin_list>
<bind>
<opcode="read(1150) " fcode="read"/>
<opset="colorFormat_val_read/1 "/>
</bind>
</comp>

<comp id="404" class="1004" name="motionSpeed_val_read_read_fu_404">
<pin_list>
<pin id="405" dir="0" index="0" bw="8" slack="0"/>
<pin id="406" dir="0" index="1" bw="8" slack="0"/>
<pin id="407" dir="1" index="2" bw="8" slack="1"/>
</pin_list>
<bind>
<opcode="read(1150) " fcode="read"/>
<opset="motionSpeed_val_read/2 "/>
</bind>
</comp>

<comp id="410" class="1004" name="dpYUVCoef_val_read_read_fu_410">
<pin_list>
<pin id="411" dir="0" index="0" bw="8" slack="0"/>
<pin id="412" dir="0" index="1" bw="8" slack="0"/>
<pin id="413" dir="1" index="2" bw="8" slack="1"/>
</pin_list>
<bind>
<opcode="read(1150) " fcode="read"/>
<opset="dpYUVCoef_val_read/2 "/>
</bind>
</comp>

<comp id="416" class="1004" name="dpDynamicRange_val_read_read_fu_416">
<pin_list>
<pin id="417" dir="0" index="0" bw="8" slack="0"/>
<pin id="418" dir="0" index="1" bw="8" slack="0"/>
<pin id="419" dir="1" index="2" bw="8" slack="1"/>
</pin_list>
<bind>
<opcode="read(1150) " fcode="read"/>
<opset="dpDynamicRange_val_read/2 "/>
</bind>
</comp>

<comp id="422" class="1004" name="ZplateVerContDelta_val_read_read_fu_422">
<pin_list>
<pin id="423" dir="0" index="0" bw="16" slack="0"/>
<pin id="424" dir="0" index="1" bw="16" slack="0"/>
<pin id="425" dir="1" index="2" bw="16" slack="1"/>
</pin_list>
<bind>
<opcode="read(1150) " fcode="read"/>
<opset="ZplateVerContDelta_val_read/2 "/>
</bind>
</comp>

<comp id="428" class="1004" name="ZplateVerContStart_val_read_read_fu_428">
<pin_list>
<pin id="429" dir="0" index="0" bw="16" slack="0"/>
<pin id="430" dir="0" index="1" bw="16" slack="0"/>
<pin id="431" dir="1" index="2" bw="16" slack="1"/>
</pin_list>
<bind>
<opcode="read(1150) " fcode="read"/>
<opset="ZplateVerContStart_val_read/2 "/>
</bind>
</comp>

<comp id="434" class="1004" name="ZplateHorContDelta_val_read_read_fu_434">
<pin_list>
<pin id="435" dir="0" index="0" bw="16" slack="0"/>
<pin id="436" dir="0" index="1" bw="16" slack="0"/>
<pin id="437" dir="1" index="2" bw="16" slack="1"/>
</pin_list>
<bind>
<opcode="read(1150) " fcode="read"/>
<opset="ZplateHorContDelta_val_read/2 "/>
</bind>
</comp>

<comp id="440" class="1004" name="ZplateHorContStart_val_read_read_fu_440">
<pin_list>
<pin id="441" dir="0" index="0" bw="16" slack="0"/>
<pin id="442" dir="0" index="1" bw="16" slack="0"/>
<pin id="443" dir="1" index="2" bw="16" slack="1"/>
</pin_list>
<bind>
<opcode="read(1150) " fcode="read"/>
<opset="ZplateHorContStart_val_read/2 "/>
</bind>
</comp>

<comp id="446" class="1004" name="patternId_val_read_read_fu_446">
<pin_list>
<pin id="447" dir="0" index="0" bw="8" slack="0"/>
<pin id="448" dir="0" index="1" bw="8" slack="0"/>
<pin id="449" dir="1" index="2" bw="8" slack="1"/>
</pin_list>
<bind>
<opcode="read(1150) " fcode="read"/>
<opset="patternId_val_read/2 "/>
</bind>
</comp>

<comp id="452" class="1004" name="enableInput_val_read_read_fu_452">
<pin_list>
<pin id="453" dir="0" index="0" bw="8" slack="0"/>
<pin id="454" dir="0" index="1" bw="8" slack="0"/>
<pin id="455" dir="1" index="2" bw="8" slack="1"/>
</pin_list>
<bind>
<opcode="read(1150) " fcode="read"/>
<opset="enableInput_val_read/2 "/>
</bind>
</comp>

<comp id="458" class="1004" name="passthruEndY_val_read_read_fu_458">
<pin_list>
<pin id="459" dir="0" index="0" bw="16" slack="0"/>
<pin id="460" dir="0" index="1" bw="16" slack="0"/>
<pin id="461" dir="1" index="2" bw="16" slack="1"/>
</pin_list>
<bind>
<opcode="read(1150) " fcode="read"/>
<opset="passthruEndY_val_read/2 "/>
</bind>
</comp>

<comp id="464" class="1004" name="passthruEndX_val_read_read_fu_464">
<pin_list>
<pin id="465" dir="0" index="0" bw="16" slack="0"/>
<pin id="466" dir="0" index="1" bw="16" slack="0"/>
<pin id="467" dir="1" index="2" bw="16" slack="1"/>
</pin_list>
<bind>
<opcode="read(1150) " fcode="read"/>
<opset="passthruEndX_val_read/2 "/>
</bind>
</comp>

<comp id="470" class="1004" name="passthruStartY_val_read_read_fu_470">
<pin_list>
<pin id="471" dir="0" index="0" bw="16" slack="0"/>
<pin id="472" dir="0" index="1" bw="16" slack="0"/>
<pin id="473" dir="1" index="2" bw="16" slack="1"/>
</pin_list>
<bind>
<opcode="read(1150) " fcode="read"/>
<opset="passthruStartY_val_read/2 "/>
</bind>
</comp>

<comp id="476" class="1004" name="passthruStartX_val_read_read_fu_476">
<pin_list>
<pin id="477" dir="0" index="0" bw="16" slack="0"/>
<pin id="478" dir="0" index="1" bw="16" slack="0"/>
<pin id="479" dir="1" index="2" bw="16" slack="1"/>
</pin_list>
<bind>
<opcode="read(1150) " fcode="read"/>
<opset="passthruStartX_val_read/2 "/>
</bind>
</comp>

<comp id="482" class="1004" name="width_val_read_read_fu_482">
<pin_list>
<pin id="483" dir="0" index="0" bw="16" slack="0"/>
<pin id="484" dir="0" index="1" bw="16" slack="0"/>
<pin id="485" dir="1" index="2" bw="16" slack="0"/>
</pin_list>
<bind>
<opcode="read(1150) " fcode="read"/>
<opset="width_val_read/2 "/>
</bind>
</comp>

<comp id="488" class="1004" name="height_val_read_read_fu_488">
<pin_list>
<pin id="489" dir="0" index="0" bw="16" slack="0"/>
<pin id="490" dir="0" index="1" bw="16" slack="0"/>
<pin id="491" dir="1" index="2" bw="16" slack="0"/>
</pin_list>
<bind>
<opcode="read(1150) " fcode="read"/>
<opset="height_val_read/2 "/>
</bind>
</comp>

<comp id="494" class="1004" name="redYuv_addr_gep_fu_494">
<pin_list>
<pin id="495" dir="0" index="0" bw="8" slack="0"/>
<pin id="496" dir="0" index="1" bw="1" slack="0"/>
<pin id="497" dir="0" index="2" bw="3" slack="0"/>
<pin id="498" dir="1" index="3" bw="2" slack="0"/>
</pin_list>
<bind>
<opcode="getelementptr(29) " fcode="getelementptr"/>
<opset="redYuv_addr/1 "/>
</bind>
</comp>

<comp id="501" class="1004" name="grnYuv_addr_gep_fu_501">
<pin_list>
<pin id="502" dir="0" index="0" bw="8" slack="0"/>
<pin id="503" dir="0" index="1" bw="1" slack="0"/>
<pin id="504" dir="0" index="2" bw="3" slack="0"/>
<pin id="505" dir="1" index="3" bw="2" slack="0"/>
</pin_list>
<bind>
<opcode="getelementptr(29) " fcode="getelementptr"/>
<opset="grnYuv_addr/1 "/>
</bind>
</comp>

<comp id="508" class="1004" name="bluYuv_addr_gep_fu_508">
<pin_list>
<pin id="509" dir="0" index="0" bw="8" slack="0"/>
<pin id="510" dir="0" index="1" bw="1" slack="0"/>
<pin id="511" dir="0" index="2" bw="3" slack="0"/>
<pin id="512" dir="1" index="3" bw="2" slack="0"/>
</pin_list>
<bind>
<opcode="getelementptr(29) " fcode="getelementptr"/>
<opset="bluYuv_addr/1 "/>
</bind>
</comp>

<comp id="515" class="1004" name="blkYuv_addr_gep_fu_515">
<pin_list>
<pin id="516" dir="0" index="0" bw="8" slack="0"/>
<pin id="517" dir="0" index="1" bw="1" slack="0"/>
<pin id="518" dir="0" index="2" bw="3" slack="0"/>
<pin id="519" dir="1" index="3" bw="2" slack="0"/>
</pin_list>
<bind>
<opcode="getelementptr(29) " fcode="getelementptr"/>
<opset="blkYuv_addr/1 "/>
</bind>
</comp>

<comp id="522" class="1004" name="whiYuv_addr_gep_fu_522">
<pin_list>
<pin id="523" dir="0" index="0" bw="8" slack="0"/>
<pin id="524" dir="0" index="1" bw="1" slack="0"/>
<pin id="525" dir="0" index="2" bw="3" slack="0"/>
<pin id="526" dir="1" index="3" bw="2" slack="0"/>
</pin_list>
<bind>
<opcode="getelementptr(29) " fcode="getelementptr"/>
<opset="whiYuv_addr/1 "/>
</bind>
</comp>

<comp id="529" class="1004" name="whiYuv_1_addr_gep_fu_529">
<pin_list>
<pin id="530" dir="0" index="0" bw="8" slack="0"/>
<pin id="531" dir="0" index="1" bw="1" slack="0"/>
<pin id="532" dir="0" index="2" bw="3" slack="0"/>
<pin id="533" dir="1" index="3" bw="2" slack="0"/>
</pin_list>
<bind>
<opcode="getelementptr(29) " fcode="getelementptr"/>
<opset="whiYuv_1_addr/1 "/>
</bind>
</comp>

<comp id="536" class="1004" name="blkYuv_1_addr_gep_fu_536">
<pin_list>
<pin id="537" dir="0" index="0" bw="8" slack="0"/>
<pin id="538" dir="0" index="1" bw="1" slack="0"/>
<pin id="539" dir="0" index="2" bw="3" slack="0"/>
<pin id="540" dir="1" index="3" bw="2" slack="0"/>
</pin_list>
<bind>
<opcode="getelementptr(29) " fcode="getelementptr"/>
<opset="blkYuv_1_addr/1 "/>
</bind>
</comp>

<comp id="543" class="1004" name="grp_access_fu_543">
<pin_list>
<pin id="544" dir="0" index="0" bw="2" slack="0"/>
<pin id="545" dir="0" index="1" bw="8" slack="2147483647"/>
<pin id="546" dir="0" index="2" bw="0" slack="2147483647"/>
<pin id="547" dir="1" index="3" bw="8" slack="1"/>
</pin_list>
<bind>
<opcode="load(27) " fcode="load"/>
<opset="redYuv_load/1 "/>
</bind>
</comp>

<comp id="549" class="1004" name="grp_access_fu_549">
<pin_list>
<pin id="550" dir="0" index="0" bw="2" slack="0"/>
<pin id="551" dir="0" index="1" bw="8" slack="2147483647"/>
<pin id="552" dir="0" index="2" bw="0" slack="2147483647"/>
<pin id="553" dir="1" index="3" bw="8" slack="1"/>
</pin_list>
<bind>
<opcode="load(27) " fcode="load"/>
<opset="grnYuv_load/1 "/>
</bind>
</comp>

<comp id="555" class="1004" name="grp_access_fu_555">
<pin_list>
<pin id="556" dir="0" index="0" bw="2" slack="0"/>
<pin id="557" dir="0" index="1" bw="8" slack="2147483647"/>
<pin id="558" dir="0" index="2" bw="0" slack="2147483647"/>
<pin id="559" dir="1" index="3" bw="8" slack="1"/>
</pin_list>
<bind>
<opcode="load(27) " fcode="load"/>
<opset="bluYuv_load/1 "/>
</bind>
</comp>

<comp id="561" class="1004" name="grp_access_fu_561">
<pin_list>
<pin id="562" dir="0" index="0" bw="2" slack="0"/>
<pin id="563" dir="0" index="1" bw="8" slack="2147483647"/>
<pin id="564" dir="0" index="2" bw="0" slack="2147483647"/>
<pin id="565" dir="1" index="3" bw="8" slack="1"/>
</pin_list>
<bind>
<opcode="load(27) " fcode="load"/>
<opset="blkYuv_load/1 "/>
</bind>
</comp>

<comp id="567" class="1004" name="grp_access_fu_567">
<pin_list>
<pin id="568" dir="0" index="0" bw="2" slack="0"/>
<pin id="569" dir="0" index="1" bw="8" slack="2147483647"/>
<pin id="570" dir="0" index="2" bw="0" slack="2147483647"/>
<pin id="571" dir="1" index="3" bw="8" slack="1"/>
</pin_list>
<bind>
<opcode="load(27) " fcode="load"/>
<opset="whiYuv_load/1 "/>
</bind>
</comp>

<comp id="573" class="1004" name="grp_access_fu_573">
<pin_list>
<pin id="574" dir="0" index="0" bw="2" slack="0"/>
<pin id="575" dir="0" index="1" bw="8" slack="2147483647"/>
<pin id="576" dir="0" index="2" bw="0" slack="2147483647"/>
<pin id="577" dir="1" index="3" bw="8" slack="1"/>
</pin_list>
<bind>
<opcode="load(27) " fcode="load"/>
<opset="whiYuv_1_load/1 "/>
</bind>
</comp>

<comp id="579" class="1004" name="grp_access_fu_579">
<pin_list>
<pin id="580" dir="0" index="0" bw="2" slack="0"/>
<pin id="581" dir="0" index="1" bw="8" slack="2147483647"/>
<pin id="582" dir="0" index="2" bw="0" slack="2147483647"/>
<pin id="583" dir="1" index="3" bw="8" slack="1"/>
</pin_list>
<bind>
<opcode="load(27) " fcode="load"/>
<opset="blkYuv_1_load/1 "/>
</bind>
</comp>

<comp id="585" class="1005" name="rampVal_3_flag_0_reg_585">
<pin_list>
<pin id="586" dir="0" index="0" bw="1" slack="1"/>
<pin id="587" dir="1" index="1" bw="1" slack="1"/>
</pin_list>
<bind>
<opset="rampVal_3_flag_0 (phireg) "/>
</bind>
</comp>

<comp id="589" class="1004" name="rampVal_3_flag_0_phi_fu_589">
<pin_list>
<pin id="590" dir="0" index="0" bw="1" slack="1"/>
<pin id="591" dir="0" index="1" bw="0" slack="2147483647"/>
<pin id="592" dir="0" index="2" bw="1" slack="2147483647"/>
<pin id="593" dir="0" index="3" bw="0" slack="2147483647"/>
<pin id="594" dir="1" index="4" bw="1" slack="0"/>
</pin_list>
<bind>
<opcode="phi(47) " fcode="phi"/>
<opset="rampVal_3_flag_0/3 "/>
</bind>
</comp>

<comp id="597" class="1005" name="hdata_flag_0_reg_597">
<pin_list>
<pin id="598" dir="0" index="0" bw="1" slack="1"/>
<pin id="599" dir="1" index="1" bw="1" slack="1"/>
</pin_list>
<bind>
<opset="hdata_flag_0 (phireg) "/>
</bind>
</comp>

<comp id="601" class="1004" name="hdata_flag_0_phi_fu_601">
<pin_list>
<pin id="602" dir="0" index="0" bw="1" slack="1"/>
<pin id="603" dir="0" index="1" bw="0" slack="2147483647"/>
<pin id="604" dir="0" index="2" bw="1" slack="2147483647"/>
<pin id="605" dir="0" index="3" bw="0" slack="2147483647"/>
<pin id="606" dir="1" index="4" bw="1" slack="0"/>
</pin_list>
<bind>
<opcode="phi(47) " fcode="phi"/>
<opset="hdata_flag_0/3 "/>
</bind>
</comp>

<comp id="609" class="1005" name="rampVal_2_flag_0_reg_609">
<pin_list>
<pin id="610" dir="0" index="0" bw="1" slack="1"/>
<pin id="611" dir="1" index="1" bw="1" slack="1"/>
</pin_list>
<bind>
<opset="rampVal_2_flag_0 (phireg) "/>
</bind>
</comp>

<comp id="613" class="1004" name="rampVal_2_flag_0_phi_fu_613">
<pin_list>
<pin id="614" dir="0" index="0" bw="1" slack="1"/>
<pin id="615" dir="0" index="1" bw="0" slack="2147483647"/>
<pin id="616" dir="0" index="2" bw="1" slack="2147483647"/>
<pin id="617" dir="0" index="3" bw="0" slack="2147483647"/>
<pin id="618" dir="1" index="4" bw="1" slack="0"/>
</pin_list>
<bind>
<opcode="phi(47) " fcode="phi"/>
<opset="rampVal_2_flag_0/3 "/>
</bind>
</comp>

<comp id="621" class="1004" name="grp_tpgBackground_Pipeline_VITIS_LOOP_565_2_fu_621">
<pin_list>
<pin id="622" dir="0" index="0" bw="0" slack="0"/>
<pin id="623" dir="0" index="1" bw="1" slack="0"/>
<pin id="624" dir="0" index="2" bw="1" slack="0"/>
<pin id="625" dir="0" index="3" bw="1" slack="0"/>
<pin id="626" dir="0" index="4" bw="8" slack="1"/>
<pin id="627" dir="0" index="5" bw="8" slack="2"/>
<pin id="628" dir="0" index="6" bw="8" slack="1"/>
<pin id="629" dir="0" index="7" bw="7" slack="2"/>
<pin id="630" dir="0" index="8" bw="2" slack="0"/>
<pin id="631" dir="0" index="9" bw="16" slack="0"/>
<pin id="632" dir="0" index="10" bw="11" slack="1"/>
<pin id="633" dir="0" index="11" bw="8" slack="1"/>
<pin id="634" dir="0" index="12" bw="16" slack="1"/>
<pin id="635" dir="0" index="13" bw="8" slack="1"/>
<pin id="636" dir="0" index="14" bw="8" slack="1"/>
<pin id="637" dir="0" index="15" bw="8" slack="1"/>
<pin id="638" dir="0" index="16" bw="8" slack="2"/>
<pin id="639" dir="0" index="17" bw="16" slack="1"/>
<pin id="640" dir="0" index="18" bw="16" slack="1"/>
<pin id="641" dir="0" index="19" bw="1" slack="0"/>
<pin id="642" dir="0" index="20" bw="1" slack="0"/>
<pin id="643" dir="0" index="21" bw="16" slack="1"/>
<pin id="644" dir="0" index="22" bw="16" slack="1"/>
<pin id="645" dir="0" index="23" bw="48" slack="0"/>
<pin id="646" dir="0" index="24" bw="8" slack="1"/>
<pin id="647" dir="0" index="25" bw="48" slack="0"/>
<pin id="648" dir="0" index="26" bw="8" slack="2"/>
<pin id="649" dir="0" index="27" bw="8" slack="1"/>
<pin id="650" dir="0" index="28" bw="8" slack="1"/>
<pin id="651" dir="0" index="29" bw="8" slack="1"/>
<pin id="652" dir="0" index="30" bw="8" slack="1"/>
<pin id="653" dir="0" index="31" bw="8" slack="1"/>
<pin id="654" dir="0" index="32" bw="8" slack="1"/>
<pin id="655" dir="0" index="33" bw="16" slack="1"/>
<pin id="656" dir="0" index="34" bw="16" slack="1"/>
<pin id="657" dir="0" index="35" bw="16" slack="1"/>
<pin id="658" dir="0" index="36" bw="16" slack="1"/>
<pin id="659" dir="0" index="37" bw="1" slack="0"/>
<pin id="660" dir="0" index="38" bw="16" slack="1"/>
<pin id="661" dir="0" index="39" bw="10" slack="1"/>
<pin id="662" dir="0" index="40" bw="11" slack="1"/>
<pin id="663" dir="0" index="41" bw="8" slack="1"/>
<pin id="664" dir="0" index="42" bw="17" slack="1"/>
<pin id="665" dir="0" index="43" bw="1" slack="0"/>
<pin id="666" dir="0" index="44" bw="8" slack="1"/>
<pin id="667" dir="0" index="45" bw="8" slack="0"/>
<pin id="668" dir="0" index="46" bw="1" slack="2"/>
<pin id="669" dir="0" index="47" bw="16" slack="2"/>
<pin id="670" dir="0" index="48" bw="16" slack="2"/>
<pin id="671" dir="0" index="49" bw="16" slack="2"/>
<pin id="672" dir="0" index="50" bw="8" slack="2"/>
<pin id="673" dir="0" index="51" bw="8" slack="2"/>
<pin id="674" dir="0" index="52" bw="16" slack="2"/>
<pin id="675" dir="0" index="53" bw="8" slack="2"/>
<pin id="676" dir="0" index="54" bw="8" slack="2"/>
<pin id="677" dir="0" index="55" bw="8" slack="2"/>
<pin id="678" dir="0" index="56" bw="1" slack="2"/>
<pin id="679" dir="0" index="57" bw="16" slack="2"/>
<pin id="680" dir="0" index="58" bw="16" slack="2"/>
<pin id="681" dir="0" index="59" bw="8" slack="2"/>
<pin id="682" dir="0" index="60" bw="8" slack="2"/>
<pin id="683" dir="0" index="61" bw="8" slack="2"/>
<pin id="684" dir="0" index="62" bw="1" slack="2"/>
<pin id="685" dir="0" index="63" bw="16" slack="2"/>
<pin id="686" dir="0" index="64" bw="16" slack="2"/>
<pin id="687" dir="0" index="65" bw="8" slack="2"/>
<pin id="688" dir="0" index="66" bw="8" slack="2"/>
<pin id="689" dir="0" index="67" bw="8" slack="2"/>
<pin id="690" dir="0" index="68" bw="8" slack="2"/>
<pin id="691" dir="0" index="69" bw="8" slack="2"/>
<pin id="692" dir="0" index="70" bw="8" slack="2"/>
<pin id="693" dir="0" index="71" bw="8" slack="2"/>
<pin id="694" dir="0" index="72" bw="8" slack="2"/>
<pin id="695" dir="0" index="73" bw="8" slack="2"/>
<pin id="696" dir="0" index="74" bw="8" slack="2"/>
<pin id="697" dir="0" index="75" bw="8" slack="2"/>
<pin id="698" dir="0" index="76" bw="8" slack="2"/>
<pin id="699" dir="0" index="77" bw="8" slack="2"/>
<pin id="700" dir="0" index="78" bw="8" slack="2"/>
<pin id="701" dir="0" index="79" bw="8" slack="2"/>
<pin id="702" dir="0" index="80" bw="8" slack="0"/>
<pin id="703" dir="0" index="81" bw="8" slack="0"/>
<pin id="704" dir="0" index="82" bw="8" slack="0"/>
<pin id="705" dir="0" index="83" bw="8" slack="0"/>
<pin id="706" dir="0" index="84" bw="11" slack="0"/>
<pin id="707" dir="0" index="85" bw="8" slack="0"/>
<pin id="708" dir="0" index="86" bw="2" slack="0"/>
<pin id="709" dir="0" index="87" bw="2" slack="0"/>
<pin id="710" dir="0" index="88" bw="2" slack="0"/>
<pin id="711" dir="0" index="89" bw="8" slack="0"/>
<pin id="712" dir="0" index="90" bw="11" slack="0"/>
<pin id="713" dir="0" index="91" bw="20" slack="0"/>
<pin id="714" dir="0" index="92" bw="16" slack="0"/>
<pin id="715" dir="0" index="93" bw="16" slack="0"/>
<pin id="716" dir="0" index="94" bw="3" slack="0"/>
<pin id="717" dir="0" index="95" bw="10" slack="0"/>
<pin id="718" dir="0" index="96" bw="3" slack="0"/>
<pin id="719" dir="0" index="97" bw="3" slack="0"/>
<pin id="720" dir="0" index="98" bw="10" slack="0"/>
<pin id="721" dir="0" index="99" bw="10" slack="0"/>
<pin id="722" dir="0" index="100" bw="3" slack="0"/>
<pin id="723" dir="0" index="101" bw="10" slack="0"/>
<pin id="724" dir="0" index="102" bw="10" slack="0"/>
<pin id="725" dir="0" index="103" bw="1" slack="0"/>
<pin id="726" dir="0" index="104" bw="10" slack="0"/>
<pin id="727" dir="0" index="105" bw="8" slack="0"/>
<pin id="728" dir="0" index="106" bw="8" slack="0"/>
<pin id="729" dir="0" index="107" bw="9" slack="0"/>
<pin id="730" dir="0" index="108" bw="2" slack="0"/>
<pin id="731" dir="0" index="109" bw="10" slack="0"/>
<pin id="732" dir="0" index="110" bw="3" slack="0"/>
<pin id="733" dir="0" index="111" bw="3" slack="0"/>
<pin id="734" dir="0" index="112" bw="10" slack="0"/>
<pin id="735" dir="0" index="113" bw="10" slack="0"/>
<pin id="736" dir="0" index="114" bw="8" slack="0"/>
<pin id="737" dir="0" index="115" bw="28" slack="0"/>
<pin id="738" dir="0" index="116" bw="28" slack="0"/>
<pin id="739" dir="0" index="117" bw="28" slack="0"/>
<pin id="740" dir="0" index="118" bw="8" slack="0"/>
<pin id="741" dir="0" index="119" bw="8" slack="0"/>
<pin id="742" dir="0" index="120" bw="8" slack="0"/>
<pin id="743" dir="0" index="121" bw="3" slack="0"/>
<pin id="744" dir="0" index="122" bw="10" slack="0"/>
<pin id="745" dir="0" index="123" bw="3" slack="0"/>
<pin id="746" dir="0" index="124" bw="2" slack="0"/>
<pin id="747" dir="0" index="125" bw="2" slack="0"/>
<pin id="748" dir="0" index="126" bw="2" slack="0"/>
<pin id="749" dir="0" index="127" bw="6" slack="0"/>
<pin id="750" dir="0" index="128" bw="6" slack="0"/>
<pin id="751" dir="0" index="129" bw="6" slack="0"/>
<pin id="752" dir="0" index="130" bw="8" slack="0"/>
<pin id="753" dir="0" index="131" bw="8" slack="0"/>
<pin id="754" dir="0" index="132" bw="8" slack="0"/>
<pin id="755" dir="0" index="133" bw="3" slack="0"/>
<pin id="756" dir="0" index="134" bw="10" slack="0"/>
<pin id="757" dir="0" index="135" bw="6" slack="0"/>
<pin id="758" dir="0" index="136" bw="1" slack="0"/>
<pin id="759" dir="1" index="137" bw="0" slack="2147483647"/>
</pin_list>
<bind>
<opcode="call(48) " fcode="call"/>
<opset="call_ln1862/3 "/>
</bind>
</comp>

<comp id="823" class="1004" name="icmp_ln1144_fu_823">
<pin_list>
<pin id="824" dir="0" index="0" bw="8" slack="0"/>
<pin id="825" dir="0" index="1" bw="8" slack="0"/>
<pin id="826" dir="1" index="2" bw="1" slack="0"/>
</pin_list>
<bind>
<opcode="icmp(45) " fcode="icmp"/>
<opset="icmp_ln1144/1 "/>
</bind>
</comp>

<comp id="829" class="1004" name="tmp_fu_829">
<pin_list>
<pin id="830" dir="0" index="0" bw="7" slack="0"/>
<pin id="831" dir="0" index="1" bw="8" slack="0"/>
<pin id="832" dir="0" index="2" bw="1" slack="0"/>
<pin id="833" dir="0" index="3" bw="4" slack="0"/>
<pin id="834" dir="1" index="4" bw="7" slack="2"/>
</pin_list>
<bind>
<opcode="partselect(1002) " fcode="partselect"/>
<opset="tmp/1 "/>
</bind>
</comp>

<comp id="839" class="1004" name="select_ln1144_fu_839">
<pin_list>
<pin id="840" dir="0" index="0" bw="1" slack="0"/>
<pin id="841" dir="0" index="1" bw="64" slack="0"/>
<pin id="842" dir="0" index="2" bw="64" slack="0"/>
<pin id="843" dir="1" index="3" bw="64" slack="0"/>
</pin_list>
<bind>
<opcode="select(49) " fcode="select"/>
<opset="select_ln1144/1 "/>
</bind>
</comp>

<comp id="854" class="1004" name="rampVal_1_load_load_fu_854">
<pin_list>
<pin id="855" dir="0" index="0" bw="16" slack="0"/>
<pin id="856" dir="1" index="1" bw="16" slack="0"/>
</pin_list>
<bind>
<opcode="load(27) " fcode="load"/>
<opset="rampVal_1_load/1 "/>
</bind>
</comp>

<comp id="858" class="1004" name="rampVal_load_load_fu_858">
<pin_list>
<pin id="859" dir="0" index="0" bw="8" slack="0"/>
<pin id="860" dir="1" index="1" bw="8" slack="0"/>
</pin_list>
<bind>
<opcode="load(27) " fcode="load"/>
<opset="rampVal_load/1 "/>
</bind>
</comp>

<comp id="862" class="1004" name="zext_ln1257_fu_862">
<pin_list>
<pin id="863" dir="0" index="0" bw="8" slack="0"/>
<pin id="864" dir="1" index="1" bw="16" slack="0"/>
</pin_list>
<bind>
<opcode="zext(34) " fcode="zext"/>
<opset="zext_ln1257/1 "/>
</bind>
</comp>

<comp id="866" class="1004" name="tpgPatternColorBars_unsigned_short_unsigned_short_unsigned_char_int_hBarSel_l_load_fu_866">
<pin_list>
<pin id="867" dir="0" index="0" bw="8" slack="0"/>
<pin id="868" dir="1" index="1" bw="8" slack="0"/>
</pin_list>
<bind>
<opcode="load(27) " fcode="load"/>
<opset="tpgPatternColorBars_unsigned_short_unsigned_short_unsigned_char_int_hBarSel_l/1 "/>
</bind>
</comp>

<comp id="870" class="1004" name="tpgPatternColorBars_unsigned_short_unsigned_short_unsigned_char_int_hBarSel_8_3_load_fu_870">
<pin_list>
<pin id="871" dir="0" index="0" bw="8" slack="0"/>
<pin id="872" dir="1" index="1" bw="8" slack="0"/>
</pin_list>
<bind>
<opcode="load(27) " fcode="load"/>
<opset="tpgPatternColorBars_unsigned_short_unsigned_short_unsigned_char_int_hBarSel_8_3/1 "/>
</bind>
</comp>

<comp id="874" class="1004" name="zonePlateVAddr_load_load_fu_874">
<pin_list>
<pin id="875" dir="0" index="0" bw="16" slack="0"/>
<pin id="876" dir="1" index="1" bw="16" slack="0"/>
</pin_list>
<bind>
<opcode="load(27) " fcode="load"/>
<opset="zonePlateVAddr_load/1 "/>
</bind>
</comp>

<comp id="878" class="1004" name="vBarSel_load_load_fu_878">
<pin_list>
<pin id="879" dir="0" index="0" bw="3" slack="0"/>
<pin id="880" dir="1" index="1" bw="3" slack="0"/>
</pin_list>
<bind>
<opcode="load(27) " fcode="load"/>
<opset="vBarSel_load/1 "/>
</bind>
</comp>

<comp id="882" class="1004" name="zext_ln1412_fu_882">
<pin_list>
<pin id="883" dir="0" index="0" bw="3" slack="0"/>
<pin id="884" dir="1" index="1" bw="8" slack="0"/>
</pin_list>
<bind>
<opcode="zext(34) " fcode="zext"/>
<opset="zext_ln1412/1 "/>
</bind>
</comp>

<comp id="886" class="1004" name="tpgPatternTartanColorBars_unsigned_short_unsigned_short_unsigned_short_unsign_10_load_fu_886">
<pin_list>
<pin id="887" dir="0" index="0" bw="3" slack="0"/>
<pin id="888" dir="1" index="1" bw="3" slack="0"/>
</pin_list>
<bind>
<opcode="load(27) " fcode="load"/>
<opset="tpgPatternTartanColorBars_unsigned_short_unsigned_short_unsigned_short_unsign_10/1 "/>
</bind>
</comp>

<comp id="890" class="1004" name="zext_ln1412_1_fu_890">
<pin_list>
<pin id="891" dir="0" index="0" bw="3" slack="0"/>
<pin id="892" dir="1" index="1" bw="8" slack="0"/>
</pin_list>
<bind>
<opcode="zext(34) " fcode="zext"/>
<opset="zext_ln1412_1/1 "/>
</bind>
</comp>

<comp id="894" class="1004" name="tpgPatternTartanColorBars_unsigned_short_unsigned_short_unsigned_short_unsign_11_load_fu_894">
<pin_list>
<pin id="895" dir="0" index="0" bw="3" slack="0"/>
<pin id="896" dir="1" index="1" bw="3" slack="0"/>
</pin_list>
<bind>
<opcode="load(27) " fcode="load"/>
<opset="tpgPatternTartanColorBars_unsigned_short_unsigned_short_unsigned_short_unsign_11/1 "/>
</bind>
</comp>

<comp id="898" class="1004" name="zext_ln1545_fu_898">
<pin_list>
<pin id="899" dir="0" index="0" bw="3" slack="0"/>
<pin id="900" dir="1" index="1" bw="8" slack="0"/>
</pin_list>
<bind>
<opcode="zext(34) " fcode="zext"/>
<opset="zext_ln1545/1 "/>
</bind>
</comp>

<comp id="902" class="1004" name="hdata_load_load_fu_902">
<pin_list>
<pin id="903" dir="0" index="0" bw="16" slack="0"/>
<pin id="904" dir="1" index="1" bw="16" slack="0"/>
</pin_list>
<bind>
<opcode="load(27) " fcode="load"/>
<opset="hdata_load/1 "/>
</bind>
</comp>

<comp id="906" class="1004" name="vBarSel_2_load_load_fu_906">
<pin_list>
<pin id="907" dir="0" index="0" bw="8" slack="0"/>
<pin id="908" dir="1" index="1" bw="8" slack="0"/>
</pin_list>
<bind>
<opcode="load(27) " fcode="load"/>
<opset="vBarSel_2_load/1 "/>
</bind>
</comp>

<comp id="910" class="1004" name="tpgPatternCheckerBoard_unsigned_short_unsigned_short_unsigned_short_unsigned_10_load_fu_910">
<pin_list>
<pin id="911" dir="0" index="0" bw="3" slack="0"/>
<pin id="912" dir="1" index="1" bw="3" slack="0"/>
</pin_list>
<bind>
<opcode="load(27) " fcode="load"/>
<opset="tpgPatternCheckerBoard_unsigned_short_unsigned_short_unsigned_short_unsigned_10/1 "/>
</bind>
</comp>

<comp id="914" class="1004" name="zext_ln1593_fu_914">
<pin_list>
<pin id="915" dir="0" index="0" bw="3" slack="0"/>
<pin id="916" dir="1" index="1" bw="8" slack="0"/>
</pin_list>
<bind>
<opcode="zext(34) " fcode="zext"/>
<opset="zext_ln1593/1 "/>
</bind>
</comp>

<comp id="918" class="1004" name="tpgPatternCheckerBoard_unsigned_short_unsigned_short_unsigned_short_unsigned_11_load_fu_918">
<pin_list>
<pin id="919" dir="0" index="0" bw="3" slack="0"/>
<pin id="920" dir="1" index="1" bw="3" slack="0"/>
</pin_list>
<bind>
<opcode="load(27) " fcode="load"/>
<opset="tpgPatternCheckerBoard_unsigned_short_unsigned_short_unsigned_short_unsigned_11/1 "/>
</bind>
</comp>

<comp id="922" class="1004" name="zext_ln1664_fu_922">
<pin_list>
<pin id="923" dir="0" index="0" bw="3" slack="0"/>
<pin id="924" dir="1" index="1" bw="8" slack="0"/>
</pin_list>
<bind>
<opcode="zext(34) " fcode="zext"/>
<opset="zext_ln1664/1 "/>
</bind>
</comp>

<comp id="926" class="1004" name="rampVal_2_load_load_fu_926">
<pin_list>
<pin id="927" dir="0" index="0" bw="16" slack="0"/>
<pin id="928" dir="1" index="1" bw="16" slack="0"/>
</pin_list>
<bind>
<opcode="load(27) " fcode="load"/>
<opset="rampVal_2_load/1 "/>
</bind>
</comp>

<comp id="930" class="1004" name="vBarSel_1_load_load_fu_930">
<pin_list>
<pin id="931" dir="0" index="0" bw="1" slack="0"/>
<pin id="932" dir="1" index="1" bw="1" slack="0"/>
</pin_list>
<bind>
<opcode="load(27) " fcode="load"/>
<opset="vBarSel_1_load/1 "/>
</bind>
</comp>

<comp id="934" class="1004" name="zext_ln1775_fu_934">
<pin_list>
<pin id="935" dir="0" index="0" bw="1" slack="0"/>
<pin id="936" dir="1" index="1" bw="8" slack="0"/>
</pin_list>
<bind>
<opcode="zext(34) " fcode="zext"/>
<opset="zext_ln1775/1 "/>
</bind>
</comp>

<comp id="938" class="1004" name="tpgPatternDPColorSquare_unsigned_short_unsigned_short_unsigned_char_unsigned_10_load_fu_938">
<pin_list>
<pin id="939" dir="0" index="0" bw="3" slack="0"/>
<pin id="940" dir="1" index="1" bw="3" slack="0"/>
</pin_list>
<bind>
<opcode="load(27) " fcode="load"/>
<opset="tpgPatternDPColorSquare_unsigned_short_unsigned_short_unsigned_char_unsigned_10/1 "/>
</bind>
</comp>

<comp id="942" class="1004" name="zext_ln1775_1_fu_942">
<pin_list>
<pin id="943" dir="0" index="0" bw="3" slack="0"/>
<pin id="944" dir="1" index="1" bw="8" slack="0"/>
</pin_list>
<bind>
<opcode="zext(34) " fcode="zext"/>
<opset="zext_ln1775_1/1 "/>
</bind>
</comp>

<comp id="946" class="1004" name="tpgPatternDPColorSquare_unsigned_short_unsigned_short_unsigned_char_unsigned_11_load_fu_946">
<pin_list>
<pin id="947" dir="0" index="0" bw="3" slack="0"/>
<pin id="948" dir="1" index="1" bw="3" slack="0"/>
</pin_list>
<bind>
<opcode="load(27) " fcode="load"/>
<opset="tpgPatternDPColorSquare_unsigned_short_unsigned_short_unsigned_char_unsigned_11/1 "/>
</bind>
</comp>

<comp id="950" class="1004" name="zext_ln563_fu_950">
<pin_list>
<pin id="951" dir="0" index="0" bw="3" slack="0"/>
<pin id="952" dir="1" index="1" bw="8" slack="0"/>
</pin_list>
<bind>
<opcode="zext(34) " fcode="zext"/>
<opset="zext_ln563/1 "/>
</bind>
</comp>

<comp id="954" class="1004" name="store_ln1084_store_fu_954">
<pin_list>
<pin id="955" dir="0" index="0" bw="16" slack="0"/>
<pin id="956" dir="0" index="1" bw="16" slack="0"/>
<pin id="957" dir="1" index="2" bw="0" slack="2147483647"/>
</pin_list>
<bind>
<opcode="store(28) " fcode="store"/>
<opset="store_ln1084/1 "/>
</bind>
</comp>

<comp id="959" class="1004" name="store_ln1257_store_fu_959">
<pin_list>
<pin id="960" dir="0" index="0" bw="8" slack="0"/>
<pin id="961" dir="0" index="1" bw="16" slack="0"/>
<pin id="962" dir="1" index="2" bw="0" slack="2147483647"/>
</pin_list>
<bind>
<opcode="store(28) " fcode="store"/>
<opset="store_ln1257/1 "/>
</bind>
</comp>

<comp id="964" class="1004" name="store_ln1257_store_fu_964">
<pin_list>
<pin id="965" dir="0" index="0" bw="8" slack="0"/>
<pin id="966" dir="0" index="1" bw="8" slack="0"/>
<pin id="967" dir="1" index="2" bw="0" slack="2147483647"/>
</pin_list>
<bind>
<opcode="store(28) " fcode="store"/>
<opset="store_ln1257/1 "/>
</bind>
</comp>

<comp id="969" class="1004" name="store_ln1257_store_fu_969">
<pin_list>
<pin id="970" dir="0" index="0" bw="8" slack="0"/>
<pin id="971" dir="0" index="1" bw="8" slack="0"/>
<pin id="972" dir="1" index="2" bw="0" slack="2147483647"/>
</pin_list>
<bind>
<opcode="store(28) " fcode="store"/>
<opset="store_ln1257/1 "/>
</bind>
</comp>

<comp id="974" class="1004" name="store_ln1341_store_fu_974">
<pin_list>
<pin id="975" dir="0" index="0" bw="16" slack="0"/>
<pin id="976" dir="0" index="1" bw="16" slack="0"/>
<pin id="977" dir="1" index="2" bw="0" slack="2147483647"/>
</pin_list>
<bind>
<opcode="store(28) " fcode="store"/>
<opset="store_ln1341/1 "/>
</bind>
</comp>

<comp id="979" class="1004" name="store_ln1412_store_fu_979">
<pin_list>
<pin id="980" dir="0" index="0" bw="3" slack="0"/>
<pin id="981" dir="0" index="1" bw="8" slack="0"/>
<pin id="982" dir="1" index="2" bw="0" slack="2147483647"/>
</pin_list>
<bind>
<opcode="store(28) " fcode="store"/>
<opset="store_ln1412/1 "/>
</bind>
</comp>

<comp id="984" class="1004" name="store_ln1412_store_fu_984">
<pin_list>
<pin id="985" dir="0" index="0" bw="3" slack="0"/>
<pin id="986" dir="0" index="1" bw="8" slack="0"/>
<pin id="987" dir="1" index="2" bw="0" slack="2147483647"/>
</pin_list>
<bind>
<opcode="store(28) " fcode="store"/>
<opset="store_ln1412/1 "/>
</bind>
</comp>

<comp id="989" class="1004" name="store_ln1545_store_fu_989">
<pin_list>
<pin id="990" dir="0" index="0" bw="3" slack="0"/>
<pin id="991" dir="0" index="1" bw="8" slack="0"/>
<pin id="992" dir="1" index="2" bw="0" slack="2147483647"/>
</pin_list>
<bind>
<opcode="store(28) " fcode="store"/>
<opset="store_ln1545/1 "/>
</bind>
</comp>

<comp id="994" class="1004" name="store_ln1545_store_fu_994">
<pin_list>
<pin id="995" dir="0" index="0" bw="16" slack="0"/>
<pin id="996" dir="0" index="1" bw="16" slack="0"/>
<pin id="997" dir="1" index="2" bw="0" slack="2147483647"/>
</pin_list>
<bind>
<opcode="store(28) " fcode="store"/>
<opset="store_ln1545/1 "/>
</bind>
</comp>

<comp id="999" class="1004" name="store_ln1575_store_fu_999">
<pin_list>
<pin id="1000" dir="0" index="0" bw="8" slack="0"/>
<pin id="1001" dir="0" index="1" bw="8" slack="0"/>
<pin id="1002" dir="1" index="2" bw="0" slack="2147483647"/>
</pin_list>
<bind>
<opcode="store(28) " fcode="store"/>
<opset="store_ln1575/1 "/>
</bind>
</comp>

<comp id="1004" class="1004" name="store_ln1593_store_fu_1004">
<pin_list>
<pin id="1005" dir="0" index="0" bw="3" slack="0"/>
<pin id="1006" dir="0" index="1" bw="8" slack="0"/>
<pin id="1007" dir="1" index="2" bw="0" slack="2147483647"/>
</pin_list>
<bind>
<opcode="store(28) " fcode="store"/>
<opset="store_ln1593/1 "/>
</bind>
</comp>

<comp id="1009" class="1004" name="store_ln1664_store_fu_1009">
<pin_list>
<pin id="1010" dir="0" index="0" bw="3" slack="0"/>
<pin id="1011" dir="0" index="1" bw="8" slack="0"/>
<pin id="1012" dir="1" index="2" bw="0" slack="2147483647"/>
</pin_list>
<bind>
<opcode="store(28) " fcode="store"/>
<opset="store_ln1664/1 "/>
</bind>
</comp>

<comp id="1014" class="1004" name="store_ln1664_store_fu_1014">
<pin_list>
<pin id="1015" dir="0" index="0" bw="16" slack="0"/>
<pin id="1016" dir="0" index="1" bw="16" slack="0"/>
<pin id="1017" dir="1" index="2" bw="0" slack="2147483647"/>
</pin_list>
<bind>
<opcode="store(28) " fcode="store"/>
<opset="store_ln1664/1 "/>
</bind>
</comp>

<comp id="1019" class="1004" name="store_ln1775_store_fu_1019">
<pin_list>
<pin id="1020" dir="0" index="0" bw="1" slack="0"/>
<pin id="1021" dir="0" index="1" bw="8" slack="0"/>
<pin id="1022" dir="1" index="2" bw="0" slack="2147483647"/>
</pin_list>
<bind>
<opcode="store(28) " fcode="store"/>
<opset="store_ln1775/1 "/>
</bind>
</comp>

<comp id="1024" class="1004" name="store_ln1775_store_fu_1024">
<pin_list>
<pin id="1025" dir="0" index="0" bw="3" slack="0"/>
<pin id="1026" dir="0" index="1" bw="8" slack="0"/>
<pin id="1027" dir="1" index="2" bw="0" slack="2147483647"/>
</pin_list>
<bind>
<opcode="store(28) " fcode="store"/>
<opset="store_ln1775/1 "/>
</bind>
</comp>

<comp id="1029" class="1004" name="store_ln563_store_fu_1029">
<pin_list>
<pin id="1030" dir="0" index="0" bw="3" slack="0"/>
<pin id="1031" dir="0" index="1" bw="8" slack="0"/>
<pin id="1032" dir="1" index="2" bw="0" slack="2147483647"/>
</pin_list>
<bind>
<opcode="store(28) " fcode="store"/>
<opset="store_ln563/1 "/>
</bind>
</comp>

<comp id="1034" class="1004" name="store_ln549_store_fu_1034">
<pin_list>
<pin id="1035" dir="0" index="0" bw="1" slack="0"/>
<pin id="1036" dir="0" index="1" bw="16" slack="0"/>
<pin id="1037" dir="1" index="2" bw="0" slack="2147483647"/>
</pin_list>
<bind>
<opcode="store(28) " fcode="store"/>
<opset="store_ln549/1 "/>
</bind>
</comp>

<comp id="1039" class="1004" name="zext_ln1122_fu_1039">
<pin_list>
<pin id="1040" dir="0" index="0" bw="16" slack="0"/>
<pin id="1041" dir="1" index="1" bw="17" slack="0"/>
</pin_list>
<bind>
<opcode="zext(34) " fcode="zext"/>
<opset="zext_ln1122/2 "/>
</bind>
</comp>

<comp id="1043" class="1004" name="trunc_ln1122_fu_1043">
<pin_list>
<pin id="1044" dir="0" index="0" bw="16" slack="0"/>
<pin id="1045" dir="1" index="1" bw="14" slack="0"/>
</pin_list>
<bind>
<opcode="trunc(33) " fcode="trunc"/>
<opset="trunc_ln1122/2 "/>
</bind>
</comp>

<comp id="1047" class="1004" name="icmp_ln1122_fu_1047">
<pin_list>
<pin id="1048" dir="0" index="0" bw="8" slack="1"/>
<pin id="1049" dir="0" index="1" bw="8" slack="0"/>
<pin id="1050" dir="1" index="2" bw="1" slack="0"/>
</pin_list>
<bind>
<opcode="icmp(45) " fcode="icmp"/>
<opset="icmp_ln1122/2 "/>
</bind>
</comp>

<comp id="1052" class="1004" name="zext_ln1120_fu_1052">
<pin_list>
<pin id="1053" dir="0" index="0" bw="16" slack="0"/>
<pin id="1054" dir="1" index="1" bw="17" slack="0"/>
</pin_list>
<bind>
<opcode="zext(34) " fcode="zext"/>
<opset="zext_ln1120/2 "/>
</bind>
</comp>

<comp id="1056" class="1004" name="trunc_ln1120_fu_1056">
<pin_list>
<pin id="1057" dir="0" index="0" bw="16" slack="0"/>
<pin id="1058" dir="1" index="1" bw="14" slack="0"/>
</pin_list>
<bind>
<opcode="trunc(33) " fcode="trunc"/>
<opset="trunc_ln1120/2 "/>
</bind>
</comp>

<comp id="1060" class="1004" name="rampStart_load_load_fu_1060">
<pin_list>
<pin id="1061" dir="0" index="0" bw="8" slack="0"/>
<pin id="1062" dir="1" index="1" bw="8" slack="0"/>
</pin_list>
<bind>
<opcode="load(27) " fcode="load"/>
<opset="rampStart_load/2 "/>
</bind>
</comp>

<comp id="1064" class="1004" name="select_ln1122_fu_1064">
<pin_list>
<pin id="1065" dir="0" index="0" bw="1" slack="0"/>
<pin id="1066" dir="0" index="1" bw="8" slack="0"/>
<pin id="1067" dir="0" index="2" bw="8" slack="0"/>
<pin id="1068" dir="1" index="3" bw="8" slack="1"/>
</pin_list>
<bind>
<opcode="select(49) " fcode="select"/>
<opset="select_ln1122/2 "/>
</bind>
</comp>

<comp id="1072" class="1004" name="s_load_load_fu_1072">
<pin_list>
<pin id="1073" dir="0" index="0" bw="32" slack="0"/>
<pin id="1074" dir="1" index="1" bw="32" slack="0"/>
</pin_list>
<bind>
<opcode="load(27) " fcode="load"/>
<opset="s_load/2 "/>
</bind>
</comp>

<comp id="1076" class="1004" name="add_ln1241_fu_1076">
<pin_list>
<pin id="1077" dir="0" index="0" bw="14" slack="0"/>
<pin id="1078" dir="0" index="1" bw="4" slack="0"/>
<pin id="1079" dir="1" index="2" bw="14" slack="0"/>
</pin_list>
<bind>
<opcode="add(8) " fcode="add"/>
<opset="add_ln1241/2 "/>
</bind>
</comp>

<comp id="1082" class="1004" name="barWidth_fu_1082">
<pin_list>
<pin id="1083" dir="0" index="0" bw="11" slack="0"/>
<pin id="1084" dir="0" index="1" bw="14" slack="0"/>
<pin id="1085" dir="0" index="2" bw="3" slack="0"/>
<pin id="1086" dir="0" index="3" bw="5" slack="0"/>
<pin id="1087" dir="1" index="4" bw="11" slack="1"/>
</pin_list>
<bind>
<opcode="partselect(1002) " fcode="partselect"/>
<opset="barWidth/2 "/>
</bind>
</comp>

<comp id="1092" class="1004" name="trunc_ln1247_fu_1092">
<pin_list>
<pin id="1093" dir="0" index="0" bw="32" slack="0"/>
<pin id="1094" dir="1" index="1" bw="8" slack="1"/>
</pin_list>
<bind>
<opcode="trunc(33) " fcode="trunc"/>
<opset="trunc_ln1247/2 "/>
</bind>
</comp>

<comp id="1096" class="1004" name="add_ln1373_fu_1096">
<pin_list>
<pin id="1097" dir="0" index="0" bw="14" slack="0"/>
<pin id="1098" dir="0" index="1" bw="5" slack="0"/>
<pin id="1099" dir="1" index="2" bw="14" slack="0"/>
</pin_list>
<bind>
<opcode="add(8) " fcode="add"/>
<opset="add_ln1373/2 "/>
</bind>
</comp>

<comp id="1102" class="1004" name="trunc_ln5_fu_1102">
<pin_list>
<pin id="1103" dir="0" index="0" bw="10" slack="0"/>
<pin id="1104" dir="0" index="1" bw="14" slack="0"/>
<pin id="1105" dir="0" index="2" bw="4" slack="0"/>
<pin id="1106" dir="0" index="3" bw="5" slack="0"/>
<pin id="1107" dir="1" index="4" bw="10" slack="0"/>
</pin_list>
<bind>
<opcode="partselect(1002) " fcode="partselect"/>
<opset="trunc_ln5/2 "/>
</bind>
</comp>

<comp id="1112" class="1004" name="add_ln1373_1_fu_1112">
<pin_list>
<pin id="1113" dir="0" index="0" bw="10" slack="0"/>
<pin id="1114" dir="0" index="1" bw="2" slack="0"/>
<pin id="1115" dir="1" index="2" bw="10" slack="1"/>
</pin_list>
<bind>
<opcode="add(8) " fcode="add"/>
<opset="add_ln1373_1/2 "/>
</bind>
</comp>

<comp id="1118" class="1004" name="add_ln1374_fu_1118">
<pin_list>
<pin id="1119" dir="0" index="0" bw="14" slack="0"/>
<pin id="1120" dir="0" index="1" bw="5" slack="0"/>
<pin id="1121" dir="1" index="2" bw="14" slack="0"/>
</pin_list>
<bind>
<opcode="add(8) " fcode="add"/>
<opset="add_ln1374/2 "/>
</bind>
</comp>

<comp id="1124" class="1004" name="shl_ln_fu_1124">
<pin_list>
<pin id="1125" dir="0" index="0" bw="16" slack="0"/>
<pin id="1126" dir="0" index="1" bw="8" slack="0"/>
<pin id="1127" dir="0" index="2" bw="1" slack="0"/>
<pin id="1128" dir="1" index="3" bw="16" slack="1"/>
</pin_list>
<bind>
<opcode="bitconcatenate(1004) " fcode="bitconcatenate"/>
<opset="shl_ln/2 "/>
</bind>
</comp>

<comp id="1132" class="1004" name="tmp_2_fu_1132">
<pin_list>
<pin id="1133" dir="0" index="0" bw="10" slack="0"/>
<pin id="1134" dir="0" index="1" bw="14" slack="0"/>
<pin id="1135" dir="0" index="2" bw="4" slack="0"/>
<pin id="1136" dir="0" index="3" bw="5" slack="0"/>
<pin id="1137" dir="1" index="4" bw="10" slack="0"/>
</pin_list>
<bind>
<opcode="partselect(1002) " fcode="partselect"/>
<opset="tmp_2/2 "/>
</bind>
</comp>

<comp id="1142" class="1004" name="zext_ln1386_fu_1142">
<pin_list>
<pin id="1143" dir="0" index="0" bw="10" slack="0"/>
<pin id="1144" dir="1" index="1" bw="11" slack="0"/>
</pin_list>
<bind>
<opcode="zext(34) " fcode="zext"/>
<opset="zext_ln1386/2 "/>
</bind>
</comp>

<comp id="1146" class="1004" name="add_ln1386_fu_1146">
<pin_list>
<pin id="1147" dir="0" index="0" bw="10" slack="0"/>
<pin id="1148" dir="0" index="1" bw="1" slack="0"/>
<pin id="1149" dir="1" index="2" bw="11" slack="1"/>
</pin_list>
<bind>
<opcode="add(8) " fcode="add"/>
<opset="add_ln1386/2 "/>
</bind>
</comp>

<comp id="1152" class="1004" name="add_ln1473_fu_1152">
<pin_list>
<pin id="1153" dir="0" index="0" bw="16" slack="0"/>
<pin id="1154" dir="0" index="1" bw="1" slack="0"/>
<pin id="1155" dir="1" index="2" bw="17" slack="1"/>
</pin_list>
<bind>
<opcode="add(8) " fcode="add"/>
<opset="add_ln1473/2 "/>
</bind>
</comp>

<comp id="1158" class="1004" name="add_ln1449_fu_1158">
<pin_list>
<pin id="1159" dir="0" index="0" bw="16" slack="0"/>
<pin id="1160" dir="0" index="1" bw="1" slack="0"/>
<pin id="1161" dir="1" index="2" bw="17" slack="1"/>
</pin_list>
<bind>
<opcode="add(8) " fcode="add"/>
<opset="add_ln1449/2 "/>
</bind>
</comp>

<comp id="1164" class="1004" name="select_ln1503_fu_1164">
<pin_list>
<pin id="1165" dir="0" index="0" bw="1" slack="0"/>
<pin id="1166" dir="0" index="1" bw="8" slack="0"/>
<pin id="1167" dir="0" index="2" bw="8" slack="0"/>
<pin id="1168" dir="1" index="3" bw="8" slack="1"/>
</pin_list>
<bind>
<opcode="select(49) " fcode="select"/>
<opset="select_ln1503/2 "/>
</bind>
</comp>

<comp id="1172" class="1004" name="select_ln1518_fu_1172">
<pin_list>
<pin id="1173" dir="0" index="0" bw="1" slack="0"/>
<pin id="1174" dir="0" index="1" bw="8" slack="0"/>
<pin id="1175" dir="0" index="2" bw="8" slack="0"/>
<pin id="1176" dir="1" index="3" bw="8" slack="1"/>
</pin_list>
<bind>
<opcode="select(49) " fcode="select"/>
<opset="select_ln1518/2 "/>
</bind>
</comp>

<comp id="1180" class="1004" name="y_3_load_fu_1180">
<pin_list>
<pin id="1181" dir="0" index="0" bw="16" slack="2"/>
<pin id="1182" dir="1" index="1" bw="16" slack="0"/>
</pin_list>
<bind>
<opcode="load(27) " fcode="load"/>
<opset="y_3/3 "/>
</bind>
</comp>

<comp id="1184" class="1004" name="icmp_ln563_fu_1184">
<pin_list>
<pin id="1185" dir="0" index="0" bw="16" slack="0"/>
<pin id="1186" dir="0" index="1" bw="16" slack="1"/>
<pin id="1187" dir="1" index="2" bw="1" slack="2147483647"/>
</pin_list>
<bind>
<opcode="icmp(45) " fcode="icmp"/>
<opset="icmp_ln563/3 "/>
</bind>
</comp>

<comp id="1189" class="1004" name="add_ln563_fu_1189">
<pin_list>
<pin id="1190" dir="0" index="0" bw="16" slack="0"/>
<pin id="1191" dir="0" index="1" bw="1" slack="0"/>
<pin id="1192" dir="1" index="2" bw="16" slack="0"/>
</pin_list>
<bind>
<opcode="add(8) " fcode="add"/>
<opset="add_ln563/3 "/>
</bind>
</comp>

<comp id="1195" class="1004" name="zext_ln563_1_fu_1195">
<pin_list>
<pin id="1196" dir="0" index="0" bw="16" slack="0"/>
<pin id="1197" dir="1" index="1" bw="17" slack="0"/>
</pin_list>
<bind>
<opcode="zext(34) " fcode="zext"/>
<opset="zext_ln563_1/3 "/>
</bind>
</comp>

<comp id="1199" class="1004" name="icmp_ln736_fu_1199">
<pin_list>
<pin id="1200" dir="0" index="0" bw="16" slack="0"/>
<pin id="1201" dir="0" index="1" bw="16" slack="1"/>
<pin id="1202" dir="1" index="2" bw="1" slack="0"/>
</pin_list>
<bind>
<opcode="icmp(45) " fcode="icmp"/>
<opset="icmp_ln736/3 "/>
</bind>
</comp>

<comp id="1205" class="1004" name="icmp_ln737_fu_1205">
<pin_list>
<pin id="1206" dir="0" index="0" bw="16" slack="0"/>
<pin id="1207" dir="0" index="1" bw="16" slack="1"/>
<pin id="1208" dir="1" index="2" bw="1" slack="0"/>
</pin_list>
<bind>
<opcode="icmp(45) " fcode="icmp"/>
<opset="icmp_ln737/3 "/>
</bind>
</comp>

<comp id="1210" class="1004" name="xor_ln737_fu_1210">
<pin_list>
<pin id="1211" dir="0" index="0" bw="1" slack="0"/>
<pin id="1212" dir="0" index="1" bw="1" slack="0"/>
<pin id="1213" dir="1" index="2" bw="1" slack="0"/>
</pin_list>
<bind>
<opcode="xor(25) " fcode="xor"/>
<opset="xor_ln737/3 "/>
</bind>
</comp>

<comp id="1217" class="1004" name="icmp_ln1337_fu_1217">
<pin_list>
<pin id="1218" dir="0" index="0" bw="16" slack="0"/>
<pin id="1219" dir="0" index="1" bw="16" slack="0"/>
<pin id="1220" dir="1" index="2" bw="1" slack="0"/>
</pin_list>
<bind>
<opcode="icmp(45) " fcode="icmp"/>
<opset="icmp_ln1337/3 "/>
</bind>
</comp>

<comp id="1224" class="1004" name="icmp_ln1449_fu_1224">
<pin_list>
<pin id="1225" dir="0" index="0" bw="17" slack="1"/>
<pin id="1226" dir="0" index="1" bw="17" slack="0"/>
<pin id="1227" dir="1" index="2" bw="1" slack="0"/>
</pin_list>
<bind>
<opcode="icmp(45) " fcode="icmp"/>
<opset="icmp_ln1449/3 "/>
</bind>
</comp>

<comp id="1230" class="1004" name="trunc_ln1533_fu_1230">
<pin_list>
<pin id="1231" dir="0" index="0" bw="16" slack="0"/>
<pin id="1232" dir="1" index="1" bw="8" slack="0"/>
</pin_list>
<bind>
<opcode="trunc(33) " fcode="trunc"/>
<opset="trunc_ln1533/3 "/>
</bind>
</comp>

<comp id="1234" class="1004" name="add_ln1533_fu_1234">
<pin_list>
<pin id="1235" dir="0" index="0" bw="8" slack="2147483647"/>
<pin id="1236" dir="0" index="1" bw="8" slack="0"/>
<pin id="1237" dir="1" index="2" bw="8" slack="0"/>
</pin_list>
<bind>
<opcode="add(8) " fcode="add"/>
<opset="add_ln1533/3 "/>
</bind>
</comp>

<comp id="1240" class="1004" name="Sel_fu_1240">
<pin_list>
<pin id="1241" dir="0" index="0" bw="2" slack="0"/>
<pin id="1242" dir="0" index="1" bw="16" slack="0"/>
<pin id="1243" dir="0" index="2" bw="4" slack="0"/>
<pin id="1244" dir="0" index="3" bw="4" slack="0"/>
<pin id="1245" dir="1" index="4" bw="2" slack="0"/>
</pin_list>
<bind>
<opcode="partselect(1002) " fcode="partselect"/>
<opset="Sel/3 "/>
</bind>
</comp>

<comp id="1251" class="1004" name="store_ln549_store_fu_1251">
<pin_list>
<pin id="1252" dir="0" index="0" bw="16" slack="0"/>
<pin id="1253" dir="0" index="1" bw="16" slack="2"/>
<pin id="1254" dir="1" index="2" bw="0" slack="2147483647"/>
</pin_list>
<bind>
<opcode="store(28) " fcode="store"/>
<opset="store_ln549/3 "/>
</bind>
</comp>

<comp id="1256" class="1004" name="add_ln750_fu_1256">
<pin_list>
<pin id="1257" dir="0" index="0" bw="8" slack="2147483647"/>
<pin id="1258" dir="0" index="1" bw="8" slack="1"/>
<pin id="1259" dir="1" index="2" bw="8" slack="0"/>
</pin_list>
<bind>
<opcode="add(8) " fcode="add"/>
<opset="add_ln750/3 "/>
</bind>
</comp>

<comp id="1260" class="1004" name="store_ln750_store_fu_1260">
<pin_list>
<pin id="1261" dir="0" index="0" bw="8" slack="0"/>
<pin id="1262" dir="0" index="1" bw="8" slack="0"/>
<pin id="1263" dir="1" index="2" bw="0" slack="2147483647"/>
</pin_list>
<bind>
<opcode="store(28) " fcode="store"/>
<opset="store_ln750/3 "/>
</bind>
</comp>

<comp id="1266" class="1004" name="rampVal_2_new_0_load_load_fu_1266">
<pin_list>
<pin id="1267" dir="0" index="0" bw="16" slack="2"/>
<pin id="1268" dir="1" index="1" bw="16" slack="0"/>
</pin_list>
<bind>
<opcode="load(27) " fcode="load"/>
<opset="rampVal_2_new_0_load/3 "/>
</bind>
</comp>

<comp id="1269" class="1004" name="store_ln1630_store_fu_1269">
<pin_list>
<pin id="1270" dir="0" index="0" bw="16" slack="0"/>
<pin id="1271" dir="0" index="1" bw="16" slack="0"/>
<pin id="1272" dir="1" index="2" bw="0" slack="2147483647"/>
</pin_list>
<bind>
<opcode="store(28) " fcode="store"/>
<opset="store_ln1630/3 "/>
</bind>
</comp>

<comp id="1275" class="1004" name="hdata_new_0_load_load_fu_1275">
<pin_list>
<pin id="1276" dir="0" index="0" bw="16" slack="2"/>
<pin id="1277" dir="1" index="1" bw="16" slack="0"/>
</pin_list>
<bind>
<opcode="load(27) " fcode="load"/>
<opset="hdata_new_0_load/3 "/>
</bind>
</comp>

<comp id="1278" class="1004" name="store_ln1533_store_fu_1278">
<pin_list>
<pin id="1279" dir="0" index="0" bw="16" slack="0"/>
<pin id="1280" dir="0" index="1" bw="16" slack="0"/>
<pin id="1281" dir="1" index="2" bw="0" slack="2147483647"/>
</pin_list>
<bind>
<opcode="store(28) " fcode="store"/>
<opset="store_ln1533/3 "/>
</bind>
</comp>

<comp id="1284" class="1004" name="rampVal_3_new_0_load_load_fu_1284">
<pin_list>
<pin id="1285" dir="0" index="0" bw="16" slack="2"/>
<pin id="1286" dir="1" index="1" bw="16" slack="0"/>
</pin_list>
<bind>
<opcode="load(27) " fcode="load"/>
<opset="rampVal_3_new_0_load/3 "/>
</bind>
</comp>

<comp id="1287" class="1004" name="store_ln1073_store_fu_1287">
<pin_list>
<pin id="1288" dir="0" index="0" bw="16" slack="0"/>
<pin id="1289" dir="0" index="1" bw="16" slack="0"/>
<pin id="1290" dir="1" index="2" bw="0" slack="2147483647"/>
</pin_list>
<bind>
<opcode="store(28) " fcode="store"/>
<opset="store_ln1073/3 "/>
</bind>
</comp>

<comp id="1293" class="1004" name="rampVal_3_flag_1_loc_load_load_fu_1293">
<pin_list>
<pin id="1294" dir="0" index="0" bw="1" slack="4"/>
<pin id="1295" dir="1" index="1" bw="1" slack="2147483647"/>
</pin_list>
<bind>
<opcode="load(27) " fcode="load"/>
<opset="rampVal_3_flag_1_loc_load/5 "/>
</bind>
</comp>

<comp id="1296" class="1004" name="hdata_flag_1_loc_load_load_fu_1296">
<pin_list>
<pin id="1297" dir="0" index="0" bw="1" slack="4"/>
<pin id="1298" dir="1" index="1" bw="1" slack="2147483647"/>
</pin_list>
<bind>
<opcode="load(27) " fcode="load"/>
<opset="hdata_flag_1_loc_load/5 "/>
</bind>
</comp>

<comp id="1299" class="1004" name="rampVal_2_flag_1_loc_load_load_fu_1299">
<pin_list>
<pin id="1300" dir="0" index="0" bw="1" slack="4"/>
<pin id="1301" dir="1" index="1" bw="1" slack="2147483647"/>
</pin_list>
<bind>
<opcode="load(27) " fcode="load"/>
<opset="rampVal_2_flag_1_loc_load/5 "/>
</bind>
</comp>

<comp id="1302" class="1005" name="p_0_0_010369_lcssa382_reg_1302">
<pin_list>
<pin id="1303" dir="0" index="0" bw="8" slack="2"/>
<pin id="1304" dir="1" index="1" bw="8" slack="2"/>
</pin_list>
<bind>
<opset="p_0_0_010369_lcssa382 "/>
</bind>
</comp>

<comp id="1307" class="1005" name="p_0_0_09371_lcssa385_reg_1307">
<pin_list>
<pin id="1308" dir="0" index="0" bw="8" slack="2"/>
<pin id="1309" dir="1" index="1" bw="8" slack="2"/>
</pin_list>
<bind>
<opset="p_0_0_09371_lcssa385 "/>
</bind>
</comp>

<comp id="1312" class="1005" name="p_0_0_0373_lcssa388_reg_1312">
<pin_list>
<pin id="1313" dir="0" index="0" bw="8" slack="2"/>
<pin id="1314" dir="1" index="1" bw="8" slack="2"/>
</pin_list>
<bind>
<opset="p_0_0_0373_lcssa388 "/>
</bind>
</comp>

<comp id="1317" class="1005" name="p_0_0_010_1375_lcssa391_reg_1317">
<pin_list>
<pin id="1318" dir="0" index="0" bw="8" slack="2"/>
<pin id="1319" dir="1" index="1" bw="8" slack="2"/>
</pin_list>
<bind>
<opset="p_0_0_010_1375_lcssa391 "/>
</bind>
</comp>

<comp id="1322" class="1005" name="p_0_0_09_1377_lcssa394_reg_1322">
<pin_list>
<pin id="1323" dir="0" index="0" bw="8" slack="2"/>
<pin id="1324" dir="1" index="1" bw="8" slack="2"/>
</pin_list>
<bind>
<opset="p_0_0_09_1377_lcssa394 "/>
</bind>
</comp>

<comp id="1327" class="1005" name="p_0_0_0_1379_lcssa397_reg_1327">
<pin_list>
<pin id="1328" dir="0" index="0" bw="8" slack="2"/>
<pin id="1329" dir="1" index="1" bw="8" slack="2"/>
</pin_list>
<bind>
<opset="p_0_0_0_1379_lcssa397 "/>
</bind>
</comp>

<comp id="1332" class="1005" name="outpix_reg_1332">
<pin_list>
<pin id="1333" dir="0" index="0" bw="8" slack="2"/>
<pin id="1334" dir="1" index="1" bw="8" slack="2"/>
</pin_list>
<bind>
<opset="outpix "/>
</bind>
</comp>

<comp id="1337" class="1005" name="outpix_1_reg_1337">
<pin_list>
<pin id="1338" dir="0" index="0" bw="8" slack="2"/>
<pin id="1339" dir="1" index="1" bw="8" slack="2"/>
</pin_list>
<bind>
<opset="outpix_1 "/>
</bind>
</comp>

<comp id="1342" class="1005" name="outpix_2_reg_1342">
<pin_list>
<pin id="1343" dir="0" index="0" bw="8" slack="2"/>
<pin id="1344" dir="1" index="1" bw="8" slack="2"/>
</pin_list>
<bind>
<opset="outpix_2 "/>
</bind>
</comp>

<comp id="1347" class="1005" name="outpix_3_reg_1347">
<pin_list>
<pin id="1348" dir="0" index="0" bw="8" slack="2"/>
<pin id="1349" dir="1" index="1" bw="8" slack="2"/>
</pin_list>
<bind>
<opset="outpix_3 "/>
</bind>
</comp>

<comp id="1352" class="1005" name="outpix_4_reg_1352">
<pin_list>
<pin id="1353" dir="0" index="0" bw="8" slack="2"/>
<pin id="1354" dir="1" index="1" bw="8" slack="2"/>
</pin_list>
<bind>
<opset="outpix_4 "/>
</bind>
</comp>

<comp id="1357" class="1005" name="outpix_5_reg_1357">
<pin_list>
<pin id="1358" dir="0" index="0" bw="8" slack="2"/>
<pin id="1359" dir="1" index="1" bw="8" slack="2"/>
</pin_list>
<bind>
<opset="outpix_5 "/>
</bind>
</comp>

<comp id="1362" class="1005" name="y_reg_1362">
<pin_list>
<pin id="1363" dir="0" index="0" bw="16" slack="0"/>
<pin id="1364" dir="1" index="1" bw="16" slack="0"/>
</pin_list>
<bind>
<opset="y "/>
</bind>
</comp>

<comp id="1369" class="1005" name="tpgPatternDPColorSquare_unsigned_short_unsigned_short_unsigned_char_unsigned_7_reg_1369">
<pin_list>
<pin id="1370" dir="0" index="0" bw="8" slack="0"/>
<pin id="1371" dir="1" index="1" bw="8" slack="0"/>
</pin_list>
<bind>
<opset="tpgPatternDPColorSquare_unsigned_short_unsigned_short_unsigned_char_unsigned_7 "/>
</bind>
</comp>

<comp id="1375" class="1005" name="tpgPatternDPColorSquare_unsigned_short_unsigned_short_unsigned_char_unsigned_6_reg_1375">
<pin_list>
<pin id="1376" dir="0" index="0" bw="8" slack="0"/>
<pin id="1377" dir="1" index="1" bw="8" slack="0"/>
</pin_list>
<bind>
<opset="tpgPatternDPColorSquare_unsigned_short_unsigned_short_unsigned_char_unsigned_6 "/>
</bind>
</comp>

<comp id="1381" class="1005" name="vBarSel_3_loc_0_reg_1381">
<pin_list>
<pin id="1382" dir="0" index="0" bw="8" slack="0"/>
<pin id="1383" dir="1" index="1" bw="8" slack="0"/>
</pin_list>
<bind>
<opset="vBarSel_3_loc_0 "/>
</bind>
</comp>

<comp id="1387" class="1005" name="rampVal_2_loc_0_reg_1387">
<pin_list>
<pin id="1388" dir="0" index="0" bw="16" slack="0"/>
<pin id="1389" dir="1" index="1" bw="16" slack="0"/>
</pin_list>
<bind>
<opset="rampVal_2_loc_0 "/>
</bind>
</comp>

<comp id="1393" class="1005" name="rampVal_2_new_0_reg_1393">
<pin_list>
<pin id="1394" dir="0" index="0" bw="16" slack="2"/>
<pin id="1395" dir="1" index="1" bw="16" slack="2"/>
</pin_list>
<bind>
<opset="rampVal_2_new_0 "/>
</bind>
</comp>

<comp id="1399" class="1005" name="tpgPatternCheckerBoard_unsigned_short_unsigned_short_unsigned_short_unsigned_7_reg_1399">
<pin_list>
<pin id="1400" dir="0" index="0" bw="8" slack="0"/>
<pin id="1401" dir="1" index="1" bw="8" slack="0"/>
</pin_list>
<bind>
<opset="tpgPatternCheckerBoard_unsigned_short_unsigned_short_unsigned_short_unsigned_7 "/>
</bind>
</comp>

<comp id="1405" class="1005" name="tpgPatternCheckerBoard_unsigned_short_unsigned_short_unsigned_short_unsigned_6_reg_1405">
<pin_list>
<pin id="1406" dir="0" index="0" bw="8" slack="0"/>
<pin id="1407" dir="1" index="1" bw="8" slack="0"/>
</pin_list>
<bind>
<opset="tpgPatternCheckerBoard_unsigned_short_unsigned_short_unsigned_short_unsigned_6 "/>
</bind>
</comp>

<comp id="1411" class="1005" name="vBarSel_2_loc_0_reg_1411">
<pin_list>
<pin id="1412" dir="0" index="0" bw="8" slack="0"/>
<pin id="1413" dir="1" index="1" bw="8" slack="0"/>
</pin_list>
<bind>
<opset="vBarSel_2_loc_0 "/>
</bind>
</comp>

<comp id="1417" class="1005" name="hdata_loc_0_reg_1417">
<pin_list>
<pin id="1418" dir="0" index="0" bw="16" slack="0"/>
<pin id="1419" dir="1" index="1" bw="16" slack="0"/>
</pin_list>
<bind>
<opset="hdata_loc_0 "/>
</bind>
</comp>

<comp id="1423" class="1005" name="hdata_new_0_reg_1423">
<pin_list>
<pin id="1424" dir="0" index="0" bw="16" slack="2"/>
<pin id="1425" dir="1" index="1" bw="16" slack="2"/>
</pin_list>
<bind>
<opset="hdata_new_0 "/>
</bind>
</comp>

<comp id="1429" class="1005" name="tpgPatternTartanColorBars_unsigned_short_unsigned_short_unsigned_short_unsign_7_reg_1429">
<pin_list>
<pin id="1430" dir="0" index="0" bw="8" slack="0"/>
<pin id="1431" dir="1" index="1" bw="8" slack="0"/>
</pin_list>
<bind>
<opset="tpgPatternTartanColorBars_unsigned_short_unsigned_short_unsigned_short_unsign_7 "/>
</bind>
</comp>

<comp id="1435" class="1005" name="tpgPatternTartanColorBars_unsigned_short_unsigned_short_unsigned_short_unsign_6_reg_1435">
<pin_list>
<pin id="1436" dir="0" index="0" bw="8" slack="0"/>
<pin id="1437" dir="1" index="1" bw="8" slack="0"/>
</pin_list>
<bind>
<opset="tpgPatternTartanColorBars_unsigned_short_unsigned_short_unsigned_short_unsign_6 "/>
</bind>
</comp>

<comp id="1441" class="1005" name="vBarSel_loc_0_reg_1441">
<pin_list>
<pin id="1442" dir="0" index="0" bw="8" slack="0"/>
<pin id="1443" dir="1" index="1" bw="8" slack="0"/>
</pin_list>
<bind>
<opset="vBarSel_loc_0 "/>
</bind>
</comp>

<comp id="1447" class="1005" name="zonePlateVAddr_loc_0_reg_1447">
<pin_list>
<pin id="1448" dir="0" index="0" bw="16" slack="0"/>
<pin id="1449" dir="1" index="1" bw="16" slack="0"/>
</pin_list>
<bind>
<opset="zonePlateVAddr_loc_0 "/>
</bind>
</comp>

<comp id="1453" class="1005" name="tpgPatternColorBars_unsigned_short_unsigned_short_unsigned_char_int_hBarSel_8_2_reg_1453">
<pin_list>
<pin id="1454" dir="0" index="0" bw="8" slack="0"/>
<pin id="1455" dir="1" index="1" bw="8" slack="0"/>
</pin_list>
<bind>
<opset="tpgPatternColorBars_unsigned_short_unsigned_short_unsigned_char_int_hBarSel_8_2 "/>
</bind>
</comp>

<comp id="1459" class="1005" name="tpgPatternColorBars_unsigned_short_unsigned_short_unsigned_char_int_hBarSel_l_1_reg_1459">
<pin_list>
<pin id="1460" dir="0" index="0" bw="8" slack="0"/>
<pin id="1461" dir="1" index="1" bw="8" slack="0"/>
</pin_list>
<bind>
<opset="tpgPatternColorBars_unsigned_short_unsigned_short_unsigned_char_int_hBarSel_l_1 "/>
</bind>
</comp>

<comp id="1465" class="1005" name="rampVal_loc_0_reg_1465">
<pin_list>
<pin id="1466" dir="0" index="0" bw="16" slack="0"/>
<pin id="1467" dir="1" index="1" bw="16" slack="0"/>
</pin_list>
<bind>
<opset="rampVal_loc_0 "/>
</bind>
</comp>

<comp id="1471" class="1005" name="rampVal_3_loc_0_reg_1471">
<pin_list>
<pin id="1472" dir="0" index="0" bw="16" slack="0"/>
<pin id="1473" dir="1" index="1" bw="16" slack="0"/>
</pin_list>
<bind>
<opset="rampVal_3_loc_0 "/>
</bind>
</comp>

<comp id="1477" class="1005" name="rampVal_3_new_0_reg_1477">
<pin_list>
<pin id="1478" dir="0" index="0" bw="16" slack="2"/>
<pin id="1479" dir="1" index="1" bw="16" slack="2"/>
</pin_list>
<bind>
<opset="rampVal_3_new_0 "/>
</bind>
</comp>

<comp id="1483" class="1005" name="colorFormat_val_read_reg_1483">
<pin_list>
<pin id="1484" dir="0" index="0" bw="8" slack="1"/>
<pin id="1485" dir="1" index="1" bw="8" slack="1"/>
</pin_list>
<bind>
<opset="colorFormat_val_read "/>
</bind>
</comp>

<comp id="1489" class="1005" name="rampVal_2_flag_1_loc_reg_1489">
<pin_list>
<pin id="1490" dir="0" index="0" bw="1" slack="2"/>
<pin id="1491" dir="1" index="1" bw="1" slack="2"/>
</pin_list>
<bind>
<opset="rampVal_2_flag_1_loc "/>
</bind>
</comp>

<comp id="1495" class="1005" name="hdata_flag_1_loc_reg_1495">
<pin_list>
<pin id="1496" dir="0" index="0" bw="1" slack="2"/>
<pin id="1497" dir="1" index="1" bw="1" slack="2"/>
</pin_list>
<bind>
<opset="hdata_flag_1_loc "/>
</bind>
</comp>

<comp id="1501" class="1005" name="rampVal_3_flag_1_loc_reg_1501">
<pin_list>
<pin id="1502" dir="0" index="0" bw="1" slack="2"/>
<pin id="1503" dir="1" index="1" bw="1" slack="2"/>
</pin_list>
<bind>
<opset="rampVal_3_flag_1_loc "/>
</bind>
</comp>

<comp id="1507" class="1005" name="tmp_reg_1507">
<pin_list>
<pin id="1508" dir="0" index="0" bw="7" slack="2"/>
<pin id="1509" dir="1" index="1" bw="7" slack="2"/>
</pin_list>
<bind>
<opset="tmp "/>
</bind>
</comp>

<comp id="1512" class="1005" name="redYuv_addr_reg_1512">
<pin_list>
<pin id="1513" dir="0" index="0" bw="2" slack="1"/>
<pin id="1514" dir="1" index="1" bw="2" slack="1"/>
</pin_list>
<bind>
<opset="redYuv_addr "/>
</bind>
</comp>

<comp id="1517" class="1005" name="grnYuv_addr_reg_1517">
<pin_list>
<pin id="1518" dir="0" index="0" bw="2" slack="1"/>
<pin id="1519" dir="1" index="1" bw="2" slack="1"/>
</pin_list>
<bind>
<opset="grnYuv_addr "/>
</bind>
</comp>

<comp id="1522" class="1005" name="bluYuv_addr_reg_1522">
<pin_list>
<pin id="1523" dir="0" index="0" bw="2" slack="1"/>
<pin id="1524" dir="1" index="1" bw="2" slack="1"/>
</pin_list>
<bind>
<opset="bluYuv_addr "/>
</bind>
</comp>

<comp id="1527" class="1005" name="blkYuv_addr_reg_1527">
<pin_list>
<pin id="1528" dir="0" index="0" bw="2" slack="1"/>
<pin id="1529" dir="1" index="1" bw="2" slack="1"/>
</pin_list>
<bind>
<opset="blkYuv_addr "/>
</bind>
</comp>

<comp id="1532" class="1005" name="whiYuv_addr_reg_1532">
<pin_list>
<pin id="1533" dir="0" index="0" bw="2" slack="1"/>
<pin id="1534" dir="1" index="1" bw="2" slack="1"/>
</pin_list>
<bind>
<opset="whiYuv_addr "/>
</bind>
</comp>

<comp id="1537" class="1005" name="whiYuv_1_addr_reg_1537">
<pin_list>
<pin id="1538" dir="0" index="0" bw="2" slack="1"/>
<pin id="1539" dir="1" index="1" bw="2" slack="1"/>
</pin_list>
<bind>
<opset="whiYuv_1_addr "/>
</bind>
</comp>

<comp id="1542" class="1005" name="blkYuv_1_addr_reg_1542">
<pin_list>
<pin id="1543" dir="0" index="0" bw="2" slack="1"/>
<pin id="1544" dir="1" index="1" bw="2" slack="1"/>
</pin_list>
<bind>
<opset="blkYuv_1_addr "/>
</bind>
</comp>

<comp id="1547" class="1005" name="motionSpeed_val_read_reg_1547">
<pin_list>
<pin id="1548" dir="0" index="0" bw="8" slack="1"/>
<pin id="1549" dir="1" index="1" bw="8" slack="1"/>
</pin_list>
<bind>
<opset="motionSpeed_val_read "/>
</bind>
</comp>

<comp id="1552" class="1005" name="dpYUVCoef_val_read_reg_1552">
<pin_list>
<pin id="1553" dir="0" index="0" bw="8" slack="1"/>
<pin id="1554" dir="1" index="1" bw="8" slack="1"/>
</pin_list>
<bind>
<opset="dpYUVCoef_val_read "/>
</bind>
</comp>

<comp id="1557" class="1005" name="dpDynamicRange_val_read_reg_1557">
<pin_list>
<pin id="1558" dir="0" index="0" bw="8" slack="1"/>
<pin id="1559" dir="1" index="1" bw="8" slack="1"/>
</pin_list>
<bind>
<opset="dpDynamicRange_val_read "/>
</bind>
</comp>

<comp id="1562" class="1005" name="ZplateVerContDelta_val_read_reg_1562">
<pin_list>
<pin id="1563" dir="0" index="0" bw="16" slack="1"/>
<pin id="1564" dir="1" index="1" bw="16" slack="1"/>
</pin_list>
<bind>
<opset="ZplateVerContDelta_val_read "/>
</bind>
</comp>

<comp id="1567" class="1005" name="ZplateVerContStart_val_read_reg_1567">
<pin_list>
<pin id="1568" dir="0" index="0" bw="16" slack="1"/>
<pin id="1569" dir="1" index="1" bw="16" slack="1"/>
</pin_list>
<bind>
<opset="ZplateVerContStart_val_read "/>
</bind>
</comp>

<comp id="1572" class="1005" name="ZplateHorContDelta_val_read_reg_1572">
<pin_list>
<pin id="1573" dir="0" index="0" bw="16" slack="1"/>
<pin id="1574" dir="1" index="1" bw="16" slack="1"/>
</pin_list>
<bind>
<opset="ZplateHorContDelta_val_read "/>
</bind>
</comp>

<comp id="1577" class="1005" name="ZplateHorContStart_val_read_reg_1577">
<pin_list>
<pin id="1578" dir="0" index="0" bw="16" slack="1"/>
<pin id="1579" dir="1" index="1" bw="16" slack="1"/>
</pin_list>
<bind>
<opset="ZplateHorContStart_val_read "/>
</bind>
</comp>

<comp id="1582" class="1005" name="patternId_val_read_reg_1582">
<pin_list>
<pin id="1583" dir="0" index="0" bw="8" slack="1"/>
<pin id="1584" dir="1" index="1" bw="8" slack="1"/>
</pin_list>
<bind>
<opset="patternId_val_read "/>
</bind>
</comp>

<comp id="1587" class="1005" name="enableInput_val_read_reg_1587">
<pin_list>
<pin id="1588" dir="0" index="0" bw="8" slack="1"/>
<pin id="1589" dir="1" index="1" bw="8" slack="1"/>
</pin_list>
<bind>
<opset="enableInput_val_read "/>
</bind>
</comp>

<comp id="1592" class="1005" name="passthruEndY_val_read_reg_1592">
<pin_list>
<pin id="1593" dir="0" index="0" bw="16" slack="1"/>
<pin id="1594" dir="1" index="1" bw="16" slack="1"/>
</pin_list>
<bind>
<opset="passthruEndY_val_read "/>
</bind>
</comp>

<comp id="1597" class="1005" name="passthruEndX_val_read_reg_1597">
<pin_list>
<pin id="1598" dir="0" index="0" bw="16" slack="1"/>
<pin id="1599" dir="1" index="1" bw="16" slack="1"/>
</pin_list>
<bind>
<opset="passthruEndX_val_read "/>
</bind>
</comp>

<comp id="1603" class="1005" name="passthruStartY_val_read_reg_1603">
<pin_list>
<pin id="1604" dir="0" index="0" bw="16" slack="1"/>
<pin id="1605" dir="1" index="1" bw="16" slack="1"/>
</pin_list>
<bind>
<opset="passthruStartY_val_read "/>
</bind>
</comp>

<comp id="1608" class="1005" name="passthruStartX_val_read_reg_1608">
<pin_list>
<pin id="1609" dir="0" index="0" bw="16" slack="1"/>
<pin id="1610" dir="1" index="1" bw="16" slack="1"/>
</pin_list>
<bind>
<opset="passthruStartX_val_read "/>
</bind>
</comp>

<comp id="1614" class="1005" name="width_val_read_reg_1614">
<pin_list>
<pin id="1615" dir="0" index="0" bw="16" slack="1"/>
<pin id="1616" dir="1" index="1" bw="16" slack="1"/>
</pin_list>
<bind>
<opset="width_val_read "/>
</bind>
</comp>

<comp id="1619" class="1005" name="height_val_read_reg_1619">
<pin_list>
<pin id="1620" dir="0" index="0" bw="16" slack="1"/>
<pin id="1621" dir="1" index="1" bw="16" slack="1"/>
</pin_list>
<bind>
<opset="height_val_read "/>
</bind>
</comp>

<comp id="1624" class="1005" name="rampStart_load_reg_1624">
<pin_list>
<pin id="1625" dir="0" index="0" bw="8" slack="2"/>
<pin id="1626" dir="1" index="1" bw="8" slack="2"/>
</pin_list>
<bind>
<opset="rampStart_load "/>
</bind>
</comp>

<comp id="1630" class="1005" name="select_ln1122_reg_1630">
<pin_list>
<pin id="1631" dir="0" index="0" bw="8" slack="1"/>
<pin id="1632" dir="1" index="1" bw="8" slack="1"/>
</pin_list>
<bind>
<opset="select_ln1122 "/>
</bind>
</comp>

<comp id="1635" class="1005" name="barWidth_reg_1635">
<pin_list>
<pin id="1636" dir="0" index="0" bw="11" slack="1"/>
<pin id="1637" dir="1" index="1" bw="11" slack="1"/>
</pin_list>
<bind>
<opset="barWidth "/>
</bind>
</comp>

<comp id="1640" class="1005" name="trunc_ln1247_reg_1640">
<pin_list>
<pin id="1641" dir="0" index="0" bw="8" slack="1"/>
<pin id="1642" dir="1" index="1" bw="8" slack="1"/>
</pin_list>
<bind>
<opset="trunc_ln1247 "/>
</bind>
</comp>

<comp id="1645" class="1005" name="add_ln1373_1_reg_1645">
<pin_list>
<pin id="1646" dir="0" index="0" bw="10" slack="1"/>
<pin id="1647" dir="1" index="1" bw="10" slack="1"/>
</pin_list>
<bind>
<opset="add_ln1373_1 "/>
</bind>
</comp>

<comp id="1650" class="1005" name="shl_ln_reg_1650">
<pin_list>
<pin id="1651" dir="0" index="0" bw="16" slack="1"/>
<pin id="1652" dir="1" index="1" bw="16" slack="1"/>
</pin_list>
<bind>
<opset="shl_ln "/>
</bind>
</comp>

<comp id="1655" class="1005" name="add_ln1386_reg_1655">
<pin_list>
<pin id="1656" dir="0" index="0" bw="11" slack="1"/>
<pin id="1657" dir="1" index="1" bw="11" slack="1"/>
</pin_list>
<bind>
<opset="add_ln1386 "/>
</bind>
</comp>

<comp id="1660" class="1005" name="add_ln1473_reg_1660">
<pin_list>
<pin id="1661" dir="0" index="0" bw="17" slack="1"/>
<pin id="1662" dir="1" index="1" bw="17" slack="1"/>
</pin_list>
<bind>
<opset="add_ln1473 "/>
</bind>
</comp>

<comp id="1665" class="1005" name="add_ln1449_reg_1665">
<pin_list>
<pin id="1666" dir="0" index="0" bw="17" slack="1"/>
<pin id="1667" dir="1" index="1" bw="17" slack="1"/>
</pin_list>
<bind>
<opset="add_ln1449 "/>
</bind>
</comp>

<comp id="1670" class="1005" name="select_ln1503_reg_1670">
<pin_list>
<pin id="1671" dir="0" index="0" bw="8" slack="1"/>
<pin id="1672" dir="1" index="1" bw="8" slack="1"/>
</pin_list>
<bind>
<opset="select_ln1503 "/>
</bind>
</comp>

<comp id="1675" class="1005" name="select_ln1518_reg_1675">
<pin_list>
<pin id="1676" dir="0" index="0" bw="8" slack="1"/>
<pin id="1677" dir="1" index="1" bw="8" slack="1"/>
</pin_list>
<bind>
<opset="select_ln1518 "/>
</bind>
</comp>

<comp id="1680" class="1005" name="redYuv_load_reg_1680">
<pin_list>
<pin id="1681" dir="0" index="0" bw="8" slack="1"/>
<pin id="1682" dir="1" index="1" bw="8" slack="1"/>
</pin_list>
<bind>
<opset="redYuv_load "/>
</bind>
</comp>

<comp id="1685" class="1005" name="grnYuv_load_reg_1685">
<pin_list>
<pin id="1686" dir="0" index="0" bw="8" slack="1"/>
<pin id="1687" dir="1" index="1" bw="8" slack="1"/>
</pin_list>
<bind>
<opset="grnYuv_load "/>
</bind>
</comp>

<comp id="1690" class="1005" name="bluYuv_load_reg_1690">
<pin_list>
<pin id="1691" dir="0" index="0" bw="8" slack="1"/>
<pin id="1692" dir="1" index="1" bw="8" slack="1"/>
</pin_list>
<bind>
<opset="bluYuv_load "/>
</bind>
</comp>

<comp id="1695" class="1005" name="blkYuv_load_reg_1695">
<pin_list>
<pin id="1696" dir="0" index="0" bw="8" slack="1"/>
<pin id="1697" dir="1" index="1" bw="8" slack="1"/>
</pin_list>
<bind>
<opset="blkYuv_load "/>
</bind>
</comp>

<comp id="1700" class="1005" name="whiYuv_load_reg_1700">
<pin_list>
<pin id="1701" dir="0" index="0" bw="8" slack="1"/>
<pin id="1702" dir="1" index="1" bw="8" slack="1"/>
</pin_list>
<bind>
<opset="whiYuv_load "/>
</bind>
</comp>

<comp id="1705" class="1005" name="whiYuv_1_load_reg_1705">
<pin_list>
<pin id="1706" dir="0" index="0" bw="8" slack="1"/>
<pin id="1707" dir="1" index="1" bw="8" slack="1"/>
</pin_list>
<bind>
<opset="whiYuv_1_load "/>
</bind>
</comp>

<comp id="1710" class="1005" name="blkYuv_1_load_reg_1710">
<pin_list>
<pin id="1711" dir="0" index="0" bw="8" slack="1"/>
<pin id="1712" dir="1" index="1" bw="8" slack="1"/>
</pin_list>
<bind>
<opset="blkYuv_1_load "/>
</bind>
</comp>

<comp id="1715" class="1005" name="y_3_reg_1715">
<pin_list>
<pin id="1716" dir="0" index="0" bw="16" slack="1"/>
<pin id="1717" dir="1" index="1" bw="16" slack="1"/>
</pin_list>
<bind>
<opset="y_3 "/>
</bind>
</comp>

<comp id="1723" class="1005" name="icmp_ln736_reg_1723">
<pin_list>
<pin id="1724" dir="0" index="0" bw="1" slack="1"/>
<pin id="1725" dir="1" index="1" bw="1" slack="1"/>
</pin_list>
<bind>
<opset="icmp_ln736 "/>
</bind>
</comp>

<comp id="1728" class="1005" name="xor_ln737_reg_1728">
<pin_list>
<pin id="1729" dir="0" index="0" bw="1" slack="1"/>
<pin id="1730" dir="1" index="1" bw="1" slack="1"/>
</pin_list>
<bind>
<opset="xor_ln737 "/>
</bind>
</comp>

<comp id="1733" class="1005" name="icmp_ln1337_reg_1733">
<pin_list>
<pin id="1734" dir="0" index="0" bw="1" slack="1"/>
<pin id="1735" dir="1" index="1" bw="1" slack="1"/>
</pin_list>
<bind>
<opset="icmp_ln1337 "/>
</bind>
</comp>

<comp id="1738" class="1005" name="icmp_ln1449_reg_1738">
<pin_list>
<pin id="1739" dir="0" index="0" bw="1" slack="1"/>
<pin id="1740" dir="1" index="1" bw="1" slack="1"/>
</pin_list>
<bind>
<opset="icmp_ln1449 "/>
</bind>
</comp>

<comp id="1743" class="1005" name="add_ln1533_reg_1743">
<pin_list>
<pin id="1744" dir="0" index="0" bw="8" slack="1"/>
<pin id="1745" dir="1" index="1" bw="8" slack="1"/>
</pin_list>
<bind>
<opset="add_ln1533 "/>
</bind>
</comp>

<comp id="1748" class="1005" name="Sel_reg_1748">
<pin_list>
<pin id="1749" dir="0" index="0" bw="2" slack="1"/>
<pin id="1750" dir="1" index="1" bw="2" slack="1"/>
</pin_list>
<bind>
<opset="Sel "/>
</bind>
</comp>

</comp_list>

<net_list>
<net id="261"><net_src comp="174" pin="0"/><net_sink comp="258" pin=0"/></net>

<net id="265"><net_src comp="174" pin="0"/><net_sink comp="262" pin=0"/></net>

<net id="269"><net_src comp="174" pin="0"/><net_sink comp="266" pin=0"/></net>

<net id="273"><net_src comp="174" pin="0"/><net_sink comp="270" pin=0"/></net>

<net id="277"><net_src comp="174" pin="0"/><net_sink comp="274" pin=0"/></net>

<net id="281"><net_src comp="174" pin="0"/><net_sink comp="278" pin=0"/></net>

<net id="285"><net_src comp="174" pin="0"/><net_sink comp="282" pin=0"/></net>

<net id="289"><net_src comp="174" pin="0"/><net_sink comp="286" pin=0"/></net>

<net id="293"><net_src comp="174" pin="0"/><net_sink comp="290" pin=0"/></net>

<net id="297"><net_src comp="174" pin="0"/><net_sink comp="294" pin=0"/></net>

<net id="301"><net_src comp="174" pin="0"/><net_sink comp="298" pin=0"/></net>

<net id="305"><net_src comp="174" pin="0"/><net_sink comp="302" pin=0"/></net>

<net id="309"><net_src comp="174" pin="0"/><net_sink comp="306" pin=0"/></net>

<net id="313"><net_src comp="174" pin="0"/><net_sink comp="310" pin=0"/></net>

<net id="317"><net_src comp="174" pin="0"/><net_sink comp="314" pin=0"/></net>

<net id="321"><net_src comp="174" pin="0"/><net_sink comp="318" pin=0"/></net>

<net id="325"><net_src comp="174" pin="0"/><net_sink comp="322" pin=0"/></net>

<net id="329"><net_src comp="174" pin="0"/><net_sink comp="326" pin=0"/></net>

<net id="333"><net_src comp="174" pin="0"/><net_sink comp="330" pin=0"/></net>

<net id="337"><net_src comp="174" pin="0"/><net_sink comp="334" pin=0"/></net>

<net id="341"><net_src comp="174" pin="0"/><net_sink comp="338" pin=0"/></net>

<net id="345"><net_src comp="174" pin="0"/><net_sink comp="342" pin=0"/></net>

<net id="349"><net_src comp="174" pin="0"/><net_sink comp="346" pin=0"/></net>

<net id="353"><net_src comp="174" pin="0"/><net_sink comp="350" pin=0"/></net>

<net id="357"><net_src comp="174" pin="0"/><net_sink comp="354" pin=0"/></net>

<net id="361"><net_src comp="174" pin="0"/><net_sink comp="358" pin=0"/></net>

<net id="365"><net_src comp="174" pin="0"/><net_sink comp="362" pin=0"/></net>

<net id="369"><net_src comp="174" pin="0"/><net_sink comp="366" pin=0"/></net>

<net id="373"><net_src comp="174" pin="0"/><net_sink comp="370" pin=0"/></net>

<net id="377"><net_src comp="174" pin="0"/><net_sink comp="374" pin=0"/></net>

<net id="381"><net_src comp="174" pin="0"/><net_sink comp="378" pin=0"/></net>

<net id="385"><net_src comp="174" pin="0"/><net_sink comp="382" pin=0"/></net>

<net id="389"><net_src comp="178" pin="0"/><net_sink comp="386" pin=0"/></net>

<net id="393"><net_src comp="178" pin="0"/><net_sink comp="390" pin=0"/></net>

<net id="397"><net_src comp="178" pin="0"/><net_sink comp="394" pin=0"/></net>

<net id="402"><net_src comp="176" pin="0"/><net_sink comp="398" pin=0"/></net>

<net id="403"><net_src comp="32" pin="0"/><net_sink comp="398" pin=1"/></net>

<net id="408"><net_src comp="176" pin="0"/><net_sink comp="404" pin=0"/></net>

<net id="409"><net_src comp="30" pin="0"/><net_sink comp="404" pin=1"/></net>

<net id="414"><net_src comp="176" pin="0"/><net_sink comp="410" pin=0"/></net>

<net id="415"><net_src comp="28" pin="0"/><net_sink comp="410" pin=1"/></net>

<net id="420"><net_src comp="176" pin="0"/><net_sink comp="416" pin=0"/></net>

<net id="421"><net_src comp="26" pin="0"/><net_sink comp="416" pin=1"/></net>

<net id="426"><net_src comp="192" pin="0"/><net_sink comp="422" pin=0"/></net>

<net id="427"><net_src comp="24" pin="0"/><net_sink comp="422" pin=1"/></net>

<net id="432"><net_src comp="192" pin="0"/><net_sink comp="428" pin=0"/></net>

<net id="433"><net_src comp="22" pin="0"/><net_sink comp="428" pin=1"/></net>

<net id="438"><net_src comp="192" pin="0"/><net_sink comp="434" pin=0"/></net>

<net id="439"><net_src comp="20" pin="0"/><net_sink comp="434" pin=1"/></net>

<net id="444"><net_src comp="192" pin="0"/><net_sink comp="440" pin=0"/></net>

<net id="445"><net_src comp="18" pin="0"/><net_sink comp="440" pin=1"/></net>

<net id="450"><net_src comp="176" pin="0"/><net_sink comp="446" pin=0"/></net>

<net id="451"><net_src comp="16" pin="0"/><net_sink comp="446" pin=1"/></net>

<net id="456"><net_src comp="176" pin="0"/><net_sink comp="452" pin=0"/></net>

<net id="457"><net_src comp="14" pin="0"/><net_sink comp="452" pin=1"/></net>

<net id="462"><net_src comp="192" pin="0"/><net_sink comp="458" pin=0"/></net>

<net id="463"><net_src comp="12" pin="0"/><net_sink comp="458" pin=1"/></net>

<net id="468"><net_src comp="192" pin="0"/><net_sink comp="464" pin=0"/></net>

<net id="469"><net_src comp="10" pin="0"/><net_sink comp="464" pin=1"/></net>

<net id="474"><net_src comp="192" pin="0"/><net_sink comp="470" pin=0"/></net>

<net id="475"><net_src comp="8" pin="0"/><net_sink comp="470" pin=1"/></net>

<net id="480"><net_src comp="192" pin="0"/><net_sink comp="476" pin=0"/></net>

<net id="481"><net_src comp="6" pin="0"/><net_sink comp="476" pin=1"/></net>

<net id="486"><net_src comp="192" pin="0"/><net_sink comp="482" pin=0"/></net>

<net id="487"><net_src comp="4" pin="0"/><net_sink comp="482" pin=1"/></net>

<net id="492"><net_src comp="192" pin="0"/><net_sink comp="488" pin=0"/></net>

<net id="493"><net_src comp="2" pin="0"/><net_sink comp="488" pin=1"/></net>

<net id="499"><net_src comp="40" pin="0"/><net_sink comp="494" pin=0"/></net>

<net id="500"><net_src comp="188" pin="0"/><net_sink comp="494" pin=1"/></net>

<net id="506"><net_src comp="42" pin="0"/><net_sink comp="501" pin=0"/></net>

<net id="507"><net_src comp="188" pin="0"/><net_sink comp="501" pin=1"/></net>

<net id="513"><net_src comp="44" pin="0"/><net_sink comp="508" pin=0"/></net>

<net id="514"><net_src comp="188" pin="0"/><net_sink comp="508" pin=1"/></net>

<net id="520"><net_src comp="46" pin="0"/><net_sink comp="515" pin=0"/></net>

<net id="521"><net_src comp="188" pin="0"/><net_sink comp="515" pin=1"/></net>

<net id="527"><net_src comp="48" pin="0"/><net_sink comp="522" pin=0"/></net>

<net id="528"><net_src comp="188" pin="0"/><net_sink comp="522" pin=1"/></net>

<net id="534"><net_src comp="50" pin="0"/><net_sink comp="529" pin=0"/></net>

<net id="535"><net_src comp="188" pin="0"/><net_sink comp="529" pin=1"/></net>

<net id="541"><net_src comp="52" pin="0"/><net_sink comp="536" pin=0"/></net>

<net id="542"><net_src comp="188" pin="0"/><net_sink comp="536" pin=1"/></net>

<net id="548"><net_src comp="494" pin="3"/><net_sink comp="543" pin=0"/></net>

<net id="554"><net_src comp="501" pin="3"/><net_sink comp="549" pin=0"/></net>

<net id="560"><net_src comp="508" pin="3"/><net_sink comp="555" pin=0"/></net>

<net id="566"><net_src comp="515" pin="3"/><net_sink comp="561" pin=0"/></net>

<net id="572"><net_src comp="522" pin="3"/><net_sink comp="567" pin=0"/></net>

<net id="578"><net_src comp="529" pin="3"/><net_sink comp="573" pin=0"/></net>

<net id="584"><net_src comp="536" pin="3"/><net_sink comp="579" pin=0"/></net>

<net id="588"><net_src comp="238" pin="0"/><net_sink comp="585" pin=0"/></net>

<net id="595"><net_src comp="585" pin="1"/><net_sink comp="589" pin=0"/></net>

<net id="596"><net_src comp="589" pin="4"/><net_sink comp="585" pin=0"/></net>

<net id="600"><net_src comp="238" pin="0"/><net_sink comp="597" pin=0"/></net>

<net id="607"><net_src comp="597" pin="1"/><net_sink comp="601" pin=0"/></net>

<net id="608"><net_src comp="601" pin="4"/><net_sink comp="597" pin=0"/></net>

<net id="612"><net_src comp="238" pin="0"/><net_sink comp="609" pin=0"/></net>

<net id="619"><net_src comp="609" pin="1"/><net_sink comp="613" pin=0"/></net>

<net id="620"><net_src comp="613" pin="4"/><net_sink comp="609" pin=0"/></net>

<net id="760"><net_src comp="246" pin="0"/><net_sink comp="621" pin=0"/></net>

<net id="761"><net_src comp="589" pin="4"/><net_sink comp="621" pin=1"/></net>

<net id="762"><net_src comp="601" pin="4"/><net_sink comp="621" pin=2"/></net>

<net id="763"><net_src comp="613" pin="4"/><net_sink comp="621" pin=3"/></net>

<net id="764"><net_src comp="34" pin="0"/><net_sink comp="621" pin=23"/></net>

<net id="765"><net_src comp="0" pin="0"/><net_sink comp="621" pin=25"/></net>

<net id="766"><net_src comp="56" pin="0"/><net_sink comp="621" pin=80"/></net>

<net id="767"><net_src comp="86" pin="0"/><net_sink comp="621" pin=81"/></net>

<net id="768"><net_src comp="88" pin="0"/><net_sink comp="621" pin=82"/></net>

<net id="769"><net_src comp="90" pin="0"/><net_sink comp="621" pin=83"/></net>

<net id="770"><net_src comp="92" pin="0"/><net_sink comp="621" pin=84"/></net>

<net id="771"><net_src comp="60" pin="0"/><net_sink comp="621" pin=85"/></net>

<net id="772"><net_src comp="94" pin="0"/><net_sink comp="621" pin=86"/></net>

<net id="773"><net_src comp="96" pin="0"/><net_sink comp="621" pin=87"/></net>

<net id="774"><net_src comp="98" pin="0"/><net_sink comp="621" pin=88"/></net>

<net id="775"><net_src comp="58" pin="0"/><net_sink comp="621" pin=89"/></net>

<net id="776"><net_src comp="100" pin="0"/><net_sink comp="621" pin=90"/></net>

<net id="777"><net_src comp="102" pin="0"/><net_sink comp="621" pin=91"/></net>

<net id="778"><net_src comp="62" pin="0"/><net_sink comp="621" pin=92"/></net>

<net id="779"><net_src comp="104" pin="0"/><net_sink comp="621" pin=93"/></net>

<net id="780"><net_src comp="106" pin="0"/><net_sink comp="621" pin=94"/></net>

<net id="781"><net_src comp="108" pin="0"/><net_sink comp="621" pin=95"/></net>

<net id="782"><net_src comp="68" pin="0"/><net_sink comp="621" pin=96"/></net>

<net id="783"><net_src comp="66" pin="0"/><net_sink comp="621" pin=97"/></net>

<net id="784"><net_src comp="110" pin="0"/><net_sink comp="621" pin=98"/></net>

<net id="785"><net_src comp="112" pin="0"/><net_sink comp="621" pin=99"/></net>

<net id="786"><net_src comp="64" pin="0"/><net_sink comp="621" pin=100"/></net>

<net id="787"><net_src comp="114" pin="0"/><net_sink comp="621" pin=101"/></net>

<net id="788"><net_src comp="116" pin="0"/><net_sink comp="621" pin=102"/></net>

<net id="789"><net_src comp="118" pin="0"/><net_sink comp="621" pin=103"/></net>

<net id="790"><net_src comp="120" pin="0"/><net_sink comp="621" pin=104"/></net>

<net id="791"><net_src comp="122" pin="0"/><net_sink comp="621" pin=105"/></net>

<net id="792"><net_src comp="124" pin="0"/><net_sink comp="621" pin=106"/></net>

<net id="793"><net_src comp="126" pin="0"/><net_sink comp="621" pin=107"/></net>

<net id="794"><net_src comp="128" pin="0"/><net_sink comp="621" pin=108"/></net>

<net id="795"><net_src comp="130" pin="0"/><net_sink comp="621" pin=109"/></net>

<net id="796"><net_src comp="76" pin="0"/><net_sink comp="621" pin=110"/></net>

<net id="797"><net_src comp="74" pin="0"/><net_sink comp="621" pin=111"/></net>

<net id="798"><net_src comp="132" pin="0"/><net_sink comp="621" pin=112"/></net>

<net id="799"><net_src comp="134" pin="0"/><net_sink comp="621" pin=113"/></net>

<net id="800"><net_src comp="72" pin="0"/><net_sink comp="621" pin=114"/></net>

<net id="801"><net_src comp="136" pin="0"/><net_sink comp="621" pin=115"/></net>

<net id="802"><net_src comp="138" pin="0"/><net_sink comp="621" pin=116"/></net>

<net id="803"><net_src comp="140" pin="0"/><net_sink comp="621" pin=117"/></net>

<net id="804"><net_src comp="142" pin="0"/><net_sink comp="621" pin=118"/></net>

<net id="805"><net_src comp="144" pin="0"/><net_sink comp="621" pin=119"/></net>

<net id="806"><net_src comp="146" pin="0"/><net_sink comp="621" pin=120"/></net>

<net id="807"><net_src comp="148" pin="0"/><net_sink comp="621" pin=121"/></net>

<net id="808"><net_src comp="150" pin="0"/><net_sink comp="621" pin=122"/></net>

<net id="809"><net_src comp="84" pin="0"/><net_sink comp="621" pin=123"/></net>

<net id="810"><net_src comp="152" pin="0"/><net_sink comp="621" pin=124"/></net>

<net id="811"><net_src comp="154" pin="0"/><net_sink comp="621" pin=125"/></net>

<net id="812"><net_src comp="156" pin="0"/><net_sink comp="621" pin=126"/></net>

<net id="813"><net_src comp="158" pin="0"/><net_sink comp="621" pin=127"/></net>

<net id="814"><net_src comp="160" pin="0"/><net_sink comp="621" pin=128"/></net>

<net id="815"><net_src comp="162" pin="0"/><net_sink comp="621" pin=129"/></net>

<net id="816"><net_src comp="164" pin="0"/><net_sink comp="621" pin=130"/></net>

<net id="817"><net_src comp="166" pin="0"/><net_sink comp="621" pin=131"/></net>

<net id="818"><net_src comp="168" pin="0"/><net_sink comp="621" pin=132"/></net>

<net id="819"><net_src comp="82" pin="0"/><net_sink comp="621" pin=133"/></net>

<net id="820"><net_src comp="170" pin="0"/><net_sink comp="621" pin=134"/></net>

<net id="821"><net_src comp="172" pin="0"/><net_sink comp="621" pin=135"/></net>

<net id="822"><net_src comp="80" pin="0"/><net_sink comp="621" pin=136"/></net>

<net id="827"><net_src comp="398" pin="2"/><net_sink comp="823" pin=0"/></net>

<net id="828"><net_src comp="180" pin="0"/><net_sink comp="823" pin=1"/></net>

<net id="835"><net_src comp="182" pin="0"/><net_sink comp="829" pin=0"/></net>

<net id="836"><net_src comp="398" pin="2"/><net_sink comp="829" pin=1"/></net>

<net id="837"><net_src comp="174" pin="0"/><net_sink comp="829" pin=2"/></net>

<net id="838"><net_src comp="184" pin="0"/><net_sink comp="829" pin=3"/></net>

<net id="844"><net_src comp="823" pin="2"/><net_sink comp="839" pin=0"/></net>

<net id="845"><net_src comp="178" pin="0"/><net_sink comp="839" pin=1"/></net>

<net id="846"><net_src comp="186" pin="0"/><net_sink comp="839" pin=2"/></net>

<net id="847"><net_src comp="839" pin="3"/><net_sink comp="494" pin=2"/></net>

<net id="848"><net_src comp="839" pin="3"/><net_sink comp="501" pin=2"/></net>

<net id="849"><net_src comp="839" pin="3"/><net_sink comp="508" pin=2"/></net>

<net id="850"><net_src comp="839" pin="3"/><net_sink comp="515" pin=2"/></net>

<net id="851"><net_src comp="839" pin="3"/><net_sink comp="522" pin=2"/></net>

<net id="852"><net_src comp="839" pin="3"/><net_sink comp="529" pin=2"/></net>

<net id="853"><net_src comp="839" pin="3"/><net_sink comp="536" pin=2"/></net>

<net id="857"><net_src comp="54" pin="0"/><net_sink comp="854" pin=0"/></net>

<net id="861"><net_src comp="56" pin="0"/><net_sink comp="858" pin=0"/></net>

<net id="865"><net_src comp="858" pin="1"/><net_sink comp="862" pin=0"/></net>

<net id="869"><net_src comp="58" pin="0"/><net_sink comp="866" pin=0"/></net>

<net id="873"><net_src comp="60" pin="0"/><net_sink comp="870" pin=0"/></net>

<net id="877"><net_src comp="62" pin="0"/><net_sink comp="874" pin=0"/></net>

<net id="881"><net_src comp="64" pin="0"/><net_sink comp="878" pin=0"/></net>

<net id="885"><net_src comp="878" pin="1"/><net_sink comp="882" pin=0"/></net>

<net id="889"><net_src comp="66" pin="0"/><net_sink comp="886" pin=0"/></net>

<net id="893"><net_src comp="886" pin="1"/><net_sink comp="890" pin=0"/></net>

<net id="897"><net_src comp="68" pin="0"/><net_sink comp="894" pin=0"/></net>

<net id="901"><net_src comp="894" pin="1"/><net_sink comp="898" pin=0"/></net>

<net id="905"><net_src comp="70" pin="0"/><net_sink comp="902" pin=0"/></net>

<net id="909"><net_src comp="72" pin="0"/><net_sink comp="906" pin=0"/></net>

<net id="913"><net_src comp="74" pin="0"/><net_sink comp="910" pin=0"/></net>

<net id="917"><net_src comp="910" pin="1"/><net_sink comp="914" pin=0"/></net>

<net id="921"><net_src comp="76" pin="0"/><net_sink comp="918" pin=0"/></net>

<net id="925"><net_src comp="918" pin="1"/><net_sink comp="922" pin=0"/></net>

<net id="929"><net_src comp="78" pin="0"/><net_sink comp="926" pin=0"/></net>

<net id="933"><net_src comp="80" pin="0"/><net_sink comp="930" pin=0"/></net>

<net id="937"><net_src comp="930" pin="1"/><net_sink comp="934" pin=0"/></net>

<net id="941"><net_src comp="82" pin="0"/><net_sink comp="938" pin=0"/></net>

<net id="945"><net_src comp="938" pin="1"/><net_sink comp="942" pin=0"/></net>

<net id="949"><net_src comp="84" pin="0"/><net_sink comp="946" pin=0"/></net>

<net id="953"><net_src comp="946" pin="1"/><net_sink comp="950" pin=0"/></net>

<net id="958"><net_src comp="854" pin="1"/><net_sink comp="954" pin=0"/></net>

<net id="963"><net_src comp="862" pin="1"/><net_sink comp="959" pin=0"/></net>

<net id="968"><net_src comp="866" pin="1"/><net_sink comp="964" pin=0"/></net>

<net id="973"><net_src comp="870" pin="1"/><net_sink comp="969" pin=0"/></net>

<net id="978"><net_src comp="874" pin="1"/><net_sink comp="974" pin=0"/></net>

<net id="983"><net_src comp="882" pin="1"/><net_sink comp="979" pin=0"/></net>

<net id="988"><net_src comp="890" pin="1"/><net_sink comp="984" pin=0"/></net>

<net id="993"><net_src comp="898" pin="1"/><net_sink comp="989" pin=0"/></net>

<net id="998"><net_src comp="902" pin="1"/><net_sink comp="994" pin=0"/></net>

<net id="1003"><net_src comp="906" pin="1"/><net_sink comp="999" pin=0"/></net>

<net id="1008"><net_src comp="914" pin="1"/><net_sink comp="1004" pin=0"/></net>

<net id="1013"><net_src comp="922" pin="1"/><net_sink comp="1009" pin=0"/></net>

<net id="1018"><net_src comp="926" pin="1"/><net_sink comp="1014" pin=0"/></net>

<net id="1023"><net_src comp="934" pin="1"/><net_sink comp="1019" pin=0"/></net>

<net id="1028"><net_src comp="942" pin="1"/><net_sink comp="1024" pin=0"/></net>

<net id="1033"><net_src comp="950" pin="1"/><net_sink comp="1029" pin=0"/></net>

<net id="1038"><net_src comp="190" pin="0"/><net_sink comp="1034" pin=0"/></net>

<net id="1042"><net_src comp="482" pin="2"/><net_sink comp="1039" pin=0"/></net>

<net id="1046"><net_src comp="482" pin="2"/><net_sink comp="1043" pin=0"/></net>

<net id="1051"><net_src comp="210" pin="0"/><net_sink comp="1047" pin=1"/></net>

<net id="1055"><net_src comp="488" pin="2"/><net_sink comp="1052" pin=0"/></net>

<net id="1059"><net_src comp="488" pin="2"/><net_sink comp="1056" pin=0"/></net>

<net id="1063"><net_src comp="36" pin="0"/><net_sink comp="1060" pin=0"/></net>

<net id="1069"><net_src comp="1047" pin="2"/><net_sink comp="1064" pin=0"/></net>

<net id="1070"><net_src comp="1060" pin="1"/><net_sink comp="1064" pin=1"/></net>

<net id="1071"><net_src comp="212" pin="0"/><net_sink comp="1064" pin=2"/></net>

<net id="1075"><net_src comp="38" pin="0"/><net_sink comp="1072" pin=0"/></net>

<net id="1080"><net_src comp="1043" pin="1"/><net_sink comp="1076" pin=0"/></net>

<net id="1081"><net_src comp="214" pin="0"/><net_sink comp="1076" pin=1"/></net>

<net id="1088"><net_src comp="216" pin="0"/><net_sink comp="1082" pin=0"/></net>

<net id="1089"><net_src comp="1076" pin="2"/><net_sink comp="1082" pin=1"/></net>

<net id="1090"><net_src comp="218" pin="0"/><net_sink comp="1082" pin=2"/></net>

<net id="1091"><net_src comp="220" pin="0"/><net_sink comp="1082" pin=3"/></net>

<net id="1095"><net_src comp="1072" pin="1"/><net_sink comp="1092" pin=0"/></net>

<net id="1100"><net_src comp="1043" pin="1"/><net_sink comp="1096" pin=0"/></net>

<net id="1101"><net_src comp="222" pin="0"/><net_sink comp="1096" pin=1"/></net>

<net id="1108"><net_src comp="224" pin="0"/><net_sink comp="1102" pin=0"/></net>

<net id="1109"><net_src comp="1096" pin="2"/><net_sink comp="1102" pin=1"/></net>

<net id="1110"><net_src comp="226" pin="0"/><net_sink comp="1102" pin=2"/></net>

<net id="1111"><net_src comp="220" pin="0"/><net_sink comp="1102" pin=3"/></net>

<net id="1116"><net_src comp="1102" pin="4"/><net_sink comp="1112" pin=0"/></net>

<net id="1117"><net_src comp="228" pin="0"/><net_sink comp="1112" pin=1"/></net>

<net id="1122"><net_src comp="1056" pin="1"/><net_sink comp="1118" pin=0"/></net>

<net id="1123"><net_src comp="222" pin="0"/><net_sink comp="1118" pin=1"/></net>

<net id="1129"><net_src comp="230" pin="0"/><net_sink comp="1124" pin=0"/></net>

<net id="1130"><net_src comp="1060" pin="1"/><net_sink comp="1124" pin=1"/></net>

<net id="1131"><net_src comp="210" pin="0"/><net_sink comp="1124" pin=2"/></net>

<net id="1138"><net_src comp="224" pin="0"/><net_sink comp="1132" pin=0"/></net>

<net id="1139"><net_src comp="1118" pin="2"/><net_sink comp="1132" pin=1"/></net>

<net id="1140"><net_src comp="226" pin="0"/><net_sink comp="1132" pin=2"/></net>

<net id="1141"><net_src comp="220" pin="0"/><net_sink comp="1132" pin=3"/></net>

<net id="1145"><net_src comp="1132" pin="4"/><net_sink comp="1142" pin=0"/></net>

<net id="1150"><net_src comp="1142" pin="1"/><net_sink comp="1146" pin=0"/></net>

<net id="1151"><net_src comp="232" pin="0"/><net_sink comp="1146" pin=1"/></net>

<net id="1156"><net_src comp="1039" pin="1"/><net_sink comp="1152" pin=0"/></net>

<net id="1157"><net_src comp="234" pin="0"/><net_sink comp="1152" pin=1"/></net>

<net id="1162"><net_src comp="1052" pin="1"/><net_sink comp="1158" pin=0"/></net>

<net id="1163"><net_src comp="234" pin="0"/><net_sink comp="1158" pin=1"/></net>

<net id="1169"><net_src comp="1047" pin="2"/><net_sink comp="1164" pin=0"/></net>

<net id="1170"><net_src comp="236" pin="0"/><net_sink comp="1164" pin=1"/></net>

<net id="1171"><net_src comp="212" pin="0"/><net_sink comp="1164" pin=2"/></net>

<net id="1177"><net_src comp="1047" pin="2"/><net_sink comp="1172" pin=0"/></net>

<net id="1178"><net_src comp="210" pin="0"/><net_sink comp="1172" pin=1"/></net>

<net id="1179"><net_src comp="212" pin="0"/><net_sink comp="1172" pin=2"/></net>

<net id="1183"><net_src comp="1180" pin="1"/><net_sink comp="621" pin=9"/></net>

<net id="1188"><net_src comp="1180" pin="1"/><net_sink comp="1184" pin=0"/></net>

<net id="1193"><net_src comp="1180" pin="1"/><net_sink comp="1189" pin=0"/></net>

<net id="1194"><net_src comp="240" pin="0"/><net_sink comp="1189" pin=1"/></net>

<net id="1198"><net_src comp="1180" pin="1"/><net_sink comp="1195" pin=0"/></net>

<net id="1203"><net_src comp="1180" pin="1"/><net_sink comp="1199" pin=0"/></net>

<net id="1204"><net_src comp="1199" pin="2"/><net_sink comp="621" pin=20"/></net>

<net id="1209"><net_src comp="1180" pin="1"/><net_sink comp="1205" pin=0"/></net>

<net id="1214"><net_src comp="1205" pin="2"/><net_sink comp="1210" pin=0"/></net>

<net id="1215"><net_src comp="196" pin="0"/><net_sink comp="1210" pin=1"/></net>

<net id="1216"><net_src comp="1210" pin="2"/><net_sink comp="621" pin=19"/></net>

<net id="1221"><net_src comp="1180" pin="1"/><net_sink comp="1217" pin=0"/></net>

<net id="1222"><net_src comp="190" pin="0"/><net_sink comp="1217" pin=1"/></net>

<net id="1223"><net_src comp="1217" pin="2"/><net_sink comp="621" pin=37"/></net>

<net id="1228"><net_src comp="1195" pin="1"/><net_sink comp="1224" pin=1"/></net>

<net id="1229"><net_src comp="1224" pin="2"/><net_sink comp="621" pin=43"/></net>

<net id="1233"><net_src comp="1180" pin="1"/><net_sink comp="1230" pin=0"/></net>

<net id="1238"><net_src comp="1230" pin="1"/><net_sink comp="1234" pin=1"/></net>

<net id="1239"><net_src comp="1234" pin="2"/><net_sink comp="621" pin=45"/></net>

<net id="1246"><net_src comp="242" pin="0"/><net_sink comp="1240" pin=0"/></net>

<net id="1247"><net_src comp="1180" pin="1"/><net_sink comp="1240" pin=1"/></net>

<net id="1248"><net_src comp="244" pin="0"/><net_sink comp="1240" pin=2"/></net>

<net id="1249"><net_src comp="184" pin="0"/><net_sink comp="1240" pin=3"/></net>

<net id="1250"><net_src comp="1240" pin="4"/><net_sink comp="621" pin=8"/></net>

<net id="1255"><net_src comp="1189" pin="2"/><net_sink comp="1251" pin=0"/></net>

<net id="1264"><net_src comp="1256" pin="2"/><net_sink comp="1260" pin=0"/></net>

<net id="1265"><net_src comp="36" pin="0"/><net_sink comp="1260" pin=1"/></net>

<net id="1273"><net_src comp="1266" pin="1"/><net_sink comp="1269" pin=0"/></net>

<net id="1274"><net_src comp="78" pin="0"/><net_sink comp="1269" pin=1"/></net>

<net id="1282"><net_src comp="1275" pin="1"/><net_sink comp="1278" pin=0"/></net>

<net id="1283"><net_src comp="70" pin="0"/><net_sink comp="1278" pin=1"/></net>

<net id="1291"><net_src comp="1284" pin="1"/><net_sink comp="1287" pin=0"/></net>

<net id="1292"><net_src comp="54" pin="0"/><net_sink comp="1287" pin=1"/></net>

<net id="1305"><net_src comp="258" pin="1"/><net_sink comp="1302" pin=0"/></net>

<net id="1306"><net_src comp="1302" pin="1"/><net_sink comp="621" pin=79"/></net>

<net id="1310"><net_src comp="262" pin="1"/><net_sink comp="1307" pin=0"/></net>

<net id="1311"><net_src comp="1307" pin="1"/><net_sink comp="621" pin=78"/></net>

<net id="1315"><net_src comp="266" pin="1"/><net_sink comp="1312" pin=0"/></net>

<net id="1316"><net_src comp="1312" pin="1"/><net_sink comp="621" pin=77"/></net>

<net id="1320"><net_src comp="270" pin="1"/><net_sink comp="1317" pin=0"/></net>

<net id="1321"><net_src comp="1317" pin="1"/><net_sink comp="621" pin=76"/></net>

<net id="1325"><net_src comp="274" pin="1"/><net_sink comp="1322" pin=0"/></net>

<net id="1326"><net_src comp="1322" pin="1"/><net_sink comp="621" pin=75"/></net>

<net id="1330"><net_src comp="278" pin="1"/><net_sink comp="1327" pin=0"/></net>

<net id="1331"><net_src comp="1327" pin="1"/><net_sink comp="621" pin=74"/></net>

<net id="1335"><net_src comp="282" pin="1"/><net_sink comp="1332" pin=0"/></net>

<net id="1336"><net_src comp="1332" pin="1"/><net_sink comp="621" pin=73"/></net>

<net id="1340"><net_src comp="286" pin="1"/><net_sink comp="1337" pin=0"/></net>

<net id="1341"><net_src comp="1337" pin="1"/><net_sink comp="621" pin=72"/></net>

<net id="1345"><net_src comp="290" pin="1"/><net_sink comp="1342" pin=0"/></net>

<net id="1346"><net_src comp="1342" pin="1"/><net_sink comp="621" pin=71"/></net>

<net id="1350"><net_src comp="294" pin="1"/><net_sink comp="1347" pin=0"/></net>

<net id="1351"><net_src comp="1347" pin="1"/><net_sink comp="621" pin=70"/></net>

<net id="1355"><net_src comp="298" pin="1"/><net_sink comp="1352" pin=0"/></net>

<net id="1356"><net_src comp="1352" pin="1"/><net_sink comp="621" pin=69"/></net>

<net id="1360"><net_src comp="302" pin="1"/><net_sink comp="1357" pin=0"/></net>

<net id="1361"><net_src comp="1357" pin="1"/><net_sink comp="621" pin=68"/></net>

<net id="1365"><net_src comp="306" pin="1"/><net_sink comp="1362" pin=0"/></net>

<net id="1366"><net_src comp="1362" pin="1"/><net_sink comp="1034" pin=1"/></net>

<net id="1367"><net_src comp="1362" pin="1"/><net_sink comp="1180" pin=0"/></net>

<net id="1368"><net_src comp="1362" pin="1"/><net_sink comp="1251" pin=1"/></net>

<net id="1372"><net_src comp="310" pin="1"/><net_sink comp="1369" pin=0"/></net>

<net id="1373"><net_src comp="1369" pin="1"/><net_sink comp="1029" pin=1"/></net>

<net id="1374"><net_src comp="1369" pin="1"/><net_sink comp="621" pin=67"/></net>

<net id="1378"><net_src comp="314" pin="1"/><net_sink comp="1375" pin=0"/></net>

<net id="1379"><net_src comp="1375" pin="1"/><net_sink comp="1024" pin=1"/></net>

<net id="1380"><net_src comp="1375" pin="1"/><net_sink comp="621" pin=66"/></net>

<net id="1384"><net_src comp="318" pin="1"/><net_sink comp="1381" pin=0"/></net>

<net id="1385"><net_src comp="1381" pin="1"/><net_sink comp="1019" pin=1"/></net>

<net id="1386"><net_src comp="1381" pin="1"/><net_sink comp="621" pin=65"/></net>

<net id="1390"><net_src comp="322" pin="1"/><net_sink comp="1387" pin=0"/></net>

<net id="1391"><net_src comp="1387" pin="1"/><net_sink comp="1014" pin=1"/></net>

<net id="1392"><net_src comp="1387" pin="1"/><net_sink comp="621" pin=64"/></net>

<net id="1396"><net_src comp="326" pin="1"/><net_sink comp="1393" pin=0"/></net>

<net id="1397"><net_src comp="1393" pin="1"/><net_sink comp="621" pin=63"/></net>

<net id="1398"><net_src comp="1393" pin="1"/><net_sink comp="1266" pin=0"/></net>

<net id="1402"><net_src comp="330" pin="1"/><net_sink comp="1399" pin=0"/></net>

<net id="1403"><net_src comp="1399" pin="1"/><net_sink comp="1009" pin=1"/></net>

<net id="1404"><net_src comp="1399" pin="1"/><net_sink comp="621" pin=61"/></net>

<net id="1408"><net_src comp="334" pin="1"/><net_sink comp="1405" pin=0"/></net>

<net id="1409"><net_src comp="1405" pin="1"/><net_sink comp="1004" pin=1"/></net>

<net id="1410"><net_src comp="1405" pin="1"/><net_sink comp="621" pin=60"/></net>

<net id="1414"><net_src comp="338" pin="1"/><net_sink comp="1411" pin=0"/></net>

<net id="1415"><net_src comp="1411" pin="1"/><net_sink comp="999" pin=1"/></net>

<net id="1416"><net_src comp="1411" pin="1"/><net_sink comp="621" pin=59"/></net>

<net id="1420"><net_src comp="342" pin="1"/><net_sink comp="1417" pin=0"/></net>

<net id="1421"><net_src comp="1417" pin="1"/><net_sink comp="994" pin=1"/></net>

<net id="1422"><net_src comp="1417" pin="1"/><net_sink comp="621" pin=58"/></net>

<net id="1426"><net_src comp="346" pin="1"/><net_sink comp="1423" pin=0"/></net>

<net id="1427"><net_src comp="1423" pin="1"/><net_sink comp="621" pin=57"/></net>

<net id="1428"><net_src comp="1423" pin="1"/><net_sink comp="1275" pin=0"/></net>

<net id="1432"><net_src comp="350" pin="1"/><net_sink comp="1429" pin=0"/></net>

<net id="1433"><net_src comp="1429" pin="1"/><net_sink comp="989" pin=1"/></net>

<net id="1434"><net_src comp="1429" pin="1"/><net_sink comp="621" pin=55"/></net>

<net id="1438"><net_src comp="354" pin="1"/><net_sink comp="1435" pin=0"/></net>

<net id="1439"><net_src comp="1435" pin="1"/><net_sink comp="984" pin=1"/></net>

<net id="1440"><net_src comp="1435" pin="1"/><net_sink comp="621" pin=54"/></net>

<net id="1444"><net_src comp="358" pin="1"/><net_sink comp="1441" pin=0"/></net>

<net id="1445"><net_src comp="1441" pin="1"/><net_sink comp="979" pin=1"/></net>

<net id="1446"><net_src comp="1441" pin="1"/><net_sink comp="621" pin=53"/></net>

<net id="1450"><net_src comp="362" pin="1"/><net_sink comp="1447" pin=0"/></net>

<net id="1451"><net_src comp="1447" pin="1"/><net_sink comp="974" pin=1"/></net>

<net id="1452"><net_src comp="1447" pin="1"/><net_sink comp="621" pin=52"/></net>

<net id="1456"><net_src comp="366" pin="1"/><net_sink comp="1453" pin=0"/></net>

<net id="1457"><net_src comp="1453" pin="1"/><net_sink comp="969" pin=1"/></net>

<net id="1458"><net_src comp="1453" pin="1"/><net_sink comp="621" pin=51"/></net>

<net id="1462"><net_src comp="370" pin="1"/><net_sink comp="1459" pin=0"/></net>

<net id="1463"><net_src comp="1459" pin="1"/><net_sink comp="964" pin=1"/></net>

<net id="1464"><net_src comp="1459" pin="1"/><net_sink comp="621" pin=50"/></net>

<net id="1468"><net_src comp="374" pin="1"/><net_sink comp="1465" pin=0"/></net>

<net id="1469"><net_src comp="1465" pin="1"/><net_sink comp="959" pin=1"/></net>

<net id="1470"><net_src comp="1465" pin="1"/><net_sink comp="621" pin=49"/></net>

<net id="1474"><net_src comp="378" pin="1"/><net_sink comp="1471" pin=0"/></net>

<net id="1475"><net_src comp="1471" pin="1"/><net_sink comp="954" pin=1"/></net>

<net id="1476"><net_src comp="1471" pin="1"/><net_sink comp="621" pin=48"/></net>

<net id="1480"><net_src comp="382" pin="1"/><net_sink comp="1477" pin=0"/></net>

<net id="1481"><net_src comp="1477" pin="1"/><net_sink comp="621" pin=47"/></net>

<net id="1482"><net_src comp="1477" pin="1"/><net_sink comp="1284" pin=0"/></net>

<net id="1486"><net_src comp="398" pin="2"/><net_sink comp="1483" pin=0"/></net>

<net id="1487"><net_src comp="1483" pin="1"/><net_sink comp="1047" pin=0"/></net>

<net id="1488"><net_src comp="1483" pin="1"/><net_sink comp="621" pin=5"/></net>

<net id="1492"><net_src comp="386" pin="1"/><net_sink comp="1489" pin=0"/></net>

<net id="1493"><net_src comp="1489" pin="1"/><net_sink comp="621" pin=62"/></net>

<net id="1494"><net_src comp="1489" pin="1"/><net_sink comp="1299" pin=0"/></net>

<net id="1498"><net_src comp="390" pin="1"/><net_sink comp="1495" pin=0"/></net>

<net id="1499"><net_src comp="1495" pin="1"/><net_sink comp="621" pin=56"/></net>

<net id="1500"><net_src comp="1495" pin="1"/><net_sink comp="1296" pin=0"/></net>

<net id="1504"><net_src comp="394" pin="1"/><net_sink comp="1501" pin=0"/></net>

<net id="1505"><net_src comp="1501" pin="1"/><net_sink comp="621" pin=46"/></net>

<net id="1506"><net_src comp="1501" pin="1"/><net_sink comp="1293" pin=0"/></net>

<net id="1510"><net_src comp="829" pin="4"/><net_sink comp="1507" pin=0"/></net>

<net id="1511"><net_src comp="1507" pin="1"/><net_sink comp="621" pin=7"/></net>

<net id="1515"><net_src comp="494" pin="3"/><net_sink comp="1512" pin=0"/></net>

<net id="1516"><net_src comp="1512" pin="1"/><net_sink comp="543" pin=0"/></net>

<net id="1520"><net_src comp="501" pin="3"/><net_sink comp="1517" pin=0"/></net>

<net id="1521"><net_src comp="1517" pin="1"/><net_sink comp="549" pin=0"/></net>

<net id="1525"><net_src comp="508" pin="3"/><net_sink comp="1522" pin=0"/></net>

<net id="1526"><net_src comp="1522" pin="1"/><net_sink comp="555" pin=0"/></net>

<net id="1530"><net_src comp="515" pin="3"/><net_sink comp="1527" pin=0"/></net>

<net id="1531"><net_src comp="1527" pin="1"/><net_sink comp="561" pin=0"/></net>

<net id="1535"><net_src comp="522" pin="3"/><net_sink comp="1532" pin=0"/></net>

<net id="1536"><net_src comp="1532" pin="1"/><net_sink comp="567" pin=0"/></net>

<net id="1540"><net_src comp="529" pin="3"/><net_sink comp="1537" pin=0"/></net>

<net id="1541"><net_src comp="1537" pin="1"/><net_sink comp="573" pin=0"/></net>

<net id="1545"><net_src comp="536" pin="3"/><net_sink comp="1542" pin=0"/></net>

<net id="1546"><net_src comp="1542" pin="1"/><net_sink comp="579" pin=0"/></net>

<net id="1550"><net_src comp="404" pin="2"/><net_sink comp="1547" pin=0"/></net>

<net id="1551"><net_src comp="1547" pin="1"/><net_sink comp="1256" pin=1"/></net>

<net id="1555"><net_src comp="410" pin="2"/><net_sink comp="1552" pin=0"/></net>

<net id="1556"><net_src comp="1552" pin="1"/><net_sink comp="621" pin=6"/></net>

<net id="1560"><net_src comp="416" pin="2"/><net_sink comp="1557" pin=0"/></net>

<net id="1561"><net_src comp="1557" pin="1"/><net_sink comp="621" pin=4"/></net>

<net id="1565"><net_src comp="422" pin="2"/><net_sink comp="1562" pin=0"/></net>

<net id="1566"><net_src comp="1562" pin="1"/><net_sink comp="621" pin=38"/></net>

<net id="1570"><net_src comp="428" pin="2"/><net_sink comp="1567" pin=0"/></net>

<net id="1571"><net_src comp="1567" pin="1"/><net_sink comp="621" pin=36"/></net>

<net id="1575"><net_src comp="434" pin="2"/><net_sink comp="1572" pin=0"/></net>

<net id="1576"><net_src comp="1572" pin="1"/><net_sink comp="621" pin=35"/></net>

<net id="1580"><net_src comp="440" pin="2"/><net_sink comp="1577" pin=0"/></net>

<net id="1581"><net_src comp="1577" pin="1"/><net_sink comp="621" pin=34"/></net>

<net id="1585"><net_src comp="446" pin="2"/><net_sink comp="1582" pin=0"/></net>

<net id="1586"><net_src comp="1582" pin="1"/><net_sink comp="621" pin=24"/></net>

<net id="1590"><net_src comp="452" pin="2"/><net_sink comp="1587" pin=0"/></net>

<net id="1591"><net_src comp="1587" pin="1"/><net_sink comp="621" pin=11"/></net>

<net id="1595"><net_src comp="458" pin="2"/><net_sink comp="1592" pin=0"/></net>

<net id="1596"><net_src comp="1592" pin="1"/><net_sink comp="1205" pin=1"/></net>

<net id="1600"><net_src comp="464" pin="2"/><net_sink comp="1597" pin=0"/></net>

<net id="1601"><net_src comp="1597" pin="1"/><net_sink comp="621" pin=18"/></net>

<net id="1602"><net_src comp="1597" pin="1"/><net_sink comp="621" pin=22"/></net>

<net id="1606"><net_src comp="470" pin="2"/><net_sink comp="1603" pin=0"/></net>

<net id="1607"><net_src comp="1603" pin="1"/><net_sink comp="1199" pin=1"/></net>

<net id="1611"><net_src comp="476" pin="2"/><net_sink comp="1608" pin=0"/></net>

<net id="1612"><net_src comp="1608" pin="1"/><net_sink comp="621" pin=17"/></net>

<net id="1613"><net_src comp="1608" pin="1"/><net_sink comp="621" pin=21"/></net>

<net id="1617"><net_src comp="482" pin="2"/><net_sink comp="1614" pin=0"/></net>

<net id="1618"><net_src comp="1614" pin="1"/><net_sink comp="621" pin=12"/></net>

<net id="1622"><net_src comp="488" pin="2"/><net_sink comp="1619" pin=0"/></net>

<net id="1623"><net_src comp="1619" pin="1"/><net_sink comp="1184" pin=1"/></net>

<net id="1627"><net_src comp="1060" pin="1"/><net_sink comp="1624" pin=0"/></net>

<net id="1628"><net_src comp="1624" pin="1"/><net_sink comp="621" pin=16"/></net>

<net id="1629"><net_src comp="1624" pin="1"/><net_sink comp="621" pin=26"/></net>

<net id="1633"><net_src comp="1064" pin="3"/><net_sink comp="1630" pin=0"/></net>

<net id="1634"><net_src comp="1630" pin="1"/><net_sink comp="621" pin=13"/></net>

<net id="1638"><net_src comp="1082" pin="4"/><net_sink comp="1635" pin=0"/></net>

<net id="1639"><net_src comp="1635" pin="1"/><net_sink comp="621" pin=10"/></net>

<net id="1643"><net_src comp="1092" pin="1"/><net_sink comp="1640" pin=0"/></net>

<net id="1644"><net_src comp="1640" pin="1"/><net_sink comp="621" pin=32"/></net>

<net id="1648"><net_src comp="1112" pin="2"/><net_sink comp="1645" pin=0"/></net>

<net id="1649"><net_src comp="1645" pin="1"/><net_sink comp="621" pin=39"/></net>

<net id="1653"><net_src comp="1124" pin="3"/><net_sink comp="1650" pin=0"/></net>

<net id="1654"><net_src comp="1650" pin="1"/><net_sink comp="621" pin=33"/></net>

<net id="1658"><net_src comp="1146" pin="2"/><net_sink comp="1655" pin=0"/></net>

<net id="1659"><net_src comp="1655" pin="1"/><net_sink comp="621" pin=40"/></net>

<net id="1663"><net_src comp="1152" pin="2"/><net_sink comp="1660" pin=0"/></net>

<net id="1664"><net_src comp="1660" pin="1"/><net_sink comp="621" pin=42"/></net>

<net id="1668"><net_src comp="1158" pin="2"/><net_sink comp="1665" pin=0"/></net>

<net id="1669"><net_src comp="1665" pin="1"/><net_sink comp="1224" pin=0"/></net>

<net id="1673"><net_src comp="1164" pin="3"/><net_sink comp="1670" pin=0"/></net>

<net id="1674"><net_src comp="1670" pin="1"/><net_sink comp="621" pin=15"/></net>

<net id="1678"><net_src comp="1172" pin="3"/><net_sink comp="1675" pin=0"/></net>

<net id="1679"><net_src comp="1675" pin="1"/><net_sink comp="621" pin=14"/></net>

<net id="1683"><net_src comp="543" pin="3"/><net_sink comp="1680" pin=0"/></net>

<net id="1684"><net_src comp="1680" pin="1"/><net_sink comp="621" pin=27"/></net>

<net id="1688"><net_src comp="549" pin="3"/><net_sink comp="1685" pin=0"/></net>

<net id="1689"><net_src comp="1685" pin="1"/><net_sink comp="621" pin=28"/></net>

<net id="1693"><net_src comp="555" pin="3"/><net_sink comp="1690" pin=0"/></net>

<net id="1694"><net_src comp="1690" pin="1"/><net_sink comp="621" pin=29"/></net>

<net id="1698"><net_src comp="561" pin="3"/><net_sink comp="1695" pin=0"/></net>

<net id="1699"><net_src comp="1695" pin="1"/><net_sink comp="621" pin=30"/></net>

<net id="1703"><net_src comp="567" pin="3"/><net_sink comp="1700" pin=0"/></net>

<net id="1704"><net_src comp="1700" pin="1"/><net_sink comp="621" pin=31"/></net>

<net id="1708"><net_src comp="573" pin="3"/><net_sink comp="1705" pin=0"/></net>

<net id="1709"><net_src comp="1705" pin="1"/><net_sink comp="621" pin=44"/></net>

<net id="1713"><net_src comp="579" pin="3"/><net_sink comp="1710" pin=0"/></net>

<net id="1714"><net_src comp="1710" pin="1"/><net_sink comp="621" pin=41"/></net>

<net id="1718"><net_src comp="1180" pin="1"/><net_sink comp="1715" pin=0"/></net>

<net id="1719"><net_src comp="1715" pin="1"/><net_sink comp="621" pin=9"/></net>

<net id="1726"><net_src comp="1199" pin="2"/><net_sink comp="1723" pin=0"/></net>

<net id="1727"><net_src comp="1723" pin="1"/><net_sink comp="621" pin=20"/></net>

<net id="1731"><net_src comp="1210" pin="2"/><net_sink comp="1728" pin=0"/></net>

<net id="1732"><net_src comp="1728" pin="1"/><net_sink comp="621" pin=19"/></net>

<net id="1736"><net_src comp="1217" pin="2"/><net_sink comp="1733" pin=0"/></net>

<net id="1737"><net_src comp="1733" pin="1"/><net_sink comp="621" pin=37"/></net>

<net id="1741"><net_src comp="1224" pin="2"/><net_sink comp="1738" pin=0"/></net>

<net id="1742"><net_src comp="1738" pin="1"/><net_sink comp="621" pin=43"/></net>

<net id="1746"><net_src comp="1234" pin="2"/><net_sink comp="1743" pin=0"/></net>

<net id="1747"><net_src comp="1743" pin="1"/><net_sink comp="621" pin=45"/></net>

<net id="1751"><net_src comp="1240" pin="4"/><net_sink comp="1748" pin=0"/></net>

<net id="1752"><net_src comp="1748" pin="1"/><net_sink comp="621" pin=8"/></net>

</net_list>

</model> 
---------------- Datapath Model END ------------------

* FSMD analyzer results:
  - Output states:
	Port: bckgndYUV | {3 4 }
	Port: rampStart | {3 }
	Port: s | {}
	Port: redYuv | {}
	Port: grnYuv | {}
	Port: bluYuv | {}
	Port: blkYuv | {}
	Port: whiYuv | {}
	Port: whiYuv_1 | {}
	Port: blkYuv_1 | {}
	Port: rampVal_1 | {3 }
	Port: rampVal | {3 4 }
	Port: tpgPatternColorBars_unsigned_short_unsigned_short_unsigned_char_int_hBarSel | {3 4 }
	Port: tpgPatternColorBars_unsigned_short_unsigned_short_unsigned_char_int_hBarSel_8 | {3 4 }
	Port: zonePlateVAddr | {3 4 }
	Port: vBarSel | {3 4 }
	Port: tpgPatternTartanColorBars_unsigned_short_unsigned_short_unsigned_short_unsign_3 | {3 4 }
	Port: tpgPatternTartanColorBars_unsigned_short_unsigned_short_unsigned_short_unsign_2 | {3 4 }
	Port: hdata | {3 }
	Port: vBarSel_2 | {3 4 }
	Port: tpgPatternCheckerBoard_unsigned_short_unsigned_short_unsigned_short_unsigned_3 | {3 4 }
	Port: tpgPatternCheckerBoard_unsigned_short_unsigned_short_unsigned_short_unsigned_2 | {3 4 }
	Port: rampVal_2 | {3 }
	Port: vBarSel_1 | {3 4 }
	Port: tpgPatternDPColorSquare_unsigned_short_unsigned_short_unsigned_char_unsigned_3 | {3 4 }
	Port: tpgPatternDPColorSquare_unsigned_short_unsigned_short_unsigned_char_unsigned_2 | {3 4 }
	Port: tpgBarSelYuv_y | {}
	Port: tpgBarSelYuv_u | {}
	Port: tpgBarSelYuv_v | {}
	Port: tpgPatternColorBars_unsigned_short_unsigned_short_unsigned_char_int_xBar_9 | {3 4 }
	Port: tpgBarSelRgb_r | {}
	Port: tpgBarSelRgb_g | {}
	Port: tpgBarSelRgb_b | {}
	Port: tpgPatternColorBars_unsigned_short_unsigned_short_unsigned_char_int_xBar | {3 4 }
	Port: tpgSinTableArray | {}
	Port: zonePlateVDelta | {3 4 }
	Port: tpgTartanBarArray | {}
	Port: tpgPatternTartanColorBars_unsigned_short_unsigned_short_unsigned_short_unsign | {3 4 }
	Port: tpgPatternTartanColorBars_unsigned_short_unsigned_short_unsigned_short_unsign_1 | {3 4 }
	Port: yCount | {3 4 }
	Port: tpgPatternCrossHatch_unsigned_short_unsigned_short_unsigned_short_unsigned_sh | {3 4 }
	Port: tpgPatternCrossHatch_unsigned_short_unsigned_short_unsigned_short_unsigned_sh_1 | {3 4 }
	Port: vHatch | {3 4 }
	Port: yCount_2 | {3 4 }
	Port: tpgSinTableArray_9bit_0 | {}
	Port: tpgSinTableArray_9bit_1 | {}
	Port: tpgSinTableArray_9bit_2 | {}
	Port: tpgCheckerBoardArray | {}
	Port: tpgPatternCheckerBoard_unsigned_short_unsigned_short_unsigned_short_unsigned_s | {3 4 }
	Port: tpgPatternCheckerBoard_unsigned_short_unsigned_short_unsigned_short_unsigned_1 | {3 4 }
	Port: yCount_3 | {3 4 }
	Port: rSerie | {3 4 }
	Port: gSerie | {3 4 }
	Port: bSerie | {3 4 }
	Port: DPtpgBarSelYuv_709_y | {}
	Port: DPtpgBarSelYuv_709_u | {}
	Port: DPtpgBarSelYuv_709_v | {}
	Port: DPtpgBarArray | {}
	Port: tpgPatternDPColorSquare_unsigned_short_unsigned_short_unsigned_char_unsigned_s | {3 4 }
	Port: DPtpgBarSelRgb_VESA_r | {}
	Port: DPtpgBarSelRgb_VESA_g | {}
	Port: DPtpgBarSelRgb_VESA_b | {}
	Port: DPtpgBarSelRgb_CEA_r | {}
	Port: DPtpgBarSelRgb_CEA_g | {}
	Port: DPtpgBarSelRgb_CEA_b | {}
	Port: DPtpgBarSelYuv_601_y | {}
	Port: DPtpgBarSelYuv_601_u | {}
	Port: DPtpgBarSelYuv_601_v | {}
	Port: tpgPatternDPColorSquare_unsigned_short_unsigned_short_unsigned_char_unsigned_1 | {3 4 }
	Port: yCount_1 | {3 4 }
 - Input state : 
	Port: tpgBackground : srcYUV | {3 4 }
	Port: tpgBackground : height_val | {2 }
	Port: tpgBackground : width_val | {2 }
	Port: tpgBackground : passthruStartX_val | {2 }
	Port: tpgBackground : passthruStartY_val | {2 }
	Port: tpgBackground : passthruEndX_val | {2 }
	Port: tpgBackground : passthruEndY_val | {2 }
	Port: tpgBackground : enableInput_val | {2 }
	Port: tpgBackground : patternId_val | {2 }
	Port: tpgBackground : ZplateHorContStart_val | {2 }
	Port: tpgBackground : ZplateHorContDelta_val | {2 }
	Port: tpgBackground : ZplateVerContStart_val | {2 }
	Port: tpgBackground : ZplateVerContDelta_val | {2 }
	Port: tpgBackground : dpDynamicRange_val | {2 }
	Port: tpgBackground : dpYUVCoef_val | {2 }
	Port: tpgBackground : motionSpeed_val | {2 }
	Port: tpgBackground : colorFormat_val | {1 }
	Port: tpgBackground : rampStart | {2 }
	Port: tpgBackground : s | {2 }
	Port: tpgBackground : redYuv | {1 2 }
	Port: tpgBackground : grnYuv | {1 2 }
	Port: tpgBackground : bluYuv | {1 2 }
	Port: tpgBackground : blkYuv | {1 2 }
	Port: tpgBackground : whiYuv | {1 2 }
	Port: tpgBackground : whiYuv_1 | {1 2 }
	Port: tpgBackground : blkYuv_1 | {1 2 }
	Port: tpgBackground : rampVal_1 | {1 }
	Port: tpgBackground : rampVal | {1 }
	Port: tpgBackground : tpgPatternColorBars_unsigned_short_unsigned_short_unsigned_char_int_hBarSel | {1 }
	Port: tpgBackground : tpgPatternColorBars_unsigned_short_unsigned_short_unsigned_char_int_hBarSel_8 | {1 }
	Port: tpgBackground : zonePlateVAddr | {1 }
	Port: tpgBackground : vBarSel | {1 }
	Port: tpgBackground : tpgPatternTartanColorBars_unsigned_short_unsigned_short_unsigned_short_unsign_3 | {1 }
	Port: tpgBackground : tpgPatternTartanColorBars_unsigned_short_unsigned_short_unsigned_short_unsign_2 | {1 }
	Port: tpgBackground : hdata | {1 }
	Port: tpgBackground : vBarSel_2 | {1 }
	Port: tpgBackground : tpgPatternCheckerBoard_unsigned_short_unsigned_short_unsigned_short_unsigned_3 | {1 }
	Port: tpgBackground : tpgPatternCheckerBoard_unsigned_short_unsigned_short_unsigned_short_unsigned_2 | {1 }
	Port: tpgBackground : rampVal_2 | {1 }
	Port: tpgBackground : vBarSel_1 | {1 }
	Port: tpgBackground : tpgPatternDPColorSquare_unsigned_short_unsigned_short_unsigned_char_unsigned_3 | {1 }
	Port: tpgBackground : tpgPatternDPColorSquare_unsigned_short_unsigned_short_unsigned_char_unsigned_2 | {1 }
	Port: tpgBackground : tpgBarSelYuv_y | {3 4 }
	Port: tpgBackground : tpgBarSelYuv_u | {3 4 }
	Port: tpgBackground : tpgBarSelYuv_v | {3 4 }
	Port: tpgBackground : tpgPatternColorBars_unsigned_short_unsigned_short_unsigned_char_int_xBar_9 | {3 4 }
	Port: tpgBackground : tpgBarSelRgb_r | {3 4 }
	Port: tpgBackground : tpgBarSelRgb_g | {3 4 }
	Port: tpgBackground : tpgBarSelRgb_b | {3 4 }
	Port: tpgBackground : tpgPatternColorBars_unsigned_short_unsigned_short_unsigned_char_int_xBar | {3 4 }
	Port: tpgBackground : tpgSinTableArray | {3 4 }
	Port: tpgBackground : zonePlateVDelta | {3 4 }
	Port: tpgBackground : tpgTartanBarArray | {3 4 }
	Port: tpgBackground : tpgPatternTartanColorBars_unsigned_short_unsigned_short_unsigned_short_unsign | {3 4 }
	Port: tpgBackground : tpgPatternTartanColorBars_unsigned_short_unsigned_short_unsigned_short_unsign_1 | {3 4 }
	Port: tpgBackground : yCount | {3 4 }
	Port: tpgBackground : tpgPatternCrossHatch_unsigned_short_unsigned_short_unsigned_short_unsigned_sh | {3 4 }
	Port: tpgBackground : tpgPatternCrossHatch_unsigned_short_unsigned_short_unsigned_short_unsigned_sh_1 | {3 4 }
	Port: tpgBackground : vHatch | {3 4 }
	Port: tpgBackground : yCount_2 | {3 4 }
	Port: tpgBackground : tpgSinTableArray_9bit_0 | {3 4 }
	Port: tpgBackground : tpgSinTableArray_9bit_1 | {3 4 }
	Port: tpgBackground : tpgSinTableArray_9bit_2 | {3 4 }
	Port: tpgBackground : tpgCheckerBoardArray | {3 4 }
	Port: tpgBackground : tpgPatternCheckerBoard_unsigned_short_unsigned_short_unsigned_short_unsigned_s | {3 4 }
	Port: tpgBackground : tpgPatternCheckerBoard_unsigned_short_unsigned_short_unsigned_short_unsigned_1 | {3 4 }
	Port: tpgBackground : yCount_3 | {3 4 }
	Port: tpgBackground : rSerie | {3 4 }
	Port: tpgBackground : gSerie | {3 4 }
	Port: tpgBackground : bSerie | {3 4 }
	Port: tpgBackground : DPtpgBarSelYuv_709_y | {3 4 }
	Port: tpgBackground : DPtpgBarSelYuv_709_u | {3 4 }
	Port: tpgBackground : DPtpgBarSelYuv_709_v | {3 4 }
	Port: tpgBackground : DPtpgBarArray | {3 4 }
	Port: tpgBackground : tpgPatternDPColorSquare_unsigned_short_unsigned_short_unsigned_char_unsigned_s | {3 4 }
	Port: tpgBackground : DPtpgBarSelRgb_VESA_r | {3 4 }
	Port: tpgBackground : DPtpgBarSelRgb_VESA_g | {3 4 }
	Port: tpgBackground : DPtpgBarSelRgb_VESA_b | {3 4 }
	Port: tpgBackground : DPtpgBarSelRgb_CEA_r | {3 4 }
	Port: tpgBackground : DPtpgBarSelRgb_CEA_g | {3 4 }
	Port: tpgBackground : DPtpgBarSelRgb_CEA_b | {3 4 }
	Port: tpgBackground : DPtpgBarSelYuv_601_y | {3 4 }
	Port: tpgBackground : DPtpgBarSelYuv_601_u | {3 4 }
	Port: tpgBackground : DPtpgBarSelYuv_601_v | {3 4 }
	Port: tpgBackground : tpgPatternDPColorSquare_unsigned_short_unsigned_short_unsigned_char_unsigned_1 | {3 4 }
	Port: tpgBackground : yCount_1 | {3 4 }
  - Chain level:
	State 1
		select_ln1144 : 1
		redYuv_addr : 2
		grnYuv_addr : 2
		bluYuv_addr : 2
		blkYuv_addr : 2
		whiYuv_addr : 2
		whiYuv_1_addr : 2
		blkYuv_1_addr : 2
		redYuv_load : 3
		grnYuv_load : 3
		bluYuv_load : 3
		blkYuv_load : 3
		whiYuv_load : 3
		whiYuv_1_load : 3
		blkYuv_1_load : 3
		zext_ln1257 : 1
		zext_ln1412 : 1
		zext_ln1412_1 : 1
		zext_ln1545 : 1
		zext_ln1593 : 1
		zext_ln1664 : 1
		zext_ln1775 : 1
		zext_ln1775_1 : 1
		zext_ln563 : 1
		store_ln1084 : 1
		store_ln1257 : 2
		store_ln1257 : 1
		store_ln1257 : 1
		store_ln1341 : 1
		store_ln1412 : 2
		store_ln1412 : 2
		store_ln1545 : 2
		store_ln1545 : 1
		store_ln1575 : 1
		store_ln1593 : 2
		store_ln1664 : 2
		store_ln1664 : 1
		store_ln1775 : 2
		store_ln1775 : 2
		store_ln563 : 2
		store_ln549 : 1
	State 2
		select_ln1122 : 1
		add_ln1241 : 1
		barWidth : 2
		trunc_ln1247 : 1
		add_ln1373 : 1
		trunc_ln5 : 2
		add_ln1373_1 : 3
		add_ln1374 : 1
		shl_ln : 1
		tmp_2 : 2
		zext_ln1386 : 3
		add_ln1386 : 4
		add_ln1473 : 1
		add_ln1449 : 1
		select_ln1503 : 1
		select_ln1518 : 1
	State 3
		icmp_ln563 : 1
		add_ln563 : 1
		br_ln563 : 2
		zext_ln563_1 : 1
		icmp_ln736 : 1
		icmp_ln737 : 1
		xor_ln737 : 2
		icmp_ln1337 : 1
		icmp_ln1449 : 2
		trunc_ln1533 : 1
		add_ln1533 : 2
		Sel : 1
		call_ln1862 : 3
		store_ln549 : 2
		store_ln750 : 1
		br_ln0 : 1
		store_ln1630 : 1
		br_ln0 : 1
		store_ln1533 : 1
		br_ln0 : 1
		store_ln1073 : 1
	State 4
	State 5


============================================================
+ Verbose Summary: Datapath Resource usage 
============================================================

* Functional unit list:
|----------|----------------------------------------------------|---------|---------|---------|---------|
| Operation|                   Functional Unit                  |   DSP   |  Delay  |    FF   |   LUT   |
|----------|----------------------------------------------------|---------|---------|---------|---------|
|   call   | grp_tpgBackground_Pipeline_VITIS_LOOP_565_2_fu_621 |    26   |  40.649 |   3290  |   5425  |
|----------|----------------------------------------------------|---------|---------|---------|---------|
|          |                 add_ln1241_fu_1076                 |    0    |    0    |    0    |    21   |
|          |                 add_ln1373_fu_1096                 |    0    |    0    |    0    |    21   |
|          |                add_ln1373_1_fu_1112                |    0    |    0    |    0    |    17   |
|          |                 add_ln1374_fu_1118                 |    0    |    0    |    0    |    21   |
|    add   |                 add_ln1386_fu_1146                 |    0    |    0    |    0    |    17   |
|          |                 add_ln1473_fu_1152                 |    0    |    0    |    0    |    23   |
|          |                 add_ln1449_fu_1158                 |    0    |    0    |    0    |    23   |
|          |                  add_ln563_fu_1189                 |    0    |    0    |    0    |    23   |
|          |                 add_ln1533_fu_1234                 |    0    |    0    |    0    |    15   |
|          |                  add_ln750_fu_1256                 |    0    |    0    |    0    |    15   |
|----------|----------------------------------------------------|---------|---------|---------|---------|
|          |                 icmp_ln1144_fu_823                 |    0    |    0    |    0    |    15   |
|          |                 icmp_ln1122_fu_1047                |    0    |    0    |    0    |    15   |
|          |                 icmp_ln563_fu_1184                 |    0    |    0    |    0    |    23   |
|   icmp   |                 icmp_ln736_fu_1199                 |    0    |    0    |    0    |    23   |
|          |                 icmp_ln737_fu_1205                 |    0    |    0    |    0    |    23   |
|          |                 icmp_ln1337_fu_1217                |    0    |    0    |    0    |    23   |
|          |                 icmp_ln1449_fu_1224                |    0    |    0    |    0    |    24   |
|----------|----------------------------------------------------|---------|---------|---------|---------|
|          |                select_ln1144_fu_839                |    0    |    0    |    0    |    62   |
|  select  |                select_ln1122_fu_1064               |    0    |    0    |    0    |    8    |
|          |                select_ln1503_fu_1164               |    0    |    0    |    0    |    8    |
|          |                select_ln1518_fu_1172               |    0    |    0    |    0    |    8    |
|----------|----------------------------------------------------|---------|---------|---------|---------|
|    xor   |                  xor_ln737_fu_1210                 |    0    |    0    |    0    |    2    |
|----------|----------------------------------------------------|---------|---------|---------|---------|
|          |          colorFormat_val_read_read_fu_398          |    0    |    0    |    0    |    0    |
|          |          motionSpeed_val_read_read_fu_404          |    0    |    0    |    0    |    0    |
|          |           dpYUVCoef_val_read_read_fu_410           |    0    |    0    |    0    |    0    |
|          |         dpDynamicRange_val_read_read_fu_416        |    0    |    0    |    0    |    0    |
|          |       ZplateVerContDelta_val_read_read_fu_422      |    0    |    0    |    0    |    0    |
|          |       ZplateVerContStart_val_read_read_fu_428      |    0    |    0    |    0    |    0    |
|          |       ZplateHorContDelta_val_read_read_fu_434      |    0    |    0    |    0    |    0    |
|   read   |       ZplateHorContStart_val_read_read_fu_440      |    0    |    0    |    0    |    0    |
|          |           patternId_val_read_read_fu_446           |    0    |    0    |    0    |    0    |
|          |          enableInput_val_read_read_fu_452          |    0    |    0    |    0    |    0    |
|          |          passthruEndY_val_read_read_fu_458         |    0    |    0    |    0    |    0    |
|          |          passthruEndX_val_read_read_fu_464         |    0    |    0    |    0    |    0    |
|          |         passthruStartY_val_read_read_fu_470        |    0    |    0    |    0    |    0    |
|          |         passthruStartX_val_read_read_fu_476        |    0    |    0    |    0    |    0    |
|          |             width_val_read_read_fu_482             |    0    |    0    |    0    |    0    |
|          |             height_val_read_read_fu_488            |    0    |    0    |    0    |    0    |
|----------|----------------------------------------------------|---------|---------|---------|---------|
|          |                     tmp_fu_829                     |    0    |    0    |    0    |    0    |
|          |                  barWidth_fu_1082                  |    0    |    0    |    0    |    0    |
|partselect|                  trunc_ln5_fu_1102                 |    0    |    0    |    0    |    0    |
|          |                    tmp_2_fu_1132                   |    0    |    0    |    0    |    0    |
|          |                     Sel_fu_1240                    |    0    |    0    |    0    |    0    |
|----------|----------------------------------------------------|---------|---------|---------|---------|
|          |                 zext_ln1257_fu_862                 |    0    |    0    |    0    |    0    |
|          |                 zext_ln1412_fu_882                 |    0    |    0    |    0    |    0    |
|          |                zext_ln1412_1_fu_890                |    0    |    0    |    0    |    0    |
|          |                 zext_ln1545_fu_898                 |    0    |    0    |    0    |    0    |
|          |                 zext_ln1593_fu_914                 |    0    |    0    |    0    |    0    |
|          |                 zext_ln1664_fu_922                 |    0    |    0    |    0    |    0    |
|   zext   |                 zext_ln1775_fu_934                 |    0    |    0    |    0    |    0    |
|          |                zext_ln1775_1_fu_942                |    0    |    0    |    0    |    0    |
|          |                  zext_ln563_fu_950                 |    0    |    0    |    0    |    0    |
|          |                 zext_ln1122_fu_1039                |    0    |    0    |    0    |    0    |
|          |                 zext_ln1120_fu_1052                |    0    |    0    |    0    |    0    |
|          |                 zext_ln1386_fu_1142                |    0    |    0    |    0    |    0    |
|          |                zext_ln563_1_fu_1195                |    0    |    0    |    0    |    0    |
|----------|----------------------------------------------------|---------|---------|---------|---------|
|          |                trunc_ln1122_fu_1043                |    0    |    0    |    0    |    0    |
|   trunc  |                trunc_ln1120_fu_1056                |    0    |    0    |    0    |    0    |
|          |                trunc_ln1247_fu_1092                |    0    |    0    |    0    |    0    |
|          |                trunc_ln1533_fu_1230                |    0    |    0    |    0    |    0    |
|----------|----------------------------------------------------|---------|---------|---------|---------|
|bitconcatenate|                   shl_ln_fu_1124                   |    0    |    0    |    0    |    0    |
|----------|----------------------------------------------------|---------|---------|---------|---------|
|   Total  |                                                    |    26   |  40.649 |   3290  |   5855  |
|----------|----------------------------------------------------|---------|---------|---------|---------|

Memories:
N/A

* Register list:
+----------------------------------------------------------------------------------------+--------+
|                                                                                        |   FF   |
+----------------------------------------------------------------------------------------+--------+
|                                      Sel_reg_1748                                      |    2   |
|                          ZplateHorContDelta_val_read_reg_1572                          |   16   |
|                          ZplateHorContStart_val_read_reg_1577                          |   16   |
|                          ZplateVerContDelta_val_read_reg_1562                          |   16   |
|                          ZplateVerContStart_val_read_reg_1567                          |   16   |
|                                  add_ln1373_1_reg_1645                                 |   10   |
|                                   add_ln1386_reg_1655                                  |   11   |
|                                   add_ln1449_reg_1665                                  |   17   |
|                                   add_ln1473_reg_1660                                  |   17   |
|                                   add_ln1533_reg_1743                                  |    8   |
|                                    barWidth_reg_1635                                   |   11   |
|                                 blkYuv_1_addr_reg_1542                                 |    2   |
|                                 blkYuv_1_load_reg_1710                                 |    8   |
|                                  blkYuv_addr_reg_1527                                  |    2   |
|                                  blkYuv_load_reg_1695                                  |    8   |
|                                  bluYuv_addr_reg_1522                                  |    2   |
|                                  bluYuv_load_reg_1690                                  |    8   |
|                              colorFormat_val_read_reg_1483                             |    8   |
|                            dpDynamicRange_val_read_reg_1557                            |    8   |
|                               dpYUVCoef_val_read_reg_1552                              |    8   |
|                              enableInput_val_read_reg_1587                             |    8   |
|                                  grnYuv_addr_reg_1517                                  |    2   |
|                                  grnYuv_load_reg_1685                                  |    8   |
|                                  hdata_flag_0_reg_597                                  |    1   |
|                                hdata_flag_1_loc_reg_1495                               |    1   |
|                                  hdata_loc_0_reg_1417                                  |   16   |
|                                  hdata_new_0_reg_1423                                  |   16   |
|                                height_val_read_reg_1619                                |   16   |
|                                  icmp_ln1337_reg_1733                                  |    1   |
|                                  icmp_ln1449_reg_1738                                  |    1   |
|                                   icmp_ln736_reg_1723                                  |    1   |
|                              motionSpeed_val_read_reg_1547                             |    8   |
|                                    outpix_1_reg_1337                                   |    8   |
|                                    outpix_2_reg_1342                                   |    8   |
|                                    outpix_3_reg_1347                                   |    8   |
|                                    outpix_4_reg_1352                                   |    8   |
|                                    outpix_5_reg_1357                                   |    8   |
|                                     outpix_reg_1332                                    |    8   |
|                             p_0_0_010369_lcssa382_reg_1302                             |    8   |
|                            p_0_0_010_1375_lcssa391_reg_1317                            |    8   |
|                              p_0_0_0373_lcssa388_reg_1312                              |    8   |
|                              p_0_0_09371_lcssa385_reg_1307                             |    8   |
|                             p_0_0_09_1377_lcssa394_reg_1322                            |    8   |
|                             p_0_0_0_1379_lcssa397_reg_1327                             |    8   |
|                             passthruEndX_val_read_reg_1597                             |   16   |
|                             passthruEndY_val_read_reg_1592                             |   16   |
|                            passthruStartX_val_read_reg_1608                            |   16   |
|                            passthruStartY_val_read_reg_1603                            |   16   |
|                               patternId_val_read_reg_1582                              |    8   |
|                                 rampStart_load_reg_1624                                |    8   |
|                                rampVal_2_flag_0_reg_609                                |    1   |
|                              rampVal_2_flag_1_loc_reg_1489                             |    1   |
|                                rampVal_2_loc_0_reg_1387                                |   16   |
|                                rampVal_2_new_0_reg_1393                                |   16   |
|                                rampVal_3_flag_0_reg_585                                |    1   |
|                              rampVal_3_flag_1_loc_reg_1501                             |    1   |
|                                rampVal_3_loc_0_reg_1471                                |   16   |
|                                rampVal_3_new_0_reg_1477                                |   16   |
|                                 rampVal_loc_0_reg_1465                                 |   16   |
|                                  redYuv_addr_reg_1512                                  |    2   |
|                                  redYuv_load_reg_1680                                  |    8   |
|                                 select_ln1122_reg_1630                                 |    8   |
|                                 select_ln1503_reg_1670                                 |    8   |
|                                 select_ln1518_reg_1675                                 |    8   |
|                                     shl_ln_reg_1650                                    |   16   |
|                                      tmp_reg_1507                                      |    7   |
| tpgPatternCheckerBoard_unsigned_short_unsigned_short_unsigned_short_unsigned_6_reg_1405|    8   |
| tpgPatternCheckerBoard_unsigned_short_unsigned_short_unsigned_short_unsigned_7_reg_1399|    8   |
|tpgPatternColorBars_unsigned_short_unsigned_short_unsigned_char_int_hBarSel_8_2_reg_1453|    8   |
|tpgPatternColorBars_unsigned_short_unsigned_short_unsigned_char_int_hBarSel_l_1_reg_1459|    8   |
| tpgPatternDPColorSquare_unsigned_short_unsigned_short_unsigned_char_unsigned_6_reg_1375|    8   |
| tpgPatternDPColorSquare_unsigned_short_unsigned_short_unsigned_char_unsigned_7_reg_1369|    8   |
|tpgPatternTartanColorBars_unsigned_short_unsigned_short_unsigned_short_unsign_6_reg_1435|    8   |
|tpgPatternTartanColorBars_unsigned_short_unsigned_short_unsigned_short_unsign_7_reg_1429|    8   |
|                                  trunc_ln1247_reg_1640                                 |    8   |
|                                vBarSel_2_loc_0_reg_1411                                |    8   |
|                                vBarSel_3_loc_0_reg_1381                                |    8   |
|                                 vBarSel_loc_0_reg_1441                                 |    8   |
|                                 whiYuv_1_addr_reg_1537                                 |    2   |
|                                 whiYuv_1_load_reg_1705                                 |    8   |
|                                  whiYuv_addr_reg_1532                                  |    2   |
|                                  whiYuv_load_reg_1700                                  |    8   |
|                                 width_val_read_reg_1614                                |   16   |
|                                   xor_ln737_reg_1728                                   |    1   |
|                                      y_3_reg_1715                                      |   16   |
|                                       y_reg_1362                                       |   16   |
|                              zonePlateVAddr_loc_0_reg_1447                             |   16   |
+----------------------------------------------------------------------------------------+--------+
|                                          Total                                         |   771  |
+----------------------------------------------------------------------------------------+--------+

* Multiplexer (MUX) list: 
|----------------------------------------------------|------|------|------|--------||---------||---------||---------|
|                        Comp                        |  Pin | Size |  BW  | S x BW ||  Delay  ||    FF   ||   LUT   |
|----------------------------------------------------|------|------|------|--------||---------||---------||---------|
|                  grp_access_fu_543                 |  p0  |   2  |   2  |    4   ||    0    ||    9    |
|                  grp_access_fu_549                 |  p0  |   2  |   2  |    4   ||    0    ||    9    |
|                  grp_access_fu_555                 |  p0  |   2  |   2  |    4   ||    0    ||    9    |
|                  grp_access_fu_561                 |  p0  |   2  |   2  |    4   ||    0    ||    9    |
|                  grp_access_fu_567                 |  p0  |   2  |   2  |    4   ||    0    ||    9    |
|                  grp_access_fu_573                 |  p0  |   2  |   2  |    4   ||    0    ||    9    |
|                  grp_access_fu_579                 |  p0  |   2  |   2  |    4   ||    0    ||    9    |
|              rampVal_3_flag_0_reg_585              |  p0  |   2  |   1  |    2   ||    0    ||    9    |
|                hdata_flag_0_reg_597                |  p0  |   2  |   1  |    2   ||    0    ||    9    |
|              rampVal_2_flag_0_reg_609              |  p0  |   2  |   1  |    2   ||    0    ||    9    |
| grp_tpgBackground_Pipeline_VITIS_LOOP_565_2_fu_621 |  p8  |   2  |   2  |    4   ||    0    ||    9    |
| grp_tpgBackground_Pipeline_VITIS_LOOP_565_2_fu_621 |  p9  |   2  |  16  |   32   ||    0    ||    9    |
| grp_tpgBackground_Pipeline_VITIS_LOOP_565_2_fu_621 |  p19 |   2  |   1  |    2   ||    0    ||    9    |
| grp_tpgBackground_Pipeline_VITIS_LOOP_565_2_fu_621 |  p20 |   2  |   1  |    2   ||    0    ||    9    |
| grp_tpgBackground_Pipeline_VITIS_LOOP_565_2_fu_621 |  p37 |   2  |   1  |    2   ||    0    ||    9    |
| grp_tpgBackground_Pipeline_VITIS_LOOP_565_2_fu_621 |  p43 |   2  |   1  |    2   ||    0    ||    9    |
| grp_tpgBackground_Pipeline_VITIS_LOOP_565_2_fu_621 |  p45 |   2  |   8  |   16   ||    0    ||    9    |
|----------------------------------------------------|------|------|------|--------||---------||---------||---------|
|                        Total                       |      |      |      |   94   ||  7.259  ||    0    ||   153   |
|----------------------------------------------------|------|------|------|--------||---------||---------||---------|



* Summary:
+-----------+--------+--------+--------+--------+
|           |   DSP  |  Delay |   FF   |   LUT  |
+-----------+--------+--------+--------+--------+
|  Function |   26   |   40   |  3290  |  5855  |
|   Memory  |    -   |    -   |    -   |    -   |
|Multiplexer|    -   |    7   |    0   |   153  |
|  Register |    -   |    -   |   771  |    -   |
+-----------+--------+--------+--------+--------+
|   Total   |   26   |   47   |  4061  |  6008  |
+-----------+--------+--------+--------+--------+
