

================================================================
== Vitis HLS Report for 'v_tpgHlsDataFlow'
================================================================
* Date:           Wed Jun  3 12:59:09 2026

* Version:        2025.2 (Build 6295257 on Nov 14 2025)
* Project:        prj
* Solution:       sol (Vivado IP Flow Target)
* Product family: artixuplus
* Target device:  xcau15p-ffvb676-2-e


================================================================
== Performance Estimates
================================================================
+ Timing: 
    * Summary: 
    +--------+----------+----------+------------+
    |  Clock |  Target  | Estimated| Uncertainty|
    +--------+----------+----------+------------+
    |ap_clk  |  10.00 ns|  7.199 ns|     2.70 ns|
    +--------+----------+----------+------------+

+ Latency: 
    * Summary: 
    +---------+------------+----------+------------+-----+------------+----------+
    |   Latency (cycles)   |   Latency (absolute)  |     Interval     | Pipeline |
    |   min   |     max    |    min   |     max    | min |     max    |   Type   |
    +---------+------------+----------+------------+-----+------------+----------+
    |       22|  2148958187|  0.220 us|  21.490 sec|    3|  2148958188|  dataflow|
    +---------+------------+----------+------------+-----+------------+----------+

    + Detail: 
        * Instance: 
        +------------------------------------+-------------------------+---------+------------+-----------+------------+-----+------------+---------+
        |                                    |                         |   Latency (cycles)   |   Latency (absolute)   |     Interval     | Pipeline|
        |              Instance              |          Module         |   min   |     max    |    min    |     max    | min |     max    |   Type  |
        +------------------------------------+-------------------------+---------+------------+-----------+------------+-----+------------+---------+
        |grp_AXIvideo2MultiPixStream_fu_458  |AXIvideo2MultiPixStream  |        2|     1047606|  20.000 ns|   10.476 ms|    2|     1047606|       no|
        |grp_tpgBackground_fu_483            |tpgBackground            |        2|  2148958187|  20.000 ns|  21.490 sec|    2|  2148958187|       no|
        |grp_tpgForeground_fu_655            |tpgForeground            |        2|  2147713022|  20.000 ns|  21.477 sec|    2|  2147713022|       no|
        |grp_MultiPixStream2AXIvideo_fu_691  |MultiPixStream2AXIvideo  |        1|     1043281|  10.000 ns|   10.433 ms|    1|     1043281|       no|
        +------------------------------------+-------------------------+---------+------------+-----------+------------+-----+------------+---------+

        * Loop: 
        N/A

============================================================
+ Verbose Summary: Synthesis Manager
============================================================
InlineROM: 1
ExposeGlobal: 0
============================================================
+ Verbose Summary: CDFG Model
============================================================
IsTopModel: 0
ResetActiveHigh: 1
IsCombinational: 2
IsDatapathOnly: 0
HasWiredReturn: 1
HasMFsm: 0
HasVarLatency: 1
IsPipeline: 0
IsRtlPipelined: 0
IsInstanceOverlapped: 0
IsDontTouch: 0
HasImplIP: 0
IsGatedGlobalClock: 0


============================================================
+ Verbose Summary: Schedule
============================================================
* Number of FSM states : 8
* Pipeline : 0
* Dataflow Pipeline: 1
  DF-Pipeline-0: Size = 8, States = { 1 2 3 4 5 6 7 8 }

* FSM state transitions: 
1 --> 2 
2 --> 3 
3 --> 4 
4 --> 5 
5 --> 6 
6 --> 7 
7 --> 8 
8 --> 

* FSM state operations: 

State 1 <SV = 0> <Delay = 1.83>
ST_1 : Operation 9 [1/1] (0.00ns)   --->   "%colorFormat_val27_read = read i8 @_ssdm_op_Read.ap_auto.i8, i8 %colorFormat_val27" [prj/sol/.autopilot/db/v_tpg.cpp:332]   --->   Operation 9 'read' 'colorFormat_val27_read' <Predicate = true> <Delay = 0.00>
ST_1 : Operation 10 [1/1] (0.00ns)   --->   "%enableInput_val18_read = read i8 @_ssdm_op_Read.ap_auto.i8, i8 %enableInput_val18" [prj/sol/.autopilot/db/v_tpg.cpp:332]   --->   Operation 10 'read' 'enableInput_val18_read' <Predicate = true> <Delay = 0.00>
ST_1 : Operation 11 [1/1] (0.00ns)   --->   "%width_val10_read = read i16 @_ssdm_op_Read.ap_auto.i16, i16 %width_val10" [prj/sol/.autopilot/db/v_tpg.cpp:332]   --->   Operation 11 'read' 'width_val10_read' <Predicate = true> <Delay = 0.00>
ST_1 : Operation 12 [1/1] (0.00ns)   --->   "%height_val5_read = read i16 @_ssdm_op_Read.ap_auto.i16, i16 %height_val5" [prj/sol/.autopilot/db/v_tpg.cpp:332]   --->   Operation 12 'read' 'height_val5_read' <Predicate = true> <Delay = 0.00>
ST_1 : Operation 13 [1/1] (0.00ns)   --->   "%trunc_ln332 = trunc i16 %width_val10_read" [prj/sol/.autopilot/db/v_tpg.cpp:332]   --->   Operation 13 'trunc' 'trunc_ln332' <Predicate = true> <Delay = 0.00>
ST_1 : Operation 14 [1/1] (0.00ns)   --->   "%trunc_ln332_1 = trunc i16 %height_val5_read" [prj/sol/.autopilot/db/v_tpg.cpp:332]   --->   Operation 14 'trunc' 'trunc_ln332_1' <Predicate = true> <Delay = 0.00>
ST_1 : Operation 15 [1/1] (0.00ns)   --->   "%srcYUV = alloca i64 1" [prj/sol/.autopilot/db/v_tpg.cpp:322]   --->   Operation 15 'alloca' 'srcYUV' <Predicate = true> <Delay = 0.00> <CoreInst = "FIFO_SRL">   --->   Core 80 'FIFO_SRL' <Latency = 0> <II = 1> <Delay = 2.04> <Storage> <Opcode : 'read' 'write' 'nbread' 'nbwrite'> <Ports = 0> <Width = 48> <Depth = 16> <FIFO>
ST_1 : Operation 16 [1/1] (0.00ns)   --->   "%bckgndYUV = alloca i64 1" [prj/sol/.autopilot/db/v_tpg.cpp:324]   --->   Operation 16 'alloca' 'bckgndYUV' <Predicate = true> <Delay = 0.00> <CoreInst = "FIFO_SRL">   --->   Core 80 'FIFO_SRL' <Latency = 0> <II = 1> <Delay = 2.04> <Storage> <Opcode : 'read' 'write' 'nbread' 'nbwrite'> <Ports = 0> <Width = 48> <Depth = 16> <FIFO>
ST_1 : Operation 17 [1/1] (0.00ns)   --->   "%ovrlayYUV = alloca i64 1" [prj/sol/.autopilot/db/v_tpg.cpp:325]   --->   Operation 17 'alloca' 'ovrlayYUV' <Predicate = true> <Delay = 0.00> <CoreInst = "FIFO_SRL">   --->   Core 80 'FIFO_SRL' <Latency = 0> <II = 1> <Delay = 2.04> <Storage> <Opcode : 'read' 'write' 'nbread' 'nbwrite'> <Ports = 0> <Width = 48> <Depth = 16> <FIFO>
ST_1 : Operation 18 [2/2] (1.83ns)   --->   "%call_ln342 = call void @AXIvideo2MultiPixStream, i48 %s_axis_video_V_data_V, i6 %s_axis_video_V_keep_V, i6 %s_axis_video_V_strb_V, i1 %s_axis_video_V_user_V, i1 %s_axis_video_V_last_V, i1 %s_axis_video_V_id_V, i1 %s_axis_video_V_dest_V, i48 %srcYUV, i8 %enableInput_val18_read, i11 %trunc_ln332_1, i11 %trunc_ln332, i8 %colorFormat_val27_read" [prj/sol/.autopilot/db/v_tpg.cpp:342]   --->   Operation 18 'call' 'call_ln342' <Predicate = true> <Delay = 1.83> <CoreType = "Generic">   --->   Generic Core

State 2 <SV = 1> <Delay = 0.00>
ST_2 : Operation 19 [1/2] (0.00ns)   --->   "%call_ln342 = call void @AXIvideo2MultiPixStream, i48 %s_axis_video_V_data_V, i6 %s_axis_video_V_keep_V, i6 %s_axis_video_V_strb_V, i1 %s_axis_video_V_user_V, i1 %s_axis_video_V_last_V, i1 %s_axis_video_V_id_V, i1 %s_axis_video_V_dest_V, i48 %srcYUV, i8 %enableInput_val18_read, i11 %trunc_ln332_1, i11 %trunc_ln332, i8 %colorFormat_val27_read" [prj/sol/.autopilot/db/v_tpg.cpp:342]   --->   Operation 19 'call' 'call_ln342' <Predicate = true> <Delay = 0.00> <CoreType = "Generic">   --->   Generic Core

State 3 <SV = 2> <Delay = 1.79>
ST_3 : Operation 20 [1/1] (0.00ns)   --->   "%dpYUVCoef_val39_read = read i8 @_ssdm_op_Read.ap_auto.i8, i8 %dpYUVCoef_val39" [prj/sol/.autopilot/db/v_tpg.cpp:332]   --->   Operation 20 'read' 'dpYUVCoef_val39_read' <Predicate = true> <Delay = 0.00>
ST_3 : Operation 21 [1/1] (0.00ns)   --->   "%dpDynamicRange_val38_read = read i8 @_ssdm_op_Read.ap_auto.i8, i8 %dpDynamicRange_val38" [prj/sol/.autopilot/db/v_tpg.cpp:332]   --->   Operation 21 'read' 'dpDynamicRange_val38_read' <Predicate = true> <Delay = 0.00>
ST_3 : Operation 22 [1/1] (0.00ns)   --->   "%ZplateVerContDelta_val33_read = read i16 @_ssdm_op_Read.ap_auto.i16, i16 %ZplateVerContDelta_val33" [prj/sol/.autopilot/db/v_tpg.cpp:332]   --->   Operation 22 'read' 'ZplateVerContDelta_val33_read' <Predicate = true> <Delay = 0.00>
ST_3 : Operation 23 [1/1] (0.00ns)   --->   "%ZplateVerContStart_val32_read = read i16 @_ssdm_op_Read.ap_auto.i16, i16 %ZplateVerContStart_val32" [prj/sol/.autopilot/db/v_tpg.cpp:332]   --->   Operation 23 'read' 'ZplateVerContStart_val32_read' <Predicate = true> <Delay = 0.00>
ST_3 : Operation 24 [1/1] (0.00ns)   --->   "%ZplateHorContDelta_val31_read = read i16 @_ssdm_op_Read.ap_auto.i16, i16 %ZplateHorContDelta_val31" [prj/sol/.autopilot/db/v_tpg.cpp:332]   --->   Operation 24 'read' 'ZplateHorContDelta_val31_read' <Predicate = true> <Delay = 0.00>
ST_3 : Operation 25 [1/1] (0.00ns)   --->   "%ZplateHorContStart_val30_read = read i16 @_ssdm_op_Read.ap_auto.i16, i16 %ZplateHorContStart_val30" [prj/sol/.autopilot/db/v_tpg.cpp:332]   --->   Operation 25 'read' 'ZplateHorContStart_val30_read' <Predicate = true> <Delay = 0.00>
ST_3 : Operation 26 [1/1] (0.00ns)   --->   "%motionSpeed_val23_read = read i8 @_ssdm_op_Read.ap_auto.i8, i8 %motionSpeed_val23" [prj/sol/.autopilot/db/v_tpg.cpp:332]   --->   Operation 26 'read' 'motionSpeed_val23_read' <Predicate = true> <Delay = 0.00>
ST_3 : Operation 27 [1/1] (0.00ns)   --->   "%bckgndId_val19_read = read i8 @_ssdm_op_Read.ap_auto.i8, i8 %bckgndId_val19" [prj/sol/.autopilot/db/v_tpg.cpp:332]   --->   Operation 27 'read' 'bckgndId_val19_read' <Predicate = true> <Delay = 0.00>
ST_3 : Operation 28 [1/1] (0.00ns)   --->   "%passthruEndY_val16_read = read i16 @_ssdm_op_Read.ap_auto.i16, i16 %passthruEndY_val16" [prj/sol/.autopilot/db/v_tpg.cpp:332]   --->   Operation 28 'read' 'passthruEndY_val16_read' <Predicate = true> <Delay = 0.00>
ST_3 : Operation 29 [1/1] (0.00ns)   --->   "%passthruEndX_val15_read = read i16 @_ssdm_op_Read.ap_auto.i16, i16 %passthruEndX_val15" [prj/sol/.autopilot/db/v_tpg.cpp:332]   --->   Operation 29 'read' 'passthruEndX_val15_read' <Predicate = true> <Delay = 0.00>
ST_3 : Operation 30 [1/1] (0.00ns)   --->   "%passthruStartY_val14_read = read i16 @_ssdm_op_Read.ap_auto.i16, i16 %passthruStartY_val14" [prj/sol/.autopilot/db/v_tpg.cpp:332]   --->   Operation 30 'read' 'passthruStartY_val14_read' <Predicate = true> <Delay = 0.00>
ST_3 : Operation 31 [1/1] (0.00ns)   --->   "%passthruStartX_val13_read = read i16 @_ssdm_op_Read.ap_auto.i16, i16 %passthruStartX_val13" [prj/sol/.autopilot/db/v_tpg.cpp:332]   --->   Operation 31 'read' 'passthruStartX_val13_read' <Predicate = true> <Delay = 0.00>
ST_3 : Operation 32 [2/2] (1.79ns)   --->   "%call_ln345 = call void @tpgBackground, i48 %srcYUV, i16 %height_val5_read, i16 %width_val10_read, i16 %passthruStartX_val13_read, i16 %passthruStartY_val14_read, i16 %passthruEndX_val15_read, i16 %passthruEndY_val16_read, i8 %enableInput_val18_read, i8 %bckgndId_val19_read, i16 %ZplateHorContStart_val30_read, i16 %ZplateHorContDelta_val31_read, i16 %ZplateVerContStart_val32_read, i16 %ZplateVerContDelta_val33_read, i8 %dpDynamicRange_val38_read, i8 %dpYUVCoef_val39_read, i8 %motionSpeed_val23_read, i8 %colorFormat_val27_read, i48 %bckgndYUV, i8 %rampStart, i32 %s, i8 %redYuv, i8 %grnYuv, i8 %bluYuv, i8 %blkYuv, i8 %whiYuv, i8 %whiYuv_1, i8 %blkYuv_1, i16 %rampVal_1, i8 %rampVal, i8 %tpgPatternColorBars_unsigned_short_unsigned_short_unsigned_char_int_hBarSel, i8 %tpgPatternColorBars_unsigned_short_unsigned_short_unsigned_char_int_hBarSel_8, i16 %zonePlateVAddr, i3 %vBarSel, i3 %tpgPatternTartanColorBars_unsigned_short_unsigned_short_unsigned_short_unsign_3, i3 %tpgPatternTartanColorBars_unsigned_short_unsigned_short_unsigned_short_unsign_2, i16 %hdata, i8 %vBarSel_2, i3 %tpgPatternCheckerBoard_unsigned_short_unsigned_short_unsigned_short_unsigned_3, i3 %tpgPatternCheckerBoard_unsigned_short_unsigned_short_unsigned_short_unsigned_2, i16 %rampVal_2, i1 %vBarSel_1, i3 %tpgPatternDPColorSquare_unsigned_short_unsigned_short_unsigned_char_unsigned_3, i3 %tpgPatternDPColorSquare_unsigned_short_unsigned_short_unsigned_char_unsigned_2, i8 %tpgBarSelYuv_y, i8 %tpgBarSelYuv_u, i8 %tpgBarSelYuv_v, i11 %tpgPatternColorBars_unsigned_short_unsigned_short_unsigned_char_int_xBar_9, i2 %tpgBarSelRgb_r, i2 %tpgBarSelRgb_g, i2 %tpgBarSelRgb_b, i11 %tpgPatternColorBars_unsigned_short_unsigned_short_unsigned_char_int_xBar, i20 %tpgSinTableArray, i16 %zonePlateVDelta, i3 %tpgTartanBarArray, i10 %tpgPatternTartanColorBars_unsigned_short_unsigned_short_unsigned_short_unsign, i10 %tpgPatternTartanColorBars_unsigned_short_unsigned_short_unsigned_short_unsign_1, i10 %yCount, i10 %tpgPatternCrossHatch_unsigned_short_unsigned_short_unsigned_short_unsigned_sh, i10 %tpgPatternCrossHatch_unsigned_short_unsigned_short_unsigned_short_unsigned_sh_1, i1 %vHatch, i10 %yCount_2, i8 %tpgSinTableArray_9bit_0, i8 %tpgSinTableArray_9bit_1, i9 %tpgSinTableArray_9bit_2, i2 %tpgCheckerBoardArray, i10 %tpgPatternCheckerBoard_unsigned_short_unsigned_short_unsigned_short_unsigned_s, i10 %tpgPatternCheckerBoard_unsigned_short_unsigned_short_unsigned_short_unsigned_1, i10 %yCount_3, i28 %rSerie, i28 %gSerie, i28 %bSerie, i8 %DPtpgBarSelYuv_709_y, i8 %DPtpgBarSelYuv_709_u, i8 %DPtpgBarSelYuv_709_v, i3 %DPtpgBarArray, i10 %tpgPatternDPColorSquare_unsigned_short_unsigned_short_unsigned_char_unsigned_s, i2 %DPtpgBarSelRgb_VESA_r, i2 %DPtpgBarSelRgb_VESA_g, i2 %DPtpgBarSelRgb_VESA_b, i6 %DPtpgBarSelRgb_CEA_r, i6 %DPtpgBarSelRgb_CEA_g, i6 %DPtpgBarSelRgb_CEA_b, i8 %DPtpgBarSelYuv_601_y, i8 %DPtpgBarSelYuv_601_u, i8 %DPtpgBarSelYuv_601_v, i10 %tpgPatternDPColorSquare_unsigned_short_unsigned_short_unsigned_char_unsigned_1, i6 %yCount_1" [prj/sol/.autopilot/db/v_tpg.cpp:345]   --->   Operation 32 'call' 'call_ln345' <Predicate = true> <Delay = 1.79> <CoreType = "Generic">   --->   Generic Core

State 4 <SV = 3> <Delay = 0.85>
ST_4 : Operation 33 [1/2] (0.85ns)   --->   "%call_ln345 = call void @tpgBackground, i48 %srcYUV, i16 %height_val5_read, i16 %width_val10_read, i16 %passthruStartX_val13_read, i16 %passthruStartY_val14_read, i16 %passthruEndX_val15_read, i16 %passthruEndY_val16_read, i8 %enableInput_val18_read, i8 %bckgndId_val19_read, i16 %ZplateHorContStart_val30_read, i16 %ZplateHorContDelta_val31_read, i16 %ZplateVerContStart_val32_read, i16 %ZplateVerContDelta_val33_read, i8 %dpDynamicRange_val38_read, i8 %dpYUVCoef_val39_read, i8 %motionSpeed_val23_read, i8 %colorFormat_val27_read, i48 %bckgndYUV, i8 %rampStart, i32 %s, i8 %redYuv, i8 %grnYuv, i8 %bluYuv, i8 %blkYuv, i8 %whiYuv, i8 %whiYuv_1, i8 %blkYuv_1, i16 %rampVal_1, i8 %rampVal, i8 %tpgPatternColorBars_unsigned_short_unsigned_short_unsigned_char_int_hBarSel, i8 %tpgPatternColorBars_unsigned_short_unsigned_short_unsigned_char_int_hBarSel_8, i16 %zonePlateVAddr, i3 %vBarSel, i3 %tpgPatternTartanColorBars_unsigned_short_unsigned_short_unsigned_short_unsign_3, i3 %tpgPatternTartanColorBars_unsigned_short_unsigned_short_unsigned_short_unsign_2, i16 %hdata, i8 %vBarSel_2, i3 %tpgPatternCheckerBoard_unsigned_short_unsigned_short_unsigned_short_unsigned_3, i3 %tpgPatternCheckerBoard_unsigned_short_unsigned_short_unsigned_short_unsigned_2, i16 %rampVal_2, i1 %vBarSel_1, i3 %tpgPatternDPColorSquare_unsigned_short_unsigned_short_unsigned_char_unsigned_3, i3 %tpgPatternDPColorSquare_unsigned_short_unsigned_short_unsigned_char_unsigned_2, i8 %tpgBarSelYuv_y, i8 %tpgBarSelYuv_u, i8 %tpgBarSelYuv_v, i11 %tpgPatternColorBars_unsigned_short_unsigned_short_unsigned_char_int_xBar_9, i2 %tpgBarSelRgb_r, i2 %tpgBarSelRgb_g, i2 %tpgBarSelRgb_b, i11 %tpgPatternColorBars_unsigned_short_unsigned_short_unsigned_char_int_xBar, i20 %tpgSinTableArray, i16 %zonePlateVDelta, i3 %tpgTartanBarArray, i10 %tpgPatternTartanColorBars_unsigned_short_unsigned_short_unsigned_short_unsign, i10 %tpgPatternTartanColorBars_unsigned_short_unsigned_short_unsigned_short_unsign_1, i10 %yCount, i10 %tpgPatternCrossHatch_unsigned_short_unsigned_short_unsigned_short_unsigned_sh, i10 %tpgPatternCrossHatch_unsigned_short_unsigned_short_unsigned_short_unsigned_sh_1, i1 %vHatch, i10 %yCount_2, i8 %tpgSinTableArray_9bit_0, i8 %tpgSinTableArray_9bit_1, i9 %tpgSinTableArray_9bit_2, i2 %tpgCheckerBoardArray, i10 %tpgPatternCheckerBoard_unsigned_short_unsigned_short_unsigned_short_unsigned_s, i10 %tpgPatternCheckerBoard_unsigned_short_unsigned_short_unsigned_short_unsigned_1, i10 %yCount_3, i28 %rSerie, i28 %gSerie, i28 %bSerie, i8 %DPtpgBarSelYuv_709_y, i8 %DPtpgBarSelYuv_709_u, i8 %DPtpgBarSelYuv_709_v, i3 %DPtpgBarArray, i10 %tpgPatternDPColorSquare_unsigned_short_unsigned_short_unsigned_char_unsigned_s, i2 %DPtpgBarSelRgb_VESA_r, i2 %DPtpgBarSelRgb_VESA_g, i2 %DPtpgBarSelRgb_VESA_b, i6 %DPtpgBarSelRgb_CEA_r, i6 %DPtpgBarSelRgb_CEA_g, i6 %DPtpgBarSelRgb_CEA_b, i8 %DPtpgBarSelYuv_601_y, i8 %DPtpgBarSelYuv_601_u, i8 %DPtpgBarSelYuv_601_v, i10 %tpgPatternDPColorSquare_unsigned_short_unsigned_short_unsigned_char_unsigned_1, i6 %yCount_1" [prj/sol/.autopilot/db/v_tpg.cpp:345]   --->   Operation 33 'call' 'call_ln345' <Predicate = true> <Delay = 0.85> <CoreType = "Generic">   --->   Generic Core

State 5 <SV = 4> <Delay = 1.79>
ST_5 : Operation 34 [1/1] (0.00ns)   --->   "%boxColorB_val37_read = read i8 @_ssdm_op_Read.ap_auto.i8, i8 %boxColorB_val37" [prj/sol/.autopilot/db/v_tpg.cpp:332]   --->   Operation 34 'read' 'boxColorB_val37_read' <Predicate = true> <Delay = 0.00>
ST_5 : Operation 35 [1/1] (0.00ns)   --->   "%boxColorG_val36_read = read i8 @_ssdm_op_Read.ap_auto.i8, i8 %boxColorG_val36" [prj/sol/.autopilot/db/v_tpg.cpp:332]   --->   Operation 35 'read' 'boxColorG_val36_read' <Predicate = true> <Delay = 0.00>
ST_5 : Operation 36 [1/1] (0.00ns)   --->   "%boxColorR_val35_read = read i8 @_ssdm_op_Read.ap_auto.i8, i8 %boxColorR_val35" [prj/sol/.autopilot/db/v_tpg.cpp:332]   --->   Operation 36 'read' 'boxColorR_val35_read' <Predicate = true> <Delay = 0.00>
ST_5 : Operation 37 [1/1] (0.00ns)   --->   "%boxSize_val34_read = read i16 @_ssdm_op_Read.ap_auto.i16, i16 %boxSize_val34" [prj/sol/.autopilot/db/v_tpg.cpp:332]   --->   Operation 37 'read' 'boxSize_val34_read' <Predicate = true> <Delay = 0.00>
ST_5 : Operation 38 [1/1] (0.00ns)   --->   "%crossHairY_val29_read = read i16 @_ssdm_op_Read.ap_auto.i16, i16 %crossHairY_val29" [prj/sol/.autopilot/db/v_tpg.cpp:332]   --->   Operation 38 'read' 'crossHairY_val29_read' <Predicate = true> <Delay = 0.00>
ST_5 : Operation 39 [1/1] (0.00ns)   --->   "%crossHairX_val28_read = read i16 @_ssdm_op_Read.ap_auto.i16, i16 %crossHairX_val28" [prj/sol/.autopilot/db/v_tpg.cpp:332]   --->   Operation 39 'read' 'crossHairX_val28_read' <Predicate = true> <Delay = 0.00>
ST_5 : Operation 40 [1/1] (0.00ns)   --->   "%maskId_val21_read = read i8 @_ssdm_op_Read.ap_auto.i8, i8 %maskId_val21" [prj/sol/.autopilot/db/v_tpg.cpp:332]   --->   Operation 40 'read' 'maskId_val21_read' <Predicate = true> <Delay = 0.00>
ST_5 : Operation 41 [1/1] (0.00ns)   --->   "%ovrlayId_val20_read = read i8 @_ssdm_op_Read.ap_auto.i8, i8 %ovrlayId_val20" [prj/sol/.autopilot/db/v_tpg.cpp:332]   --->   Operation 41 'read' 'ovrlayId_val20_read' <Predicate = true> <Delay = 0.00>
ST_5 : Operation 42 [2/2] (1.79ns)   --->   "%call_ln358 = call void @tpgForeground, i48 %bckgndYUV, i16 %height_val5_read, i16 %width_val10_read, i8 %ovrlayId_val20_read, i8 %maskId_val21_read, i8 %colorFormat_val27_read, i16 %crossHairX_val28_read, i16 %crossHairY_val29_read, i16 %boxSize_val34_read, i8 %boxColorR_val35_read, i8 %boxColorG_val36_read, i8 %boxColorB_val37_read, i8 %motionSpeed_val23_read, i48 %ovrlayYUV, i8 %whiYuv_2, i16 %boxHCoord, i16 %boxVCoord, i1 %vDir, i1 %hDir" [prj/sol/.autopilot/db/v_tpg.cpp:358]   --->   Operation 42 'call' 'call_ln358' <Predicate = true> <Delay = 1.79> <CoreType = "Generic">   --->   Generic Core

State 6 <SV = 5> <Delay = 0.85>
ST_6 : Operation 43 [1/2] (0.85ns)   --->   "%call_ln358 = call void @tpgForeground, i48 %bckgndYUV, i16 %height_val5_read, i16 %width_val10_read, i8 %ovrlayId_val20_read, i8 %maskId_val21_read, i8 %colorFormat_val27_read, i16 %crossHairX_val28_read, i16 %crossHairY_val29_read, i16 %boxSize_val34_read, i8 %boxColorR_val35_read, i8 %boxColorG_val36_read, i8 %boxColorB_val37_read, i8 %motionSpeed_val23_read, i48 %ovrlayYUV, i8 %whiYuv_2, i16 %boxHCoord, i16 %boxVCoord, i1 %vDir, i1 %hDir" [prj/sol/.autopilot/db/v_tpg.cpp:358]   --->   Operation 43 'call' 'call_ln358' <Predicate = true> <Delay = 0.85> <CoreType = "Generic">   --->   Generic Core

State 7 <SV = 6> <Delay = 2.62>
ST_7 : Operation 44 [1/1] (0.00ns)   --->   "%fid_in_val12_read = read i1 @_ssdm_op_Read.ap_auto.i1, i1 %fid_in_val12" [prj/sol/.autopilot/db/v_tpg.cpp:332]   --->   Operation 44 'read' 'fid_in_val12_read' <Predicate = true> <Delay = 0.00>
ST_7 : Operation 45 [1/1] (0.00ns)   --->   "%field_id_val11_read = read i16 @_ssdm_op_Read.ap_auto.i16, i16 %field_id_val11" [prj/sol/.autopilot/db/v_tpg.cpp:332]   --->   Operation 45 'read' 'field_id_val11_read' <Predicate = true> <Delay = 0.00>
ST_7 : Operation 46 [2/2] (2.62ns)   --->   "%call_ln399 = call void @MultiPixStream2AXIvideo, i48 %ovrlayYUV, i48 %m_axis_video_V_data_V, i6 %m_axis_video_V_keep_V, i6 %m_axis_video_V_strb_V, i1 %m_axis_video_V_user_V, i1 %m_axis_video_V_last_V, i1 %m_axis_video_V_id_V, i1 %m_axis_video_V_dest_V, i11 %trunc_ln332_1, i11 %trunc_ln332, i8 %colorFormat_val27_read, i1 %fid_in_val12_read, i1 %fid, i16 %field_id_val11_read, i1 %fidStored, i16 %counter" [prj/sol/.autopilot/db/v_tpg.cpp:399]   --->   Operation 46 'call' 'call_ln399' <Predicate = true> <Delay = 2.62> <CoreType = "Generic">   --->   Generic Core

State 8 <SV = 7> <Delay = 0.79>
ST_8 : Operation 47 [1/1] (0.00ns)   --->   "%specstablecontent_ln332 = specstablecontent void @_ssdm_op_SpecStableContent, i8 %dpYUVCoef_val39, i1 1, void @p_str" [prj/sol/.autopilot/db/v_tpg.cpp:332]   --->   Operation 47 'specstablecontent' 'specstablecontent_ln332' <Predicate = true> <Delay = 0.00>
ST_8 : Operation 48 [1/1] (0.00ns)   --->   "%specstablecontent_ln332 = specstablecontent void @_ssdm_op_SpecStableContent, i8 %dpDynamicRange_val38, i1 1, void @p_str" [prj/sol/.autopilot/db/v_tpg.cpp:332]   --->   Operation 48 'specstablecontent' 'specstablecontent_ln332' <Predicate = true> <Delay = 0.00>
ST_8 : Operation 49 [1/1] (0.00ns)   --->   "%specstablecontent_ln332 = specstablecontent void @_ssdm_op_SpecStableContent, i8 %boxColorB_val37, i1 1, void @p_str" [prj/sol/.autopilot/db/v_tpg.cpp:332]   --->   Operation 49 'specstablecontent' 'specstablecontent_ln332' <Predicate = true> <Delay = 0.00>
ST_8 : Operation 50 [1/1] (0.00ns)   --->   "%specstablecontent_ln332 = specstablecontent void @_ssdm_op_SpecStableContent, i8 %boxColorG_val36, i1 1, void @p_str" [prj/sol/.autopilot/db/v_tpg.cpp:332]   --->   Operation 50 'specstablecontent' 'specstablecontent_ln332' <Predicate = true> <Delay = 0.00>
ST_8 : Operation 51 [1/1] (0.00ns)   --->   "%specstablecontent_ln332 = specstablecontent void @_ssdm_op_SpecStableContent, i8 %boxColorR_val35, i1 1, void @p_str" [prj/sol/.autopilot/db/v_tpg.cpp:332]   --->   Operation 51 'specstablecontent' 'specstablecontent_ln332' <Predicate = true> <Delay = 0.00>
ST_8 : Operation 52 [1/1] (0.00ns)   --->   "%specstablecontent_ln332 = specstablecontent void @_ssdm_op_SpecStableContent, i16 %boxSize_val34, i1 1, void @p_str" [prj/sol/.autopilot/db/v_tpg.cpp:332]   --->   Operation 52 'specstablecontent' 'specstablecontent_ln332' <Predicate = true> <Delay = 0.00>
ST_8 : Operation 53 [1/1] (0.00ns)   --->   "%specstablecontent_ln332 = specstablecontent void @_ssdm_op_SpecStableContent, i16 %ZplateVerContDelta_val33, i1 1, void @p_str" [prj/sol/.autopilot/db/v_tpg.cpp:332]   --->   Operation 53 'specstablecontent' 'specstablecontent_ln332' <Predicate = true> <Delay = 0.00>
ST_8 : Operation 54 [1/1] (0.00ns)   --->   "%specstablecontent_ln332 = specstablecontent void @_ssdm_op_SpecStableContent, i16 %ZplateVerContStart_val32, i1 1, void @p_str" [prj/sol/.autopilot/db/v_tpg.cpp:332]   --->   Operation 54 'specstablecontent' 'specstablecontent_ln332' <Predicate = true> <Delay = 0.00>
ST_8 : Operation 55 [1/1] (0.00ns)   --->   "%specstablecontent_ln332 = specstablecontent void @_ssdm_op_SpecStableContent, i16 %ZplateHorContDelta_val31, i1 1, void @p_str" [prj/sol/.autopilot/db/v_tpg.cpp:332]   --->   Operation 55 'specstablecontent' 'specstablecontent_ln332' <Predicate = true> <Delay = 0.00>
ST_8 : Operation 56 [1/1] (0.00ns)   --->   "%specstablecontent_ln332 = specstablecontent void @_ssdm_op_SpecStableContent, i16 %ZplateHorContStart_val30, i1 1, void @p_str" [prj/sol/.autopilot/db/v_tpg.cpp:332]   --->   Operation 56 'specstablecontent' 'specstablecontent_ln332' <Predicate = true> <Delay = 0.00>
ST_8 : Operation 57 [1/1] (0.00ns)   --->   "%specstablecontent_ln332 = specstablecontent void @_ssdm_op_SpecStableContent, i16 %crossHairY_val29, i1 1, void @p_str" [prj/sol/.autopilot/db/v_tpg.cpp:332]   --->   Operation 57 'specstablecontent' 'specstablecontent_ln332' <Predicate = true> <Delay = 0.00>
ST_8 : Operation 58 [1/1] (0.00ns)   --->   "%specstablecontent_ln332 = specstablecontent void @_ssdm_op_SpecStableContent, i16 %crossHairX_val28, i1 1, void @p_str" [prj/sol/.autopilot/db/v_tpg.cpp:332]   --->   Operation 58 'specstablecontent' 'specstablecontent_ln332' <Predicate = true> <Delay = 0.00>
ST_8 : Operation 59 [1/1] (0.00ns)   --->   "%specstablecontent_ln332 = specstablecontent void @_ssdm_op_SpecStableContent, i8 %colorFormat_val27, i1 1, void @p_str" [prj/sol/.autopilot/db/v_tpg.cpp:332]   --->   Operation 59 'specstablecontent' 'specstablecontent_ln332' <Predicate = true> <Delay = 0.00>
ST_8 : Operation 60 [1/1] (0.00ns)   --->   "%specstablecontent_ln332 = specstablecontent void @_ssdm_op_SpecStableContent, i8 %motionSpeed_val23, i1 1, void @p_str" [prj/sol/.autopilot/db/v_tpg.cpp:332]   --->   Operation 60 'specstablecontent' 'specstablecontent_ln332' <Predicate = true> <Delay = 0.00>
ST_8 : Operation 61 [1/1] (0.00ns)   --->   "%specstablecontent_ln332 = specstablecontent void @_ssdm_op_SpecStableContent, i8 %maskId_val21, i1 1, void @p_str" [prj/sol/.autopilot/db/v_tpg.cpp:332]   --->   Operation 61 'specstablecontent' 'specstablecontent_ln332' <Predicate = true> <Delay = 0.00>
ST_8 : Operation 62 [1/1] (0.00ns)   --->   "%specstablecontent_ln332 = specstablecontent void @_ssdm_op_SpecStableContent, i8 %ovrlayId_val20, i1 1, void @p_str" [prj/sol/.autopilot/db/v_tpg.cpp:332]   --->   Operation 62 'specstablecontent' 'specstablecontent_ln332' <Predicate = true> <Delay = 0.00>
ST_8 : Operation 63 [1/1] (0.00ns)   --->   "%specstablecontent_ln332 = specstablecontent void @_ssdm_op_SpecStableContent, i8 %bckgndId_val19, i1 1, void @p_str" [prj/sol/.autopilot/db/v_tpg.cpp:332]   --->   Operation 63 'specstablecontent' 'specstablecontent_ln332' <Predicate = true> <Delay = 0.00>
ST_8 : Operation 64 [1/1] (0.00ns)   --->   "%specstablecontent_ln332 = specstablecontent void @_ssdm_op_SpecStableContent, i8 %enableInput_val18, i1 1, void @p_str" [prj/sol/.autopilot/db/v_tpg.cpp:332]   --->   Operation 64 'specstablecontent' 'specstablecontent_ln332' <Predicate = true> <Delay = 0.00>
ST_8 : Operation 65 [1/1] (0.00ns)   --->   "%specstablecontent_ln332 = specstablecontent void @_ssdm_op_SpecStableContent, i16 %passthruEndY_val16, i1 1, void @p_str" [prj/sol/.autopilot/db/v_tpg.cpp:332]   --->   Operation 65 'specstablecontent' 'specstablecontent_ln332' <Predicate = true> <Delay = 0.00>
ST_8 : Operation 66 [1/1] (0.00ns)   --->   "%specstablecontent_ln332 = specstablecontent void @_ssdm_op_SpecStableContent, i16 %passthruEndX_val15, i1 1, void @p_str" [prj/sol/.autopilot/db/v_tpg.cpp:332]   --->   Operation 66 'specstablecontent' 'specstablecontent_ln332' <Predicate = true> <Delay = 0.00>
ST_8 : Operation 67 [1/1] (0.00ns)   --->   "%specstablecontent_ln332 = specstablecontent void @_ssdm_op_SpecStableContent, i16 %passthruStartY_val14, i1 1, void @p_str" [prj/sol/.autopilot/db/v_tpg.cpp:332]   --->   Operation 67 'specstablecontent' 'specstablecontent_ln332' <Predicate = true> <Delay = 0.00>
ST_8 : Operation 68 [1/1] (0.00ns)   --->   "%specstablecontent_ln332 = specstablecontent void @_ssdm_op_SpecStableContent, i16 %passthruStartX_val13, i1 1, void @p_str" [prj/sol/.autopilot/db/v_tpg.cpp:332]   --->   Operation 68 'specstablecontent' 'specstablecontent_ln332' <Predicate = true> <Delay = 0.00>
ST_8 : Operation 69 [1/1] (0.00ns)   --->   "%specstablecontent_ln332 = specstablecontent void @_ssdm_op_SpecStableContent, i1 %fid_in_val12, i1 1, void @p_str" [prj/sol/.autopilot/db/v_tpg.cpp:332]   --->   Operation 69 'specstablecontent' 'specstablecontent_ln332' <Predicate = true> <Delay = 0.00>
ST_8 : Operation 70 [1/1] (0.00ns)   --->   "%specstablecontent_ln332 = specstablecontent void @_ssdm_op_SpecStableContent, i16 %field_id_val11, i1 1, void @p_str" [prj/sol/.autopilot/db/v_tpg.cpp:332]   --->   Operation 70 'specstablecontent' 'specstablecontent_ln332' <Predicate = true> <Delay = 0.00>
ST_8 : Operation 71 [1/1] (0.00ns)   --->   "%specstablecontent_ln332 = specstablecontent void @_ssdm_op_SpecStableContent, i16 %width_val10, i1 1, void @p_str" [prj/sol/.autopilot/db/v_tpg.cpp:332]   --->   Operation 71 'specstablecontent' 'specstablecontent_ln332' <Predicate = true> <Delay = 0.00>
ST_8 : Operation 72 [1/1] (0.00ns)   --->   "%specstablecontent_ln332 = specstablecontent void @_ssdm_op_SpecStableContent, i16 %height_val5, i1 1, void @p_str" [prj/sol/.autopilot/db/v_tpg.cpp:332]   --->   Operation 72 'specstablecontent' 'specstablecontent_ln332' <Predicate = true> <Delay = 0.00>
ST_8 : Operation 73 [1/1] (0.00ns)   --->   "%specdataflowpipeline_ln332 = specdataflowpipeline void @_ssdm_op_SpecDataflowPipeline, i32 4294967295, i32 0, void @empty_15" [prj/sol/.autopilot/db/v_tpg.cpp:332]   --->   Operation 73 'specdataflowpipeline' 'specdataflowpipeline_ln332' <Predicate = true> <Delay = 0.00>
ST_8 : Operation 74 [1/1] (0.00ns)   --->   "%specaxissidechannel_ln0 = specaxissidechannel void @_ssdm_op_SpecAXISSideChannel, i48 %m_axis_video_V_data_V, i6 %m_axis_video_V_keep_V, i6 %m_axis_video_V_strb_V, i1 %m_axis_video_V_user_V, i1 %m_axis_video_V_last_V, i1 %m_axis_video_V_id_V, i1 %m_axis_video_V_dest_V, void @empty_45"   --->   Operation 74 'specaxissidechannel' 'specaxissidechannel_ln0' <Predicate = true> <Delay = 0.00>
ST_8 : Operation 75 [1/1] (0.00ns)   --->   "%specaxissidechannel_ln0 = specaxissidechannel void @_ssdm_op_SpecAXISSideChannel, i48 %s_axis_video_V_data_V, i6 %s_axis_video_V_keep_V, i6 %s_axis_video_V_strb_V, i1 %s_axis_video_V_user_V, i1 %s_axis_video_V_last_V, i1 %s_axis_video_V_id_V, i1 %s_axis_video_V_dest_V, void @empty_34"   --->   Operation 75 'specaxissidechannel' 'specaxissidechannel_ln0' <Predicate = true> <Delay = 0.00>
ST_8 : Operation 76 [1/1] (0.00ns)   --->   "%specinterface_ln0 = specinterface void @_ssdm_op_SpecInterface, i1 %m_axis_video_V_dest_V, i1 %m_axis_video_V_id_V, i1 %m_axis_video_V_last_V, i1 %m_axis_video_V_user_V, i6 %m_axis_video_V_strb_V, i6 %m_axis_video_V_keep_V, i48 %m_axis_video_V_data_V, void @empty_13, i32 0, i32 0, void @empty_4, i32 0, i32 0, void @empty_15, void @empty_15, void @empty_15, i32 0, i32 0, i32 0, i32 0, void @empty_15, void @empty_15, i32 4294967295, i32 0, i32 0, i32 0"   --->   Operation 76 'specinterface' 'specinterface_ln0' <Predicate = true> <Delay = 0.00>
ST_8 : Operation 77 [1/1] (0.00ns)   --->   "%specinterface_ln0 = specinterface void @_ssdm_op_SpecInterface, i1 %s_axis_video_V_dest_V, i1 %s_axis_video_V_id_V, i1 %s_axis_video_V_last_V, i1 %s_axis_video_V_user_V, i6 %s_axis_video_V_strb_V, i6 %s_axis_video_V_keep_V, i48 %s_axis_video_V_data_V, void @empty_13, i32 0, i32 0, void @empty_4, i32 0, i32 0, void @empty_15, void @empty_15, void @empty_15, i32 0, i32 0, i32 0, i32 0, void @empty_15, void @empty_15, i32 4294967295, i32 0, i32 0, i32 0"   --->   Operation 77 'specinterface' 'specinterface_ln0' <Predicate = true> <Delay = 0.00>
ST_8 : Operation 78 [1/1] (0.00ns)   --->   "%empty = specchannel i32 @_ssdm_op_SpecChannel, void @srcYUV_str, i32 1, void @p_str, void @p_str, i32 16, i32 16, i48 %srcYUV, i48 %srcYUV"   --->   Operation 78 'specchannel' 'empty' <Predicate = true> <Delay = 0.00>
ST_8 : Operation 79 [1/1] (0.00ns)   --->   "%specinterface_ln0 = specinterface void @_ssdm_op_SpecInterface, i48 %srcYUV, void @empty_35, i32 0, i32 0, void @empty_15, i32 0, i32 0, void @empty_15, void @empty_15, void @empty_15, i32 0, i32 0, i32 0, i32 0, void @empty_15, void @empty_15, i32 4294967295, i32 0, i32 0, i32 0"   --->   Operation 79 'specinterface' 'specinterface_ln0' <Predicate = true> <Delay = 0.00>
ST_8 : Operation 80 [1/1] (0.00ns)   --->   "%empty_71 = specchannel i32 @_ssdm_op_SpecChannel, void @bckgndYUV_str, i32 1, void @p_str, void @p_str, i32 16, i32 16, i48 %bckgndYUV, i48 %bckgndYUV"   --->   Operation 80 'specchannel' 'empty_71' <Predicate = true> <Delay = 0.00>
ST_8 : Operation 81 [1/1] (0.00ns)   --->   "%specinterface_ln0 = specinterface void @_ssdm_op_SpecInterface, i48 %bckgndYUV, void @empty_35, i32 0, i32 0, void @empty_15, i32 0, i32 0, void @empty_15, void @empty_15, void @empty_15, i32 0, i32 0, i32 0, i32 0, void @empty_15, void @empty_15, i32 4294967295, i32 0, i32 0, i32 0"   --->   Operation 81 'specinterface' 'specinterface_ln0' <Predicate = true> <Delay = 0.00>
ST_8 : Operation 82 [1/1] (0.00ns)   --->   "%empty_72 = specchannel i32 @_ssdm_op_SpecChannel, void @ovrlayYUV_str, i32 1, void @p_str, void @p_str, i32 16, i32 16, i48 %ovrlayYUV, i48 %ovrlayYUV"   --->   Operation 82 'specchannel' 'empty_72' <Predicate = true> <Delay = 0.00>
ST_8 : Operation 83 [1/1] (0.00ns)   --->   "%specinterface_ln0 = specinterface void @_ssdm_op_SpecInterface, i48 %ovrlayYUV, void @empty_35, i32 0, i32 0, void @empty_15, i32 0, i32 0, void @empty_15, void @empty_15, void @empty_15, i32 0, i32 0, i32 0, i32 0, void @empty_15, void @empty_15, i32 4294967295, i32 0, i32 0, i32 0"   --->   Operation 83 'specinterface' 'specinterface_ln0' <Predicate = true> <Delay = 0.00>
ST_8 : Operation 84 [1/2] (0.79ns)   --->   "%call_ln399 = call void @MultiPixStream2AXIvideo, i48 %ovrlayYUV, i48 %m_axis_video_V_data_V, i6 %m_axis_video_V_keep_V, i6 %m_axis_video_V_strb_V, i1 %m_axis_video_V_user_V, i1 %m_axis_video_V_last_V, i1 %m_axis_video_V_id_V, i1 %m_axis_video_V_dest_V, i11 %trunc_ln332_1, i11 %trunc_ln332, i8 %colorFormat_val27_read, i1 %fid_in_val12_read, i1 %fid, i16 %field_id_val11_read, i1 %fidStored, i16 %counter" [prj/sol/.autopilot/db/v_tpg.cpp:399]   --->   Operation 84 'call' 'call_ln399' <Predicate = true> <Delay = 0.79> <CoreType = "Generic">   --->   Generic Core
ST_8 : Operation 85 [1/1] (0.00ns)   --->   "%ret_ln401 = ret" [prj/sol/.autopilot/db/v_tpg.cpp:401]   --->   Operation 85 'ret' 'ret_ln401' <Predicate = true> <Delay = 0.00>


============================================================
+ Verbose Summary: Binding
============================================================
STG Binding: 
---------------- STG Properties BEGIN ----------------
- Is combinational: 0
- Is one-state seq: 0
- Is datapath-only: 0
- Is pipelined: 0
- Is top level: 0
Port [ Return ] is wired: 1; IO mode=ap_ctrl_hs:ce=0
Port [ s_axis_video_V_data_V]:  wired=1; compound=1; hidden=0; nouse=0; global=0; static=0; extern=0; dir=0; type=0; pingpong=0; private_global=0; IO mode=axis:ce=0
Port [ s_axis_video_V_keep_V]:  wired=1; compound=1; hidden=0; nouse=0; global=0; static=0; extern=0; dir=0; type=0; pingpong=0; private_global=0; IO mode=axis:ce=0
Port [ s_axis_video_V_strb_V]:  wired=1; compound=1; hidden=0; nouse=0; global=0; static=0; extern=0; dir=0; type=0; pingpong=0; private_global=0; IO mode=axis:ce=0
Port [ s_axis_video_V_user_V]:  wired=1; compound=1; hidden=0; nouse=0; global=0; static=0; extern=0; dir=0; type=0; pingpong=0; private_global=0; IO mode=axis:ce=0
Port [ s_axis_video_V_last_V]:  wired=1; compound=1; hidden=0; nouse=0; global=0; static=0; extern=0; dir=0; type=0; pingpong=0; private_global=0; IO mode=axis:ce=0
Port [ s_axis_video_V_id_V]:  wired=1; compound=1; hidden=0; nouse=0; global=0; static=0; extern=0; dir=0; type=0; pingpong=0; private_global=0; IO mode=axis:ce=0
Port [ s_axis_video_V_dest_V]:  wired=1; compound=1; hidden=0; nouse=0; global=0; static=0; extern=0; dir=0; type=0; pingpong=0; private_global=0; IO mode=axis:ce=0
Port [ height_val5]:  wired=1; compound=0; hidden=0; nouse=0; global=0; static=0; extern=0; dir=0; type=0; pingpong=0; private_global=0; IO mode=ap_none:ce=0
Port [ width_val10]:  wired=1; compound=0; hidden=0; nouse=0; global=0; static=0; extern=0; dir=0; type=0; pingpong=0; private_global=0; IO mode=ap_none:ce=0
Port [ field_id_val11]:  wired=1; compound=0; hidden=0; nouse=0; global=0; static=0; extern=0; dir=0; type=0; pingpong=0; private_global=0; IO mode=ap_none:ce=0
Port [ fid_in_val12]:  wired=1; compound=0; hidden=0; nouse=0; global=0; static=0; extern=0; dir=0; type=0; pingpong=0; private_global=0; IO mode=ap_stable:ce=0
Port [ passthruStartX_val13]:  wired=1; compound=0; hidden=0; nouse=0; global=0; static=0; extern=0; dir=0; type=0; pingpong=0; private_global=0; IO mode=ap_none:ce=0
Port [ passthruStartY_val14]:  wired=1; compound=0; hidden=0; nouse=0; global=0; static=0; extern=0; dir=0; type=0; pingpong=0; private_global=0; IO mode=ap_none:ce=0
Port [ passthruEndX_val15]:  wired=1; compound=0; hidden=0; nouse=0; global=0; static=0; extern=0; dir=0; type=0; pingpong=0; private_global=0; IO mode=ap_none:ce=0
Port [ passthruEndY_val16]:  wired=1; compound=0; hidden=0; nouse=0; global=0; static=0; extern=0; dir=0; type=0; pingpong=0; private_global=0; IO mode=ap_none:ce=0
Port [ enableInput_val18]:  wired=1; compound=0; hidden=0; nouse=0; global=0; static=0; extern=0; dir=0; type=0; pingpong=0; private_global=0; IO mode=ap_none:ce=0
Port [ bckgndId_val19]:  wired=1; compound=0; hidden=0; nouse=0; global=0; static=0; extern=0; dir=0; type=0; pingpong=0; private_global=0; IO mode=ap_none:ce=0
Port [ ovrlayId_val20]:  wired=1; compound=0; hidden=0; nouse=0; global=0; static=0; extern=0; dir=0; type=0; pingpong=0; private_global=0; IO mode=ap_none:ce=0
Port [ maskId_val21]:  wired=1; compound=0; hidden=0; nouse=0; global=0; static=0; extern=0; dir=0; type=0; pingpong=0; private_global=0; IO mode=ap_none:ce=0
Port [ motionSpeed_val23]:  wired=1; compound=0; hidden=0; nouse=0; global=0; static=0; extern=0; dir=0; type=0; pingpong=0; private_global=0; IO mode=ap_none:ce=0
Port [ colorFormat_val27]:  wired=1; compound=0; hidden=0; nouse=0; global=0; static=0; extern=0; dir=0; type=0; pingpong=0; private_global=0; IO mode=ap_none:ce=0
Port [ crossHairX_val28]:  wired=1; compound=0; hidden=0; nouse=0; global=0; static=0; extern=0; dir=0; type=0; pingpong=0; private_global=0; IO mode=ap_none:ce=0
Port [ crossHairY_val29]:  wired=1; compound=0; hidden=0; nouse=0; global=0; static=0; extern=0; dir=0; type=0; pingpong=0; private_global=0; IO mode=ap_none:ce=0
Port [ ZplateHorContStart_val30]:  wired=1; compound=0; hidden=0; nouse=0; global=0; static=0; extern=0; dir=0; type=0; pingpong=0; private_global=0; IO mode=ap_none:ce=0
Port [ ZplateHorContDelta_val31]:  wired=1; compound=0; hidden=0; nouse=0; global=0; static=0; extern=0; dir=0; type=0; pingpong=0; private_global=0; IO mode=ap_none:ce=0
Port [ ZplateVerContStart_val32]:  wired=1; compound=0; hidden=0; nouse=0; global=0; static=0; extern=0; dir=0; type=0; pingpong=0; private_global=0; IO mode=ap_none:ce=0
Port [ ZplateVerContDelta_val33]:  wired=1; compound=0; hidden=0; nouse=0; global=0; static=0; extern=0; dir=0; type=0; pingpong=0; private_global=0; IO mode=ap_none:ce=0
Port [ boxSize_val34]:  wired=1; compound=0; hidden=0; nouse=0; global=0; static=0; extern=0; dir=0; type=0; pingpong=0; private_global=0; IO mode=ap_none:ce=0
Port [ boxColorR_val35]:  wired=1; compound=0; hidden=0; nouse=0; global=0; static=0; extern=0; dir=0; type=0; pingpong=0; private_global=0; IO mode=ap_none:ce=0
Port [ boxColorG_val36]:  wired=1; compound=0; hidden=0; nouse=0; global=0; static=0; extern=0; dir=0; type=0; pingpong=0; private_global=0; IO mode=ap_none:ce=0
Port [ boxColorB_val37]:  wired=1; compound=0; hidden=0; nouse=0; global=0; static=0; extern=0; dir=0; type=0; pingpong=0; private_global=0; IO mode=ap_none:ce=0
Port [ dpDynamicRange_val38]:  wired=1; compound=0; hidden=0; nouse=0; global=0; static=0; extern=0; dir=0; type=0; pingpong=0; private_global=0; IO mode=ap_none:ce=0
Port [ dpYUVCoef_val39]:  wired=1; compound=0; hidden=0; nouse=0; global=0; static=0; extern=0; dir=0; type=0; pingpong=0; private_global=0; IO mode=ap_none:ce=0
Port [ m_axis_video_V_data_V]:  wired=1; compound=1; hidden=0; nouse=0; global=0; static=0; extern=0; dir=1; type=0; pingpong=0; private_global=0; IO mode=axis:ce=0
Port [ m_axis_video_V_keep_V]:  wired=1; compound=1; hidden=0; nouse=0; global=0; static=0; extern=0; dir=1; type=0; pingpong=0; private_global=0; IO mode=axis:ce=0
Port [ m_axis_video_V_strb_V]:  wired=1; compound=1; hidden=0; nouse=0; global=0; static=0; extern=0; dir=1; type=0; pingpong=0; private_global=0; IO mode=axis:ce=0
Port [ m_axis_video_V_user_V]:  wired=1; compound=1; hidden=0; nouse=0; global=0; static=0; extern=0; dir=1; type=0; pingpong=0; private_global=0; IO mode=axis:ce=0
Port [ m_axis_video_V_last_V]:  wired=1; compound=1; hidden=0; nouse=0; global=0; static=0; extern=0; dir=1; type=0; pingpong=0; private_global=0; IO mode=axis:ce=0
Port [ m_axis_video_V_id_V]:  wired=1; compound=1; hidden=0; nouse=0; global=0; static=0; extern=0; dir=1; type=0; pingpong=0; private_global=0; IO mode=axis:ce=0
Port [ m_axis_video_V_dest_V]:  wired=1; compound=1; hidden=0; nouse=0; global=0; static=0; extern=0; dir=1; type=0; pingpong=0; private_global=0; IO mode=axis:ce=0
Port [ fid]:  wired=1; compound=0; hidden=0; nouse=0; global=0; static=0; extern=0; dir=1; type=0; pingpong=0; private_global=0; IO mode=ap_vld:ce=0
Port [ rampStart]:  wired=0; compound=0; hidden=1; nouse=1; global=1; static=1; extern=0; dir=2; type=0; pingpong=0; private_global=0; IO mode=ap_ovld:ce=0
Port [ s]:  wired=1; compound=0; hidden=0; nouse=0; global=1; static=1; extern=0; dir=0; type=0; pingpong=0; private_global=0; IO mode=ap_none:ce=0
Port [ redYuv]:  wired=0; compound=1; hidden=1; nouse=1; global=1; static=1; extern=0; dir=0; type=1; pingpong=0; private_global=0; MemPort=[1]; IO mode=ap_memory:ce=0
Port [ grnYuv]:  wired=0; compound=1; hidden=1; nouse=1; global=1; static=1; extern=0; dir=0; type=1; pingpong=0; private_global=0; MemPort=[1]; IO mode=ap_memory:ce=0
Port [ bluYuv]:  wired=0; compound=1; hidden=1; nouse=1; global=1; static=1; extern=0; dir=0; type=1; pingpong=0; private_global=0; MemPort=[1]; IO mode=ap_memory:ce=0
Port [ blkYuv]:  wired=0; compound=1; hidden=1; nouse=1; global=1; static=1; extern=0; dir=0; type=1; pingpong=0; private_global=0; MemPort=[1]; IO mode=ap_memory:ce=0
Port [ whiYuv]:  wired=0; compound=1; hidden=1; nouse=1; global=1; static=1; extern=0; dir=0; type=1; pingpong=0; private_global=0; MemPort=[1]; IO mode=ap_memory:ce=0
Port [ whiYuv_1]:  wired=0; compound=1; hidden=1; nouse=1; global=1; static=1; extern=0; dir=0; type=1; pingpong=0; private_global=0; MemPort=[1]; IO mode=ap_memory:ce=0
Port [ blkYuv_1]:  wired=0; compound=1; hidden=1; nouse=1; global=1; static=1; extern=0; dir=0; type=1; pingpong=0; private_global=0; MemPort=[1]; IO mode=ap_memory:ce=0
Port [ rampVal_1]:  wired=0; compound=0; hidden=1; nouse=1; global=1; static=1; extern=0; dir=2; type=0; pingpong=0; private_global=0; IO mode=ap_ovld:ce=0
Port [ rampVal]:  wired=0; compound=0; hidden=1; nouse=1; global=1; static=1; extern=0; dir=2; type=0; pingpong=0; private_global=0; IO mode=ap_ovld:ce=0
Port [ tpgPatternColorBars_unsigned_short_unsigned_short_unsigned_char_int_hBarSel]:  wired=0; compound=0; hidden=1; nouse=1; global=1; static=1; extern=0; dir=2; type=0; pingpong=0; private_global=0; IO mode=ap_ovld:ce=0
Port [ tpgPatternColorBars_unsigned_short_unsigned_short_unsigned_char_int_hBarSel_8]:  wired=0; compound=0; hidden=1; nouse=1; global=1; static=1; extern=0; dir=2; type=0; pingpong=0; private_global=0; IO mode=ap_ovld:ce=0
Port [ zonePlateVAddr]:  wired=0; compound=0; hidden=1; nouse=1; global=1; static=1; extern=0; dir=2; type=0; pingpong=0; private_global=0; IO mode=ap_ovld:ce=0
Port [ vBarSel]:  wired=0; compound=0; hidden=1; nouse=1; global=1; static=1; extern=0; dir=2; type=0; pingpong=0; private_global=0; IO mode=ap_ovld:ce=0
Port [ tpgPatternTartanColorBars_unsigned_short_unsigned_short_unsigned_short_unsign_3]:  wired=0; compound=0; hidden=1; nouse=1; global=1; static=1; extern=0; dir=2; type=0; pingpong=0; private_global=0; IO mode=ap_ovld:ce=0
Port [ tpgPatternTartanColorBars_unsigned_short_unsigned_short_unsigned_short_unsign_2]:  wired=0; compound=0; hidden=1; nouse=1; global=1; static=1; extern=0; dir=2; type=0; pingpong=0; private_global=0; IO mode=ap_ovld:ce=0
Port [ hdata]:  wired=0; compound=0; hidden=1; nouse=1; global=1; static=1; extern=0; dir=2; type=0; pingpong=0; private_global=0; IO mode=ap_ovld:ce=0
Port [ vBarSel_2]:  wired=0; compound=0; hidden=1; nouse=1; global=1; static=1; extern=0; dir=2; type=0; pingpong=0; private_global=0; IO mode=ap_ovld:ce=0
Port [ tpgPatternCheckerBoard_unsigned_short_unsigned_short_unsigned_short_unsigned_3]:  wired=0; compound=0; hidden=1; nouse=1; global=1; static=1; extern=0; dir=2; type=0; pingpong=0; private_global=0; IO mode=ap_ovld:ce=0
Port [ tpgPatternCheckerBoard_unsigned_short_unsigned_short_unsigned_short_unsigned_2]:  wired=0; compound=0; hidden=1; nouse=1; global=1; static=1; extern=0; dir=2; type=0; pingpong=0; private_global=0; IO mode=ap_ovld:ce=0
Port [ rampVal_2]:  wired=0; compound=0; hidden=1; nouse=1; global=1; static=1; extern=0; dir=2; type=0; pingpong=0; private_global=0; IO mode=ap_ovld:ce=0
Port [ vBarSel_1]:  wired=0; compound=0; hidden=1; nouse=1; global=1; static=1; extern=0; dir=2; type=0; pingpong=0; private_global=0; IO mode=ap_ovld:ce=0
Port [ tpgPatternDPColorSquare_unsigned_short_unsigned_short_unsigned_char_unsigned_3]:  wired=0; compound=0; hidden=1; nouse=1; global=1; static=1; extern=0; dir=2; type=0; pingpong=0; private_global=0; IO mode=ap_ovld:ce=0
Port [ tpgPatternDPColorSquare_unsigned_short_unsigned_short_unsigned_char_unsigned_2]:  wired=0; compound=0; hidden=1; nouse=1; global=1; static=1; extern=0; dir=2; type=0; pingpong=0; private_global=0; IO mode=ap_ovld:ce=0
Port [ tpgBarSelYuv_y]:  wired=0; compound=1; hidden=1; nouse=1; global=1; static=1; extern=0; dir=0; type=1; pingpong=0; private_global=0; MemPort=[11]; IO mode=ap_memory:ce=0
Port [ tpgBarSelYuv_u]:  wired=0; compound=1; hidden=1; nouse=1; global=1; static=1; extern=0; dir=0; type=1; pingpong=0; private_global=0; MemPort=[11]; IO mode=ap_memory:ce=0
Port [ tpgBarSelYuv_v]:  wired=0; compound=1; hidden=1; nouse=1; global=1; static=1; extern=0; dir=0; type=1; pingpong=0; private_global=0; MemPort=[11]; IO mode=ap_memory:ce=0
Port [ tpgPatternColorBars_unsigned_short_unsigned_short_unsigned_char_int_xBar_9]:  wired=0; compound=0; hidden=1; nouse=1; global=1; static=1; extern=0; dir=2; type=0; pingpong=0; private_global=0; IO mode=ap_ovld:ce=0
Port [ tpgBarSelRgb_r]:  wired=0; compound=1; hidden=1; nouse=1; global=1; static=1; extern=0; dir=0; type=1; pingpong=0; private_global=0; MemPort=[11]; IO mode=ap_memory:ce=0
Port [ tpgBarSelRgb_g]:  wired=0; compound=1; hidden=1; nouse=1; global=1; static=1; extern=0; dir=0; type=1; pingpong=0; private_global=0; MemPort=[11]; IO mode=ap_memory:ce=0
Port [ tpgBarSelRgb_b]:  wired=0; compound=1; hidden=1; nouse=1; global=1; static=1; extern=0; dir=0; type=1; pingpong=0; private_global=0; MemPort=[11]; IO mode=ap_memory:ce=0
Port [ tpgPatternColorBars_unsigned_short_unsigned_short_unsigned_char_int_xBar]:  wired=0; compound=0; hidden=1; nouse=1; global=1; static=1; extern=0; dir=2; type=0; pingpong=0; private_global=0; IO mode=ap_ovld:ce=0
Port [ tpgSinTableArray]:  wired=0; compound=1; hidden=1; nouse=1; global=1; static=1; extern=0; dir=0; type=1; pingpong=0; private_global=0; MemPort=[11]; IO mode=ap_memory:ce=0
Port [ zonePlateVDelta]:  wired=0; compound=0; hidden=1; nouse=1; global=1; static=1; extern=0; dir=2; type=0; pingpong=0; private_global=0; IO mode=ap_ovld:ce=0
Port [ tpgTartanBarArray]:  wired=0; compound=1; hidden=1; nouse=1; global=1; static=1; extern=0; dir=0; type=1; pingpong=0; private_global=0; MemPort=[11]; IO mode=ap_memory:ce=0
Port [ tpgPatternTartanColorBars_unsigned_short_unsigned_short_unsigned_short_unsign]:  wired=0; compound=0; hidden=1; nouse=1; global=1; static=1; extern=0; dir=2; type=0; pingpong=0; private_global=0; IO mode=ap_ovld:ce=0
Port [ tpgPatternTartanColorBars_unsigned_short_unsigned_short_unsigned_short_unsign_1]:  wired=0; compound=0; hidden=1; nouse=1; global=1; static=1; extern=0; dir=2; type=0; pingpong=0; private_global=0; IO mode=ap_ovld:ce=0
Port [ yCount]:  wired=0; compound=0; hidden=1; nouse=1; global=1; static=1; extern=0; dir=2; type=0; pingpong=0; private_global=0; IO mode=ap_ovld:ce=0
Port [ tpgPatternCrossHatch_unsigned_short_unsigned_short_unsigned_short_unsigned_sh]:  wired=0; compound=0; hidden=1; nouse=1; global=1; static=1; extern=0; dir=2; type=0; pingpong=0; private_global=0; IO mode=ap_ovld:ce=0
Port [ tpgPatternCrossHatch_unsigned_short_unsigned_short_unsigned_short_unsigned_sh_1]:  wired=0; compound=0; hidden=1; nouse=1; global=1; static=1; extern=0; dir=2; type=0; pingpong=0; private_global=0; IO mode=ap_ovld:ce=0
Port [ vHatch]:  wired=0; compound=0; hidden=1; nouse=1; global=1; static=1; extern=0; dir=2; type=0; pingpong=0; private_global=0; IO mode=ap_ovld:ce=0
Port [ yCount_2]:  wired=0; compound=0; hidden=1; nouse=1; global=1; static=1; extern=0; dir=2; type=0; pingpong=0; private_global=0; IO mode=ap_ovld:ce=0
Port [ tpgSinTableArray_9bit_0]:  wired=0; compound=1; hidden=1; nouse=1; global=1; static=1; extern=0; dir=0; type=1; pingpong=0; private_global=0; MemPort=[111111]; IO mode=ap_memory:ce=0
Port [ tpgSinTableArray_9bit_1]:  wired=0; compound=1; hidden=1; nouse=1; global=1; static=1; extern=0; dir=0; type=1; pingpong=0; private_global=0; MemPort=[111111]; IO mode=ap_memory:ce=0
Port [ tpgSinTableArray_9bit_2]:  wired=0; compound=1; hidden=1; nouse=1; global=1; static=1; extern=0; dir=0; type=1; pingpong=0; private_global=0; MemPort=[111111]; IO mode=ap_memory:ce=0
Port [ tpgCheckerBoardArray]:  wired=0; compound=1; hidden=1; nouse=1; global=1; static=1; extern=0; dir=0; type=1; pingpong=0; private_global=0; MemPort=[11]; IO mode=ap_memory:ce=0
Port [ tpgPatternCheckerBoard_unsigned_short_unsigned_short_unsigned_short_unsigned_s]:  wired=0; compound=0; hidden=1; nouse=1; global=1; static=1; extern=0; dir=2; type=0; pingpong=0; private_global=0; IO mode=ap_ovld:ce=0
Port [ tpgPatternCheckerBoard_unsigned_short_unsigned_short_unsigned_short_unsigned_1]:  wired=0; compound=0; hidden=1; nouse=1; global=1; static=1; extern=0; dir=2; type=0; pingpong=0; private_global=0; IO mode=ap_ovld:ce=0
Port [ yCount_3]:  wired=0; compound=0; hidden=1; nouse=1; global=1; static=1; extern=0; dir=2; type=0; pingpong=0; private_global=0; IO mode=ap_ovld:ce=0
Port [ rSerie]:  wired=0; compound=0; hidden=1; nouse=1; global=1; static=1; extern=0; dir=2; type=0; pingpong=0; private_global=0; IO mode=ap_ovld:ce=0
Port [ gSerie]:  wired=0; compound=0; hidden=1; nouse=1; global=1; static=1; extern=0; dir=2; type=0; pingpong=0; private_global=0; IO mode=ap_ovld:ce=0
Port [ bSerie]:  wired=0; compound=0; hidden=1; nouse=1; global=1; static=1; extern=0; dir=2; type=0; pingpong=0; private_global=0; IO mode=ap_ovld:ce=0
Port [ DPtpgBarSelYuv_709_y]:  wired=0; compound=1; hidden=1; nouse=1; global=1; static=1; extern=0; dir=0; type=1; pingpong=0; private_global=0; MemPort=[11]; IO mode=ap_memory:ce=0
Port [ DPtpgBarSelYuv_709_u]:  wired=0; compound=1; hidden=1; nouse=1; global=1; static=1; extern=0; dir=0; type=1; pingpong=0; private_global=0; MemPort=[11]; IO mode=ap_memory:ce=0
Port [ DPtpgBarSelYuv_709_v]:  wired=0; compound=1; hidden=1; nouse=1; global=1; static=1; extern=0; dir=0; type=1; pingpong=0; private_global=0; MemPort=[11]; IO mode=ap_memory:ce=0
Port [ DPtpgBarArray]:  wired=0; compound=1; hidden=1; nouse=1; global=1; static=1; extern=0; dir=0; type=1; pingpong=0; private_global=0; MemPort=[11]; IO mode=ap_memory:ce=0
Port [ tpgPatternDPColorSquare_unsigned_short_unsigned_short_unsigned_char_unsigned_s]:  wired=0; compound=0; hidden=1; nouse=1; global=1; static=1; extern=0; dir=2; type=0; pingpong=0; private_global=0; IO mode=ap_ovld:ce=0
Port [ DPtpgBarSelRgb_VESA_r]:  wired=0; compound=1; hidden=1; nouse=1; global=1; static=1; extern=0; dir=0; type=1; pingpong=0; private_global=0; MemPort=[11]; IO mode=ap_memory:ce=0
Port [ DPtpgBarSelRgb_VESA_g]:  wired=0; compound=1; hidden=1; nouse=1; global=1; static=1; extern=0; dir=0; type=1; pingpong=0; private_global=0; MemPort=[11]; IO mode=ap_memory:ce=0
Port [ DPtpgBarSelRgb_VESA_b]:  wired=0; compound=1; hidden=1; nouse=1; global=1; static=1; extern=0; dir=0; type=1; pingpong=0; private_global=0; MemPort=[11]; IO mode=ap_memory:ce=0
Port [ DPtpgBarSelRgb_CEA_r]:  wired=0; compound=1; hidden=1; nouse=1; global=1; static=1; extern=0; dir=0; type=1; pingpong=0; private_global=0; MemPort=[11]; IO mode=ap_memory:ce=0
Port [ DPtpgBarSelRgb_CEA_g]:  wired=0; compound=1; hidden=1; nouse=1; global=1; static=1; extern=0; dir=0; type=1; pingpong=0; private_global=0; MemPort=[11]; IO mode=ap_memory:ce=0
Port [ DPtpgBarSelRgb_CEA_b]:  wired=0; compound=1; hidden=1; nouse=1; global=1; static=1; extern=0; dir=0; type=1; pingpong=0; private_global=0; MemPort=[11]; IO mode=ap_memory:ce=0
Port [ DPtpgBarSelYuv_601_y]:  wired=0; compound=1; hidden=1; nouse=1; global=1; static=1; extern=0; dir=0; type=1; pingpong=0; private_global=0; MemPort=[11]; IO mode=ap_memory:ce=0
Port [ DPtpgBarSelYuv_601_u]:  wired=0; compound=1; hidden=1; nouse=1; global=1; static=1; extern=0; dir=0; type=1; pingpong=0; private_global=0; MemPort=[11]; IO mode=ap_memory:ce=0
Port [ DPtpgBarSelYuv_601_v]:  wired=0; compound=1; hidden=1; nouse=1; global=1; static=1; extern=0; dir=0; type=1; pingpong=0; private_global=0; MemPort=[11]; IO mode=ap_memory:ce=0
Port [ tpgPatternDPColorSquare_unsigned_short_unsigned_short_unsigned_char_unsigned_1]:  wired=0; compound=0; hidden=1; nouse=1; global=1; static=1; extern=0; dir=2; type=0; pingpong=0; private_global=0; IO mode=ap_ovld:ce=0
Port [ yCount_1]:  wired=0; compound=0; hidden=1; nouse=1; global=1; static=1; extern=0; dir=2; type=0; pingpong=0; private_global=0; IO mode=ap_ovld:ce=0
Port [ whiYuv_2]:  wired=0; compound=1; hidden=1; nouse=1; global=1; static=1; extern=0; dir=0; type=1; pingpong=0; private_global=0; MemPort=[1]; IO mode=ap_memory:ce=0
Port [ boxHCoord]:  wired=0; compound=0; hidden=1; nouse=1; global=1; static=1; extern=0; dir=2; type=0; pingpong=0; private_global=0; IO mode=ap_ovld:ce=0
Port [ boxVCoord]:  wired=0; compound=0; hidden=1; nouse=1; global=1; static=1; extern=0; dir=2; type=0; pingpong=0; private_global=0; IO mode=ap_ovld:ce=0
Port [ vDir]:  wired=0; compound=0; hidden=1; nouse=1; global=1; static=1; extern=0; dir=2; type=0; pingpong=0; private_global=0; IO mode=ap_ovld:ce=0
Port [ hDir]:  wired=0; compound=0; hidden=1; nouse=1; global=1; static=1; extern=0; dir=2; type=0; pingpong=0; private_global=0; IO mode=ap_ovld:ce=0
Port [ fidStored]:  wired=0; compound=0; hidden=1; nouse=1; global=1; static=1; extern=0; dir=2; type=0; pingpong=0; private_global=0; IO mode=ap_ovld:ce=0
Port [ counter]:  wired=0; compound=0; hidden=1; nouse=1; global=1; static=1; extern=0; dir=2; type=0; pingpong=0; private_global=0; IO mode=ap_ovld:ce=0
---------------- STG Properties END ------------------

---------------- Datapath Model BEGIN ----------------

<LifeTime>
<method=bitvector/>
colorFormat_val27_read        (read                ) [ 001111111]
enableInput_val18_read        (read                ) [ 001110000]
width_val10_read              (read                ) [ 001111100]
height_val5_read              (read                ) [ 001111100]
trunc_ln332                   (trunc               ) [ 001111111]
trunc_ln332_1                 (trunc               ) [ 001111111]
srcYUV                        (alloca              ) [ 011111111]
bckgndYUV                     (alloca              ) [ 001111111]
ovrlayYUV                     (alloca              ) [ 001111111]
call_ln342                    (call                ) [ 000000000]
dpYUVCoef_val39_read          (read                ) [ 000010000]
dpDynamicRange_val38_read     (read                ) [ 000010000]
ZplateVerContDelta_val33_read (read                ) [ 000010000]
ZplateVerContStart_val32_read (read                ) [ 000010000]
ZplateHorContDelta_val31_read (read                ) [ 000010000]
ZplateHorContStart_val30_read (read                ) [ 000010000]
motionSpeed_val23_read        (read                ) [ 000011100]
bckgndId_val19_read           (read                ) [ 000010000]
passthruEndY_val16_read       (read                ) [ 000010000]
passthruEndX_val15_read       (read                ) [ 000010000]
passthruStartY_val14_read     (read                ) [ 000010000]
passthruStartX_val13_read     (read                ) [ 000010000]
call_ln345                    (call                ) [ 000000000]
boxColorB_val37_read          (read                ) [ 000000100]
boxColorG_val36_read          (read                ) [ 000000100]
boxColorR_val35_read          (read                ) [ 000000100]
boxSize_val34_read            (read                ) [ 000000100]
crossHairY_val29_read         (read                ) [ 000000100]
crossHairX_val28_read         (read                ) [ 000000100]
maskId_val21_read             (read                ) [ 000000100]
ovrlayId_val20_read           (read                ) [ 000000100]
call_ln358                    (call                ) [ 000000000]
fid_in_val12_read             (read                ) [ 000000001]
field_id_val11_read           (read                ) [ 000000001]
specstablecontent_ln332       (specstablecontent   ) [ 000000000]
specstablecontent_ln332       (specstablecontent   ) [ 000000000]
specstablecontent_ln332       (specstablecontent   ) [ 000000000]
specstablecontent_ln332       (specstablecontent   ) [ 000000000]
specstablecontent_ln332       (specstablecontent   ) [ 000000000]
specstablecontent_ln332       (specstablecontent   ) [ 000000000]
specstablecontent_ln332       (specstablecontent   ) [ 000000000]
specstablecontent_ln332       (specstablecontent   ) [ 000000000]
specstablecontent_ln332       (specstablecontent   ) [ 000000000]
specstablecontent_ln332       (specstablecontent   ) [ 000000000]
specstablecontent_ln332       (specstablecontent   ) [ 000000000]
specstablecontent_ln332       (specstablecontent   ) [ 000000000]
specstablecontent_ln332       (specstablecontent   ) [ 000000000]
specstablecontent_ln332       (specstablecontent   ) [ 000000000]
specstablecontent_ln332       (specstablecontent   ) [ 000000000]
specstablecontent_ln332       (specstablecontent   ) [ 000000000]
specstablecontent_ln332       (specstablecontent   ) [ 000000000]
specstablecontent_ln332       (specstablecontent   ) [ 000000000]
specstablecontent_ln332       (specstablecontent   ) [ 000000000]
specstablecontent_ln332       (specstablecontent   ) [ 000000000]
specstablecontent_ln332       (specstablecontent   ) [ 000000000]
specstablecontent_ln332       (specstablecontent   ) [ 000000000]
specstablecontent_ln332       (specstablecontent   ) [ 000000000]
specstablecontent_ln332       (specstablecontent   ) [ 000000000]
specstablecontent_ln332       (specstablecontent   ) [ 000000000]
specstablecontent_ln332       (specstablecontent   ) [ 000000000]
specdataflowpipeline_ln332    (specdataflowpipeline) [ 000000000]
specaxissidechannel_ln0       (specaxissidechannel ) [ 000000000]
specaxissidechannel_ln0       (specaxissidechannel ) [ 000000000]
specinterface_ln0             (specinterface       ) [ 000000000]
specinterface_ln0             (specinterface       ) [ 000000000]
empty                         (specchannel         ) [ 000000000]
specinterface_ln0             (specinterface       ) [ 000000000]
empty_71                      (specchannel         ) [ 000000000]
specinterface_ln0             (specinterface       ) [ 000000000]
empty_72                      (specchannel         ) [ 000000000]
specinterface_ln0             (specinterface       ) [ 000000000]
call_ln399                    (call                ) [ 000000000]
ret_ln401                     (ret                 ) [ 000000000]
</LifeTime>

<model>

<comp_list>
<comp id="0" class="1000" name="s_axis_video_V_data_V">
<pin_list>
<pin id="1" dir="1" index="0" bw="1" slack="0"/>
</pin_list>
<bind>
<StgValue><ssdm name="s_axis_video_V_data_V"/></StgValue>
</bind>
</comp>

<comp id="2" class="1000" name="s_axis_video_V_keep_V">
<pin_list>
<pin id="3" dir="1" index="0" bw="1" slack="0"/>
</pin_list>
<bind>
<StgValue><ssdm name="s_axis_video_V_keep_V"/></StgValue>
</bind>
</comp>

<comp id="4" class="1000" name="s_axis_video_V_strb_V">
<pin_list>
<pin id="5" dir="1" index="0" bw="1" slack="0"/>
</pin_list>
<bind>
<StgValue><ssdm name="s_axis_video_V_strb_V"/></StgValue>
</bind>
</comp>

<comp id="6" class="1000" name="s_axis_video_V_user_V">
<pin_list>
<pin id="7" dir="1" index="0" bw="1" slack="0"/>
</pin_list>
<bind>
<StgValue><ssdm name="s_axis_video_V_user_V"/></StgValue>
</bind>
</comp>

<comp id="8" class="1000" name="s_axis_video_V_last_V">
<pin_list>
<pin id="9" dir="1" index="0" bw="1" slack="0"/>
</pin_list>
<bind>
<StgValue><ssdm name="s_axis_video_V_last_V"/></StgValue>
</bind>
</comp>

<comp id="10" class="1000" name="s_axis_video_V_id_V">
<pin_list>
<pin id="11" dir="1" index="0" bw="1" slack="0"/>
</pin_list>
<bind>
<StgValue><ssdm name="s_axis_video_V_id_V"/></StgValue>
</bind>
</comp>

<comp id="12" class="1000" name="s_axis_video_V_dest_V">
<pin_list>
<pin id="13" dir="1" index="0" bw="1" slack="0"/>
</pin_list>
<bind>
<StgValue><ssdm name="s_axis_video_V_dest_V"/></StgValue>
</bind>
</comp>

<comp id="14" class="1000" name="height_val5">
<pin_list>
<pin id="15" dir="1" index="0" bw="1" slack="0"/>
</pin_list>
<bind>
<StgValue><ssdm name="height_val5"/></StgValue>
</bind>
</comp>

<comp id="16" class="1000" name="width_val10">
<pin_list>
<pin id="17" dir="1" index="0" bw="1" slack="0"/>
</pin_list>
<bind>
<StgValue><ssdm name="width_val10"/></StgValue>
</bind>
</comp>

<comp id="18" class="1000" name="field_id_val11">
<pin_list>
<pin id="19" dir="1" index="0" bw="1" slack="0"/>
</pin_list>
<bind>
<StgValue><ssdm name="field_id_val11"/></StgValue>
</bind>
</comp>

<comp id="20" class="1000" name="fid_in_val12">
<pin_list>
<pin id="21" dir="1" index="0" bw="1" slack="0"/>
</pin_list>
<bind>
<StgValue><ssdm name="fid_in_val12"/></StgValue>
</bind>
</comp>

<comp id="22" class="1000" name="passthruStartX_val13">
<pin_list>
<pin id="23" dir="1" index="0" bw="1" slack="0"/>
</pin_list>
<bind>
<StgValue><ssdm name="passthruStartX_val13"/></StgValue>
</bind>
</comp>

<comp id="24" class="1000" name="passthruStartY_val14">
<pin_list>
<pin id="25" dir="1" index="0" bw="1" slack="0"/>
</pin_list>
<bind>
<StgValue><ssdm name="passthruStartY_val14"/></StgValue>
</bind>
</comp>

<comp id="26" class="1000" name="passthruEndX_val15">
<pin_list>
<pin id="27" dir="1" index="0" bw="1" slack="0"/>
</pin_list>
<bind>
<StgValue><ssdm name="passthruEndX_val15"/></StgValue>
</bind>
</comp>

<comp id="28" class="1000" name="passthruEndY_val16">
<pin_list>
<pin id="29" dir="1" index="0" bw="1" slack="0"/>
</pin_list>
<bind>
<StgValue><ssdm name="passthruEndY_val16"/></StgValue>
</bind>
</comp>

<comp id="30" class="1000" name="enableInput_val18">
<pin_list>
<pin id="31" dir="1" index="0" bw="1" slack="0"/>
</pin_list>
<bind>
<StgValue><ssdm name="enableInput_val18"/></StgValue>
</bind>
</comp>

<comp id="32" class="1000" name="bckgndId_val19">
<pin_list>
<pin id="33" dir="1" index="0" bw="1" slack="0"/>
</pin_list>
<bind>
<StgValue><ssdm name="bckgndId_val19"/></StgValue>
</bind>
</comp>

<comp id="34" class="1000" name="ovrlayId_val20">
<pin_list>
<pin id="35" dir="1" index="0" bw="1" slack="0"/>
</pin_list>
<bind>
<StgValue><ssdm name="ovrlayId_val20"/></StgValue>
</bind>
</comp>

<comp id="36" class="1000" name="maskId_val21">
<pin_list>
<pin id="37" dir="1" index="0" bw="1" slack="0"/>
</pin_list>
<bind>
<StgValue><ssdm name="maskId_val21"/></StgValue>
</bind>
</comp>

<comp id="38" class="1000" name="motionSpeed_val23">
<pin_list>
<pin id="39" dir="1" index="0" bw="1" slack="0"/>
</pin_list>
<bind>
<StgValue><ssdm name="motionSpeed_val23"/></StgValue>
</bind>
</comp>

<comp id="40" class="1000" name="colorFormat_val27">
<pin_list>
<pin id="41" dir="1" index="0" bw="1" slack="0"/>
</pin_list>
<bind>
<StgValue><ssdm name="colorFormat_val27"/></StgValue>
</bind>
</comp>

<comp id="42" class="1000" name="crossHairX_val28">
<pin_list>
<pin id="43" dir="1" index="0" bw="1" slack="0"/>
</pin_list>
<bind>
<StgValue><ssdm name="crossHairX_val28"/></StgValue>
</bind>
</comp>

<comp id="44" class="1000" name="crossHairY_val29">
<pin_list>
<pin id="45" dir="1" index="0" bw="1" slack="0"/>
</pin_list>
<bind>
<StgValue><ssdm name="crossHairY_val29"/></StgValue>
</bind>
</comp>

<comp id="46" class="1000" name="ZplateHorContStart_val30">
<pin_list>
<pin id="47" dir="1" index="0" bw="1" slack="0"/>
</pin_list>
<bind>
<StgValue><ssdm name="ZplateHorContStart_val30"/></StgValue>
</bind>
</comp>

<comp id="48" class="1000" name="ZplateHorContDelta_val31">
<pin_list>
<pin id="49" dir="1" index="0" bw="1" slack="0"/>
</pin_list>
<bind>
<StgValue><ssdm name="ZplateHorContDelta_val31"/></StgValue>
</bind>
</comp>

<comp id="50" class="1000" name="ZplateVerContStart_val32">
<pin_list>
<pin id="51" dir="1" index="0" bw="1" slack="0"/>
</pin_list>
<bind>
<StgValue><ssdm name="ZplateVerContStart_val32"/></StgValue>
</bind>
</comp>

<comp id="52" class="1000" name="ZplateVerContDelta_val33">
<pin_list>
<pin id="53" dir="1" index="0" bw="1" slack="0"/>
</pin_list>
<bind>
<StgValue><ssdm name="ZplateVerContDelta_val33"/></StgValue>
</bind>
</comp>

<comp id="54" class="1000" name="boxSize_val34">
<pin_list>
<pin id="55" dir="1" index="0" bw="1" slack="0"/>
</pin_list>
<bind>
<StgValue><ssdm name="boxSize_val34"/></StgValue>
</bind>
</comp>

<comp id="56" class="1000" name="boxColorR_val35">
<pin_list>
<pin id="57" dir="1" index="0" bw="1" slack="0"/>
</pin_list>
<bind>
<StgValue><ssdm name="boxColorR_val35"/></StgValue>
</bind>
</comp>

<comp id="58" class="1000" name="boxColorG_val36">
<pin_list>
<pin id="59" dir="1" index="0" bw="1" slack="0"/>
</pin_list>
<bind>
<StgValue><ssdm name="boxColorG_val36"/></StgValue>
</bind>
</comp>

<comp id="60" class="1000" name="boxColorB_val37">
<pin_list>
<pin id="61" dir="1" index="0" bw="1" slack="0"/>
</pin_list>
<bind>
<StgValue><ssdm name="boxColorB_val37"/></StgValue>
</bind>
</comp>

<comp id="62" class="1000" name="dpDynamicRange_val38">
<pin_list>
<pin id="63" dir="1" index="0" bw="1" slack="0"/>
</pin_list>
<bind>
<StgValue><ssdm name="dpDynamicRange_val38"/></StgValue>
</bind>
</comp>

<comp id="64" class="1000" name="dpYUVCoef_val39">
<pin_list>
<pin id="65" dir="1" index="0" bw="1" slack="0"/>
</pin_list>
<bind>
<StgValue><ssdm name="dpYUVCoef_val39"/></StgValue>
</bind>
</comp>

<comp id="66" class="1000" name="m_axis_video_V_data_V">
<pin_list>
<pin id="67" dir="1" index="0" bw="1" slack="0"/>
</pin_list>
<bind>
<StgValue><ssdm name="m_axis_video_V_data_V"/></StgValue>
</bind>
</comp>

<comp id="68" class="1000" name="m_axis_video_V_keep_V">
<pin_list>
<pin id="69" dir="1" index="0" bw="1" slack="0"/>
</pin_list>
<bind>
<StgValue><ssdm name="m_axis_video_V_keep_V"/></StgValue>
</bind>
</comp>

<comp id="70" class="1000" name="m_axis_video_V_strb_V">
<pin_list>
<pin id="71" dir="1" index="0" bw="1" slack="0"/>
</pin_list>
<bind>
<StgValue><ssdm name="m_axis_video_V_strb_V"/></StgValue>
</bind>
</comp>

<comp id="72" class="1000" name="m_axis_video_V_user_V">
<pin_list>
<pin id="73" dir="1" index="0" bw="1" slack="0"/>
</pin_list>
<bind>
<StgValue><ssdm name="m_axis_video_V_user_V"/></StgValue>
</bind>
</comp>

<comp id="74" class="1000" name="m_axis_video_V_last_V">
<pin_list>
<pin id="75" dir="1" index="0" bw="1" slack="0"/>
</pin_list>
<bind>
<StgValue><ssdm name="m_axis_video_V_last_V"/></StgValue>
</bind>
</comp>

<comp id="76" class="1000" name="m_axis_video_V_id_V">
<pin_list>
<pin id="77" dir="1" index="0" bw="1" slack="0"/>
</pin_list>
<bind>
<StgValue><ssdm name="m_axis_video_V_id_V"/></StgValue>
</bind>
</comp>

<comp id="78" class="1000" name="m_axis_video_V_dest_V">
<pin_list>
<pin id="79" dir="1" index="0" bw="1" slack="0"/>
</pin_list>
<bind>
<StgValue><ssdm name="m_axis_video_V_dest_V"/></StgValue>
</bind>
</comp>

<comp id="80" class="1000" name="fid">
<pin_list>
<pin id="81" dir="1" index="0" bw="1" slack="0"/>
</pin_list>
<bind>
<StgValue><ssdm name="fid"/></StgValue>
</bind>
</comp>

<comp id="82" class="1000" name="rampStart">
<pin_list>
<pin id="83" dir="1" index="0" bw="1" slack="0"/>
</pin_list>
<bind>
<StgValue><ssdm name="rampStart"/></StgValue>
</bind>
</comp>

<comp id="84" class="1000" name="s">
<pin_list>
<pin id="85" dir="1" index="0" bw="1" slack="0"/>
</pin_list>
<bind>
<StgValue><ssdm name="s"/></StgValue>
</bind>
</comp>

<comp id="86" class="1000" name="redYuv">
<pin_list>
<pin id="87" dir="1" index="0" bw="1" slack="0"/>
</pin_list>
<bind>
<StgValue><ssdm name="redYuv"/><MemPortTyVec>1 </MemPortTyVec>
</StgValue>
</bind>
</comp>

<comp id="88" class="1000" name="grnYuv">
<pin_list>
<pin id="89" dir="1" index="0" bw="1" slack="0"/>
</pin_list>
<bind>
<StgValue><ssdm name="grnYuv"/><MemPortTyVec>1 </MemPortTyVec>
</StgValue>
</bind>
</comp>

<comp id="90" class="1000" name="bluYuv">
<pin_list>
<pin id="91" dir="1" index="0" bw="1" slack="0"/>
</pin_list>
<bind>
<StgValue><ssdm name="bluYuv"/><MemPortTyVec>1 </MemPortTyVec>
</StgValue>
</bind>
</comp>

<comp id="92" class="1000" name="blkYuv">
<pin_list>
<pin id="93" dir="1" index="0" bw="1" slack="0"/>
</pin_list>
<bind>
<StgValue><ssdm name="blkYuv"/><MemPortTyVec>1 </MemPortTyVec>
</StgValue>
</bind>
</comp>

<comp id="94" class="1000" name="whiYuv">
<pin_list>
<pin id="95" dir="1" index="0" bw="1" slack="0"/>
</pin_list>
<bind>
<StgValue><ssdm name="whiYuv"/><MemPortTyVec>1 </MemPortTyVec>
</StgValue>
</bind>
</comp>

<comp id="96" class="1000" name="whiYuv_1">
<pin_list>
<pin id="97" dir="1" index="0" bw="1" slack="0"/>
</pin_list>
<bind>
<StgValue><ssdm name="whiYuv_1"/><MemPortTyVec>1 </MemPortTyVec>
</StgValue>
</bind>
</comp>

<comp id="98" class="1000" name="blkYuv_1">
<pin_list>
<pin id="99" dir="1" index="0" bw="1" slack="0"/>
</pin_list>
<bind>
<StgValue><ssdm name="blkYuv_1"/><MemPortTyVec>1 </MemPortTyVec>
</StgValue>
</bind>
</comp>

<comp id="100" class="1000" name="rampVal_1">
<pin_list>
<pin id="101" dir="1" index="0" bw="1" slack="0"/>
</pin_list>
<bind>
<StgValue><ssdm name="rampVal_1"/></StgValue>
</bind>
</comp>

<comp id="102" class="1000" name="rampVal">
<pin_list>
<pin id="103" dir="1" index="0" bw="1" slack="0"/>
</pin_list>
<bind>
<StgValue><ssdm name="rampVal"/></StgValue>
</bind>
</comp>

<comp id="104" class="1000" name="tpgPatternColorBars_unsigned_short_unsigned_short_unsigned_char_int_hBarSel">
<pin_list>
<pin id="105" dir="1" index="0" bw="1" slack="0"/>
</pin_list>
<bind>
<StgValue><ssdm name="tpgPatternColorBars_unsigned_short_unsigned_short_unsigned_char_int_hBarSel"/></StgValue>
</bind>
</comp>

<comp id="106" class="1000" name="tpgPatternColorBars_unsigned_short_unsigned_short_unsigned_char_int_hBarSel_8">
<pin_list>
<pin id="107" dir="1" index="0" bw="1" slack="0"/>
</pin_list>
<bind>
<StgValue><ssdm name="tpgPatternColorBars_unsigned_short_unsigned_short_unsigned_char_int_hBarSel_8"/></StgValue>
</bind>
</comp>

<comp id="108" class="1000" name="zonePlateVAddr">
<pin_list>
<pin id="109" dir="1" index="0" bw="1" slack="0"/>
</pin_list>
<bind>
<StgValue><ssdm name="zonePlateVAddr"/></StgValue>
</bind>
</comp>

<comp id="110" class="1000" name="vBarSel">
<pin_list>
<pin id="111" dir="1" index="0" bw="1" slack="0"/>
</pin_list>
<bind>
<StgValue><ssdm name="vBarSel"/></StgValue>
</bind>
</comp>

<comp id="112" class="1000" name="tpgPatternTartanColorBars_unsigned_short_unsigned_short_unsigned_short_unsign_3">
<pin_list>
<pin id="113" dir="1" index="0" bw="1" slack="0"/>
</pin_list>
<bind>
<StgValue><ssdm name="tpgPatternTartanColorBars_unsigned_short_unsigned_short_unsigned_short_unsign_3"/></StgValue>
</bind>
</comp>

<comp id="114" class="1000" name="tpgPatternTartanColorBars_unsigned_short_unsigned_short_unsigned_short_unsign_2">
<pin_list>
<pin id="115" dir="1" index="0" bw="1" slack="0"/>
</pin_list>
<bind>
<StgValue><ssdm name="tpgPatternTartanColorBars_unsigned_short_unsigned_short_unsigned_short_unsign_2"/></StgValue>
</bind>
</comp>

<comp id="116" class="1000" name="hdata">
<pin_list>
<pin id="117" dir="1" index="0" bw="1" slack="0"/>
</pin_list>
<bind>
<StgValue><ssdm name="hdata"/></StgValue>
</bind>
</comp>

<comp id="118" class="1000" name="vBarSel_2">
<pin_list>
<pin id="119" dir="1" index="0" bw="1" slack="0"/>
</pin_list>
<bind>
<StgValue><ssdm name="vBarSel_2"/></StgValue>
</bind>
</comp>

<comp id="120" class="1000" name="tpgPatternCheckerBoard_unsigned_short_unsigned_short_unsigned_short_unsigned_3">
<pin_list>
<pin id="121" dir="1" index="0" bw="1" slack="0"/>
</pin_list>
<bind>
<StgValue><ssdm name="tpgPatternCheckerBoard_unsigned_short_unsigned_short_unsigned_short_unsigned_3"/></StgValue>
</bind>
</comp>

<comp id="122" class="1000" name="tpgPatternCheckerBoard_unsigned_short_unsigned_short_unsigned_short_unsigned_2">
<pin_list>
<pin id="123" dir="1" index="0" bw="1" slack="0"/>
</pin_list>
<bind>
<StgValue><ssdm name="tpgPatternCheckerBoard_unsigned_short_unsigned_short_unsigned_short_unsigned_2"/></StgValue>
</bind>
</comp>

<comp id="124" class="1000" name="rampVal_2">
<pin_list>
<pin id="125" dir="1" index="0" bw="1" slack="0"/>
</pin_list>
<bind>
<StgValue><ssdm name="rampVal_2"/></StgValue>
</bind>
</comp>

<comp id="126" class="1000" name="vBarSel_1">
<pin_list>
<pin id="127" dir="1" index="0" bw="1" slack="0"/>
</pin_list>
<bind>
<StgValue><ssdm name="vBarSel_1"/></StgValue>
</bind>
</comp>

<comp id="128" class="1000" name="tpgPatternDPColorSquare_unsigned_short_unsigned_short_unsigned_char_unsigned_3">
<pin_list>
<pin id="129" dir="1" index="0" bw="1" slack="0"/>
</pin_list>
<bind>
<StgValue><ssdm name="tpgPatternDPColorSquare_unsigned_short_unsigned_short_unsigned_char_unsigned_3"/></StgValue>
</bind>
</comp>

<comp id="130" class="1000" name="tpgPatternDPColorSquare_unsigned_short_unsigned_short_unsigned_char_unsigned_2">
<pin_list>
<pin id="131" dir="1" index="0" bw="1" slack="0"/>
</pin_list>
<bind>
<StgValue><ssdm name="tpgPatternDPColorSquare_unsigned_short_unsigned_short_unsigned_char_unsigned_2"/></StgValue>
</bind>
</comp>

<comp id="132" class="1000" name="tpgBarSelYuv_y">
<pin_list>
<pin id="133" dir="1" index="0" bw="1" slack="0"/>
</pin_list>
<bind>
<StgValue><ssdm name="tpgBarSelYuv_y"/><MemPortTyVec>1 1 </MemPortTyVec>
</StgValue>
</bind>
</comp>

<comp id="134" class="1000" name="tpgBarSelYuv_u">
<pin_list>
<pin id="135" dir="1" index="0" bw="1" slack="0"/>
</pin_list>
<bind>
<StgValue><ssdm name="tpgBarSelYuv_u"/><MemPortTyVec>1 1 </MemPortTyVec>
</StgValue>
</bind>
</comp>

<comp id="136" class="1000" name="tpgBarSelYuv_v">
<pin_list>
<pin id="137" dir="1" index="0" bw="1" slack="0"/>
</pin_list>
<bind>
<StgValue><ssdm name="tpgBarSelYuv_v"/><MemPortTyVec>1 1 </MemPortTyVec>
</StgValue>
</bind>
</comp>

<comp id="138" class="1000" name="tpgPatternColorBars_unsigned_short_unsigned_short_unsigned_char_int_xBar_9">
<pin_list>
<pin id="139" dir="1" index="0" bw="1" slack="0"/>
</pin_list>
<bind>
<StgValue><ssdm name="tpgPatternColorBars_unsigned_short_unsigned_short_unsigned_char_int_xBar_9"/></StgValue>
</bind>
</comp>

<comp id="140" class="1000" name="tpgBarSelRgb_r">
<pin_list>
<pin id="141" dir="1" index="0" bw="1" slack="0"/>
</pin_list>
<bind>
<StgValue><ssdm name="tpgBarSelRgb_r"/><MemPortTyVec>1 1 </MemPortTyVec>
</StgValue>
</bind>
</comp>

<comp id="142" class="1000" name="tpgBarSelRgb_g">
<pin_list>
<pin id="143" dir="1" index="0" bw="1" slack="0"/>
</pin_list>
<bind>
<StgValue><ssdm name="tpgBarSelRgb_g"/><MemPortTyVec>1 1 </MemPortTyVec>
</StgValue>
</bind>
</comp>

<comp id="144" class="1000" name="tpgBarSelRgb_b">
<pin_list>
<pin id="145" dir="1" index="0" bw="1" slack="0"/>
</pin_list>
<bind>
<StgValue><ssdm name="tpgBarSelRgb_b"/><MemPortTyVec>1 1 </MemPortTyVec>
</StgValue>
</bind>
</comp>

<comp id="146" class="1000" name="tpgPatternColorBars_unsigned_short_unsigned_short_unsigned_char_int_xBar">
<pin_list>
<pin id="147" dir="1" index="0" bw="1" slack="0"/>
</pin_list>
<bind>
<StgValue><ssdm name="tpgPatternColorBars_unsigned_short_unsigned_short_unsigned_char_int_xBar"/></StgValue>
</bind>
</comp>

<comp id="148" class="1000" name="tpgSinTableArray">
<pin_list>
<pin id="149" dir="1" index="0" bw="1" slack="0"/>
</pin_list>
<bind>
<StgValue><ssdm name="tpgSinTableArray"/><MemPortTyVec>1 1 </MemPortTyVec>
</StgValue>
</bind>
</comp>

<comp id="150" class="1000" name="zonePlateVDelta">
<pin_list>
<pin id="151" dir="1" index="0" bw="1" slack="0"/>
</pin_list>
<bind>
<StgValue><ssdm name="zonePlateVDelta"/></StgValue>
</bind>
</comp>

<comp id="152" class="1000" name="tpgTartanBarArray">
<pin_list>
<pin id="153" dir="1" index="0" bw="1" slack="0"/>
</pin_list>
<bind>
<StgValue><ssdm name="tpgTartanBarArray"/><MemPortTyVec>1 1 </MemPortTyVec>
</StgValue>
</bind>
</comp>

<comp id="154" class="1000" name="tpgPatternTartanColorBars_unsigned_short_unsigned_short_unsigned_short_unsign">
<pin_list>
<pin id="155" dir="1" index="0" bw="1" slack="0"/>
</pin_list>
<bind>
<StgValue><ssdm name="tpgPatternTartanColorBars_unsigned_short_unsigned_short_unsigned_short_unsign"/></StgValue>
</bind>
</comp>

<comp id="156" class="1000" name="tpgPatternTartanColorBars_unsigned_short_unsigned_short_unsigned_short_unsign_1">
<pin_list>
<pin id="157" dir="1" index="0" bw="1" slack="0"/>
</pin_list>
<bind>
<StgValue><ssdm name="tpgPatternTartanColorBars_unsigned_short_unsigned_short_unsigned_short_unsign_1"/></StgValue>
</bind>
</comp>

<comp id="158" class="1000" name="yCount">
<pin_list>
<pin id="159" dir="1" index="0" bw="1" slack="0"/>
</pin_list>
<bind>
<StgValue><ssdm name="yCount"/></StgValue>
</bind>
</comp>

<comp id="160" class="1000" name="tpgPatternCrossHatch_unsigned_short_unsigned_short_unsigned_short_unsigned_sh">
<pin_list>
<pin id="161" dir="1" index="0" bw="1" slack="0"/>
</pin_list>
<bind>
<StgValue><ssdm name="tpgPatternCrossHatch_unsigned_short_unsigned_short_unsigned_short_unsigned_sh"/></StgValue>
</bind>
</comp>

<comp id="162" class="1000" name="tpgPatternCrossHatch_unsigned_short_unsigned_short_unsigned_short_unsigned_sh_1">
<pin_list>
<pin id="163" dir="1" index="0" bw="1" slack="0"/>
</pin_list>
<bind>
<StgValue><ssdm name="tpgPatternCrossHatch_unsigned_short_unsigned_short_unsigned_short_unsigned_sh_1"/></StgValue>
</bind>
</comp>

<comp id="164" class="1000" name="vHatch">
<pin_list>
<pin id="165" dir="1" index="0" bw="1" slack="0"/>
</pin_list>
<bind>
<StgValue><ssdm name="vHatch"/></StgValue>
</bind>
</comp>

<comp id="166" class="1000" name="yCount_2">
<pin_list>
<pin id="167" dir="1" index="0" bw="1" slack="0"/>
</pin_list>
<bind>
<StgValue><ssdm name="yCount_2"/></StgValue>
</bind>
</comp>

<comp id="168" class="1000" name="tpgSinTableArray_9bit_0">
<pin_list>
<pin id="169" dir="1" index="0" bw="1" slack="0"/>
</pin_list>
<bind>
<StgValue><ssdm name="tpgSinTableArray_9bit_0"/><MemPortTyVec>1 1 1 1 1 1 </MemPortTyVec>
</StgValue>
</bind>
</comp>

<comp id="170" class="1000" name="tpgSinTableArray_9bit_1">
<pin_list>
<pin id="171" dir="1" index="0" bw="1" slack="0"/>
</pin_list>
<bind>
<StgValue><ssdm name="tpgSinTableArray_9bit_1"/><MemPortTyVec>1 1 1 1 1 1 </MemPortTyVec>
</StgValue>
</bind>
</comp>

<comp id="172" class="1000" name="tpgSinTableArray_9bit_2">
<pin_list>
<pin id="173" dir="1" index="0" bw="1" slack="0"/>
</pin_list>
<bind>
<StgValue><ssdm name="tpgSinTableArray_9bit_2"/><MemPortTyVec>1 1 1 1 1 1 </MemPortTyVec>
</StgValue>
</bind>
</comp>

<comp id="174" class="1000" name="tpgCheckerBoardArray">
<pin_list>
<pin id="175" dir="1" index="0" bw="1" slack="0"/>
</pin_list>
<bind>
<StgValue><ssdm name="tpgCheckerBoardArray"/><MemPortTyVec>1 1 </MemPortTyVec>
</StgValue>
</bind>
</comp>

<comp id="176" class="1000" name="tpgPatternCheckerBoard_unsigned_short_unsigned_short_unsigned_short_unsigned_s">
<pin_list>
<pin id="177" dir="1" index="0" bw="1" slack="0"/>
</pin_list>
<bind>
<StgValue><ssdm name="tpgPatternCheckerBoard_unsigned_short_unsigned_short_unsigned_short_unsigned_s"/></StgValue>
</bind>
</comp>

<comp id="178" class="1000" name="tpgPatternCheckerBoard_unsigned_short_unsigned_short_unsigned_short_unsigned_1">
<pin_list>
<pin id="179" dir="1" index="0" bw="1" slack="0"/>
</pin_list>
<bind>
<StgValue><ssdm name="tpgPatternCheckerBoard_unsigned_short_unsigned_short_unsigned_short_unsigned_1"/></StgValue>
</bind>
</comp>

<comp id="180" class="1000" name="yCount_3">
<pin_list>
<pin id="181" dir="1" index="0" bw="1" slack="0"/>
</pin_list>
<bind>
<StgValue><ssdm name="yCount_3"/></StgValue>
</bind>
</comp>

<comp id="182" class="1000" name="rSerie">
<pin_list>
<pin id="183" dir="1" index="0" bw="1" slack="0"/>
</pin_list>
<bind>
<StgValue><ssdm name="rSerie"/></StgValue>
</bind>
</comp>

<comp id="184" class="1000" name="gSerie">
<pin_list>
<pin id="185" dir="1" index="0" bw="1" slack="0"/>
</pin_list>
<bind>
<StgValue><ssdm name="gSerie"/></StgValue>
</bind>
</comp>

<comp id="186" class="1000" name="bSerie">
<pin_list>
<pin id="187" dir="1" index="0" bw="1" slack="0"/>
</pin_list>
<bind>
<StgValue><ssdm name="bSerie"/></StgValue>
</bind>
</comp>

<comp id="188" class="1000" name="DPtpgBarSelYuv_709_y">
<pin_list>
<pin id="189" dir="1" index="0" bw="1" slack="0"/>
</pin_list>
<bind>
<StgValue><ssdm name="DPtpgBarSelYuv_709_y"/><MemPortTyVec>1 1 </MemPortTyVec>
</StgValue>
</bind>
</comp>

<comp id="190" class="1000" name="DPtpgBarSelYuv_709_u">
<pin_list>
<pin id="191" dir="1" index="0" bw="1" slack="0"/>
</pin_list>
<bind>
<StgValue><ssdm name="DPtpgBarSelYuv_709_u"/><MemPortTyVec>1 1 </MemPortTyVec>
</StgValue>
</bind>
</comp>

<comp id="192" class="1000" name="DPtpgBarSelYuv_709_v">
<pin_list>
<pin id="193" dir="1" index="0" bw="1" slack="0"/>
</pin_list>
<bind>
<StgValue><ssdm name="DPtpgBarSelYuv_709_v"/><MemPortTyVec>1 1 </MemPortTyVec>
</StgValue>
</bind>
</comp>

<comp id="194" class="1000" name="DPtpgBarArray">
<pin_list>
<pin id="195" dir="1" index="0" bw="1" slack="0"/>
</pin_list>
<bind>
<StgValue><ssdm name="DPtpgBarArray"/><MemPortTyVec>1 1 </MemPortTyVec>
</StgValue>
</bind>
</comp>

<comp id="196" class="1000" name="tpgPatternDPColorSquare_unsigned_short_unsigned_short_unsigned_char_unsigned_s">
<pin_list>
<pin id="197" dir="1" index="0" bw="1" slack="0"/>
</pin_list>
<bind>
<StgValue><ssdm name="tpgPatternDPColorSquare_unsigned_short_unsigned_short_unsigned_char_unsigned_s"/></StgValue>
</bind>
</comp>

<comp id="198" class="1000" name="DPtpgBarSelRgb_VESA_r">
<pin_list>
<pin id="199" dir="1" index="0" bw="1" slack="0"/>
</pin_list>
<bind>
<StgValue><ssdm name="DPtpgBarSelRgb_VESA_r"/><MemPortTyVec>1 1 </MemPortTyVec>
</StgValue>
</bind>
</comp>

<comp id="200" class="1000" name="DPtpgBarSelRgb_VESA_g">
<pin_list>
<pin id="201" dir="1" index="0" bw="1" slack="0"/>
</pin_list>
<bind>
<StgValue><ssdm name="DPtpgBarSelRgb_VESA_g"/><MemPortTyVec>1 1 </MemPortTyVec>
</StgValue>
</bind>
</comp>

<comp id="202" class="1000" name="DPtpgBarSelRgb_VESA_b">
<pin_list>
<pin id="203" dir="1" index="0" bw="1" slack="0"/>
</pin_list>
<bind>
<StgValue><ssdm name="DPtpgBarSelRgb_VESA_b"/><MemPortTyVec>1 1 </MemPortTyVec>
</StgValue>
</bind>
</comp>

<comp id="204" class="1000" name="DPtpgBarSelRgb_CEA_r">
<pin_list>
<pin id="205" dir="1" index="0" bw="1" slack="0"/>
</pin_list>
<bind>
<StgValue><ssdm name="DPtpgBarSelRgb_CEA_r"/><MemPortTyVec>1 1 </MemPortTyVec>
</StgValue>
</bind>
</comp>

<comp id="206" class="1000" name="DPtpgBarSelRgb_CEA_g">
<pin_list>
<pin id="207" dir="1" index="0" bw="1" slack="0"/>
</pin_list>
<bind>
<StgValue><ssdm name="DPtpgBarSelRgb_CEA_g"/><MemPortTyVec>1 1 </MemPortTyVec>
</StgValue>
</bind>
</comp>

<comp id="208" class="1000" name="DPtpgBarSelRgb_CEA_b">
<pin_list>
<pin id="209" dir="1" index="0" bw="1" slack="0"/>
</pin_list>
<bind>
<StgValue><ssdm name="DPtpgBarSelRgb_CEA_b"/><MemPortTyVec>1 1 </MemPortTyVec>
</StgValue>
</bind>
</comp>

<comp id="210" class="1000" name="DPtpgBarSelYuv_601_y">
<pin_list>
<pin id="211" dir="1" index="0" bw="1" slack="0"/>
</pin_list>
<bind>
<StgValue><ssdm name="DPtpgBarSelYuv_601_y"/><MemPortTyVec>1 1 </MemPortTyVec>
</StgValue>
</bind>
</comp>

<comp id="212" class="1000" name="DPtpgBarSelYuv_601_u">
<pin_list>
<pin id="213" dir="1" index="0" bw="1" slack="0"/>
</pin_list>
<bind>
<StgValue><ssdm name="DPtpgBarSelYuv_601_u"/><MemPortTyVec>1 1 </MemPortTyVec>
</StgValue>
</bind>
</comp>

<comp id="214" class="1000" name="DPtpgBarSelYuv_601_v">
<pin_list>
<pin id="215" dir="1" index="0" bw="1" slack="0"/>
</pin_list>
<bind>
<StgValue><ssdm name="DPtpgBarSelYuv_601_v"/><MemPortTyVec>1 1 </MemPortTyVec>
</StgValue>
</bind>
</comp>

<comp id="216" class="1000" name="tpgPatternDPColorSquare_unsigned_short_unsigned_short_unsigned_char_unsigned_1">
<pin_list>
<pin id="217" dir="1" index="0" bw="1" slack="0"/>
</pin_list>
<bind>
<StgValue><ssdm name="tpgPatternDPColorSquare_unsigned_short_unsigned_short_unsigned_char_unsigned_1"/></StgValue>
</bind>
</comp>

<comp id="218" class="1000" name="yCount_1">
<pin_list>
<pin id="219" dir="1" index="0" bw="1" slack="0"/>
</pin_list>
<bind>
<StgValue><ssdm name="yCount_1"/></StgValue>
</bind>
</comp>

<comp id="220" class="1000" name="whiYuv_2">
<pin_list>
<pin id="221" dir="1" index="0" bw="1" slack="0"/>
</pin_list>
<bind>
<StgValue><ssdm name="whiYuv_2"/><MemPortTyVec>1 </MemPortTyVec>
</StgValue>
</bind>
</comp>

<comp id="222" class="1000" name="boxHCoord">
<pin_list>
<pin id="223" dir="1" index="0" bw="1" slack="0"/>
</pin_list>
<bind>
<StgValue><ssdm name="boxHCoord"/></StgValue>
</bind>
</comp>

<comp id="224" class="1000" name="boxVCoord">
<pin_list>
<pin id="225" dir="1" index="0" bw="1" slack="0"/>
</pin_list>
<bind>
<StgValue><ssdm name="boxVCoord"/></StgValue>
</bind>
</comp>

<comp id="226" class="1000" name="vDir">
<pin_list>
<pin id="227" dir="1" index="0" bw="1" slack="0"/>
</pin_list>
<bind>
<StgValue><ssdm name="vDir"/></StgValue>
</bind>
</comp>

<comp id="228" class="1000" name="hDir">
<pin_list>
<pin id="229" dir="1" index="0" bw="1" slack="0"/>
</pin_list>
<bind>
<StgValue><ssdm name="hDir"/></StgValue>
</bind>
</comp>

<comp id="230" class="1000" name="fidStored">
<pin_list>
<pin id="231" dir="1" index="0" bw="1" slack="0"/>
</pin_list>
<bind>
<StgValue><ssdm name="fidStored"/></StgValue>
</bind>
</comp>

<comp id="232" class="1000" name="counter">
<pin_list>
<pin id="233" dir="1" index="0" bw="1" slack="0"/>
</pin_list>
<bind>
<StgValue><ssdm name="counter"/></StgValue>
</bind>
</comp>

<comp id="234" class="1001" name="const_234">
<pin_list>
<pin id="235" dir="1" index="0" bw="1" slack="0"/>
</pin_list>
<bind>
<StgValue><ssdm name="_ssdm_op_Read.ap_auto.i8"/></StgValue>
</bind>
</comp>

<comp id="236" class="1001" name="const_236">
<pin_list>
<pin id="237" dir="1" index="0" bw="1" slack="0"/>
</pin_list>
<bind>
<StgValue><ssdm name="_ssdm_op_Read.ap_auto.i16"/></StgValue>
</bind>
</comp>

<comp id="238" class="1001" name="const_238">
<pin_list>
<pin id="239" dir="1" index="0" bw="1" slack="0"/>
</pin_list>
<bind>
<StgValue><ssdm name=""/></StgValue>
</bind>
</comp>

<comp id="240" class="1001" name="const_240">
<pin_list>
<pin id="241" dir="1" index="0" bw="1" slack="0"/>
</pin_list>
<bind>
<StgValue><ssdm name="AXIvideo2MultiPixStream"/></StgValue>
</bind>
</comp>

<comp id="242" class="1001" name="const_242">
<pin_list>
<pin id="243" dir="1" index="0" bw="1" slack="0"/>
</pin_list>
<bind>
<StgValue><ssdm name="tpgBackground"/></StgValue>
</bind>
</comp>

<comp id="244" class="1001" name="const_244">
<pin_list>
<pin id="245" dir="1" index="0" bw="1" slack="0"/>
</pin_list>
<bind>
<StgValue><ssdm name="tpgForeground"/></StgValue>
</bind>
</comp>

<comp id="246" class="1001" name="const_246">
<pin_list>
<pin id="247" dir="1" index="0" bw="1" slack="0"/>
</pin_list>
<bind>
<StgValue><ssdm name="_ssdm_op_Read.ap_auto.i1"/></StgValue>
</bind>
</comp>

<comp id="248" class="1001" name="const_248">
<pin_list>
<pin id="249" dir="1" index="0" bw="1" slack="0"/>
</pin_list>
<bind>
<StgValue><ssdm name="MultiPixStream2AXIvideo"/></StgValue>
</bind>
</comp>

<comp id="250" class="1001" name="const_250">
<pin_list>
<pin id="251" dir="1" index="0" bw="1" slack="2147483647"/>
</pin_list>
<bind>
<StgValue><ssdm name="_ssdm_op_SpecStableContent"/></StgValue>
</bind>
</comp>

<comp id="252" class="1001" name="const_252">
<pin_list>
<pin id="253" dir="1" index="0" bw="1" slack="2147483647"/>
</pin_list>
<bind>
<StgValue><ssdm name=""/></StgValue>
</bind>
</comp>

<comp id="254" class="1001" name="const_254">
<pin_list>
<pin id="255" dir="1" index="0" bw="1" slack="2147483647"/>
</pin_list>
<bind>
<StgValue><ssdm name="p_str"/></StgValue>
</bind>
</comp>

<comp id="256" class="1001" name="const_256">
<pin_list>
<pin id="257" dir="1" index="0" bw="1" slack="2147483647"/>
</pin_list>
<bind>
<StgValue><ssdm name="_ssdm_op_SpecDataflowPipeline"/></StgValue>
</bind>
</comp>

<comp id="258" class="1001" name="const_258">
<pin_list>
<pin id="259" dir="1" index="0" bw="1" slack="2147483647"/>
</pin_list>
<bind>
<StgValue><ssdm name=""/></StgValue>
</bind>
</comp>

<comp id="260" class="1001" name="const_260">
<pin_list>
<pin id="261" dir="1" index="0" bw="1" slack="2147483647"/>
</pin_list>
<bind>
<StgValue><ssdm name=""/></StgValue>
</bind>
</comp>

<comp id="262" class="1001" name="const_262">
<pin_list>
<pin id="263" dir="1" index="0" bw="1" slack="2147483647"/>
</pin_list>
<bind>
<StgValue><ssdm name="empty_15"/></StgValue>
</bind>
</comp>

<comp id="264" class="1001" name="const_264">
<pin_list>
<pin id="265" dir="1" index="0" bw="1" slack="2147483647"/>
</pin_list>
<bind>
<StgValue><ssdm name="_ssdm_op_SpecAXISSideChannel"/></StgValue>
</bind>
</comp>

<comp id="266" class="1001" name="const_266">
<pin_list>
<pin id="267" dir="1" index="0" bw="1" slack="2147483647"/>
</pin_list>
<bind>
<StgValue><ssdm name="empty_45"/></StgValue>
</bind>
</comp>

<comp id="268" class="1001" name="const_268">
<pin_list>
<pin id="269" dir="1" index="0" bw="1" slack="2147483647"/>
</pin_list>
<bind>
<StgValue><ssdm name="empty_34"/></StgValue>
</bind>
</comp>

<comp id="270" class="1001" name="const_270">
<pin_list>
<pin id="271" dir="1" index="0" bw="1" slack="2147483647"/>
</pin_list>
<bind>
<StgValue><ssdm name="_ssdm_op_SpecInterface"/></StgValue>
</bind>
</comp>

<comp id="272" class="1001" name="const_272">
<pin_list>
<pin id="273" dir="1" index="0" bw="1" slack="2147483647"/>
</pin_list>
<bind>
<StgValue><ssdm name="empty_13"/></StgValue>
</bind>
</comp>

<comp id="274" class="1001" name="const_274">
<pin_list>
<pin id="275" dir="1" index="0" bw="1" slack="2147483647"/>
</pin_list>
<bind>
<StgValue><ssdm name="empty_4"/></StgValue>
</bind>
</comp>

<comp id="276" class="1001" name="const_276">
<pin_list>
<pin id="277" dir="1" index="0" bw="1" slack="2147483647"/>
</pin_list>
<bind>
<StgValue><ssdm name="_ssdm_op_SpecChannel"/></StgValue>
</bind>
</comp>

<comp id="278" class="1001" name="const_278">
<pin_list>
<pin id="279" dir="1" index="0" bw="1" slack="2147483647"/>
</pin_list>
<bind>
<StgValue><ssdm name="srcYUV_str"/></StgValue>
</bind>
</comp>

<comp id="280" class="1001" name="const_280">
<pin_list>
<pin id="281" dir="1" index="0" bw="1" slack="2147483647"/>
</pin_list>
<bind>
<StgValue><ssdm name=""/></StgValue>
</bind>
</comp>

<comp id="282" class="1001" name="const_282">
<pin_list>
<pin id="283" dir="1" index="0" bw="1" slack="2147483647"/>
</pin_list>
<bind>
<StgValue><ssdm name=""/></StgValue>
</bind>
</comp>

<comp id="284" class="1001" name="const_284">
<pin_list>
<pin id="285" dir="1" index="0" bw="1" slack="2147483647"/>
</pin_list>
<bind>
<StgValue><ssdm name="empty_35"/></StgValue>
</bind>
</comp>

<comp id="286" class="1001" name="const_286">
<pin_list>
<pin id="287" dir="1" index="0" bw="1" slack="2147483647"/>
</pin_list>
<bind>
<StgValue><ssdm name="bckgndYUV_str"/></StgValue>
</bind>
</comp>

<comp id="288" class="1001" name="const_288">
<pin_list>
<pin id="289" dir="1" index="0" bw="1" slack="2147483647"/>
</pin_list>
<bind>
<StgValue><ssdm name="ovrlayYUV_str"/></StgValue>
</bind>
</comp>

<comp id="290" class="1004" name="srcYUV_fu_290">
<pin_list>
<pin id="291" dir="0" index="0" bw="1" slack="0"/>
<pin id="292" dir="1" index="1" bw="48" slack="0"/>
</pin_list>
<bind>
<opcode="alloca(26) " fcode="alloca"/>
<opset="srcYUV/1 "/>
</bind>
</comp>

<comp id="294" class="1004" name="bckgndYUV_fu_294">
<pin_list>
<pin id="295" dir="0" index="0" bw="1" slack="0"/>
<pin id="296" dir="1" index="1" bw="48" slack="2"/>
</pin_list>
<bind>
<opcode="alloca(26) " fcode="alloca"/>
<opset="bckgndYUV/1 "/>
</bind>
</comp>

<comp id="298" class="1004" name="ovrlayYUV_fu_298">
<pin_list>
<pin id="299" dir="0" index="0" bw="1" slack="0"/>
<pin id="300" dir="1" index="1" bw="48" slack="4"/>
</pin_list>
<bind>
<opcode="alloca(26) " fcode="alloca"/>
<opset="ovrlayYUV/1 "/>
</bind>
</comp>

<comp id="302" class="1004" name="colorFormat_val27_read_read_fu_302">
<pin_list>
<pin id="303" dir="0" index="0" bw="8" slack="0"/>
<pin id="304" dir="0" index="1" bw="8" slack="0"/>
<pin id="305" dir="1" index="2" bw="8" slack="0"/>
</pin_list>
<bind>
<opcode="read(1150) " fcode="read"/>
<opset="colorFormat_val27_read/1 "/>
</bind>
</comp>

<comp id="308" class="1004" name="enableInput_val18_read_read_fu_308">
<pin_list>
<pin id="309" dir="0" index="0" bw="8" slack="0"/>
<pin id="310" dir="0" index="1" bw="8" slack="0"/>
<pin id="311" dir="1" index="2" bw="8" slack="0"/>
</pin_list>
<bind>
<opcode="read(1150) " fcode="read"/>
<opset="enableInput_val18_read/1 "/>
</bind>
</comp>

<comp id="314" class="1004" name="width_val10_read_read_fu_314">
<pin_list>
<pin id="315" dir="0" index="0" bw="16" slack="0"/>
<pin id="316" dir="0" index="1" bw="16" slack="0"/>
<pin id="317" dir="1" index="2" bw="16" slack="0"/>
</pin_list>
<bind>
<opcode="read(1150) " fcode="read"/>
<opset="width_val10_read/1 "/>
</bind>
</comp>

<comp id="320" class="1004" name="height_val5_read_read_fu_320">
<pin_list>
<pin id="321" dir="0" index="0" bw="16" slack="0"/>
<pin id="322" dir="0" index="1" bw="16" slack="0"/>
<pin id="323" dir="1" index="2" bw="16" slack="0"/>
</pin_list>
<bind>
<opcode="read(1150) " fcode="read"/>
<opset="height_val5_read/1 "/>
</bind>
</comp>

<comp id="326" class="1004" name="dpYUVCoef_val39_read_read_fu_326">
<pin_list>
<pin id="327" dir="0" index="0" bw="8" slack="0"/>
<pin id="328" dir="0" index="1" bw="8" slack="0"/>
<pin id="329" dir="1" index="2" bw="8" slack="0"/>
</pin_list>
<bind>
<opcode="read(1150) " fcode="read"/>
<opset="dpYUVCoef_val39_read/3 "/>
</bind>
</comp>

<comp id="332" class="1004" name="dpDynamicRange_val38_read_read_fu_332">
<pin_list>
<pin id="333" dir="0" index="0" bw="8" slack="0"/>
<pin id="334" dir="0" index="1" bw="8" slack="0"/>
<pin id="335" dir="1" index="2" bw="8" slack="0"/>
</pin_list>
<bind>
<opcode="read(1150) " fcode="read"/>
<opset="dpDynamicRange_val38_read/3 "/>
</bind>
</comp>

<comp id="338" class="1004" name="ZplateVerContDelta_val33_read_read_fu_338">
<pin_list>
<pin id="339" dir="0" index="0" bw="16" slack="0"/>
<pin id="340" dir="0" index="1" bw="16" slack="0"/>
<pin id="341" dir="1" index="2" bw="16" slack="0"/>
</pin_list>
<bind>
<opcode="read(1150) " fcode="read"/>
<opset="ZplateVerContDelta_val33_read/3 "/>
</bind>
</comp>

<comp id="344" class="1004" name="ZplateVerContStart_val32_read_read_fu_344">
<pin_list>
<pin id="345" dir="0" index="0" bw="16" slack="0"/>
<pin id="346" dir="0" index="1" bw="16" slack="0"/>
<pin id="347" dir="1" index="2" bw="16" slack="0"/>
</pin_list>
<bind>
<opcode="read(1150) " fcode="read"/>
<opset="ZplateVerContStart_val32_read/3 "/>
</bind>
</comp>

<comp id="350" class="1004" name="ZplateHorContDelta_val31_read_read_fu_350">
<pin_list>
<pin id="351" dir="0" index="0" bw="16" slack="0"/>
<pin id="352" dir="0" index="1" bw="16" slack="0"/>
<pin id="353" dir="1" index="2" bw="16" slack="0"/>
</pin_list>
<bind>
<opcode="read(1150) " fcode="read"/>
<opset="ZplateHorContDelta_val31_read/3 "/>
</bind>
</comp>

<comp id="356" class="1004" name="ZplateHorContStart_val30_read_read_fu_356">
<pin_list>
<pin id="357" dir="0" index="0" bw="16" slack="0"/>
<pin id="358" dir="0" index="1" bw="16" slack="0"/>
<pin id="359" dir="1" index="2" bw="16" slack="0"/>
</pin_list>
<bind>
<opcode="read(1150) " fcode="read"/>
<opset="ZplateHorContStart_val30_read/3 "/>
</bind>
</comp>

<comp id="362" class="1004" name="motionSpeed_val23_read_read_fu_362">
<pin_list>
<pin id="363" dir="0" index="0" bw="8" slack="0"/>
<pin id="364" dir="0" index="1" bw="8" slack="0"/>
<pin id="365" dir="1" index="2" bw="8" slack="0"/>
</pin_list>
<bind>
<opcode="read(1150) " fcode="read"/>
<opset="motionSpeed_val23_read/3 "/>
</bind>
</comp>

<comp id="368" class="1004" name="bckgndId_val19_read_read_fu_368">
<pin_list>
<pin id="369" dir="0" index="0" bw="8" slack="0"/>
<pin id="370" dir="0" index="1" bw="8" slack="0"/>
<pin id="371" dir="1" index="2" bw="8" slack="0"/>
</pin_list>
<bind>
<opcode="read(1150) " fcode="read"/>
<opset="bckgndId_val19_read/3 "/>
</bind>
</comp>

<comp id="374" class="1004" name="passthruEndY_val16_read_read_fu_374">
<pin_list>
<pin id="375" dir="0" index="0" bw="16" slack="0"/>
<pin id="376" dir="0" index="1" bw="16" slack="0"/>
<pin id="377" dir="1" index="2" bw="16" slack="0"/>
</pin_list>
<bind>
<opcode="read(1150) " fcode="read"/>
<opset="passthruEndY_val16_read/3 "/>
</bind>
</comp>

<comp id="380" class="1004" name="passthruEndX_val15_read_read_fu_380">
<pin_list>
<pin id="381" dir="0" index="0" bw="16" slack="0"/>
<pin id="382" dir="0" index="1" bw="16" slack="0"/>
<pin id="383" dir="1" index="2" bw="16" slack="0"/>
</pin_list>
<bind>
<opcode="read(1150) " fcode="read"/>
<opset="passthruEndX_val15_read/3 "/>
</bind>
</comp>

<comp id="386" class="1004" name="passthruStartY_val14_read_read_fu_386">
<pin_list>
<pin id="387" dir="0" index="0" bw="16" slack="0"/>
<pin id="388" dir="0" index="1" bw="16" slack="0"/>
<pin id="389" dir="1" index="2" bw="16" slack="0"/>
</pin_list>
<bind>
<opcode="read(1150) " fcode="read"/>
<opset="passthruStartY_val14_read/3 "/>
</bind>
</comp>

<comp id="392" class="1004" name="passthruStartX_val13_read_read_fu_392">
<pin_list>
<pin id="393" dir="0" index="0" bw="16" slack="0"/>
<pin id="394" dir="0" index="1" bw="16" slack="0"/>
<pin id="395" dir="1" index="2" bw="16" slack="0"/>
</pin_list>
<bind>
<opcode="read(1150) " fcode="read"/>
<opset="passthruStartX_val13_read/3 "/>
</bind>
</comp>

<comp id="398" class="1004" name="boxColorB_val37_read_read_fu_398">
<pin_list>
<pin id="399" dir="0" index="0" bw="8" slack="0"/>
<pin id="400" dir="0" index="1" bw="8" slack="0"/>
<pin id="401" dir="1" index="2" bw="8" slack="0"/>
</pin_list>
<bind>
<opcode="read(1150) " fcode="read"/>
<opset="boxColorB_val37_read/5 "/>
</bind>
</comp>

<comp id="404" class="1004" name="boxColorG_val36_read_read_fu_404">
<pin_list>
<pin id="405" dir="0" index="0" bw="8" slack="0"/>
<pin id="406" dir="0" index="1" bw="8" slack="0"/>
<pin id="407" dir="1" index="2" bw="8" slack="0"/>
</pin_list>
<bind>
<opcode="read(1150) " fcode="read"/>
<opset="boxColorG_val36_read/5 "/>
</bind>
</comp>

<comp id="410" class="1004" name="boxColorR_val35_read_read_fu_410">
<pin_list>
<pin id="411" dir="0" index="0" bw="8" slack="0"/>
<pin id="412" dir="0" index="1" bw="8" slack="0"/>
<pin id="413" dir="1" index="2" bw="8" slack="0"/>
</pin_list>
<bind>
<opcode="read(1150) " fcode="read"/>
<opset="boxColorR_val35_read/5 "/>
</bind>
</comp>

<comp id="416" class="1004" name="boxSize_val34_read_read_fu_416">
<pin_list>
<pin id="417" dir="0" index="0" bw="16" slack="0"/>
<pin id="418" dir="0" index="1" bw="16" slack="0"/>
<pin id="419" dir="1" index="2" bw="16" slack="0"/>
</pin_list>
<bind>
<opcode="read(1150) " fcode="read"/>
<opset="boxSize_val34_read/5 "/>
</bind>
</comp>

<comp id="422" class="1004" name="crossHairY_val29_read_read_fu_422">
<pin_list>
<pin id="423" dir="0" index="0" bw="16" slack="0"/>
<pin id="424" dir="0" index="1" bw="16" slack="0"/>
<pin id="425" dir="1" index="2" bw="16" slack="0"/>
</pin_list>
<bind>
<opcode="read(1150) " fcode="read"/>
<opset="crossHairY_val29_read/5 "/>
</bind>
</comp>

<comp id="428" class="1004" name="crossHairX_val28_read_read_fu_428">
<pin_list>
<pin id="429" dir="0" index="0" bw="16" slack="0"/>
<pin id="430" dir="0" index="1" bw="16" slack="0"/>
<pin id="431" dir="1" index="2" bw="16" slack="0"/>
</pin_list>
<bind>
<opcode="read(1150) " fcode="read"/>
<opset="crossHairX_val28_read/5 "/>
</bind>
</comp>

<comp id="434" class="1004" name="maskId_val21_read_read_fu_434">
<pin_list>
<pin id="435" dir="0" index="0" bw="8" slack="0"/>
<pin id="436" dir="0" index="1" bw="8" slack="0"/>
<pin id="437" dir="1" index="2" bw="8" slack="0"/>
</pin_list>
<bind>
<opcode="read(1150) " fcode="read"/>
<opset="maskId_val21_read/5 "/>
</bind>
</comp>

<comp id="440" class="1004" name="ovrlayId_val20_read_read_fu_440">
<pin_list>
<pin id="441" dir="0" index="0" bw="8" slack="0"/>
<pin id="442" dir="0" index="1" bw="8" slack="0"/>
<pin id="443" dir="1" index="2" bw="8" slack="0"/>
</pin_list>
<bind>
<opcode="read(1150) " fcode="read"/>
<opset="ovrlayId_val20_read/5 "/>
</bind>
</comp>

<comp id="446" class="1004" name="fid_in_val12_read_read_fu_446">
<pin_list>
<pin id="447" dir="0" index="0" bw="1" slack="0"/>
<pin id="448" dir="0" index="1" bw="1" slack="0"/>
<pin id="449" dir="1" index="2" bw="1" slack="0"/>
</pin_list>
<bind>
<opcode="read(1150) " fcode="read"/>
<opset="fid_in_val12_read/7 "/>
</bind>
</comp>

<comp id="452" class="1004" name="field_id_val11_read_read_fu_452">
<pin_list>
<pin id="453" dir="0" index="0" bw="16" slack="0"/>
<pin id="454" dir="0" index="1" bw="16" slack="0"/>
<pin id="455" dir="1" index="2" bw="16" slack="0"/>
</pin_list>
<bind>
<opcode="read(1150) " fcode="read"/>
<opset="field_id_val11_read/7 "/>
</bind>
</comp>

<comp id="458" class="1004" name="grp_AXIvideo2MultiPixStream_fu_458">
<pin_list>
<pin id="459" dir="0" index="0" bw="0" slack="0"/>
<pin id="460" dir="0" index="1" bw="48" slack="0"/>
<pin id="461" dir="0" index="2" bw="6" slack="0"/>
<pin id="462" dir="0" index="3" bw="6" slack="0"/>
<pin id="463" dir="0" index="4" bw="1" slack="0"/>
<pin id="464" dir="0" index="5" bw="1" slack="0"/>
<pin id="465" dir="0" index="6" bw="1" slack="0"/>
<pin id="466" dir="0" index="7" bw="1" slack="0"/>
<pin id="467" dir="0" index="8" bw="48" slack="0"/>
<pin id="468" dir="0" index="9" bw="8" slack="0"/>
<pin id="469" dir="0" index="10" bw="11" slack="0"/>
<pin id="470" dir="0" index="11" bw="11" slack="0"/>
<pin id="471" dir="0" index="12" bw="8" slack="0"/>
<pin id="472" dir="1" index="13" bw="0" slack="2147483647"/>
</pin_list>
<bind>
<opcode="call(48) " fcode="call"/>
<opset="call_ln342/1 "/>
</bind>
</comp>

<comp id="483" class="1004" name="grp_tpgBackground_fu_483">
<pin_list>
<pin id="484" dir="0" index="0" bw="0" slack="0"/>
<pin id="485" dir="0" index="1" bw="48" slack="2"/>
<pin id="486" dir="0" index="2" bw="16" slack="2"/>
<pin id="487" dir="0" index="3" bw="16" slack="2"/>
<pin id="488" dir="0" index="4" bw="16" slack="0"/>
<pin id="489" dir="0" index="5" bw="16" slack="0"/>
<pin id="490" dir="0" index="6" bw="16" slack="0"/>
<pin id="491" dir="0" index="7" bw="16" slack="0"/>
<pin id="492" dir="0" index="8" bw="8" slack="2"/>
<pin id="493" dir="0" index="9" bw="8" slack="0"/>
<pin id="494" dir="0" index="10" bw="16" slack="0"/>
<pin id="495" dir="0" index="11" bw="16" slack="0"/>
<pin id="496" dir="0" index="12" bw="16" slack="0"/>
<pin id="497" dir="0" index="13" bw="16" slack="0"/>
<pin id="498" dir="0" index="14" bw="8" slack="0"/>
<pin id="499" dir="0" index="15" bw="8" slack="0"/>
<pin id="500" dir="0" index="16" bw="8" slack="0"/>
<pin id="501" dir="0" index="17" bw="8" slack="2"/>
<pin id="502" dir="0" index="18" bw="48" slack="2"/>
<pin id="503" dir="0" index="19" bw="8" slack="0"/>
<pin id="504" dir="0" index="20" bw="32" slack="0"/>
<pin id="505" dir="0" index="21" bw="8" slack="0"/>
<pin id="506" dir="0" index="22" bw="8" slack="0"/>
<pin id="507" dir="0" index="23" bw="8" slack="0"/>
<pin id="508" dir="0" index="24" bw="8" slack="0"/>
<pin id="509" dir="0" index="25" bw="8" slack="0"/>
<pin id="510" dir="0" index="26" bw="8" slack="0"/>
<pin id="511" dir="0" index="27" bw="8" slack="0"/>
<pin id="512" dir="0" index="28" bw="16" slack="0"/>
<pin id="513" dir="0" index="29" bw="8" slack="0"/>
<pin id="514" dir="0" index="30" bw="8" slack="0"/>
<pin id="515" dir="0" index="31" bw="8" slack="0"/>
<pin id="516" dir="0" index="32" bw="16" slack="0"/>
<pin id="517" dir="0" index="33" bw="3" slack="0"/>
<pin id="518" dir="0" index="34" bw="3" slack="0"/>
<pin id="519" dir="0" index="35" bw="3" slack="0"/>
<pin id="520" dir="0" index="36" bw="16" slack="0"/>
<pin id="521" dir="0" index="37" bw="8" slack="0"/>
<pin id="522" dir="0" index="38" bw="3" slack="0"/>
<pin id="523" dir="0" index="39" bw="3" slack="0"/>
<pin id="524" dir="0" index="40" bw="16" slack="0"/>
<pin id="525" dir="0" index="41" bw="1" slack="0"/>
<pin id="526" dir="0" index="42" bw="3" slack="0"/>
<pin id="527" dir="0" index="43" bw="3" slack="0"/>
<pin id="528" dir="0" index="44" bw="8" slack="0"/>
<pin id="529" dir="0" index="45" bw="8" slack="0"/>
<pin id="530" dir="0" index="46" bw="8" slack="0"/>
<pin id="531" dir="0" index="47" bw="11" slack="0"/>
<pin id="532" dir="0" index="48" bw="2" slack="0"/>
<pin id="533" dir="0" index="49" bw="2" slack="0"/>
<pin id="534" dir="0" index="50" bw="2" slack="0"/>
<pin id="535" dir="0" index="51" bw="11" slack="0"/>
<pin id="536" dir="0" index="52" bw="20" slack="0"/>
<pin id="537" dir="0" index="53" bw="16" slack="0"/>
<pin id="538" dir="0" index="54" bw="3" slack="0"/>
<pin id="539" dir="0" index="55" bw="10" slack="0"/>
<pin id="540" dir="0" index="56" bw="10" slack="0"/>
<pin id="541" dir="0" index="57" bw="10" slack="0"/>
<pin id="542" dir="0" index="58" bw="10" slack="0"/>
<pin id="543" dir="0" index="59" bw="10" slack="0"/>
<pin id="544" dir="0" index="60" bw="1" slack="0"/>
<pin id="545" dir="0" index="61" bw="10" slack="0"/>
<pin id="546" dir="0" index="62" bw="8" slack="0"/>
<pin id="547" dir="0" index="63" bw="8" slack="0"/>
<pin id="548" dir="0" index="64" bw="9" slack="0"/>
<pin id="549" dir="0" index="65" bw="2" slack="0"/>
<pin id="550" dir="0" index="66" bw="10" slack="0"/>
<pin id="551" dir="0" index="67" bw="10" slack="0"/>
<pin id="552" dir="0" index="68" bw="10" slack="0"/>
<pin id="553" dir="0" index="69" bw="28" slack="0"/>
<pin id="554" dir="0" index="70" bw="28" slack="0"/>
<pin id="555" dir="0" index="71" bw="28" slack="0"/>
<pin id="556" dir="0" index="72" bw="8" slack="0"/>
<pin id="557" dir="0" index="73" bw="8" slack="0"/>
<pin id="558" dir="0" index="74" bw="8" slack="0"/>
<pin id="559" dir="0" index="75" bw="3" slack="0"/>
<pin id="560" dir="0" index="76" bw="10" slack="0"/>
<pin id="561" dir="0" index="77" bw="2" slack="0"/>
<pin id="562" dir="0" index="78" bw="2" slack="0"/>
<pin id="563" dir="0" index="79" bw="2" slack="0"/>
<pin id="564" dir="0" index="80" bw="6" slack="0"/>
<pin id="565" dir="0" index="81" bw="6" slack="0"/>
<pin id="566" dir="0" index="82" bw="6" slack="0"/>
<pin id="567" dir="0" index="83" bw="8" slack="0"/>
<pin id="568" dir="0" index="84" bw="8" slack="0"/>
<pin id="569" dir="0" index="85" bw="8" slack="0"/>
<pin id="570" dir="0" index="86" bw="10" slack="0"/>
<pin id="571" dir="0" index="87" bw="6" slack="0"/>
<pin id="572" dir="1" index="88" bw="0" slack="2147483647"/>
</pin_list>
<bind>
<opcode="call(48) " fcode="call"/>
<opset="call_ln345/3 "/>
</bind>
</comp>

<comp id="655" class="1004" name="grp_tpgForeground_fu_655">
<pin_list>
<pin id="656" dir="0" index="0" bw="0" slack="0"/>
<pin id="657" dir="0" index="1" bw="48" slack="4"/>
<pin id="658" dir="0" index="2" bw="16" slack="4"/>
<pin id="659" dir="0" index="3" bw="16" slack="4"/>
<pin id="660" dir="0" index="4" bw="8" slack="0"/>
<pin id="661" dir="0" index="5" bw="8" slack="0"/>
<pin id="662" dir="0" index="6" bw="8" slack="4"/>
<pin id="663" dir="0" index="7" bw="16" slack="0"/>
<pin id="664" dir="0" index="8" bw="16" slack="0"/>
<pin id="665" dir="0" index="9" bw="16" slack="0"/>
<pin id="666" dir="0" index="10" bw="8" slack="0"/>
<pin id="667" dir="0" index="11" bw="8" slack="0"/>
<pin id="668" dir="0" index="12" bw="8" slack="0"/>
<pin id="669" dir="0" index="13" bw="8" slack="2"/>
<pin id="670" dir="0" index="14" bw="48" slack="4"/>
<pin id="671" dir="0" index="15" bw="8" slack="0"/>
<pin id="672" dir="0" index="16" bw="16" slack="0"/>
<pin id="673" dir="0" index="17" bw="16" slack="0"/>
<pin id="674" dir="0" index="18" bw="1" slack="0"/>
<pin id="675" dir="0" index="19" bw="1" slack="0"/>
<pin id="676" dir="1" index="20" bw="0" slack="2147483647"/>
</pin_list>
<bind>
<opcode="call(48) " fcode="call"/>
<opset="call_ln358/5 "/>
</bind>
</comp>

<comp id="691" class="1004" name="grp_MultiPixStream2AXIvideo_fu_691">
<pin_list>
<pin id="692" dir="0" index="0" bw="0" slack="0"/>
<pin id="693" dir="0" index="1" bw="48" slack="6"/>
<pin id="694" dir="0" index="2" bw="48" slack="0"/>
<pin id="695" dir="0" index="3" bw="6" slack="0"/>
<pin id="696" dir="0" index="4" bw="6" slack="0"/>
<pin id="697" dir="0" index="5" bw="1" slack="0"/>
<pin id="698" dir="0" index="6" bw="1" slack="0"/>
<pin id="699" dir="0" index="7" bw="1" slack="0"/>
<pin id="700" dir="0" index="8" bw="1" slack="0"/>
<pin id="701" dir="0" index="9" bw="11" slack="6"/>
<pin id="702" dir="0" index="10" bw="11" slack="6"/>
<pin id="703" dir="0" index="11" bw="8" slack="6"/>
<pin id="704" dir="0" index="12" bw="1" slack="0"/>
<pin id="705" dir="0" index="13" bw="1" slack="0"/>
<pin id="706" dir="0" index="14" bw="16" slack="0"/>
<pin id="707" dir="0" index="15" bw="1" slack="0"/>
<pin id="708" dir="0" index="16" bw="16" slack="0"/>
<pin id="709" dir="1" index="17" bw="0" slack="2147483647"/>
</pin_list>
<bind>
<opcode="call(48) " fcode="call"/>
<opset="call_ln399/7 "/>
</bind>
</comp>

<comp id="723" class="1004" name="trunc_ln332_fu_723">
<pin_list>
<pin id="724" dir="0" index="0" bw="16" slack="0"/>
<pin id="725" dir="1" index="1" bw="11" slack="0"/>
</pin_list>
<bind>
<opcode="trunc(33) " fcode="trunc"/>
<opset="trunc_ln332/1 "/>
</bind>
</comp>

<comp id="728" class="1004" name="trunc_ln332_1_fu_728">
<pin_list>
<pin id="729" dir="0" index="0" bw="16" slack="0"/>
<pin id="730" dir="1" index="1" bw="11" slack="0"/>
</pin_list>
<bind>
<opcode="trunc(33) " fcode="trunc"/>
<opset="trunc_ln332_1/1 "/>
</bind>
</comp>

<comp id="733" class="1005" name="colorFormat_val27_read_reg_733">
<pin_list>
<pin id="734" dir="0" index="0" bw="8" slack="1"/>
<pin id="735" dir="1" index="1" bw="8" slack="1"/>
</pin_list>
<bind>
<opset="colorFormat_val27_read "/>
</bind>
</comp>

<comp id="741" class="1005" name="enableInput_val18_read_reg_741">
<pin_list>
<pin id="742" dir="0" index="0" bw="8" slack="1"/>
<pin id="743" dir="1" index="1" bw="8" slack="1"/>
</pin_list>
<bind>
<opset="enableInput_val18_read "/>
</bind>
</comp>

<comp id="747" class="1005" name="width_val10_read_reg_747">
<pin_list>
<pin id="748" dir="0" index="0" bw="16" slack="2"/>
<pin id="749" dir="1" index="1" bw="16" slack="2"/>
</pin_list>
<bind>
<opset="width_val10_read "/>
</bind>
</comp>

<comp id="753" class="1005" name="height_val5_read_reg_753">
<pin_list>
<pin id="754" dir="0" index="0" bw="16" slack="2"/>
<pin id="755" dir="1" index="1" bw="16" slack="2"/>
</pin_list>
<bind>
<opset="height_val5_read "/>
</bind>
</comp>

<comp id="759" class="1005" name="trunc_ln332_reg_759">
<pin_list>
<pin id="760" dir="0" index="0" bw="11" slack="1"/>
<pin id="761" dir="1" index="1" bw="11" slack="1"/>
</pin_list>
<bind>
<opset="trunc_ln332 "/>
</bind>
</comp>

<comp id="765" class="1005" name="trunc_ln332_1_reg_765">
<pin_list>
<pin id="766" dir="0" index="0" bw="11" slack="1"/>
<pin id="767" dir="1" index="1" bw="11" slack="1"/>
</pin_list>
<bind>
<opset="trunc_ln332_1 "/>
</bind>
</comp>

<comp id="771" class="1005" name="srcYUV_reg_771">
<pin_list>
<pin id="772" dir="0" index="0" bw="48" slack="0"/>
<pin id="773" dir="1" index="1" bw="48" slack="0"/>
</pin_list>
<bind>
<opset="srcYUV "/>
</bind>
</comp>

<comp id="777" class="1005" name="bckgndYUV_reg_777">
<pin_list>
<pin id="778" dir="0" index="0" bw="48" slack="2"/>
<pin id="779" dir="1" index="1" bw="48" slack="2"/>
</pin_list>
<bind>
<opset="bckgndYUV "/>
</bind>
</comp>

<comp id="783" class="1005" name="ovrlayYUV_reg_783">
<pin_list>
<pin id="784" dir="0" index="0" bw="48" slack="4"/>
<pin id="785" dir="1" index="1" bw="48" slack="4"/>
</pin_list>
<bind>
<opset="ovrlayYUV "/>
</bind>
</comp>

<comp id="789" class="1005" name="dpYUVCoef_val39_read_reg_789">
<pin_list>
<pin id="790" dir="0" index="0" bw="8" slack="1"/>
<pin id="791" dir="1" index="1" bw="8" slack="1"/>
</pin_list>
<bind>
<opset="dpYUVCoef_val39_read "/>
</bind>
</comp>

<comp id="794" class="1005" name="dpDynamicRange_val38_read_reg_794">
<pin_list>
<pin id="795" dir="0" index="0" bw="8" slack="1"/>
<pin id="796" dir="1" index="1" bw="8" slack="1"/>
</pin_list>
<bind>
<opset="dpDynamicRange_val38_read "/>
</bind>
</comp>

<comp id="799" class="1005" name="ZplateVerContDelta_val33_read_reg_799">
<pin_list>
<pin id="800" dir="0" index="0" bw="16" slack="1"/>
<pin id="801" dir="1" index="1" bw="16" slack="1"/>
</pin_list>
<bind>
<opset="ZplateVerContDelta_val33_read "/>
</bind>
</comp>

<comp id="804" class="1005" name="ZplateVerContStart_val32_read_reg_804">
<pin_list>
<pin id="805" dir="0" index="0" bw="16" slack="1"/>
<pin id="806" dir="1" index="1" bw="16" slack="1"/>
</pin_list>
<bind>
<opset="ZplateVerContStart_val32_read "/>
</bind>
</comp>

<comp id="809" class="1005" name="ZplateHorContDelta_val31_read_reg_809">
<pin_list>
<pin id="810" dir="0" index="0" bw="16" slack="1"/>
<pin id="811" dir="1" index="1" bw="16" slack="1"/>
</pin_list>
<bind>
<opset="ZplateHorContDelta_val31_read "/>
</bind>
</comp>

<comp id="814" class="1005" name="ZplateHorContStart_val30_read_reg_814">
<pin_list>
<pin id="815" dir="0" index="0" bw="16" slack="1"/>
<pin id="816" dir="1" index="1" bw="16" slack="1"/>
</pin_list>
<bind>
<opset="ZplateHorContStart_val30_read "/>
</bind>
</comp>

<comp id="819" class="1005" name="motionSpeed_val23_read_reg_819">
<pin_list>
<pin id="820" dir="0" index="0" bw="8" slack="1"/>
<pin id="821" dir="1" index="1" bw="8" slack="1"/>
</pin_list>
<bind>
<opset="motionSpeed_val23_read "/>
</bind>
</comp>

<comp id="825" class="1005" name="bckgndId_val19_read_reg_825">
<pin_list>
<pin id="826" dir="0" index="0" bw="8" slack="1"/>
<pin id="827" dir="1" index="1" bw="8" slack="1"/>
</pin_list>
<bind>
<opset="bckgndId_val19_read "/>
</bind>
</comp>

<comp id="830" class="1005" name="passthruEndY_val16_read_reg_830">
<pin_list>
<pin id="831" dir="0" index="0" bw="16" slack="1"/>
<pin id="832" dir="1" index="1" bw="16" slack="1"/>
</pin_list>
<bind>
<opset="passthruEndY_val16_read "/>
</bind>
</comp>

<comp id="835" class="1005" name="passthruEndX_val15_read_reg_835">
<pin_list>
<pin id="836" dir="0" index="0" bw="16" slack="1"/>
<pin id="837" dir="1" index="1" bw="16" slack="1"/>
</pin_list>
<bind>
<opset="passthruEndX_val15_read "/>
</bind>
</comp>

<comp id="840" class="1005" name="passthruStartY_val14_read_reg_840">
<pin_list>
<pin id="841" dir="0" index="0" bw="16" slack="1"/>
<pin id="842" dir="1" index="1" bw="16" slack="1"/>
</pin_list>
<bind>
<opset="passthruStartY_val14_read "/>
</bind>
</comp>

<comp id="845" class="1005" name="passthruStartX_val13_read_reg_845">
<pin_list>
<pin id="846" dir="0" index="0" bw="16" slack="1"/>
<pin id="847" dir="1" index="1" bw="16" slack="1"/>
</pin_list>
<bind>
<opset="passthruStartX_val13_read "/>
</bind>
</comp>

<comp id="850" class="1005" name="boxColorB_val37_read_reg_850">
<pin_list>
<pin id="851" dir="0" index="0" bw="8" slack="1"/>
<pin id="852" dir="1" index="1" bw="8" slack="1"/>
</pin_list>
<bind>
<opset="boxColorB_val37_read "/>
</bind>
</comp>

<comp id="855" class="1005" name="boxColorG_val36_read_reg_855">
<pin_list>
<pin id="856" dir="0" index="0" bw="8" slack="1"/>
<pin id="857" dir="1" index="1" bw="8" slack="1"/>
</pin_list>
<bind>
<opset="boxColorG_val36_read "/>
</bind>
</comp>

<comp id="860" class="1005" name="boxColorR_val35_read_reg_860">
<pin_list>
<pin id="861" dir="0" index="0" bw="8" slack="1"/>
<pin id="862" dir="1" index="1" bw="8" slack="1"/>
</pin_list>
<bind>
<opset="boxColorR_val35_read "/>
</bind>
</comp>

<comp id="865" class="1005" name="boxSize_val34_read_reg_865">
<pin_list>
<pin id="866" dir="0" index="0" bw="16" slack="1"/>
<pin id="867" dir="1" index="1" bw="16" slack="1"/>
</pin_list>
<bind>
<opset="boxSize_val34_read "/>
</bind>
</comp>

<comp id="870" class="1005" name="crossHairY_val29_read_reg_870">
<pin_list>
<pin id="871" dir="0" index="0" bw="16" slack="1"/>
<pin id="872" dir="1" index="1" bw="16" slack="1"/>
</pin_list>
<bind>
<opset="crossHairY_val29_read "/>
</bind>
</comp>

<comp id="875" class="1005" name="crossHairX_val28_read_reg_875">
<pin_list>
<pin id="876" dir="0" index="0" bw="16" slack="1"/>
<pin id="877" dir="1" index="1" bw="16" slack="1"/>
</pin_list>
<bind>
<opset="crossHairX_val28_read "/>
</bind>
</comp>

<comp id="880" class="1005" name="maskId_val21_read_reg_880">
<pin_list>
<pin id="881" dir="0" index="0" bw="8" slack="1"/>
<pin id="882" dir="1" index="1" bw="8" slack="1"/>
</pin_list>
<bind>
<opset="maskId_val21_read "/>
</bind>
</comp>

<comp id="885" class="1005" name="ovrlayId_val20_read_reg_885">
<pin_list>
<pin id="886" dir="0" index="0" bw="8" slack="1"/>
<pin id="887" dir="1" index="1" bw="8" slack="1"/>
</pin_list>
<bind>
<opset="ovrlayId_val20_read "/>
</bind>
</comp>

<comp id="890" class="1005" name="fid_in_val12_read_reg_890">
<pin_list>
<pin id="891" dir="0" index="0" bw="1" slack="1"/>
<pin id="892" dir="1" index="1" bw="1" slack="1"/>
</pin_list>
<bind>
<opset="fid_in_val12_read "/>
</bind>
</comp>

<comp id="895" class="1005" name="field_id_val11_read_reg_895">
<pin_list>
<pin id="896" dir="0" index="0" bw="16" slack="1"/>
<pin id="897" dir="1" index="1" bw="16" slack="1"/>
</pin_list>
<bind>
<opset="field_id_val11_read "/>
</bind>
</comp>

</comp_list>

<net_list>
<net id="293"><net_src comp="238" pin="0"/><net_sink comp="290" pin=0"/></net>

<net id="297"><net_src comp="238" pin="0"/><net_sink comp="294" pin=0"/></net>

<net id="301"><net_src comp="238" pin="0"/><net_sink comp="298" pin=0"/></net>

<net id="306"><net_src comp="234" pin="0"/><net_sink comp="302" pin=0"/></net>

<net id="307"><net_src comp="40" pin="0"/><net_sink comp="302" pin=1"/></net>

<net id="312"><net_src comp="234" pin="0"/><net_sink comp="308" pin=0"/></net>

<net id="313"><net_src comp="30" pin="0"/><net_sink comp="308" pin=1"/></net>

<net id="318"><net_src comp="236" pin="0"/><net_sink comp="314" pin=0"/></net>

<net id="319"><net_src comp="16" pin="0"/><net_sink comp="314" pin=1"/></net>

<net id="324"><net_src comp="236" pin="0"/><net_sink comp="320" pin=0"/></net>

<net id="325"><net_src comp="14" pin="0"/><net_sink comp="320" pin=1"/></net>

<net id="330"><net_src comp="234" pin="0"/><net_sink comp="326" pin=0"/></net>

<net id="331"><net_src comp="64" pin="0"/><net_sink comp="326" pin=1"/></net>

<net id="336"><net_src comp="234" pin="0"/><net_sink comp="332" pin=0"/></net>

<net id="337"><net_src comp="62" pin="0"/><net_sink comp="332" pin=1"/></net>

<net id="342"><net_src comp="236" pin="0"/><net_sink comp="338" pin=0"/></net>

<net id="343"><net_src comp="52" pin="0"/><net_sink comp="338" pin=1"/></net>

<net id="348"><net_src comp="236" pin="0"/><net_sink comp="344" pin=0"/></net>

<net id="349"><net_src comp="50" pin="0"/><net_sink comp="344" pin=1"/></net>

<net id="354"><net_src comp="236" pin="0"/><net_sink comp="350" pin=0"/></net>

<net id="355"><net_src comp="48" pin="0"/><net_sink comp="350" pin=1"/></net>

<net id="360"><net_src comp="236" pin="0"/><net_sink comp="356" pin=0"/></net>

<net id="361"><net_src comp="46" pin="0"/><net_sink comp="356" pin=1"/></net>

<net id="366"><net_src comp="234" pin="0"/><net_sink comp="362" pin=0"/></net>

<net id="367"><net_src comp="38" pin="0"/><net_sink comp="362" pin=1"/></net>

<net id="372"><net_src comp="234" pin="0"/><net_sink comp="368" pin=0"/></net>

<net id="373"><net_src comp="32" pin="0"/><net_sink comp="368" pin=1"/></net>

<net id="378"><net_src comp="236" pin="0"/><net_sink comp="374" pin=0"/></net>

<net id="379"><net_src comp="28" pin="0"/><net_sink comp="374" pin=1"/></net>

<net id="384"><net_src comp="236" pin="0"/><net_sink comp="380" pin=0"/></net>

<net id="385"><net_src comp="26" pin="0"/><net_sink comp="380" pin=1"/></net>

<net id="390"><net_src comp="236" pin="0"/><net_sink comp="386" pin=0"/></net>

<net id="391"><net_src comp="24" pin="0"/><net_sink comp="386" pin=1"/></net>

<net id="396"><net_src comp="236" pin="0"/><net_sink comp="392" pin=0"/></net>

<net id="397"><net_src comp="22" pin="0"/><net_sink comp="392" pin=1"/></net>

<net id="402"><net_src comp="234" pin="0"/><net_sink comp="398" pin=0"/></net>

<net id="403"><net_src comp="60" pin="0"/><net_sink comp="398" pin=1"/></net>

<net id="408"><net_src comp="234" pin="0"/><net_sink comp="404" pin=0"/></net>

<net id="409"><net_src comp="58" pin="0"/><net_sink comp="404" pin=1"/></net>

<net id="414"><net_src comp="234" pin="0"/><net_sink comp="410" pin=0"/></net>

<net id="415"><net_src comp="56" pin="0"/><net_sink comp="410" pin=1"/></net>

<net id="420"><net_src comp="236" pin="0"/><net_sink comp="416" pin=0"/></net>

<net id="421"><net_src comp="54" pin="0"/><net_sink comp="416" pin=1"/></net>

<net id="426"><net_src comp="236" pin="0"/><net_sink comp="422" pin=0"/></net>

<net id="427"><net_src comp="44" pin="0"/><net_sink comp="422" pin=1"/></net>

<net id="432"><net_src comp="236" pin="0"/><net_sink comp="428" pin=0"/></net>

<net id="433"><net_src comp="42" pin="0"/><net_sink comp="428" pin=1"/></net>

<net id="438"><net_src comp="234" pin="0"/><net_sink comp="434" pin=0"/></net>

<net id="439"><net_src comp="36" pin="0"/><net_sink comp="434" pin=1"/></net>

<net id="444"><net_src comp="234" pin="0"/><net_sink comp="440" pin=0"/></net>

<net id="445"><net_src comp="34" pin="0"/><net_sink comp="440" pin=1"/></net>

<net id="450"><net_src comp="246" pin="0"/><net_sink comp="446" pin=0"/></net>

<net id="451"><net_src comp="20" pin="0"/><net_sink comp="446" pin=1"/></net>

<net id="456"><net_src comp="236" pin="0"/><net_sink comp="452" pin=0"/></net>

<net id="457"><net_src comp="18" pin="0"/><net_sink comp="452" pin=1"/></net>

<net id="473"><net_src comp="240" pin="0"/><net_sink comp="458" pin=0"/></net>

<net id="474"><net_src comp="0" pin="0"/><net_sink comp="458" pin=1"/></net>

<net id="475"><net_src comp="2" pin="0"/><net_sink comp="458" pin=2"/></net>

<net id="476"><net_src comp="4" pin="0"/><net_sink comp="458" pin=3"/></net>

<net id="477"><net_src comp="6" pin="0"/><net_sink comp="458" pin=4"/></net>

<net id="478"><net_src comp="8" pin="0"/><net_sink comp="458" pin=5"/></net>

<net id="479"><net_src comp="10" pin="0"/><net_sink comp="458" pin=6"/></net>

<net id="480"><net_src comp="12" pin="0"/><net_sink comp="458" pin=7"/></net>

<net id="481"><net_src comp="308" pin="2"/><net_sink comp="458" pin=9"/></net>

<net id="482"><net_src comp="302" pin="2"/><net_sink comp="458" pin=12"/></net>

<net id="573"><net_src comp="242" pin="0"/><net_sink comp="483" pin=0"/></net>

<net id="574"><net_src comp="392" pin="2"/><net_sink comp="483" pin=4"/></net>

<net id="575"><net_src comp="386" pin="2"/><net_sink comp="483" pin=5"/></net>

<net id="576"><net_src comp="380" pin="2"/><net_sink comp="483" pin=6"/></net>

<net id="577"><net_src comp="374" pin="2"/><net_sink comp="483" pin=7"/></net>

<net id="578"><net_src comp="368" pin="2"/><net_sink comp="483" pin=9"/></net>

<net id="579"><net_src comp="356" pin="2"/><net_sink comp="483" pin=10"/></net>

<net id="580"><net_src comp="350" pin="2"/><net_sink comp="483" pin=11"/></net>

<net id="581"><net_src comp="344" pin="2"/><net_sink comp="483" pin=12"/></net>

<net id="582"><net_src comp="338" pin="2"/><net_sink comp="483" pin=13"/></net>

<net id="583"><net_src comp="332" pin="2"/><net_sink comp="483" pin=14"/></net>

<net id="584"><net_src comp="326" pin="2"/><net_sink comp="483" pin=15"/></net>

<net id="585"><net_src comp="362" pin="2"/><net_sink comp="483" pin=16"/></net>

<net id="586"><net_src comp="82" pin="0"/><net_sink comp="483" pin=19"/></net>

<net id="587"><net_src comp="84" pin="0"/><net_sink comp="483" pin=20"/></net>

<net id="588"><net_src comp="86" pin="0"/><net_sink comp="483" pin=21"/></net>

<net id="589"><net_src comp="88" pin="0"/><net_sink comp="483" pin=22"/></net>

<net id="590"><net_src comp="90" pin="0"/><net_sink comp="483" pin=23"/></net>

<net id="591"><net_src comp="92" pin="0"/><net_sink comp="483" pin=24"/></net>

<net id="592"><net_src comp="94" pin="0"/><net_sink comp="483" pin=25"/></net>

<net id="593"><net_src comp="96" pin="0"/><net_sink comp="483" pin=26"/></net>

<net id="594"><net_src comp="98" pin="0"/><net_sink comp="483" pin=27"/></net>

<net id="595"><net_src comp="100" pin="0"/><net_sink comp="483" pin=28"/></net>

<net id="596"><net_src comp="102" pin="0"/><net_sink comp="483" pin=29"/></net>

<net id="597"><net_src comp="104" pin="0"/><net_sink comp="483" pin=30"/></net>

<net id="598"><net_src comp="106" pin="0"/><net_sink comp="483" pin=31"/></net>

<net id="599"><net_src comp="108" pin="0"/><net_sink comp="483" pin=32"/></net>

<net id="600"><net_src comp="110" pin="0"/><net_sink comp="483" pin=33"/></net>

<net id="601"><net_src comp="112" pin="0"/><net_sink comp="483" pin=34"/></net>

<net id="602"><net_src comp="114" pin="0"/><net_sink comp="483" pin=35"/></net>

<net id="603"><net_src comp="116" pin="0"/><net_sink comp="483" pin=36"/></net>

<net id="604"><net_src comp="118" pin="0"/><net_sink comp="483" pin=37"/></net>

<net id="605"><net_src comp="120" pin="0"/><net_sink comp="483" pin=38"/></net>

<net id="606"><net_src comp="122" pin="0"/><net_sink comp="483" pin=39"/></net>

<net id="607"><net_src comp="124" pin="0"/><net_sink comp="483" pin=40"/></net>

<net id="608"><net_src comp="126" pin="0"/><net_sink comp="483" pin=41"/></net>

<net id="609"><net_src comp="128" pin="0"/><net_sink comp="483" pin=42"/></net>

<net id="610"><net_src comp="130" pin="0"/><net_sink comp="483" pin=43"/></net>

<net id="611"><net_src comp="132" pin="0"/><net_sink comp="483" pin=44"/></net>

<net id="612"><net_src comp="134" pin="0"/><net_sink comp="483" pin=45"/></net>

<net id="613"><net_src comp="136" pin="0"/><net_sink comp="483" pin=46"/></net>

<net id="614"><net_src comp="138" pin="0"/><net_sink comp="483" pin=47"/></net>

<net id="615"><net_src comp="140" pin="0"/><net_sink comp="483" pin=48"/></net>

<net id="616"><net_src comp="142" pin="0"/><net_sink comp="483" pin=49"/></net>

<net id="617"><net_src comp="144" pin="0"/><net_sink comp="483" pin=50"/></net>

<net id="618"><net_src comp="146" pin="0"/><net_sink comp="483" pin=51"/></net>

<net id="619"><net_src comp="148" pin="0"/><net_sink comp="483" pin=52"/></net>

<net id="620"><net_src comp="150" pin="0"/><net_sink comp="483" pin=53"/></net>

<net id="621"><net_src comp="152" pin="0"/><net_sink comp="483" pin=54"/></net>

<net id="622"><net_src comp="154" pin="0"/><net_sink comp="483" pin=55"/></net>

<net id="623"><net_src comp="156" pin="0"/><net_sink comp="483" pin=56"/></net>

<net id="624"><net_src comp="158" pin="0"/><net_sink comp="483" pin=57"/></net>

<net id="625"><net_src comp="160" pin="0"/><net_sink comp="483" pin=58"/></net>

<net id="626"><net_src comp="162" pin="0"/><net_sink comp="483" pin=59"/></net>

<net id="627"><net_src comp="164" pin="0"/><net_sink comp="483" pin=60"/></net>

<net id="628"><net_src comp="166" pin="0"/><net_sink comp="483" pin=61"/></net>

<net id="629"><net_src comp="168" pin="0"/><net_sink comp="483" pin=62"/></net>

<net id="630"><net_src comp="170" pin="0"/><net_sink comp="483" pin=63"/></net>

<net id="631"><net_src comp="172" pin="0"/><net_sink comp="483" pin=64"/></net>

<net id="632"><net_src comp="174" pin="0"/><net_sink comp="483" pin=65"/></net>

<net id="633"><net_src comp="176" pin="0"/><net_sink comp="483" pin=66"/></net>

<net id="634"><net_src comp="178" pin="0"/><net_sink comp="483" pin=67"/></net>

<net id="635"><net_src comp="180" pin="0"/><net_sink comp="483" pin=68"/></net>

<net id="636"><net_src comp="182" pin="0"/><net_sink comp="483" pin=69"/></net>

<net id="637"><net_src comp="184" pin="0"/><net_sink comp="483" pin=70"/></net>

<net id="638"><net_src comp="186" pin="0"/><net_sink comp="483" pin=71"/></net>

<net id="639"><net_src comp="188" pin="0"/><net_sink comp="483" pin=72"/></net>

<net id="640"><net_src comp="190" pin="0"/><net_sink comp="483" pin=73"/></net>

<net id="641"><net_src comp="192" pin="0"/><net_sink comp="483" pin=74"/></net>

<net id="642"><net_src comp="194" pin="0"/><net_sink comp="483" pin=75"/></net>

<net id="643"><net_src comp="196" pin="0"/><net_sink comp="483" pin=76"/></net>

<net id="644"><net_src comp="198" pin="0"/><net_sink comp="483" pin=77"/></net>

<net id="645"><net_src comp="200" pin="0"/><net_sink comp="483" pin=78"/></net>

<net id="646"><net_src comp="202" pin="0"/><net_sink comp="483" pin=79"/></net>

<net id="647"><net_src comp="204" pin="0"/><net_sink comp="483" pin=80"/></net>

<net id="648"><net_src comp="206" pin="0"/><net_sink comp="483" pin=81"/></net>

<net id="649"><net_src comp="208" pin="0"/><net_sink comp="483" pin=82"/></net>

<net id="650"><net_src comp="210" pin="0"/><net_sink comp="483" pin=83"/></net>

<net id="651"><net_src comp="212" pin="0"/><net_sink comp="483" pin=84"/></net>

<net id="652"><net_src comp="214" pin="0"/><net_sink comp="483" pin=85"/></net>

<net id="653"><net_src comp="216" pin="0"/><net_sink comp="483" pin=86"/></net>

<net id="654"><net_src comp="218" pin="0"/><net_sink comp="483" pin=87"/></net>

<net id="677"><net_src comp="244" pin="0"/><net_sink comp="655" pin=0"/></net>

<net id="678"><net_src comp="440" pin="2"/><net_sink comp="655" pin=4"/></net>

<net id="679"><net_src comp="434" pin="2"/><net_sink comp="655" pin=5"/></net>

<net id="680"><net_src comp="428" pin="2"/><net_sink comp="655" pin=7"/></net>

<net id="681"><net_src comp="422" pin="2"/><net_sink comp="655" pin=8"/></net>

<net id="682"><net_src comp="416" pin="2"/><net_sink comp="655" pin=9"/></net>

<net id="683"><net_src comp="410" pin="2"/><net_sink comp="655" pin=10"/></net>

<net id="684"><net_src comp="404" pin="2"/><net_sink comp="655" pin=11"/></net>

<net id="685"><net_src comp="398" pin="2"/><net_sink comp="655" pin=12"/></net>

<net id="686"><net_src comp="220" pin="0"/><net_sink comp="655" pin=15"/></net>

<net id="687"><net_src comp="222" pin="0"/><net_sink comp="655" pin=16"/></net>

<net id="688"><net_src comp="224" pin="0"/><net_sink comp="655" pin=17"/></net>

<net id="689"><net_src comp="226" pin="0"/><net_sink comp="655" pin=18"/></net>

<net id="690"><net_src comp="228" pin="0"/><net_sink comp="655" pin=19"/></net>

<net id="710"><net_src comp="248" pin="0"/><net_sink comp="691" pin=0"/></net>

<net id="711"><net_src comp="66" pin="0"/><net_sink comp="691" pin=2"/></net>

<net id="712"><net_src comp="68" pin="0"/><net_sink comp="691" pin=3"/></net>

<net id="713"><net_src comp="70" pin="0"/><net_sink comp="691" pin=4"/></net>

<net id="714"><net_src comp="72" pin="0"/><net_sink comp="691" pin=5"/></net>

<net id="715"><net_src comp="74" pin="0"/><net_sink comp="691" pin=6"/></net>

<net id="716"><net_src comp="76" pin="0"/><net_sink comp="691" pin=7"/></net>

<net id="717"><net_src comp="78" pin="0"/><net_sink comp="691" pin=8"/></net>

<net id="718"><net_src comp="446" pin="2"/><net_sink comp="691" pin=12"/></net>

<net id="719"><net_src comp="80" pin="0"/><net_sink comp="691" pin=13"/></net>

<net id="720"><net_src comp="452" pin="2"/><net_sink comp="691" pin=14"/></net>

<net id="721"><net_src comp="230" pin="0"/><net_sink comp="691" pin=15"/></net>

<net id="722"><net_src comp="232" pin="0"/><net_sink comp="691" pin=16"/></net>

<net id="726"><net_src comp="314" pin="2"/><net_sink comp="723" pin=0"/></net>

<net id="727"><net_src comp="723" pin="1"/><net_sink comp="458" pin=11"/></net>

<net id="731"><net_src comp="320" pin="2"/><net_sink comp="728" pin=0"/></net>

<net id="732"><net_src comp="728" pin="1"/><net_sink comp="458" pin=10"/></net>

<net id="736"><net_src comp="302" pin="2"/><net_sink comp="733" pin=0"/></net>

<net id="737"><net_src comp="733" pin="1"/><net_sink comp="458" pin=12"/></net>

<net id="738"><net_src comp="733" pin="1"/><net_sink comp="483" pin=17"/></net>

<net id="739"><net_src comp="733" pin="1"/><net_sink comp="655" pin=6"/></net>

<net id="740"><net_src comp="733" pin="1"/><net_sink comp="691" pin=11"/></net>

<net id="744"><net_src comp="308" pin="2"/><net_sink comp="741" pin=0"/></net>

<net id="745"><net_src comp="741" pin="1"/><net_sink comp="458" pin=9"/></net>

<net id="746"><net_src comp="741" pin="1"/><net_sink comp="483" pin=8"/></net>

<net id="750"><net_src comp="314" pin="2"/><net_sink comp="747" pin=0"/></net>

<net id="751"><net_src comp="747" pin="1"/><net_sink comp="483" pin=3"/></net>

<net id="752"><net_src comp="747" pin="1"/><net_sink comp="655" pin=3"/></net>

<net id="756"><net_src comp="320" pin="2"/><net_sink comp="753" pin=0"/></net>

<net id="757"><net_src comp="753" pin="1"/><net_sink comp="483" pin=2"/></net>

<net id="758"><net_src comp="753" pin="1"/><net_sink comp="655" pin=2"/></net>

<net id="762"><net_src comp="723" pin="1"/><net_sink comp="759" pin=0"/></net>

<net id="763"><net_src comp="759" pin="1"/><net_sink comp="458" pin=11"/></net>

<net id="764"><net_src comp="759" pin="1"/><net_sink comp="691" pin=10"/></net>

<net id="768"><net_src comp="728" pin="1"/><net_sink comp="765" pin=0"/></net>

<net id="769"><net_src comp="765" pin="1"/><net_sink comp="458" pin=10"/></net>

<net id="770"><net_src comp="765" pin="1"/><net_sink comp="691" pin=9"/></net>

<net id="774"><net_src comp="290" pin="1"/><net_sink comp="771" pin=0"/></net>

<net id="775"><net_src comp="771" pin="1"/><net_sink comp="458" pin=8"/></net>

<net id="776"><net_src comp="771" pin="1"/><net_sink comp="483" pin=1"/></net>

<net id="780"><net_src comp="294" pin="1"/><net_sink comp="777" pin=0"/></net>

<net id="781"><net_src comp="777" pin="1"/><net_sink comp="483" pin=18"/></net>

<net id="782"><net_src comp="777" pin="1"/><net_sink comp="655" pin=1"/></net>

<net id="786"><net_src comp="298" pin="1"/><net_sink comp="783" pin=0"/></net>

<net id="787"><net_src comp="783" pin="1"/><net_sink comp="655" pin=14"/></net>

<net id="788"><net_src comp="783" pin="1"/><net_sink comp="691" pin=1"/></net>

<net id="792"><net_src comp="326" pin="2"/><net_sink comp="789" pin=0"/></net>

<net id="793"><net_src comp="789" pin="1"/><net_sink comp="483" pin=15"/></net>

<net id="797"><net_src comp="332" pin="2"/><net_sink comp="794" pin=0"/></net>

<net id="798"><net_src comp="794" pin="1"/><net_sink comp="483" pin=14"/></net>

<net id="802"><net_src comp="338" pin="2"/><net_sink comp="799" pin=0"/></net>

<net id="803"><net_src comp="799" pin="1"/><net_sink comp="483" pin=13"/></net>

<net id="807"><net_src comp="344" pin="2"/><net_sink comp="804" pin=0"/></net>

<net id="808"><net_src comp="804" pin="1"/><net_sink comp="483" pin=12"/></net>

<net id="812"><net_src comp="350" pin="2"/><net_sink comp="809" pin=0"/></net>

<net id="813"><net_src comp="809" pin="1"/><net_sink comp="483" pin=11"/></net>

<net id="817"><net_src comp="356" pin="2"/><net_sink comp="814" pin=0"/></net>

<net id="818"><net_src comp="814" pin="1"/><net_sink comp="483" pin=10"/></net>

<net id="822"><net_src comp="362" pin="2"/><net_sink comp="819" pin=0"/></net>

<net id="823"><net_src comp="819" pin="1"/><net_sink comp="483" pin=16"/></net>

<net id="824"><net_src comp="819" pin="1"/><net_sink comp="655" pin=13"/></net>

<net id="828"><net_src comp="368" pin="2"/><net_sink comp="825" pin=0"/></net>

<net id="829"><net_src comp="825" pin="1"/><net_sink comp="483" pin=9"/></net>

<net id="833"><net_src comp="374" pin="2"/><net_sink comp="830" pin=0"/></net>

<net id="834"><net_src comp="830" pin="1"/><net_sink comp="483" pin=7"/></net>

<net id="838"><net_src comp="380" pin="2"/><net_sink comp="835" pin=0"/></net>

<net id="839"><net_src comp="835" pin="1"/><net_sink comp="483" pin=6"/></net>

<net id="843"><net_src comp="386" pin="2"/><net_sink comp="840" pin=0"/></net>

<net id="844"><net_src comp="840" pin="1"/><net_sink comp="483" pin=5"/></net>

<net id="848"><net_src comp="392" pin="2"/><net_sink comp="845" pin=0"/></net>

<net id="849"><net_src comp="845" pin="1"/><net_sink comp="483" pin=4"/></net>

<net id="853"><net_src comp="398" pin="2"/><net_sink comp="850" pin=0"/></net>

<net id="854"><net_src comp="850" pin="1"/><net_sink comp="655" pin=12"/></net>

<net id="858"><net_src comp="404" pin="2"/><net_sink comp="855" pin=0"/></net>

<net id="859"><net_src comp="855" pin="1"/><net_sink comp="655" pin=11"/></net>

<net id="863"><net_src comp="410" pin="2"/><net_sink comp="860" pin=0"/></net>

<net id="864"><net_src comp="860" pin="1"/><net_sink comp="655" pin=10"/></net>

<net id="868"><net_src comp="416" pin="2"/><net_sink comp="865" pin=0"/></net>

<net id="869"><net_src comp="865" pin="1"/><net_sink comp="655" pin=9"/></net>

<net id="873"><net_src comp="422" pin="2"/><net_sink comp="870" pin=0"/></net>

<net id="874"><net_src comp="870" pin="1"/><net_sink comp="655" pin=8"/></net>

<net id="878"><net_src comp="428" pin="2"/><net_sink comp="875" pin=0"/></net>

<net id="879"><net_src comp="875" pin="1"/><net_sink comp="655" pin=7"/></net>

<net id="883"><net_src comp="434" pin="2"/><net_sink comp="880" pin=0"/></net>

<net id="884"><net_src comp="880" pin="1"/><net_sink comp="655" pin=5"/></net>

<net id="888"><net_src comp="440" pin="2"/><net_sink comp="885" pin=0"/></net>

<net id="889"><net_src comp="885" pin="1"/><net_sink comp="655" pin=4"/></net>

<net id="893"><net_src comp="446" pin="2"/><net_sink comp="890" pin=0"/></net>

<net id="894"><net_src comp="890" pin="1"/><net_sink comp="691" pin=12"/></net>

<net id="898"><net_src comp="452" pin="2"/><net_sink comp="895" pin=0"/></net>

<net id="899"><net_src comp="895" pin="1"/><net_sink comp="691" pin=14"/></net>

</net_list>

</model> 
---------------- Datapath Model END ------------------

* FSMD analyzer results:
  - Output states:
	Port: m_axis_video_V_data_V | {7 8 }
	Port: m_axis_video_V_keep_V | {7 8 }
	Port: m_axis_video_V_strb_V | {7 8 }
	Port: m_axis_video_V_user_V | {7 8 }
	Port: m_axis_video_V_last_V | {7 8 }
	Port: m_axis_video_V_id_V | {7 8 }
	Port: m_axis_video_V_dest_V | {7 8 }
	Port: fid | {7 8 }
	Port: rampStart | {3 4 }
	Port: rampVal_1 | {3 4 }
	Port: rampVal | {3 4 }
	Port: tpgPatternColorBars_unsigned_short_unsigned_short_unsigned_char_int_hBarSel | {3 4 }
	Port: tpgPatternColorBars_unsigned_short_unsigned_short_unsigned_char_int_hBarSel_8 | {3 4 }
	Port: zonePlateVAddr | {3 4 }
	Port: vBarSel | {3 4 }
	Port: tpgPatternTartanColorBars_unsigned_short_unsigned_short_unsigned_short_unsign_3 | {3 4 }
	Port: tpgPatternTartanColorBars_unsigned_short_unsigned_short_unsigned_short_unsign_2 | {3 4 }
	Port: hdata | {3 4 }
	Port: vBarSel_2 | {3 4 }
	Port: tpgPatternCheckerBoard_unsigned_short_unsigned_short_unsigned_short_unsigned_3 | {3 4 }
	Port: tpgPatternCheckerBoard_unsigned_short_unsigned_short_unsigned_short_unsigned_2 | {3 4 }
	Port: rampVal_2 | {3 4 }
	Port: vBarSel_1 | {3 4 }
	Port: tpgPatternDPColorSquare_unsigned_short_unsigned_short_unsigned_char_unsigned_3 | {3 4 }
	Port: tpgPatternDPColorSquare_unsigned_short_unsigned_short_unsigned_char_unsigned_2 | {3 4 }
	Port: tpgPatternColorBars_unsigned_short_unsigned_short_unsigned_char_int_xBar_9 | {3 4 }
	Port: tpgPatternColorBars_unsigned_short_unsigned_short_unsigned_char_int_xBar | {3 4 }
	Port: zonePlateVDelta | {3 4 }
	Port: tpgPatternTartanColorBars_unsigned_short_unsigned_short_unsigned_short_unsign | {3 4 }
	Port: tpgPatternTartanColorBars_unsigned_short_unsigned_short_unsigned_short_unsign_1 | {3 4 }
	Port: yCount | {3 4 }
	Port: tpgPatternCrossHatch_unsigned_short_unsigned_short_unsigned_short_unsigned_sh | {3 4 }
	Port: tpgPatternCrossHatch_unsigned_short_unsigned_short_unsigned_short_unsigned_sh_1 | {3 4 }
	Port: vHatch | {3 4 }
	Port: yCount_2 | {3 4 }
	Port: tpgPatternCheckerBoard_unsigned_short_unsigned_short_unsigned_short_unsigned_s | {3 4 }
	Port: tpgPatternCheckerBoard_unsigned_short_unsigned_short_unsigned_short_unsigned_1 | {3 4 }
	Port: yCount_3 | {3 4 }
	Port: rSerie | {3 4 }
	Port: gSerie | {3 4 }
	Port: bSerie | {3 4 }
	Port: tpgPatternDPColorSquare_unsigned_short_unsigned_short_unsigned_char_unsigned_s | {3 4 }
	Port: tpgPatternDPColorSquare_unsigned_short_unsigned_short_unsigned_char_unsigned_1 | {3 4 }
	Port: yCount_1 | {3 4 }
	Port: boxHCoord | {5 6 }
	Port: boxVCoord | {5 6 }
	Port: vDir | {5 6 }
	Port: hDir | {5 6 }
	Port: fidStored | {7 8 }
	Port: counter | {7 8 }
 - Input state : 
	Port: v_tpgHlsDataFlow : s_axis_video_V_data_V | {1 2 }
	Port: v_tpgHlsDataFlow : s_axis_video_V_keep_V | {1 2 }
	Port: v_tpgHlsDataFlow : s_axis_video_V_strb_V | {1 2 }
	Port: v_tpgHlsDataFlow : s_axis_video_V_user_V | {1 2 }
	Port: v_tpgHlsDataFlow : s_axis_video_V_last_V | {1 2 }
	Port: v_tpgHlsDataFlow : s_axis_video_V_id_V | {1 2 }
	Port: v_tpgHlsDataFlow : s_axis_video_V_dest_V | {1 2 }
	Port: v_tpgHlsDataFlow : height_val5 | {1 }
	Port: v_tpgHlsDataFlow : width_val10 | {1 }
	Port: v_tpgHlsDataFlow : field_id_val11 | {7 }
	Port: v_tpgHlsDataFlow : fid_in_val12 | {7 }
	Port: v_tpgHlsDataFlow : passthruStartX_val13 | {3 }
	Port: v_tpgHlsDataFlow : passthruStartY_val14 | {3 }
	Port: v_tpgHlsDataFlow : passthruEndX_val15 | {3 }
	Port: v_tpgHlsDataFlow : passthruEndY_val16 | {3 }
	Port: v_tpgHlsDataFlow : enableInput_val18 | {1 }
	Port: v_tpgHlsDataFlow : bckgndId_val19 | {3 }
	Port: v_tpgHlsDataFlow : ovrlayId_val20 | {5 }
	Port: v_tpgHlsDataFlow : maskId_val21 | {5 }
	Port: v_tpgHlsDataFlow : motionSpeed_val23 | {3 }
	Port: v_tpgHlsDataFlow : colorFormat_val27 | {1 }
	Port: v_tpgHlsDataFlow : crossHairX_val28 | {5 }
	Port: v_tpgHlsDataFlow : crossHairY_val29 | {5 }
	Port: v_tpgHlsDataFlow : ZplateHorContStart_val30 | {3 }
	Port: v_tpgHlsDataFlow : ZplateHorContDelta_val31 | {3 }
	Port: v_tpgHlsDataFlow : ZplateVerContStart_val32 | {3 }
	Port: v_tpgHlsDataFlow : ZplateVerContDelta_val33 | {3 }
	Port: v_tpgHlsDataFlow : boxSize_val34 | {5 }
	Port: v_tpgHlsDataFlow : boxColorR_val35 | {5 }
	Port: v_tpgHlsDataFlow : boxColorG_val36 | {5 }
	Port: v_tpgHlsDataFlow : boxColorB_val37 | {5 }
	Port: v_tpgHlsDataFlow : dpDynamicRange_val38 | {3 }
	Port: v_tpgHlsDataFlow : dpYUVCoef_val39 | {3 }
	Port: v_tpgHlsDataFlow : rampStart | {3 4 }
	Port: v_tpgHlsDataFlow : s | {3 4 }
	Port: v_tpgHlsDataFlow : redYuv | {3 4 }
	Port: v_tpgHlsDataFlow : grnYuv | {3 4 }
	Port: v_tpgHlsDataFlow : bluYuv | {3 4 }
	Port: v_tpgHlsDataFlow : blkYuv | {3 4 }
	Port: v_tpgHlsDataFlow : whiYuv | {3 4 }
	Port: v_tpgHlsDataFlow : whiYuv_1 | {3 4 }
	Port: v_tpgHlsDataFlow : blkYuv_1 | {3 4 }
	Port: v_tpgHlsDataFlow : rampVal_1 | {3 4 }
	Port: v_tpgHlsDataFlow : rampVal | {3 4 }
	Port: v_tpgHlsDataFlow : tpgPatternColorBars_unsigned_short_unsigned_short_unsigned_char_int_hBarSel | {3 4 }
	Port: v_tpgHlsDataFlow : tpgPatternColorBars_unsigned_short_unsigned_short_unsigned_char_int_hBarSel_8 | {3 4 }
	Port: v_tpgHlsDataFlow : zonePlateVAddr | {3 4 }
	Port: v_tpgHlsDataFlow : vBarSel | {3 4 }
	Port: v_tpgHlsDataFlow : tpgPatternTartanColorBars_unsigned_short_unsigned_short_unsigned_short_unsign_3 | {3 4 }
	Port: v_tpgHlsDataFlow : tpgPatternTartanColorBars_unsigned_short_unsigned_short_unsigned_short_unsign_2 | {3 4 }
	Port: v_tpgHlsDataFlow : hdata | {3 4 }
	Port: v_tpgHlsDataFlow : vBarSel_2 | {3 4 }
	Port: v_tpgHlsDataFlow : tpgPatternCheckerBoard_unsigned_short_unsigned_short_unsigned_short_unsigned_3 | {3 4 }
	Port: v_tpgHlsDataFlow : tpgPatternCheckerBoard_unsigned_short_unsigned_short_unsigned_short_unsigned_2 | {3 4 }
	Port: v_tpgHlsDataFlow : rampVal_2 | {3 4 }
	Port: v_tpgHlsDataFlow : vBarSel_1 | {3 4 }
	Port: v_tpgHlsDataFlow : tpgPatternDPColorSquare_unsigned_short_unsigned_short_unsigned_char_unsigned_3 | {3 4 }
	Port: v_tpgHlsDataFlow : tpgPatternDPColorSquare_unsigned_short_unsigned_short_unsigned_char_unsigned_2 | {3 4 }
	Port: v_tpgHlsDataFlow : tpgBarSelYuv_y | {3 4 }
	Port: v_tpgHlsDataFlow : tpgBarSelYuv_u | {3 4 }
	Port: v_tpgHlsDataFlow : tpgBarSelYuv_v | {3 4 }
	Port: v_tpgHlsDataFlow : tpgPatternColorBars_unsigned_short_unsigned_short_unsigned_char_int_xBar_9 | {3 4 }
	Port: v_tpgHlsDataFlow : tpgBarSelRgb_r | {3 4 }
	Port: v_tpgHlsDataFlow : tpgBarSelRgb_g | {3 4 }
	Port: v_tpgHlsDataFlow : tpgBarSelRgb_b | {3 4 }
	Port: v_tpgHlsDataFlow : tpgPatternColorBars_unsigned_short_unsigned_short_unsigned_char_int_xBar | {3 4 }
	Port: v_tpgHlsDataFlow : tpgSinTableArray | {3 4 }
	Port: v_tpgHlsDataFlow : zonePlateVDelta | {3 4 }
	Port: v_tpgHlsDataFlow : tpgTartanBarArray | {3 4 }
	Port: v_tpgHlsDataFlow : tpgPatternTartanColorBars_unsigned_short_unsigned_short_unsigned_short_unsign | {3 4 }
	Port: v_tpgHlsDataFlow : tpgPatternTartanColorBars_unsigned_short_unsigned_short_unsigned_short_unsign_1 | {3 4 }
	Port: v_tpgHlsDataFlow : yCount | {3 4 }
	Port: v_tpgHlsDataFlow : tpgPatternCrossHatch_unsigned_short_unsigned_short_unsigned_short_unsigned_sh | {3 4 }
	Port: v_tpgHlsDataFlow : tpgPatternCrossHatch_unsigned_short_unsigned_short_unsigned_short_unsigned_sh_1 | {3 4 }
	Port: v_tpgHlsDataFlow : vHatch | {3 4 }
	Port: v_tpgHlsDataFlow : yCount_2 | {3 4 }
	Port: v_tpgHlsDataFlow : tpgSinTableArray_9bit_0 | {3 4 }
	Port: v_tpgHlsDataFlow : tpgSinTableArray_9bit_1 | {3 4 }
	Port: v_tpgHlsDataFlow : tpgSinTableArray_9bit_2 | {3 4 }
	Port: v_tpgHlsDataFlow : tpgCheckerBoardArray | {3 4 }
	Port: v_tpgHlsDataFlow : tpgPatternCheckerBoard_unsigned_short_unsigned_short_unsigned_short_unsigned_s | {3 4 }
	Port: v_tpgHlsDataFlow : tpgPatternCheckerBoard_unsigned_short_unsigned_short_unsigned_short_unsigned_1 | {3 4 }
	Port: v_tpgHlsDataFlow : yCount_3 | {3 4 }
	Port: v_tpgHlsDataFlow : rSerie | {3 4 }
	Port: v_tpgHlsDataFlow : gSerie | {3 4 }
	Port: v_tpgHlsDataFlow : bSerie | {3 4 }
	Port: v_tpgHlsDataFlow : DPtpgBarSelYuv_709_y | {3 4 }
	Port: v_tpgHlsDataFlow : DPtpgBarSelYuv_709_u | {3 4 }
	Port: v_tpgHlsDataFlow : DPtpgBarSelYuv_709_v | {3 4 }
	Port: v_tpgHlsDataFlow : DPtpgBarArray | {3 4 }
	Port: v_tpgHlsDataFlow : tpgPatternDPColorSquare_unsigned_short_unsigned_short_unsigned_char_unsigned_s | {3 4 }
	Port: v_tpgHlsDataFlow : DPtpgBarSelRgb_VESA_r | {3 4 }
	Port: v_tpgHlsDataFlow : DPtpgBarSelRgb_VESA_g | {3 4 }
	Port: v_tpgHlsDataFlow : DPtpgBarSelRgb_VESA_b | {3 4 }
	Port: v_tpgHlsDataFlow : DPtpgBarSelRgb_CEA_r | {3 4 }
	Port: v_tpgHlsDataFlow : DPtpgBarSelRgb_CEA_g | {3 4 }
	Port: v_tpgHlsDataFlow : DPtpgBarSelRgb_CEA_b | {3 4 }
	Port: v_tpgHlsDataFlow : DPtpgBarSelYuv_601_y | {3 4 }
	Port: v_tpgHlsDataFlow : DPtpgBarSelYuv_601_u | {3 4 }
	Port: v_tpgHlsDataFlow : DPtpgBarSelYuv_601_v | {3 4 }
	Port: v_tpgHlsDataFlow : tpgPatternDPColorSquare_unsigned_short_unsigned_short_unsigned_char_unsigned_1 | {3 4 }
	Port: v_tpgHlsDataFlow : yCount_1 | {3 4 }
	Port: v_tpgHlsDataFlow : whiYuv_2 | {5 6 }
	Port: v_tpgHlsDataFlow : boxHCoord | {5 6 }
	Port: v_tpgHlsDataFlow : boxVCoord | {5 6 }
	Port: v_tpgHlsDataFlow : vDir | {5 6 }
	Port: v_tpgHlsDataFlow : hDir | {5 6 }
	Port: v_tpgHlsDataFlow : fidStored | {7 8 }
	Port: v_tpgHlsDataFlow : counter | {7 8 }
  - Chain level:
	State 1
		call_ln342 : 1
	State 2
	State 3
	State 4
	State 5
	State 6
	State 7
	State 8


============================================================
+ Verbose Summary: Datapath Resource usage 
============================================================

* Functional unit list:
|----------|-------------------------------------------|---------|---------|---------|---------|
| Operation|              Functional Unit              |   DSP   |  Delay  |    FF   |   LUT   |
|----------|-------------------------------------------|---------|---------|---------|---------|
|          |     grp_AXIvideo2MultiPixStream_fu_458    |    0    |  1.708  |   248   |   225   |
|   call   |          grp_tpgBackground_fu_483         |    26   |  47.908 |   4061  |   5926  |
|          |          grp_tpgForeground_fu_655         |    0    |  1.281  |   465   |   939   |
|          |     grp_MultiPixStream2AXIvideo_fu_691    |    0    |  0.854  |   165   |   345   |
|----------|-------------------------------------------|---------|---------|---------|---------|
|          |     colorFormat_val27_read_read_fu_302    |    0    |    0    |    0    |    0    |
|          |     enableInput_val18_read_read_fu_308    |    0    |    0    |    0    |    0    |
|          |        width_val10_read_read_fu_314       |    0    |    0    |    0    |    0    |
|          |        height_val5_read_read_fu_320       |    0    |    0    |    0    |    0    |
|          |      dpYUVCoef_val39_read_read_fu_326     |    0    |    0    |    0    |    0    |
|          |   dpDynamicRange_val38_read_read_fu_332   |    0    |    0    |    0    |    0    |
|          | ZplateVerContDelta_val33_read_read_fu_338 |    0    |    0    |    0    |    0    |
|          | ZplateVerContStart_val32_read_read_fu_344 |    0    |    0    |    0    |    0    |
|          | ZplateHorContDelta_val31_read_read_fu_350 |    0    |    0    |    0    |    0    |
|          | ZplateHorContStart_val30_read_read_fu_356 |    0    |    0    |    0    |    0    |
|          |     motionSpeed_val23_read_read_fu_362    |    0    |    0    |    0    |    0    |
|          |      bckgndId_val19_read_read_fu_368      |    0    |    0    |    0    |    0    |
|   read   |    passthruEndY_val16_read_read_fu_374    |    0    |    0    |    0    |    0    |
|          |    passthruEndX_val15_read_read_fu_380    |    0    |    0    |    0    |    0    |
|          |   passthruStartY_val14_read_read_fu_386   |    0    |    0    |    0    |    0    |
|          |   passthruStartX_val13_read_read_fu_392   |    0    |    0    |    0    |    0    |
|          |      boxColorB_val37_read_read_fu_398     |    0    |    0    |    0    |    0    |
|          |      boxColorG_val36_read_read_fu_404     |    0    |    0    |    0    |    0    |
|          |      boxColorR_val35_read_read_fu_410     |    0    |    0    |    0    |    0    |
|          |       boxSize_val34_read_read_fu_416      |    0    |    0    |    0    |    0    |
|          |     crossHairY_val29_read_read_fu_422     |    0    |    0    |    0    |    0    |
|          |     crossHairX_val28_read_read_fu_428     |    0    |    0    |    0    |    0    |
|          |       maskId_val21_read_read_fu_434       |    0    |    0    |    0    |    0    |
|          |      ovrlayId_val20_read_read_fu_440      |    0    |    0    |    0    |    0    |
|          |       fid_in_val12_read_read_fu_446       |    0    |    0    |    0    |    0    |
|          |      field_id_val11_read_read_fu_452      |    0    |    0    |    0    |    0    |
|----------|-------------------------------------------|---------|---------|---------|---------|
|   trunc  |             trunc_ln332_fu_723            |    0    |    0    |    0    |    0    |
|          |            trunc_ln332_1_fu_728           |    0    |    0    |    0    |    0    |
|----------|-------------------------------------------|---------|---------|---------|---------|
|   Total  |                                           |    26   |  51.751 |   4939  |   7435  |
|----------|-------------------------------------------|---------|---------|---------|---------|

Memories:
N/A

* Register list:
+-------------------------------------+--------+
|                                     |   FF   |
+-------------------------------------+--------+
|ZplateHorContDelta_val31_read_reg_809|   16   |
|ZplateHorContStart_val30_read_reg_814|   16   |
|ZplateVerContDelta_val33_read_reg_799|   16   |
|ZplateVerContStart_val32_read_reg_804|   16   |
|     bckgndId_val19_read_reg_825     |    8   |
|          bckgndYUV_reg_777          |   48   |
|     boxColorB_val37_read_reg_850    |    8   |
|     boxColorG_val36_read_reg_855    |    8   |
|     boxColorR_val35_read_reg_860    |    8   |
|      boxSize_val34_read_reg_865     |   16   |
|    colorFormat_val27_read_reg_733   |    8   |
|    crossHairX_val28_read_reg_875    |   16   |
|    crossHairY_val29_read_reg_870    |   16   |
|  dpDynamicRange_val38_read_reg_794  |    8   |
|     dpYUVCoef_val39_read_reg_789    |    8   |
|    enableInput_val18_read_reg_741   |    8   |
|      fid_in_val12_read_reg_890      |    1   |
|     field_id_val11_read_reg_895     |   16   |
|       height_val5_read_reg_753      |   16   |
|      maskId_val21_read_reg_880      |    8   |
|    motionSpeed_val23_read_reg_819   |    8   |
|     ovrlayId_val20_read_reg_885     |    8   |
|          ovrlayYUV_reg_783          |   48   |
|   passthruEndX_val15_read_reg_835   |   16   |
|   passthruEndY_val16_read_reg_830   |   16   |
|  passthruStartX_val13_read_reg_845  |   16   |
|  passthruStartY_val14_read_reg_840  |   16   |
|            srcYUV_reg_771           |   48   |
|        trunc_ln332_1_reg_765        |   11   |
|         trunc_ln332_reg_759         |   11   |
|       width_val10_read_reg_747      |   16   |
+-------------------------------------+--------+
|                Total                |   479  |
+-------------------------------------+--------+

* Multiplexer (MUX) list: 
|------------------------------------|------|------|------|--------||---------||---------||---------|
|                Comp                |  Pin | Size |  BW  | S x BW ||  Delay  ||    FF   ||   LUT   |
|------------------------------------|------|------|------|--------||---------||---------||---------|
| grp_AXIvideo2MultiPixStream_fu_458 |  p9  |   2  |   8  |   16   ||    0    ||    9    |
| grp_AXIvideo2MultiPixStream_fu_458 |  p10 |   2  |  11  |   22   ||    0    ||    9    |
| grp_AXIvideo2MultiPixStream_fu_458 |  p11 |   2  |  11  |   22   ||    0    ||    9    |
| grp_AXIvideo2MultiPixStream_fu_458 |  p12 |   2  |   8  |   16   ||    0    ||    9    |
|      grp_tpgBackground_fu_483      |  p4  |   2  |  16  |   32   ||    0    ||    9    |
|      grp_tpgBackground_fu_483      |  p5  |   2  |  16  |   32   ||    0    ||    9    |
|      grp_tpgBackground_fu_483      |  p6  |   2  |  16  |   32   ||    0    ||    9    |
|      grp_tpgBackground_fu_483      |  p7  |   2  |  16  |   32   ||    0    ||    9    |
|      grp_tpgBackground_fu_483      |  p9  |   2  |   8  |   16   ||    0    ||    9    |
|      grp_tpgBackground_fu_483      |  p10 |   2  |  16  |   32   ||    0    ||    9    |
|      grp_tpgBackground_fu_483      |  p11 |   2  |  16  |   32   ||    0    ||    9    |
|      grp_tpgBackground_fu_483      |  p12 |   2  |  16  |   32   ||    0    ||    9    |
|      grp_tpgBackground_fu_483      |  p13 |   2  |  16  |   32   ||    0    ||    9    |
|      grp_tpgBackground_fu_483      |  p14 |   2  |   8  |   16   ||    0    ||    9    |
|      grp_tpgBackground_fu_483      |  p15 |   2  |   8  |   16   ||    0    ||    9    |
|      grp_tpgBackground_fu_483      |  p16 |   2  |   8  |   16   ||    0    ||    9    |
|      grp_tpgForeground_fu_655      |  p4  |   2  |   8  |   16   ||    0    ||    9    |
|      grp_tpgForeground_fu_655      |  p5  |   2  |   8  |   16   ||    0    ||    9    |
|      grp_tpgForeground_fu_655      |  p7  |   2  |  16  |   32   ||    0    ||    9    |
|      grp_tpgForeground_fu_655      |  p8  |   2  |  16  |   32   ||    0    ||    9    |
|      grp_tpgForeground_fu_655      |  p9  |   2  |  16  |   32   ||    0    ||    9    |
|      grp_tpgForeground_fu_655      |  p10 |   2  |   8  |   16   ||    0    ||    9    |
|      grp_tpgForeground_fu_655      |  p11 |   2  |   8  |   16   ||    0    ||    9    |
|      grp_tpgForeground_fu_655      |  p12 |   2  |   8  |   16   ||    0    ||    9    |
| grp_MultiPixStream2AXIvideo_fu_691 |  p12 |   2  |   1  |    2   ||    0    ||    9    |
| grp_MultiPixStream2AXIvideo_fu_691 |  p14 |   2  |  16  |   32   ||    0    ||    9    |
|------------------------------------|------|------|------|--------||---------||---------||---------|
|                Total               |      |      |      |   606  ||  11.102 ||    0    ||   234   |
|------------------------------------|------|------|------|--------||---------||---------||---------|



* Summary:
+-----------+--------+--------+--------+--------+
|           |   DSP  |  Delay |   FF   |   LUT  |
+-----------+--------+--------+--------+--------+
|  Function |   26   |   51   |  4939  |  7435  |
|   Memory  |    -   |    -   |    -   |    -   |
|Multiplexer|    -   |   11   |    0   |   234  |
|  Register |    -   |    -   |   479  |    -   |
+-----------+--------+--------+--------+--------+
|   Total   |   26   |   62   |  5418  |  7669  |
+-----------+--------+--------+--------+--------+
