

================================================================
== Vitis HLS Report for 'v_tpg'
================================================================
* Date:           Wed Jun  3 12:59:10 2026

* Version:        2025.2 (Build 6295257 on Nov 14 2025)
* Project:        prj
* Solution:       sol (Vivado IP Flow Target)
* Product family: artixuplus
* Target device:  xcau15p-ffvb676-2-e


================================================================
== Performance Estimates
================================================================
+ Timing: 
    * Summary: 
    +--------+----------+----------+------------+
    |  Clock |  Target  | Estimated| Uncertainty|
    +--------+----------+----------+------------+
    |ap_clk  |  10.00 ns|  7.199 ns|     2.70 ns|
    +--------+----------+----------+------------+

+ Latency: 
    * Summary: 
    +---------+------------+----------+------------+-----+------------+---------+
    |   Latency (cycles)   |   Latency (absolute)  |     Interval     | Pipeline|
    |   min   |     max    |    min   |     max    | min |     max    |   Type  |
    +---------+------------+----------+------------+-----+------------+---------+
    |       26|  2148958191|  0.260 us|  21.490 sec|   27|  2148958192|       no|
    +---------+------------+----------+------------+-----+------------+---------+

    + Detail: 
        * Instance: 
        +---------------------------------+----------------------+---------+------------+-----------+------------+-----+------------+----------+
        |                                 |                      |   Latency (cycles)   |   Latency (absolute)   |     Interval     | Pipeline |
        |             Instance            |        Module        |   min   |     max    |    min    |     max    | min |     max    |   Type   |
        +---------------------------------+----------------------+---------+------------+-----------+------------+-----+------------+----------+
        |grp_v_tpgHlsDataFlow_fu_525      |v_tpgHlsDataFlow      |       22|  2148958187|   0.220 us|  21.490 sec|    3|  2148958188|  dataflow|
        |grp_reg_unsigned_short_s_fu_760  |reg_unsigned_short_s  |        1|           1|  10.000 ns|   10.000 ns|    1|           1|       yes|
        +---------------------------------+----------------------+---------+------------+-----------+------------+-----+------------+----------+

        * Loop: 
        N/A



================================================================
== Utilization Estimates
================================================================
* Summary: 
+-----------------+---------+-----+--------+-------+-----+
|       Name      | BRAM_18K| DSP |   FF   |  LUT  | URAM|
+-----------------+---------+-----+--------+-------+-----+
|DSP              |        -|    -|       -|      -|    -|
|Expression       |        -|    -|       0|    212|    -|
|FIFO             |        -|    -|       -|      -|    -|
|Instance         |       12|   26|    8356|  11534|    0|
|Memory           |        -|    -|       -|      -|    -|
|Multiplexer      |        -|    -|       0|    121|    -|
|Register         |        -|    -|     483|      -|    -|
+-----------------+---------+-----+--------+-------+-----+
|Total            |       12|   26|    8839|  11867|    0|
+-----------------+---------+-----+--------+-------+-----+
|Available        |      288|  576|  155520|  77760|    0|
+-----------------+---------+-----+--------+-------+-----+
|Utilization (%)  |        4|    4|       5|     15|    0|
+-----------------+---------+-----+--------+-------+-----+

+ Detail: 
    * Instance: 
    +---------------------------------+----------------------+---------+----+------+-------+-----+
    |             Instance            |        Module        | BRAM_18K| DSP|  FF  |  LUT  | URAM|
    +---------------------------------+----------------------+---------+----+------+-------+-----+
    |CTRL_s_axi_U                     |CTRL_s_axi            |        0|   0|   544|    744|    0|
    |grp_reg_unsigned_short_s_fu_760  |reg_unsigned_short_s  |        0|   0|    18|      2|    0|
    |grp_v_tpgHlsDataFlow_fu_525      |v_tpgHlsDataFlow      |       12|  26|  7794|  10788|    0|
    +---------------------------------+----------------------+---------+----+------+-------+-----+
    |Total                            |                      |       12|  26|  8356|  11534|    0|
    +---------------------------------+----------------------+---------+----+------+-------+-----+

    * DSP: 
    N/A

    * Memory: 
    N/A

    * FIFO: 
    N/A

    * Expression: 
    +-------------------------------------------------+----------+----+---+----+------------+------------+
    |                  Variable Name                  | Operation| DSP| FF| LUT| Bitwidth P0| Bitwidth P1|
    +-------------------------------------------------+----------+----+---+----+------------+------------+
    |add_ln502_fu_776_p2                              |         +|   0|  0|  39|          32|           1|
    |add_ln507_fu_808_p2                              |         +|   0|  0|  39|          32|           1|
    |grp_v_tpgHlsDataFlow_fu_525_m_axis_video_TREADY  |       and|   0|  0|   2|           1|           1|
    |icmp_ln500_fu_766_p2                             |      icmp|   0|  0|  23|          16|           1|
    |icmp_ln503_fu_782_p2                             |      icmp|   0|  0|  39|          32|           4|
    |icmp_ln505_fu_802_p2                             |      icmp|   0|  0|  36|          29|           1|
    |ap_sync_grp_v_tpgHlsDataFlow_fu_525_ap_ready     |        or|   0|  0|   2|           1|           1|
    |select_ln505_fu_814_p3                           |    select|   0|  0|  32|           1|          32|
    +-------------------------------------------------+----------+----+---+----+------------+------------+
    |Total                                            |          |   0|  0| 212|         144|          42|
    +-------------------------------------------------+----------+----+---+----+------------+------------+

    * Multiplexer: 
    +----------------------------------+----+-----------+-----+-----------+
    |               Name               | LUT| Input Size| Bits| Total Bits|
    +----------------------------------+----+-----------+-----+-----------+
    |ap_NS_fsm                         |  31|          6|    1|          6|
    |count_new_0_reg_514               |   9|          2|   32|         64|
    |fid                               |   9|          2|    1|          2|
    |m_axis_video_TDATA_int_regslice   |   9|          2|   48|         96|
    |m_axis_video_TDEST_int_regslice   |   9|          2|    1|          2|
    |m_axis_video_TID_int_regslice     |   9|          2|    1|          2|
    |m_axis_video_TKEEP_int_regslice   |   9|          2|    6|         12|
    |m_axis_video_TLAST_int_regslice   |   9|          2|    1|          2|
    |m_axis_video_TSTRB_int_regslice   |   9|          2|    6|         12|
    |m_axis_video_TUSER_int_regslice   |   9|          2|    1|          2|
    |s_axis_video_TREADY_int_regslice  |   9|          2|    1|          2|
    +----------------------------------+----+-----------+-----+-----------+
    |Total                             | 121|         26|   99|        202|
    +----------------------------------+----+-----------+-----+-----------+

    * Register: 
    +--------------------------------------------------+----+----+-----+-----------+
    |                       Name                       | FF | LUT| Bits| Const Bits|
    +--------------------------------------------------+----+----+-----+-----------+
    |ZplateHorContDelta_read_reg_946                   |  16|   0|   16|          0|
    |ZplateHorContStart_read_reg_941                   |  16|   0|   16|          0|
    |ZplateVerContDelta_read_reg_956                   |  16|   0|   16|          0|
    |ZplateVerContStart_read_reg_951                   |  16|   0|   16|          0|
    |ap_CS_fsm                                         |   5|   0|    5|          0|
    |ap_sync_reg_grp_v_tpgHlsDataFlow_fu_525_ap_done   |   1|   0|    1|          0|
    |ap_sync_reg_grp_v_tpgHlsDataFlow_fu_525_ap_ready  |   1|   0|    1|          0|
    |bckgndId_read_reg_906                             |   8|   0|    8|          0|
    |boxSize_read_reg_961                              |  16|   0|   16|          0|
    |colorFormat_read_reg_926                          |   8|   0|    8|          0|
    |count                                             |  32|   0|   32|          0|
    |count_new_0_reg_514                               |  32|   0|   32|          0|
    |crossHairX_read_reg_931                           |  16|   0|   16|          0|
    |crossHairY_read_reg_936                           |  16|   0|   16|          0|
    |dpDynamicRange_read_reg_981                       |   8|   0|    8|          0|
    |dpYUVCoef_read_reg_986                            |   8|   0|    8|          0|
    |empty_73_reg_971                                  |   8|   0|    8|          0|
    |empty_74_reg_976                                  |   8|   0|    8|          0|
    |empty_reg_966                                     |   8|   0|    8|          0|
    |enableInput_read_reg_901                          |   8|   0|    8|          0|
    |fid_in_read_reg_876                               |   1|   0|    1|          0|
    |fid_reg                                           |   1|   0|    1|          0|
    |field_id_read_reg_871                             |  16|   0|   16|          0|
    |grp_v_tpgHlsDataFlow_fu_525_ap_start_reg          |   1|   0|    1|          0|
    |height_read_reg_861                               |  16|   0|   16|          0|
    |icmp_ln500_reg_849                                |   1|   0|    1|          0|
    |m_axis_video_TDATA_reg                            |  48|   0|   48|          0|
    |m_axis_video_TDEST_reg                            |   1|   0|    1|          0|
    |m_axis_video_TID_reg                              |   1|   0|    1|          0|
    |m_axis_video_TKEEP_reg                            |   6|   0|    6|          0|
    |m_axis_video_TLAST_reg                            |   1|   0|    1|          0|
    |m_axis_video_TSTRB_reg                            |   6|   0|    6|          0|
    |m_axis_video_TUSER_reg                            |   1|   0|    1|          0|
    |maskId_read_reg_916                               |   8|   0|    8|          0|
    |motionSpeed_read_reg_921                          |   8|   0|    8|          0|
    |ovrlayId_read_reg_911                             |   8|   0|    8|          0|
    |passthruEndX_read_reg_891                         |  16|   0|   16|          0|
    |passthruEndY_read_reg_896                         |  16|   0|   16|          0|
    |passthruStartX_read_reg_881                       |  16|   0|   16|          0|
    |passthruStartY_read_reg_886                       |  16|   0|   16|          0|
    |s                                                 |  32|   0|   32|          0|
    |width_read_reg_866                                |  16|   0|   16|          0|
    +--------------------------------------------------+----+----+-----+-----------+
    |Total                                             | 483|   0|  483|          0|
    +--------------------------------------------------+----+----+-----+-----------+



================================================================
== Interface
================================================================
* Summary: 
+---------------------+-----+-----+------------+-----------------------+--------------+
|      RTL Ports      | Dir | Bits|  Protocol  |     Source Object     |    C Type    |
+---------------------+-----+-----+------------+-----------------------+--------------+
|s_axi_CTRL_AWVALID   |   in|    1|       s_axi|                   CTRL|       pointer|
|s_axi_CTRL_AWREADY   |  out|    1|       s_axi|                   CTRL|       pointer|
|s_axi_CTRL_AWADDR    |   in|    8|       s_axi|                   CTRL|       pointer|
|s_axi_CTRL_WVALID    |   in|    1|       s_axi|                   CTRL|       pointer|
|s_axi_CTRL_WREADY    |  out|    1|       s_axi|                   CTRL|       pointer|
|s_axi_CTRL_WDATA     |   in|   32|       s_axi|                   CTRL|       pointer|
|s_axi_CTRL_WSTRB     |   in|    4|       s_axi|                   CTRL|       pointer|
|s_axi_CTRL_ARVALID   |   in|    1|       s_axi|                   CTRL|       pointer|
|s_axi_CTRL_ARREADY   |  out|    1|       s_axi|                   CTRL|       pointer|
|s_axi_CTRL_ARADDR    |   in|    8|       s_axi|                   CTRL|       pointer|
|s_axi_CTRL_RVALID    |  out|    1|       s_axi|                   CTRL|       pointer|
|s_axi_CTRL_RREADY    |   in|    1|       s_axi|                   CTRL|       pointer|
|s_axi_CTRL_RDATA     |  out|   32|       s_axi|                   CTRL|       pointer|
|s_axi_CTRL_RRESP     |  out|    2|       s_axi|                   CTRL|       pointer|
|s_axi_CTRL_BVALID    |  out|    1|       s_axi|                   CTRL|       pointer|
|s_axi_CTRL_BREADY    |   in|    1|       s_axi|                   CTRL|       pointer|
|s_axi_CTRL_BRESP     |  out|    2|       s_axi|                   CTRL|       pointer|
|ap_clk               |   in|    1|  ap_ctrl_hs|                  v_tpg|  return value|
|ap_rst_n             |   in|    1|  ap_ctrl_hs|                  v_tpg|  return value|
|interrupt            |  out|    1|  ap_ctrl_hs|                  v_tpg|  return value|
|s_axis_video_TDATA   |   in|   48|        axis|  s_axis_video_V_data_V|       pointer|
|s_axis_video_TVALID  |   in|    1|        axis|  s_axis_video_V_dest_V|       pointer|
|s_axis_video_TREADY  |  out|    1|        axis|  s_axis_video_V_dest_V|       pointer|
|s_axis_video_TDEST   |   in|    1|        axis|  s_axis_video_V_dest_V|       pointer|
|s_axis_video_TKEEP   |   in|    6|        axis|  s_axis_video_V_keep_V|       pointer|
|s_axis_video_TSTRB   |   in|    6|        axis|  s_axis_video_V_strb_V|       pointer|
|s_axis_video_TUSER   |   in|    1|        axis|  s_axis_video_V_user_V|       pointer|
|s_axis_video_TLAST   |   in|    1|        axis|  s_axis_video_V_last_V|       pointer|
|s_axis_video_TID     |   in|    1|        axis|    s_axis_video_V_id_V|       pointer|
|fid_in               |   in|    1|     ap_none|                 fid_in|       pointer|
|m_axis_video_TDATA   |  out|   48|        axis|  m_axis_video_V_data_V|       pointer|
|m_axis_video_TVALID  |  out|    1|        axis|  m_axis_video_V_dest_V|       pointer|
|m_axis_video_TREADY  |   in|    1|        axis|  m_axis_video_V_dest_V|       pointer|
|m_axis_video_TDEST   |  out|    1|        axis|  m_axis_video_V_dest_V|       pointer|
|m_axis_video_TKEEP   |  out|    6|        axis|  m_axis_video_V_keep_V|       pointer|
|m_axis_video_TSTRB   |  out|    6|        axis|  m_axis_video_V_strb_V|       pointer|
|m_axis_video_TUSER   |  out|    1|        axis|  m_axis_video_V_user_V|       pointer|
|m_axis_video_TLAST   |  out|    1|        axis|  m_axis_video_V_last_V|       pointer|
|m_axis_video_TID     |  out|    1|        axis|    m_axis_video_V_id_V|       pointer|
|fid                  |  out|    1|     ap_none|                    fid|       pointer|
+---------------------+-----+-----+------------+-----------------------+--------------+

============================================================
+ Verbose Summary: Synthesis Manager
============================================================
InlineROM: 1
ExposeGlobal: 0
============================================================
+ Verbose Summary: CDFG Model
============================================================
IsTopModel: 1
ResetActiveHigh: 1
IsCombinational: 2
IsDatapathOnly: 2
HasWiredReturn: 1
HasMFsm: 0
HasVarLatency: 1
IsPipeline: 0
IsRtlPipelined: 0
IsInstanceOverlapped: 0
IsDontTouch: 0
HasImplIP: 0
IsGatedGlobalClock: 0


============================================================
+ Verbose Summary: Schedule
============================================================
* Number of FSM states : 5
* Pipeline : 0
* Dataflow Pipeline: 0

* FSM state transitions: 
1 --> 2 
2 --> 3 
3 --> 4 
4 --> 5 
5 --> 

* FSM state operations: 

State 1 <SV = 0> <Delay = 1.00>
ST_1 : Operation 6 [1/1] (1.00ns)   --->   "%bck_motion_en_read = read i16 @_ssdm_op_Read.s_axilite.i16P0A, i16 %bck_motion_en" [prj/sol/.autopilot/db/v_tpg.cpp:500]   --->   Operation 6 'read' 'bck_motion_en_read' <Predicate = true> <Delay = 1.00> <CoreInst = "s_axilite">   --->   Core 120 's_axilite' <Latency = 0> <II = 1> <Delay = 1.00> <Adapter> <Opcode : 'read' 'write'>
ST_1 : Operation 7 [2/2] (0.00ns)   --->   "%tmp = call i16 @reg<unsigned short>, i16 %bck_motion_en_read" [prj/sol/.autopilot/db/v_tpg.cpp:500]   --->   Operation 7 'call' 'tmp' <Predicate = true> <Delay = 0.00> <CoreType = "Generic">   --->   Generic Core

State 2 <SV = 1> <Delay = 2.45>
ST_2 : Operation 8 [1/1] (0.00ns)   --->   "%spectopmodule_ln409 = spectopmodule void @_ssdm_op_SpecTopModule, void @empty_19" [prj/sol/.autopilot/db/v_tpg.cpp:409]   --->   Operation 8 'spectopmodule' 'spectopmodule_ln409' <Predicate = true> <Delay = 0.00>
ST_2 : Operation 9 [1/1] (0.00ns)   --->   "%specinterface_ln0 = specinterface void @_ssdm_op_SpecInterface, i48 %s_axis_video_V_data_V, i6 %s_axis_video_V_keep_V, i6 %s_axis_video_V_strb_V, i1 %s_axis_video_V_user_V, i1 %s_axis_video_V_last_V, i1 %s_axis_video_V_id_V, i1 %s_axis_video_V_dest_V, void @empty_13, i32 1, i32 1, void @empty_4, i32 0, i32 0, void @empty_15, void @empty_15, void @empty_15, i32 0, i32 0, i32 0, i32 0, void @empty_15, void @empty_15, i32 4294967295, i32 0, i32 0, i32 0"   --->   Operation 9 'specinterface' 'specinterface_ln0' <Predicate = true> <Delay = 0.00>
ST_2 : Operation 10 [1/1] (0.00ns)   --->   "%specbitsmap_ln0 = specbitsmap void @_ssdm_op_SpecBitsMap, i48 %s_axis_video_V_data_V"   --->   Operation 10 'specbitsmap' 'specbitsmap_ln0' <Predicate = true> <Delay = 0.00>
ST_2 : Operation 11 [1/1] (0.00ns)   --->   "%specbitsmap_ln0 = specbitsmap void @_ssdm_op_SpecBitsMap, i6 %s_axis_video_V_keep_V"   --->   Operation 11 'specbitsmap' 'specbitsmap_ln0' <Predicate = true> <Delay = 0.00>
ST_2 : Operation 12 [1/1] (0.00ns)   --->   "%specbitsmap_ln0 = specbitsmap void @_ssdm_op_SpecBitsMap, i6 %s_axis_video_V_strb_V"   --->   Operation 12 'specbitsmap' 'specbitsmap_ln0' <Predicate = true> <Delay = 0.00>
ST_2 : Operation 13 [1/1] (0.00ns)   --->   "%specbitsmap_ln0 = specbitsmap void @_ssdm_op_SpecBitsMap, i1 %s_axis_video_V_user_V"   --->   Operation 13 'specbitsmap' 'specbitsmap_ln0' <Predicate = true> <Delay = 0.00>
ST_2 : Operation 14 [1/1] (0.00ns)   --->   "%specbitsmap_ln0 = specbitsmap void @_ssdm_op_SpecBitsMap, i1 %s_axis_video_V_last_V"   --->   Operation 14 'specbitsmap' 'specbitsmap_ln0' <Predicate = true> <Delay = 0.00>
ST_2 : Operation 15 [1/1] (0.00ns)   --->   "%specbitsmap_ln0 = specbitsmap void @_ssdm_op_SpecBitsMap, i1 %s_axis_video_V_id_V"   --->   Operation 15 'specbitsmap' 'specbitsmap_ln0' <Predicate = true> <Delay = 0.00>
ST_2 : Operation 16 [1/1] (0.00ns)   --->   "%specbitsmap_ln0 = specbitsmap void @_ssdm_op_SpecBitsMap, i1 %s_axis_video_V_dest_V"   --->   Operation 16 'specbitsmap' 'specbitsmap_ln0' <Predicate = true> <Delay = 0.00>
ST_2 : Operation 17 [1/1] (0.00ns)   --->   "%specbitsmap_ln0 = specbitsmap void @_ssdm_op_SpecBitsMap, i16 %height"   --->   Operation 17 'specbitsmap' 'specbitsmap_ln0' <Predicate = true> <Delay = 0.00>
ST_2 : Operation 18 [1/1] (0.00ns)   --->   "%specinterface_ln0 = specinterface void @_ssdm_op_SpecInterface, i16 %height, void @empty_5, i32 4294967295, i32 4294967295, void @empty_15, i32 0, i32 0, void @empty_39, void @empty_41, void @empty_15, i32 0, i32 0, i32 0, i32 0, void @empty_15, void @empty_15, i32 4294967295, i32 0, i32 0, i32 0"   --->   Operation 18 'specinterface' 'specinterface_ln0' <Predicate = true> <Delay = 0.00>
ST_2 : Operation 19 [1/1] (0.00ns)   --->   "%specinterface_ln0 = specinterface void @_ssdm_op_SpecInterface, i16 %height, void @empty_7, i32 0, i32 0, void @empty_15, i32 0, i32 0, void @empty_15, void @empty_15, void @empty_15, i32 0, i32 0, i32 0, i32 0, void @empty_15, void @empty_15, i32 4294967295, i32 0, i32 0, i32 0"   --->   Operation 19 'specinterface' 'specinterface_ln0' <Predicate = true> <Delay = 0.00>
ST_2 : Operation 20 [1/1] (0.00ns)   --->   "%specbitsmap_ln0 = specbitsmap void @_ssdm_op_SpecBitsMap, i16 %width"   --->   Operation 20 'specbitsmap' 'specbitsmap_ln0' <Predicate = true> <Delay = 0.00>
ST_2 : Operation 21 [1/1] (0.00ns)   --->   "%specinterface_ln0 = specinterface void @_ssdm_op_SpecInterface, i16 %width, void @empty_5, i32 4294967295, i32 4294967295, void @empty_15, i32 0, i32 0, void @empty_39, void @empty_30, void @empty_15, i32 0, i32 0, i32 0, i32 0, void @empty_15, void @empty_15, i32 4294967295, i32 0, i32 0, i32 0"   --->   Operation 21 'specinterface' 'specinterface_ln0' <Predicate = true> <Delay = 0.00>
ST_2 : Operation 22 [1/1] (0.00ns)   --->   "%specinterface_ln0 = specinterface void @_ssdm_op_SpecInterface, i16 %width, void @empty_7, i32 0, i32 0, void @empty_15, i32 0, i32 0, void @empty_15, void @empty_15, void @empty_15, i32 0, i32 0, i32 0, i32 0, void @empty_15, void @empty_15, i32 4294967295, i32 0, i32 0, i32 0"   --->   Operation 22 'specinterface' 'specinterface_ln0' <Predicate = true> <Delay = 0.00>
ST_2 : Operation 23 [1/1] (0.00ns)   --->   "%specbitsmap_ln0 = specbitsmap void @_ssdm_op_SpecBitsMap, i16 %field_id"   --->   Operation 23 'specbitsmap' 'specbitsmap_ln0' <Predicate = true> <Delay = 0.00>
ST_2 : Operation 24 [1/1] (0.00ns)   --->   "%specinterface_ln0 = specinterface void @_ssdm_op_SpecInterface, i16 %field_id, void @empty_5, i32 4294967295, i32 4294967295, void @empty_15, i32 0, i32 0, void @empty_39, void @empty_8, void @empty_15, i32 0, i32 0, i32 0, i32 0, void @empty_15, void @empty_15, i32 4294967295, i32 0, i32 0, i32 0"   --->   Operation 24 'specinterface' 'specinterface_ln0' <Predicate = true> <Delay = 0.00>
ST_2 : Operation 25 [1/1] (0.00ns)   --->   "%specinterface_ln0 = specinterface void @_ssdm_op_SpecInterface, i16 %field_id, void @empty_7, i32 0, i32 0, void @empty_15, i32 0, i32 0, void @empty_15, void @empty_15, void @empty_15, i32 0, i32 0, i32 0, i32 0, void @empty_15, void @empty_15, i32 4294967295, i32 0, i32 0, i32 0"   --->   Operation 25 'specinterface' 'specinterface_ln0' <Predicate = true> <Delay = 0.00>
ST_2 : Operation 26 [1/1] (0.00ns)   --->   "%specbitsmap_ln0 = specbitsmap void @_ssdm_op_SpecBitsMap, i1 %fid_in"   --->   Operation 26 'specbitsmap' 'specbitsmap_ln0' <Predicate = true> <Delay = 0.00>
ST_2 : Operation 27 [1/1] (0.00ns)   --->   "%specinterface_ln0 = specinterface void @_ssdm_op_SpecInterface, i1 %fid_in, void @empty_7, i32 0, i32 0, void @empty_15, i32 0, i32 0, void @empty_15, void @empty_15, void @empty_15, i32 0, i32 0, i32 0, i32 0, void @empty_15, void @empty_15, i32 4294967295, i32 0, i32 0, i32 0"   --->   Operation 27 'specinterface' 'specinterface_ln0' <Predicate = true> <Delay = 0.00>
ST_2 : Operation 28 [1/1] (0.00ns)   --->   "%specbitsmap_ln0 = specbitsmap void @_ssdm_op_SpecBitsMap, i16 %passthruStartX"   --->   Operation 28 'specbitsmap' 'specbitsmap_ln0' <Predicate = true> <Delay = 0.00>
ST_2 : Operation 29 [1/1] (0.00ns)   --->   "%specinterface_ln0 = specinterface void @_ssdm_op_SpecInterface, i16 %passthruStartX, void @empty_5, i32 4294967295, i32 4294967295, void @empty_15, i32 0, i32 0, void @empty_39, void @empty_44, void @empty_15, i32 0, i32 0, i32 0, i32 0, void @empty_15, void @empty_15, i32 4294967295, i32 0, i32 0, i32 0"   --->   Operation 29 'specinterface' 'specinterface_ln0' <Predicate = true> <Delay = 0.00>
ST_2 : Operation 30 [1/1] (0.00ns)   --->   "%specinterface_ln0 = specinterface void @_ssdm_op_SpecInterface, i16 %passthruStartX, void @empty_7, i32 0, i32 0, void @empty_15, i32 0, i32 0, void @empty_15, void @empty_15, void @empty_15, i32 0, i32 0, i32 0, i32 0, void @empty_15, void @empty_15, i32 4294967295, i32 0, i32 0, i32 0"   --->   Operation 30 'specinterface' 'specinterface_ln0' <Predicate = true> <Delay = 0.00>
ST_2 : Operation 31 [1/1] (0.00ns)   --->   "%specbitsmap_ln0 = specbitsmap void @_ssdm_op_SpecBitsMap, i16 %passthruStartY"   --->   Operation 31 'specbitsmap' 'specbitsmap_ln0' <Predicate = true> <Delay = 0.00>
ST_2 : Operation 32 [1/1] (0.00ns)   --->   "%specinterface_ln0 = specinterface void @_ssdm_op_SpecInterface, i16 %passthruStartY, void @empty_5, i32 4294967295, i32 4294967295, void @empty_15, i32 0, i32 0, void @empty_39, void @empty_20, void @empty_15, i32 0, i32 0, i32 0, i32 0, void @empty_15, void @empty_15, i32 4294967295, i32 0, i32 0, i32 0"   --->   Operation 32 'specinterface' 'specinterface_ln0' <Predicate = true> <Delay = 0.00>
ST_2 : Operation 33 [1/1] (0.00ns)   --->   "%specinterface_ln0 = specinterface void @_ssdm_op_SpecInterface, i16 %passthruStartY, void @empty_7, i32 0, i32 0, void @empty_15, i32 0, i32 0, void @empty_15, void @empty_15, void @empty_15, i32 0, i32 0, i32 0, i32 0, void @empty_15, void @empty_15, i32 4294967295, i32 0, i32 0, i32 0"   --->   Operation 33 'specinterface' 'specinterface_ln0' <Predicate = true> <Delay = 0.00>
ST_2 : Operation 34 [1/1] (0.00ns)   --->   "%specbitsmap_ln0 = specbitsmap void @_ssdm_op_SpecBitsMap, i16 %passthruEndX"   --->   Operation 34 'specbitsmap' 'specbitsmap_ln0' <Predicate = true> <Delay = 0.00>
ST_2 : Operation 35 [1/1] (0.00ns)   --->   "%specinterface_ln0 = specinterface void @_ssdm_op_SpecInterface, i16 %passthruEndX, void @empty_5, i32 4294967295, i32 4294967295, void @empty_15, i32 0, i32 0, void @empty_39, void @empty_23, void @empty_15, i32 0, i32 0, i32 0, i32 0, void @empty_15, void @empty_15, i32 4294967295, i32 0, i32 0, i32 0"   --->   Operation 35 'specinterface' 'specinterface_ln0' <Predicate = true> <Delay = 0.00>
ST_2 : Operation 36 [1/1] (0.00ns)   --->   "%specinterface_ln0 = specinterface void @_ssdm_op_SpecInterface, i16 %passthruEndX, void @empty_7, i32 0, i32 0, void @empty_15, i32 0, i32 0, void @empty_15, void @empty_15, void @empty_15, i32 0, i32 0, i32 0, i32 0, void @empty_15, void @empty_15, i32 4294967295, i32 0, i32 0, i32 0"   --->   Operation 36 'specinterface' 'specinterface_ln0' <Predicate = true> <Delay = 0.00>
ST_2 : Operation 37 [1/1] (0.00ns)   --->   "%specbitsmap_ln0 = specbitsmap void @_ssdm_op_SpecBitsMap, i16 %passthruEndY"   --->   Operation 37 'specbitsmap' 'specbitsmap_ln0' <Predicate = true> <Delay = 0.00>
ST_2 : Operation 38 [1/1] (0.00ns)   --->   "%specinterface_ln0 = specinterface void @_ssdm_op_SpecInterface, i16 %passthruEndY, void @empty_5, i32 4294967295, i32 4294967295, void @empty_15, i32 0, i32 0, void @empty_39, void @empty_22, void @empty_15, i32 0, i32 0, i32 0, i32 0, void @empty_15, void @empty_15, i32 4294967295, i32 0, i32 0, i32 0"   --->   Operation 38 'specinterface' 'specinterface_ln0' <Predicate = true> <Delay = 0.00>
ST_2 : Operation 39 [1/1] (0.00ns)   --->   "%specinterface_ln0 = specinterface void @_ssdm_op_SpecInterface, i16 %passthruEndY, void @empty_7, i32 0, i32 0, void @empty_15, i32 0, i32 0, void @empty_15, void @empty_15, void @empty_15, i32 0, i32 0, i32 0, i32 0, void @empty_15, void @empty_15, i32 4294967295, i32 0, i32 0, i32 0"   --->   Operation 39 'specinterface' 'specinterface_ln0' <Predicate = true> <Delay = 0.00>
ST_2 : Operation 40 [1/1] (0.00ns)   --->   "%specbitsmap_ln0 = specbitsmap void @_ssdm_op_SpecBitsMap, i8 %enableInput"   --->   Operation 40 'specbitsmap' 'specbitsmap_ln0' <Predicate = true> <Delay = 0.00>
ST_2 : Operation 41 [1/1] (0.00ns)   --->   "%specinterface_ln0 = specinterface void @_ssdm_op_SpecInterface, i8 %enableInput, void @empty_5, i32 4294967295, i32 4294967295, void @empty_15, i32 0, i32 0, void @empty_39, void @empty_33, void @empty_15, i32 0, i32 0, i32 0, i32 0, void @empty_15, void @empty_15, i32 4294967295, i32 0, i32 0, i32 0"   --->   Operation 41 'specinterface' 'specinterface_ln0' <Predicate = true> <Delay = 0.00>
ST_2 : Operation 42 [1/1] (0.00ns)   --->   "%specinterface_ln0 = specinterface void @_ssdm_op_SpecInterface, i8 %enableInput, void @empty_7, i32 0, i32 0, void @empty_15, i32 0, i32 0, void @empty_15, void @empty_15, void @empty_15, i32 0, i32 0, i32 0, i32 0, void @empty_15, void @empty_15, i32 4294967295, i32 0, i32 0, i32 0"   --->   Operation 42 'specinterface' 'specinterface_ln0' <Predicate = true> <Delay = 0.00>
ST_2 : Operation 43 [1/1] (0.00ns)   --->   "%specbitsmap_ln0 = specbitsmap void @_ssdm_op_SpecBitsMap, i8 %bckgndId"   --->   Operation 43 'specbitsmap' 'specbitsmap_ln0' <Predicate = true> <Delay = 0.00>
ST_2 : Operation 44 [1/1] (0.00ns)   --->   "%specinterface_ln0 = specinterface void @_ssdm_op_SpecInterface, i8 %bckgndId, void @empty_5, i32 4294967295, i32 4294967295, void @empty_15, i32 0, i32 0, void @empty_39, void @empty_10, void @empty_15, i32 0, i32 0, i32 0, i32 0, void @empty_15, void @empty_15, i32 4294967295, i32 0, i32 0, i32 0"   --->   Operation 44 'specinterface' 'specinterface_ln0' <Predicate = true> <Delay = 0.00>
ST_2 : Operation 45 [1/1] (0.00ns)   --->   "%specinterface_ln0 = specinterface void @_ssdm_op_SpecInterface, i8 %bckgndId, void @empty_7, i32 0, i32 0, void @empty_15, i32 0, i32 0, void @empty_15, void @empty_15, void @empty_15, i32 0, i32 0, i32 0, i32 0, void @empty_15, void @empty_15, i32 4294967295, i32 0, i32 0, i32 0"   --->   Operation 45 'specinterface' 'specinterface_ln0' <Predicate = true> <Delay = 0.00>
ST_2 : Operation 46 [1/1] (0.00ns)   --->   "%specbitsmap_ln0 = specbitsmap void @_ssdm_op_SpecBitsMap, i8 %ovrlayId"   --->   Operation 46 'specbitsmap' 'specbitsmap_ln0' <Predicate = true> <Delay = 0.00>
ST_2 : Operation 47 [1/1] (0.00ns)   --->   "%specinterface_ln0 = specinterface void @_ssdm_op_SpecInterface, i8 %ovrlayId, void @empty_5, i32 4294967295, i32 4294967295, void @empty_15, i32 0, i32 0, void @empty_39, void @empty_29, void @empty_15, i32 0, i32 0, i32 0, i32 0, void @empty_15, void @empty_15, i32 4294967295, i32 0, i32 0, i32 0"   --->   Operation 47 'specinterface' 'specinterface_ln0' <Predicate = true> <Delay = 0.00>
ST_2 : Operation 48 [1/1] (0.00ns)   --->   "%specinterface_ln0 = specinterface void @_ssdm_op_SpecInterface, i8 %ovrlayId, void @empty_7, i32 0, i32 0, void @empty_15, i32 0, i32 0, void @empty_15, void @empty_15, void @empty_15, i32 0, i32 0, i32 0, i32 0, void @empty_15, void @empty_15, i32 4294967295, i32 0, i32 0, i32 0"   --->   Operation 48 'specinterface' 'specinterface_ln0' <Predicate = true> <Delay = 0.00>
ST_2 : Operation 49 [1/1] (0.00ns)   --->   "%specbitsmap_ln0 = specbitsmap void @_ssdm_op_SpecBitsMap, i8 %maskId"   --->   Operation 49 'specbitsmap' 'specbitsmap_ln0' <Predicate = true> <Delay = 0.00>
ST_2 : Operation 50 [1/1] (0.00ns)   --->   "%specinterface_ln0 = specinterface void @_ssdm_op_SpecInterface, i8 %maskId, void @empty_5, i32 4294967295, i32 4294967295, void @empty_15, i32 0, i32 0, void @empty_39, void @empty_43, void @empty_15, i32 0, i32 0, i32 0, i32 0, void @empty_15, void @empty_15, i32 4294967295, i32 0, i32 0, i32 0"   --->   Operation 50 'specinterface' 'specinterface_ln0' <Predicate = true> <Delay = 0.00>
ST_2 : Operation 51 [1/1] (0.00ns)   --->   "%specinterface_ln0 = specinterface void @_ssdm_op_SpecInterface, i8 %maskId, void @empty_7, i32 0, i32 0, void @empty_15, i32 0, i32 0, void @empty_15, void @empty_15, void @empty_15, i32 0, i32 0, i32 0, i32 0, void @empty_15, void @empty_15, i32 4294967295, i32 0, i32 0, i32 0"   --->   Operation 51 'specinterface' 'specinterface_ln0' <Predicate = true> <Delay = 0.00>
ST_2 : Operation 52 [1/1] (0.00ns)   --->   "%specbitsmap_ln0 = specbitsmap void @_ssdm_op_SpecBitsMap, i8 %motionSpeed"   --->   Operation 52 'specbitsmap' 'specbitsmap_ln0' <Predicate = true> <Delay = 0.00>
ST_2 : Operation 53 [1/1] (0.00ns)   --->   "%specinterface_ln0 = specinterface void @_ssdm_op_SpecInterface, i8 %motionSpeed, void @empty_5, i32 4294967295, i32 4294967295, void @empty_15, i32 0, i32 0, void @empty_39, void @empty_42, void @empty_15, i32 0, i32 0, i32 0, i32 0, void @empty_15, void @empty_15, i32 4294967295, i32 0, i32 0, i32 0"   --->   Operation 53 'specinterface' 'specinterface_ln0' <Predicate = true> <Delay = 0.00>
ST_2 : Operation 54 [1/1] (0.00ns)   --->   "%specinterface_ln0 = specinterface void @_ssdm_op_SpecInterface, i8 %motionSpeed, void @empty_7, i32 0, i32 0, void @empty_15, i32 0, i32 0, void @empty_15, void @empty_15, void @empty_15, i32 0, i32 0, i32 0, i32 0, void @empty_15, void @empty_15, i32 4294967295, i32 0, i32 0, i32 0"   --->   Operation 54 'specinterface' 'specinterface_ln0' <Predicate = true> <Delay = 0.00>
ST_2 : Operation 55 [1/1] (0.00ns)   --->   "%specbitsmap_ln0 = specbitsmap void @_ssdm_op_SpecBitsMap, i8 %colorFormat"   --->   Operation 55 'specbitsmap' 'specbitsmap_ln0' <Predicate = true> <Delay = 0.00>
ST_2 : Operation 56 [1/1] (0.00ns)   --->   "%specinterface_ln0 = specinterface void @_ssdm_op_SpecInterface, i8 %colorFormat, void @empty_5, i32 4294967295, i32 4294967295, void @empty_15, i32 0, i32 0, void @empty_39, void @empty_24, void @empty_15, i32 0, i32 0, i32 0, i32 0, void @empty_15, void @empty_15, i32 4294967295, i32 0, i32 0, i32 0"   --->   Operation 56 'specinterface' 'specinterface_ln0' <Predicate = true> <Delay = 0.00>
ST_2 : Operation 57 [1/1] (0.00ns)   --->   "%specinterface_ln0 = specinterface void @_ssdm_op_SpecInterface, i8 %colorFormat, void @empty_7, i32 0, i32 0, void @empty_15, i32 0, i32 0, void @empty_15, void @empty_15, void @empty_15, i32 0, i32 0, i32 0, i32 0, void @empty_15, void @empty_15, i32 4294967295, i32 0, i32 0, i32 0"   --->   Operation 57 'specinterface' 'specinterface_ln0' <Predicate = true> <Delay = 0.00>
ST_2 : Operation 58 [1/1] (0.00ns)   --->   "%specbitsmap_ln0 = specbitsmap void @_ssdm_op_SpecBitsMap, i16 %crossHairX"   --->   Operation 58 'specbitsmap' 'specbitsmap_ln0' <Predicate = true> <Delay = 0.00>
ST_2 : Operation 59 [1/1] (0.00ns)   --->   "%specinterface_ln0 = specinterface void @_ssdm_op_SpecInterface, i16 %crossHairX, void @empty_5, i32 4294967295, i32 4294967295, void @empty_15, i32 0, i32 0, void @empty_39, void @empty_25, void @empty_15, i32 0, i32 0, i32 0, i32 0, void @empty_15, void @empty_15, i32 4294967295, i32 0, i32 0, i32 0"   --->   Operation 59 'specinterface' 'specinterface_ln0' <Predicate = true> <Delay = 0.00>
ST_2 : Operation 60 [1/1] (0.00ns)   --->   "%specinterface_ln0 = specinterface void @_ssdm_op_SpecInterface, i16 %crossHairX, void @empty_7, i32 0, i32 0, void @empty_15, i32 0, i32 0, void @empty_15, void @empty_15, void @empty_15, i32 0, i32 0, i32 0, i32 0, void @empty_15, void @empty_15, i32 4294967295, i32 0, i32 0, i32 0"   --->   Operation 60 'specinterface' 'specinterface_ln0' <Predicate = true> <Delay = 0.00>
ST_2 : Operation 61 [1/1] (0.00ns)   --->   "%specbitsmap_ln0 = specbitsmap void @_ssdm_op_SpecBitsMap, i16 %crossHairY"   --->   Operation 61 'specbitsmap' 'specbitsmap_ln0' <Predicate = true> <Delay = 0.00>
ST_2 : Operation 62 [1/1] (0.00ns)   --->   "%specinterface_ln0 = specinterface void @_ssdm_op_SpecInterface, i16 %crossHairY, void @empty_5, i32 4294967295, i32 4294967295, void @empty_15, i32 0, i32 0, void @empty_39, void @empty_26, void @empty_15, i32 0, i32 0, i32 0, i32 0, void @empty_15, void @empty_15, i32 4294967295, i32 0, i32 0, i32 0"   --->   Operation 62 'specinterface' 'specinterface_ln0' <Predicate = true> <Delay = 0.00>
ST_2 : Operation 63 [1/1] (0.00ns)   --->   "%specinterface_ln0 = specinterface void @_ssdm_op_SpecInterface, i16 %crossHairY, void @empty_7, i32 0, i32 0, void @empty_15, i32 0, i32 0, void @empty_15, void @empty_15, void @empty_15, i32 0, i32 0, i32 0, i32 0, void @empty_15, void @empty_15, i32 4294967295, i32 0, i32 0, i32 0"   --->   Operation 63 'specinterface' 'specinterface_ln0' <Predicate = true> <Delay = 0.00>
ST_2 : Operation 64 [1/1] (0.00ns)   --->   "%specbitsmap_ln0 = specbitsmap void @_ssdm_op_SpecBitsMap, i16 %ZplateHorContStart"   --->   Operation 64 'specbitsmap' 'specbitsmap_ln0' <Predicate = true> <Delay = 0.00>
ST_2 : Operation 65 [1/1] (0.00ns)   --->   "%specinterface_ln0 = specinterface void @_ssdm_op_SpecInterface, i16 %ZplateHorContStart, void @empty_5, i32 4294967295, i32 4294967295, void @empty_15, i32 0, i32 0, void @empty_39, void @empty_27, void @empty_15, i32 0, i32 0, i32 0, i32 0, void @empty_15, void @empty_15, i32 4294967295, i32 0, i32 0, i32 0"   --->   Operation 65 'specinterface' 'specinterface_ln0' <Predicate = true> <Delay = 0.00>
ST_2 : Operation 66 [1/1] (0.00ns)   --->   "%specinterface_ln0 = specinterface void @_ssdm_op_SpecInterface, i16 %ZplateHorContStart, void @empty_7, i32 0, i32 0, void @empty_15, i32 0, i32 0, void @empty_15, void @empty_15, void @empty_15, i32 0, i32 0, i32 0, i32 0, void @empty_15, void @empty_15, i32 4294967295, i32 0, i32 0, i32 0"   --->   Operation 66 'specinterface' 'specinterface_ln0' <Predicate = true> <Delay = 0.00>
ST_2 : Operation 67 [1/1] (0.00ns)   --->   "%specbitsmap_ln0 = specbitsmap void @_ssdm_op_SpecBitsMap, i16 %ZplateHorContDelta"   --->   Operation 67 'specbitsmap' 'specbitsmap_ln0' <Predicate = true> <Delay = 0.00>
ST_2 : Operation 68 [1/1] (0.00ns)   --->   "%specinterface_ln0 = specinterface void @_ssdm_op_SpecInterface, i16 %ZplateHorContDelta, void @empty_5, i32 4294967295, i32 4294967295, void @empty_15, i32 0, i32 0, void @empty_39, void @empty_28, void @empty_15, i32 0, i32 0, i32 0, i32 0, void @empty_15, void @empty_15, i32 4294967295, i32 0, i32 0, i32 0"   --->   Operation 68 'specinterface' 'specinterface_ln0' <Predicate = true> <Delay = 0.00>
ST_2 : Operation 69 [1/1] (0.00ns)   --->   "%specinterface_ln0 = specinterface void @_ssdm_op_SpecInterface, i16 %ZplateHorContDelta, void @empty_7, i32 0, i32 0, void @empty_15, i32 0, i32 0, void @empty_15, void @empty_15, void @empty_15, i32 0, i32 0, i32 0, i32 0, void @empty_15, void @empty_15, i32 4294967295, i32 0, i32 0, i32 0"   --->   Operation 69 'specinterface' 'specinterface_ln0' <Predicate = true> <Delay = 0.00>
ST_2 : Operation 70 [1/1] (0.00ns)   --->   "%specbitsmap_ln0 = specbitsmap void @_ssdm_op_SpecBitsMap, i16 %ZplateVerContStart"   --->   Operation 70 'specbitsmap' 'specbitsmap_ln0' <Predicate = true> <Delay = 0.00>
ST_2 : Operation 71 [1/1] (0.00ns)   --->   "%specinterface_ln0 = specinterface void @_ssdm_op_SpecInterface, i16 %ZplateVerContStart, void @empty_5, i32 4294967295, i32 4294967295, void @empty_15, i32 0, i32 0, void @empty_39, void @empty_6, void @empty_15, i32 0, i32 0, i32 0, i32 0, void @empty_15, void @empty_15, i32 4294967295, i32 0, i32 0, i32 0"   --->   Operation 71 'specinterface' 'specinterface_ln0' <Predicate = true> <Delay = 0.00>
ST_2 : Operation 72 [1/1] (0.00ns)   --->   "%specinterface_ln0 = specinterface void @_ssdm_op_SpecInterface, i16 %ZplateVerContStart, void @empty_7, i32 0, i32 0, void @empty_15, i32 0, i32 0, void @empty_15, void @empty_15, void @empty_15, i32 0, i32 0, i32 0, i32 0, void @empty_15, void @empty_15, i32 4294967295, i32 0, i32 0, i32 0"   --->   Operation 72 'specinterface' 'specinterface_ln0' <Predicate = true> <Delay = 0.00>
ST_2 : Operation 73 [1/1] (0.00ns)   --->   "%specbitsmap_ln0 = specbitsmap void @_ssdm_op_SpecBitsMap, i16 %ZplateVerContDelta"   --->   Operation 73 'specbitsmap' 'specbitsmap_ln0' <Predicate = true> <Delay = 0.00>
ST_2 : Operation 74 [1/1] (0.00ns)   --->   "%specinterface_ln0 = specinterface void @_ssdm_op_SpecInterface, i16 %ZplateVerContDelta, void @empty_5, i32 4294967295, i32 4294967295, void @empty_15, i32 0, i32 0, void @empty_39, void @empty_14, void @empty_15, i32 0, i32 0, i32 0, i32 0, void @empty_15, void @empty_15, i32 4294967295, i32 0, i32 0, i32 0"   --->   Operation 74 'specinterface' 'specinterface_ln0' <Predicate = true> <Delay = 0.00>
ST_2 : Operation 75 [1/1] (0.00ns)   --->   "%specinterface_ln0 = specinterface void @_ssdm_op_SpecInterface, i16 %ZplateVerContDelta, void @empty_7, i32 0, i32 0, void @empty_15, i32 0, i32 0, void @empty_15, void @empty_15, void @empty_15, i32 0, i32 0, i32 0, i32 0, void @empty_15, void @empty_15, i32 4294967295, i32 0, i32 0, i32 0"   --->   Operation 75 'specinterface' 'specinterface_ln0' <Predicate = true> <Delay = 0.00>
ST_2 : Operation 76 [1/1] (0.00ns)   --->   "%specbitsmap_ln0 = specbitsmap void @_ssdm_op_SpecBitsMap, i16 %boxSize"   --->   Operation 76 'specbitsmap' 'specbitsmap_ln0' <Predicate = true> <Delay = 0.00>
ST_2 : Operation 77 [1/1] (0.00ns)   --->   "%specinterface_ln0 = specinterface void @_ssdm_op_SpecInterface, i16 %boxSize, void @empty_5, i32 4294967295, i32 4294967295, void @empty_15, i32 0, i32 0, void @empty_39, void @empty_16, void @empty_15, i32 0, i32 0, i32 0, i32 0, void @empty_15, void @empty_15, i32 4294967295, i32 0, i32 0, i32 0"   --->   Operation 77 'specinterface' 'specinterface_ln0' <Predicate = true> <Delay = 0.00>
ST_2 : Operation 78 [1/1] (0.00ns)   --->   "%specinterface_ln0 = specinterface void @_ssdm_op_SpecInterface, i16 %boxSize, void @empty_7, i32 0, i32 0, void @empty_15, i32 0, i32 0, void @empty_15, void @empty_15, void @empty_15, i32 0, i32 0, i32 0, i32 0, void @empty_15, void @empty_15, i32 4294967295, i32 0, i32 0, i32 0"   --->   Operation 78 'specinterface' 'specinterface_ln0' <Predicate = true> <Delay = 0.00>
ST_2 : Operation 79 [1/1] (0.00ns)   --->   "%specbitsmap_ln0 = specbitsmap void @_ssdm_op_SpecBitsMap, i16 %boxColorR"   --->   Operation 79 'specbitsmap' 'specbitsmap_ln0' <Predicate = true> <Delay = 0.00>
ST_2 : Operation 80 [1/1] (0.00ns)   --->   "%specinterface_ln0 = specinterface void @_ssdm_op_SpecInterface, i16 %boxColorR, void @empty_5, i32 4294967295, i32 4294967295, void @empty_15, i32 0, i32 0, void @empty_39, void @empty_11, void @empty_15, i32 0, i32 0, i32 0, i32 0, void @empty_15, void @empty_15, i32 4294967295, i32 0, i32 0, i32 0"   --->   Operation 80 'specinterface' 'specinterface_ln0' <Predicate = true> <Delay = 0.00>
ST_2 : Operation 81 [1/1] (0.00ns)   --->   "%specinterface_ln0 = specinterface void @_ssdm_op_SpecInterface, i16 %boxColorR, void @empty_7, i32 0, i32 0, void @empty_15, i32 0, i32 0, void @empty_15, void @empty_15, void @empty_15, i32 0, i32 0, i32 0, i32 0, void @empty_15, void @empty_15, i32 4294967295, i32 0, i32 0, i32 0"   --->   Operation 81 'specinterface' 'specinterface_ln0' <Predicate = true> <Delay = 0.00>
ST_2 : Operation 82 [1/1] (0.00ns)   --->   "%specbitsmap_ln0 = specbitsmap void @_ssdm_op_SpecBitsMap, i16 %boxColorG"   --->   Operation 82 'specbitsmap' 'specbitsmap_ln0' <Predicate = true> <Delay = 0.00>
ST_2 : Operation 83 [1/1] (0.00ns)   --->   "%specinterface_ln0 = specinterface void @_ssdm_op_SpecInterface, i16 %boxColorG, void @empty_5, i32 4294967295, i32 4294967295, void @empty_15, i32 0, i32 0, void @empty_39, void @empty_31, void @empty_15, i32 0, i32 0, i32 0, i32 0, void @empty_15, void @empty_15, i32 4294967295, i32 0, i32 0, i32 0"   --->   Operation 83 'specinterface' 'specinterface_ln0' <Predicate = true> <Delay = 0.00>
ST_2 : Operation 84 [1/1] (0.00ns)   --->   "%specinterface_ln0 = specinterface void @_ssdm_op_SpecInterface, i16 %boxColorG, void @empty_7, i32 0, i32 0, void @empty_15, i32 0, i32 0, void @empty_15, void @empty_15, void @empty_15, i32 0, i32 0, i32 0, i32 0, void @empty_15, void @empty_15, i32 4294967295, i32 0, i32 0, i32 0"   --->   Operation 84 'specinterface' 'specinterface_ln0' <Predicate = true> <Delay = 0.00>
ST_2 : Operation 85 [1/1] (0.00ns)   --->   "%specbitsmap_ln0 = specbitsmap void @_ssdm_op_SpecBitsMap, i16 %boxColorB"   --->   Operation 85 'specbitsmap' 'specbitsmap_ln0' <Predicate = true> <Delay = 0.00>
ST_2 : Operation 86 [1/1] (0.00ns)   --->   "%specinterface_ln0 = specinterface void @_ssdm_op_SpecInterface, i16 %boxColorB, void @empty_5, i32 4294967295, i32 4294967295, void @empty_15, i32 0, i32 0, void @empty_39, void @empty_32, void @empty_15, i32 0, i32 0, i32 0, i32 0, void @empty_15, void @empty_15, i32 4294967295, i32 0, i32 0, i32 0"   --->   Operation 86 'specinterface' 'specinterface_ln0' <Predicate = true> <Delay = 0.00>
ST_2 : Operation 87 [1/1] (0.00ns)   --->   "%specinterface_ln0 = specinterface void @_ssdm_op_SpecInterface, i16 %boxColorB, void @empty_7, i32 0, i32 0, void @empty_15, i32 0, i32 0, void @empty_15, void @empty_15, void @empty_15, i32 0, i32 0, i32 0, i32 0, void @empty_15, void @empty_15, i32 4294967295, i32 0, i32 0, i32 0"   --->   Operation 87 'specinterface' 'specinterface_ln0' <Predicate = true> <Delay = 0.00>
ST_2 : Operation 88 [1/1] (0.00ns)   --->   "%specbitsmap_ln0 = specbitsmap void @_ssdm_op_SpecBitsMap, i8 %dpDynamicRange"   --->   Operation 88 'specbitsmap' 'specbitsmap_ln0' <Predicate = true> <Delay = 0.00>
ST_2 : Operation 89 [1/1] (0.00ns)   --->   "%specinterface_ln0 = specinterface void @_ssdm_op_SpecInterface, i8 %dpDynamicRange, void @empty_5, i32 4294967295, i32 4294967295, void @empty_15, i32 0, i32 0, void @empty_39, void @empty_40, void @empty_15, i32 0, i32 0, i32 0, i32 0, void @empty_15, void @empty_15, i32 4294967295, i32 0, i32 0, i32 0"   --->   Operation 89 'specinterface' 'specinterface_ln0' <Predicate = true> <Delay = 0.00>
ST_2 : Operation 90 [1/1] (0.00ns)   --->   "%specinterface_ln0 = specinterface void @_ssdm_op_SpecInterface, i8 %dpDynamicRange, void @empty_7, i32 0, i32 0, void @empty_15, i32 0, i32 0, void @empty_15, void @empty_15, void @empty_15, i32 0, i32 0, i32 0, i32 0, void @empty_15, void @empty_15, i32 4294967295, i32 0, i32 0, i32 0"   --->   Operation 90 'specinterface' 'specinterface_ln0' <Predicate = true> <Delay = 0.00>
ST_2 : Operation 91 [1/1] (0.00ns)   --->   "%specbitsmap_ln0 = specbitsmap void @_ssdm_op_SpecBitsMap, i8 %dpYUVCoef"   --->   Operation 91 'specbitsmap' 'specbitsmap_ln0' <Predicate = true> <Delay = 0.00>
ST_2 : Operation 92 [1/1] (0.00ns)   --->   "%specinterface_ln0 = specinterface void @_ssdm_op_SpecInterface, i8 %dpYUVCoef, void @empty_5, i32 4294967295, i32 4294967295, void @empty_15, i32 0, i32 0, void @empty_39, void @empty_21, void @empty_15, i32 0, i32 0, i32 0, i32 0, void @empty_15, void @empty_15, i32 4294967295, i32 0, i32 0, i32 0"   --->   Operation 92 'specinterface' 'specinterface_ln0' <Predicate = true> <Delay = 0.00>
ST_2 : Operation 93 [1/1] (0.00ns)   --->   "%specinterface_ln0 = specinterface void @_ssdm_op_SpecInterface, i8 %dpYUVCoef, void @empty_7, i32 0, i32 0, void @empty_15, i32 0, i32 0, void @empty_15, void @empty_15, void @empty_15, i32 0, i32 0, i32 0, i32 0, void @empty_15, void @empty_15, i32 4294967295, i32 0, i32 0, i32 0"   --->   Operation 93 'specinterface' 'specinterface_ln0' <Predicate = true> <Delay = 0.00>
ST_2 : Operation 94 [1/1] (0.00ns)   --->   "%specbitsmap_ln0 = specbitsmap void @_ssdm_op_SpecBitsMap, i16 %bck_motion_en"   --->   Operation 94 'specbitsmap' 'specbitsmap_ln0' <Predicate = true> <Delay = 0.00>
ST_2 : Operation 95 [1/1] (0.00ns)   --->   "%specinterface_ln0 = specinterface void @_ssdm_op_SpecInterface, i16 %bck_motion_en, void @empty_5, i32 4294967295, i32 4294967295, void @empty_15, i32 0, i32 0, void @empty_39, void @empty_0, void @empty_15, i32 0, i32 0, i32 0, i32 0, void @empty_15, void @empty_15, i32 4294967295, i32 0, i32 0, i32 0"   --->   Operation 95 'specinterface' 'specinterface_ln0' <Predicate = true> <Delay = 0.00>
ST_2 : Operation 96 [1/1] (0.00ns)   --->   "%specinterface_ln0 = specinterface void @_ssdm_op_SpecInterface, i16 %bck_motion_en, void @empty_7, i32 0, i32 0, void @empty_15, i32 0, i32 0, void @empty_15, void @empty_15, void @empty_15, i32 0, i32 0, i32 0, i32 0, void @empty_15, void @empty_15, i32 4294967295, i32 0, i32 0, i32 0"   --->   Operation 96 'specinterface' 'specinterface_ln0' <Predicate = true> <Delay = 0.00>
ST_2 : Operation 97 [1/1] (0.00ns)   --->   "%specinterface_ln0 = specinterface void @_ssdm_op_SpecInterface, i48 %m_axis_video_V_data_V, i6 %m_axis_video_V_keep_V, i6 %m_axis_video_V_strb_V, i1 %m_axis_video_V_user_V, i1 %m_axis_video_V_last_V, i1 %m_axis_video_V_id_V, i1 %m_axis_video_V_dest_V, void @empty_13, i32 1, i32 1, void @empty_4, i32 0, i32 0, void @empty_15, void @empty_15, void @empty_15, i32 0, i32 0, i32 0, i32 0, void @empty_15, void @empty_15, i32 4294967295, i32 0, i32 0, i32 0"   --->   Operation 97 'specinterface' 'specinterface_ln0' <Predicate = true> <Delay = 0.00>
ST_2 : Operation 98 [1/1] (0.00ns)   --->   "%specbitsmap_ln0 = specbitsmap void @_ssdm_op_SpecBitsMap, i48 %m_axis_video_V_data_V"   --->   Operation 98 'specbitsmap' 'specbitsmap_ln0' <Predicate = true> <Delay = 0.00>
ST_2 : Operation 99 [1/1] (0.00ns)   --->   "%specbitsmap_ln0 = specbitsmap void @_ssdm_op_SpecBitsMap, i6 %m_axis_video_V_keep_V"   --->   Operation 99 'specbitsmap' 'specbitsmap_ln0' <Predicate = true> <Delay = 0.00>
ST_2 : Operation 100 [1/1] (0.00ns)   --->   "%specbitsmap_ln0 = specbitsmap void @_ssdm_op_SpecBitsMap, i6 %m_axis_video_V_strb_V"   --->   Operation 100 'specbitsmap' 'specbitsmap_ln0' <Predicate = true> <Delay = 0.00>
ST_2 : Operation 101 [1/1] (0.00ns)   --->   "%specbitsmap_ln0 = specbitsmap void @_ssdm_op_SpecBitsMap, i1 %m_axis_video_V_user_V"   --->   Operation 101 'specbitsmap' 'specbitsmap_ln0' <Predicate = true> <Delay = 0.00>
ST_2 : Operation 102 [1/1] (0.00ns)   --->   "%specbitsmap_ln0 = specbitsmap void @_ssdm_op_SpecBitsMap, i1 %m_axis_video_V_last_V"   --->   Operation 102 'specbitsmap' 'specbitsmap_ln0' <Predicate = true> <Delay = 0.00>
ST_2 : Operation 103 [1/1] (0.00ns)   --->   "%specbitsmap_ln0 = specbitsmap void @_ssdm_op_SpecBitsMap, i1 %m_axis_video_V_id_V"   --->   Operation 103 'specbitsmap' 'specbitsmap_ln0' <Predicate = true> <Delay = 0.00>
ST_2 : Operation 104 [1/1] (0.00ns)   --->   "%specbitsmap_ln0 = specbitsmap void @_ssdm_op_SpecBitsMap, i1 %m_axis_video_V_dest_V"   --->   Operation 104 'specbitsmap' 'specbitsmap_ln0' <Predicate = true> <Delay = 0.00>
ST_2 : Operation 105 [1/1] (0.00ns)   --->   "%specbitsmap_ln0 = specbitsmap void @_ssdm_op_SpecBitsMap, i1 %fid"   --->   Operation 105 'specbitsmap' 'specbitsmap_ln0' <Predicate = true> <Delay = 0.00>
ST_2 : Operation 106 [1/1] (0.00ns)   --->   "%specinterface_ln0 = specinterface void @_ssdm_op_SpecInterface, i1 %fid, void @empty, i32 4294967295, i32 4294967295, void @empty_15, i32 0, i32 0, void @empty_15, void @empty_15, void @empty_15, i32 0, i32 0, i32 0, i32 0, void @empty_15, void @empty_15, i32 4294967295, i32 0, i32 0, i32 0"   --->   Operation 106 'specinterface' 'specinterface_ln0' <Predicate = true> <Delay = 0.00>
ST_2 : Operation 107 [1/1] (0.00ns)   --->   "%specinterface_ln0 = specinterface void @_ssdm_op_SpecInterface, i32 0, void @empty_5, i32 0, i32 0, void @empty_15, i32 0, i32 0, void @empty_39, void @empty_15, void @empty_15, i32 0, i32 0, i32 0, i32 0, void @empty_15, void @empty_15, i32 0, i32 0, i32 0, i32 0"   --->   Operation 107 'specinterface' 'specinterface_ln0' <Predicate = true> <Delay = 0.00>
ST_2 : Operation 108 [1/1] (0.00ns)   --->   "%specstablecontent_ln465 = specstablecontent void @_ssdm_op_SpecStableContent, i16 %width, i1 1, void " [prj/sol/.autopilot/db/v_tpg.cpp:465]   --->   Operation 108 'specstablecontent' 'specstablecontent_ln465' <Predicate = true> <Delay = 0.00>
ST_2 : Operation 109 [1/1] (0.00ns)   --->   "%specstablecontent_ln466 = specstablecontent void @_ssdm_op_SpecStableContent, i16 %height, i1 1, void " [prj/sol/.autopilot/db/v_tpg.cpp:466]   --->   Operation 109 'specstablecontent' 'specstablecontent_ln466' <Predicate = true> <Delay = 0.00>
ST_2 : Operation 110 [1/1] (0.00ns)   --->   "%specstablecontent_ln467 = specstablecontent void @_ssdm_op_SpecStableContent, i16 %field_id, i1 1, void " [prj/sol/.autopilot/db/v_tpg.cpp:467]   --->   Operation 110 'specstablecontent' 'specstablecontent_ln467' <Predicate = true> <Delay = 0.00>
ST_2 : Operation 111 [1/1] (0.00ns)   --->   "%specstablecontent_ln468 = specstablecontent void @_ssdm_op_SpecStableContent, i16 %bck_motion_en, i1 1, void " [prj/sol/.autopilot/db/v_tpg.cpp:468]   --->   Operation 111 'specstablecontent' 'specstablecontent_ln468' <Predicate = true> <Delay = 0.00>
ST_2 : Operation 112 [1/1] (0.00ns)   --->   "%specstablecontent_ln470 = specstablecontent void @_ssdm_op_SpecStableContent, i1 %fid_in, i1 1, void " [prj/sol/.autopilot/db/v_tpg.cpp:470]   --->   Operation 112 'specstablecontent' 'specstablecontent_ln470' <Predicate = true> <Delay = 0.00>
ST_2 : Operation 113 [1/1] (0.00ns)   --->   "%specstablecontent_ln473 = specstablecontent void @_ssdm_op_SpecStableContent, i16 %passthruStartX, i1 1, void " [prj/sol/.autopilot/db/v_tpg.cpp:473]   --->   Operation 113 'specstablecontent' 'specstablecontent_ln473' <Predicate = true> <Delay = 0.00>
ST_2 : Operation 114 [1/1] (0.00ns)   --->   "%specstablecontent_ln474 = specstablecontent void @_ssdm_op_SpecStableContent, i16 %passthruStartY, i1 1, void " [prj/sol/.autopilot/db/v_tpg.cpp:474]   --->   Operation 114 'specstablecontent' 'specstablecontent_ln474' <Predicate = true> <Delay = 0.00>
ST_2 : Operation 115 [1/1] (0.00ns)   --->   "%specstablecontent_ln475 = specstablecontent void @_ssdm_op_SpecStableContent, i16 %passthruEndX, i1 1, void " [prj/sol/.autopilot/db/v_tpg.cpp:475]   --->   Operation 115 'specstablecontent' 'specstablecontent_ln475' <Predicate = true> <Delay = 0.00>
ST_2 : Operation 116 [1/1] (0.00ns)   --->   "%specstablecontent_ln476 = specstablecontent void @_ssdm_op_SpecStableContent, i16 %passthruEndY, i1 1, void " [prj/sol/.autopilot/db/v_tpg.cpp:476]   --->   Operation 116 'specstablecontent' 'specstablecontent_ln476' <Predicate = true> <Delay = 0.00>
ST_2 : Operation 117 [1/1] (0.00ns)   --->   "%specstablecontent_ln477 = specstablecontent void @_ssdm_op_SpecStableContent, i8 %enableInput, i1 1, void " [prj/sol/.autopilot/db/v_tpg.cpp:477]   --->   Operation 117 'specstablecontent' 'specstablecontent_ln477' <Predicate = true> <Delay = 0.00>
ST_2 : Operation 118 [1/1] (0.00ns)   --->   "%specstablecontent_ln480 = specstablecontent void @_ssdm_op_SpecStableContent, i8 %bckgndId, i1 1, void " [prj/sol/.autopilot/db/v_tpg.cpp:480]   --->   Operation 118 'specstablecontent' 'specstablecontent_ln480' <Predicate = true> <Delay = 0.00>
ST_2 : Operation 119 [1/1] (0.00ns)   --->   "%specstablecontent_ln481 = specstablecontent void @_ssdm_op_SpecStableContent, i8 %ovrlayId, i1 1, void " [prj/sol/.autopilot/db/v_tpg.cpp:481]   --->   Operation 119 'specstablecontent' 'specstablecontent_ln481' <Predicate = true> <Delay = 0.00>
ST_2 : Operation 120 [1/1] (0.00ns)   --->   "%specstablecontent_ln482 = specstablecontent void @_ssdm_op_SpecStableContent, i8 %maskId, i1 1, void " [prj/sol/.autopilot/db/v_tpg.cpp:482]   --->   Operation 120 'specstablecontent' 'specstablecontent_ln482' <Predicate = true> <Delay = 0.00>
ST_2 : Operation 121 [1/1] (0.00ns)   --->   "%specstablecontent_ln483 = specstablecontent void @_ssdm_op_SpecStableContent, i8 %motionSpeed, i1 1, void " [prj/sol/.autopilot/db/v_tpg.cpp:483]   --->   Operation 121 'specstablecontent' 'specstablecontent_ln483' <Predicate = true> <Delay = 0.00>
ST_2 : Operation 122 [1/1] (0.00ns)   --->   "%specstablecontent_ln484 = specstablecontent void @_ssdm_op_SpecStableContent, i8 %colorFormat, i1 1, void " [prj/sol/.autopilot/db/v_tpg.cpp:484]   --->   Operation 122 'specstablecontent' 'specstablecontent_ln484' <Predicate = true> <Delay = 0.00>
ST_2 : Operation 123 [1/1] (0.00ns)   --->   "%specstablecontent_ln485 = specstablecontent void @_ssdm_op_SpecStableContent, i16 %crossHairX, i1 1, void " [prj/sol/.autopilot/db/v_tpg.cpp:485]   --->   Operation 123 'specstablecontent' 'specstablecontent_ln485' <Predicate = true> <Delay = 0.00>
ST_2 : Operation 124 [1/1] (0.00ns)   --->   "%specstablecontent_ln486 = specstablecontent void @_ssdm_op_SpecStableContent, i16 %crossHairY, i1 1, void " [prj/sol/.autopilot/db/v_tpg.cpp:486]   --->   Operation 124 'specstablecontent' 'specstablecontent_ln486' <Predicate = true> <Delay = 0.00>
ST_2 : Operation 125 [1/1] (0.00ns)   --->   "%specstablecontent_ln487 = specstablecontent void @_ssdm_op_SpecStableContent, i16 %ZplateHorContStart, i1 1, void " [prj/sol/.autopilot/db/v_tpg.cpp:487]   --->   Operation 125 'specstablecontent' 'specstablecontent_ln487' <Predicate = true> <Delay = 0.00>
ST_2 : Operation 126 [1/1] (0.00ns)   --->   "%specstablecontent_ln488 = specstablecontent void @_ssdm_op_SpecStableContent, i16 %ZplateHorContDelta, i1 1, void " [prj/sol/.autopilot/db/v_tpg.cpp:488]   --->   Operation 126 'specstablecontent' 'specstablecontent_ln488' <Predicate = true> <Delay = 0.00>
ST_2 : Operation 127 [1/1] (0.00ns)   --->   "%specstablecontent_ln489 = specstablecontent void @_ssdm_op_SpecStableContent, i16 %ZplateVerContStart, i1 1, void " [prj/sol/.autopilot/db/v_tpg.cpp:489]   --->   Operation 127 'specstablecontent' 'specstablecontent_ln489' <Predicate = true> <Delay = 0.00>
ST_2 : Operation 128 [1/1] (0.00ns)   --->   "%specstablecontent_ln490 = specstablecontent void @_ssdm_op_SpecStableContent, i16 %ZplateVerContDelta, i1 1, void " [prj/sol/.autopilot/db/v_tpg.cpp:490]   --->   Operation 128 'specstablecontent' 'specstablecontent_ln490' <Predicate = true> <Delay = 0.00>
ST_2 : Operation 129 [1/1] (0.00ns)   --->   "%specstablecontent_ln491 = specstablecontent void @_ssdm_op_SpecStableContent, i16 %boxSize, i1 1, void " [prj/sol/.autopilot/db/v_tpg.cpp:491]   --->   Operation 129 'specstablecontent' 'specstablecontent_ln491' <Predicate = true> <Delay = 0.00>
ST_2 : Operation 130 [1/1] (0.00ns)   --->   "%specstablecontent_ln492 = specstablecontent void @_ssdm_op_SpecStableContent, i16 %boxColorR, i1 1, void " [prj/sol/.autopilot/db/v_tpg.cpp:492]   --->   Operation 130 'specstablecontent' 'specstablecontent_ln492' <Predicate = true> <Delay = 0.00>
ST_2 : Operation 131 [1/1] (0.00ns)   --->   "%specstablecontent_ln493 = specstablecontent void @_ssdm_op_SpecStableContent, i16 %boxColorG, i1 1, void " [prj/sol/.autopilot/db/v_tpg.cpp:493]   --->   Operation 131 'specstablecontent' 'specstablecontent_ln493' <Predicate = true> <Delay = 0.00>
ST_2 : Operation 132 [1/1] (0.00ns)   --->   "%specstablecontent_ln494 = specstablecontent void @_ssdm_op_SpecStableContent, i16 %boxColorB, i1 1, void " [prj/sol/.autopilot/db/v_tpg.cpp:494]   --->   Operation 132 'specstablecontent' 'specstablecontent_ln494' <Predicate = true> <Delay = 0.00>
ST_2 : Operation 133 [1/1] (0.00ns)   --->   "%specstablecontent_ln495 = specstablecontent void @_ssdm_op_SpecStableContent, i8 %dpDynamicRange, i1 1, void " [prj/sol/.autopilot/db/v_tpg.cpp:495]   --->   Operation 133 'specstablecontent' 'specstablecontent_ln495' <Predicate = true> <Delay = 0.00>
ST_2 : Operation 134 [1/1] (0.00ns)   --->   "%specstablecontent_ln496 = specstablecontent void @_ssdm_op_SpecStableContent, i8 %dpYUVCoef, i1 1, void " [prj/sol/.autopilot/db/v_tpg.cpp:496]   --->   Operation 134 'specstablecontent' 'specstablecontent_ln496' <Predicate = true> <Delay = 0.00>
ST_2 : Operation 135 [1/2] (0.00ns)   --->   "%tmp = call i16 @reg<unsigned short>, i16 %bck_motion_en_read" [prj/sol/.autopilot/db/v_tpg.cpp:500]   --->   Operation 135 'call' 'tmp' <Predicate = true> <Delay = 0.00> <CoreType = "Generic">   --->   Generic Core
ST_2 : Operation 136 [1/1] (0.85ns)   --->   "%icmp_ln500 = icmp_eq  i16 %tmp, i16 1" [prj/sol/.autopilot/db/v_tpg.cpp:500]   --->   Operation 136 'icmp' 'icmp_ln500' <Predicate = true> <Delay = 0.85> <CoreInst = "Cmp">   --->   Core 9 'Cmp' <Latency = 0> <II = 1> <Delay = 0.85> <FuncUnit> <Opcode : 'seteq' 'setne' 'setle' 'setge' 'setlt' 'setgt'> <InPorts = 2> <OutPorts = 1>
ST_2 : Operation 137 [1/1] (0.00ns)   --->   "%specaxissidechannel_ln500 = specaxissidechannel void @_ssdm_op_SpecAXISSideChannel, i48 %m_axis_video_V_data_V, i6 %m_axis_video_V_keep_V, i6 %m_axis_video_V_strb_V, i1 %m_axis_video_V_user_V, i1 %m_axis_video_V_last_V, i1 %m_axis_video_V_id_V, i1 %m_axis_video_V_dest_V, void @empty_45" [prj/sol/.autopilot/db/v_tpg.cpp:500]   --->   Operation 137 'specaxissidechannel' 'specaxissidechannel_ln500' <Predicate = true> <Delay = 0.00>
ST_2 : Operation 138 [1/1] (0.00ns)   --->   "%specaxissidechannel_ln500 = specaxissidechannel void @_ssdm_op_SpecAXISSideChannel, i48 %s_axis_video_V_data_V, i6 %s_axis_video_V_keep_V, i6 %s_axis_video_V_strb_V, i1 %s_axis_video_V_user_V, i1 %s_axis_video_V_last_V, i1 %s_axis_video_V_id_V, i1 %s_axis_video_V_dest_V, void @empty_34" [prj/sol/.autopilot/db/v_tpg.cpp:500]   --->   Operation 138 'specaxissidechannel' 'specaxissidechannel_ln500' <Predicate = true> <Delay = 0.00>
ST_2 : Operation 139 [1/1] (0.00ns)   --->   "%br_ln500 = br i1 %icmp_ln500, void %if.end7, void %if.then" [prj/sol/.autopilot/db/v_tpg.cpp:500]   --->   Operation 139 'br' 'br_ln500' <Predicate = true> <Delay = 0.00>
ST_2 : Operation 140 [1/1] (0.00ns)   --->   "%count_load = load i32 %count" [prj/sol/.autopilot/db/v_tpg.cpp:502]   --->   Operation 140 'load' 'count_load' <Predicate = (icmp_ln500)> <Delay = 0.00>
ST_2 : Operation 141 [1/1] (1.01ns)   --->   "%add_ln502 = add i32 %count_load, i32 1" [prj/sol/.autopilot/db/v_tpg.cpp:502]   --->   Operation 141 'add' 'add_ln502' <Predicate = (icmp_ln500)> <Delay = 1.01> <CoreInst = "Adder">   --->   Core 1 'Adder' <Latency = 0> <II = 1> <Delay = 1.01> <FuncUnit> <Opcode : 'add' 'sub'> <InPorts = 2> <OutPorts = 1>
ST_2 : Operation 142 [1/1] (1.01ns)   --->   "%icmp_ln503 = icmp_eq  i32 %add_ln502, i32 10" [prj/sol/.autopilot/db/v_tpg.cpp:503]   --->   Operation 142 'icmp' 'icmp_ln503' <Predicate = (icmp_ln500)> <Delay = 1.01> <CoreInst = "Cmp">   --->   Core 9 'Cmp' <Latency = 0> <II = 1> <Delay = 1.01> <FuncUnit> <Opcode : 'seteq' 'setne' 'setle' 'setge' 'setlt' 'setgt'> <InPorts = 2> <OutPorts = 1>
ST_2 : Operation 143 [1/1] (0.42ns)   --->   "%br_ln503 = br i1 %icmp_ln503, void %mergeST, void %if.then2" [prj/sol/.autopilot/db/v_tpg.cpp:503]   --->   Operation 143 'br' 'br_ln503' <Predicate = (icmp_ln500)> <Delay = 0.42>
ST_2 : Operation 144 [1/1] (0.00ns)   --->   "%s_load = load i32 %s" [prj/sol/.autopilot/db/v_tpg.cpp:505]   --->   Operation 144 'load' 's_load' <Predicate = (icmp_ln500 & icmp_ln503)> <Delay = 0.00>
ST_2 : Operation 145 [1/1] (0.00ns)   --->   "%tmp_1 = partselect i29 @_ssdm_op_PartSelect.i29.i32.i32.i32, i32 %s_load, i32 3, i32 31" [prj/sol/.autopilot/db/v_tpg.cpp:505]   --->   Operation 145 'partselect' 'tmp_1' <Predicate = (icmp_ln500 & icmp_ln503)> <Delay = 0.00>
ST_2 : Operation 146 [1/1] (0.98ns)   --->   "%icmp_ln505 = icmp_slt  i29 %tmp_1, i29 1" [prj/sol/.autopilot/db/v_tpg.cpp:505]   --->   Operation 146 'icmp' 'icmp_ln505' <Predicate = (icmp_ln500 & icmp_ln503)> <Delay = 0.98> <CoreInst = "Cmp">   --->   Core 9 'Cmp' <Latency = 0> <II = 1> <Delay = 0.98> <FuncUnit> <Opcode : 'seteq' 'setne' 'setle' 'setge' 'setlt' 'setgt'> <InPorts = 2> <OutPorts = 1>
ST_2 : Operation 147 [1/1] (1.01ns)   --->   "%add_ln507 = add i32 %s_load, i32 1" [prj/sol/.autopilot/db/v_tpg.cpp:507]   --->   Operation 147 'add' 'add_ln507' <Predicate = (icmp_ln500 & icmp_ln503)> <Delay = 1.01> <CoreInst = "Adder">   --->   Core 1 'Adder' <Latency = 0> <II = 1> <Delay = 1.01> <FuncUnit> <Opcode : 'add' 'sub'> <InPorts = 2> <OutPorts = 1>
ST_2 : Operation 148 [1/1] (0.41ns)   --->   "%select_ln505 = select i1 %icmp_ln505, i32 %add_ln507, i32 0" [prj/sol/.autopilot/db/v_tpg.cpp:505]   --->   Operation 148 'select' 'select_ln505' <Predicate = (icmp_ln500 & icmp_ln503)> <Delay = 0.41> <CoreInst = "Sel">   --->   Core 73 'Sel' <Latency = 0> <II = 1> <Delay = 0.41> <FuncUnit> <Opcode : 'select'> <InPorts = 3> <OutPorts = 1>
ST_2 : Operation 149 [1/1] (0.00ns)   --->   "%store_ln505 = store i32 %select_ln505, i32 %s" [prj/sol/.autopilot/db/v_tpg.cpp:505]   --->   Operation 149 'store' 'store_ln505' <Predicate = (icmp_ln500 & icmp_ln503)> <Delay = 0.00>
ST_2 : Operation 150 [1/1] (0.42ns)   --->   "%br_ln514 = br void %mergeST" [prj/sol/.autopilot/db/v_tpg.cpp:514]   --->   Operation 150 'br' 'br_ln514' <Predicate = (icmp_ln500 & icmp_ln503)> <Delay = 0.42>

State 3 <SV = 2> <Delay = 3.62>
ST_3 : Operation 151 [1/1] (0.00ns)   --->   "%count_new_0 = phi i32 0, void %if.then2, i32 %add_ln502, void %if.then" [prj/sol/.autopilot/db/v_tpg.cpp:502]   --->   Operation 151 'phi' 'count_new_0' <Predicate = (icmp_ln500)> <Delay = 0.00>
ST_3 : Operation 152 [1/1] (0.00ns)   --->   "%store_ln502 = store i32 %count_new_0, i32 %count" [prj/sol/.autopilot/db/v_tpg.cpp:502]   --->   Operation 152 'store' 'store_ln502' <Predicate = (icmp_ln500)> <Delay = 0.00>
ST_3 : Operation 153 [1/1] (0.00ns)   --->   "%br_ln515 = br void %if.end7" [prj/sol/.autopilot/db/v_tpg.cpp:515]   --->   Operation 153 'br' 'br_ln515' <Predicate = (icmp_ln500)> <Delay = 0.00>
ST_3 : Operation 154 [1/1] (1.00ns)   --->   "%height_read = read i16 @_ssdm_op_Read.s_axilite.i16P0A, i16 %height"   --->   Operation 154 'read' 'height_read' <Predicate = true> <Delay = 1.00> <CoreInst = "s_axilite">   --->   Core 120 's_axilite' <Latency = 0> <II = 1> <Delay = 1.00> <Adapter> <Opcode : 'read' 'write'>
ST_3 : Operation 155 [1/1] (1.00ns)   --->   "%width_read = read i16 @_ssdm_op_Read.s_axilite.i16P0A, i16 %width"   --->   Operation 155 'read' 'width_read' <Predicate = true> <Delay = 1.00> <CoreInst = "s_axilite">   --->   Core 120 's_axilite' <Latency = 0> <II = 1> <Delay = 1.00> <Adapter> <Opcode : 'read' 'write'>
ST_3 : Operation 156 [1/1] (1.00ns)   --->   "%field_id_read = read i16 @_ssdm_op_Read.s_axilite.i16P0A, i16 %field_id"   --->   Operation 156 'read' 'field_id_read' <Predicate = true> <Delay = 1.00> <CoreInst = "s_axilite">   --->   Core 120 's_axilite' <Latency = 0> <II = 1> <Delay = 1.00> <Adapter> <Opcode : 'read' 'write'>
ST_3 : Operation 157 [1/1] (0.00ns)   --->   "%fid_in_read = read i1 @_ssdm_op_Read.ap_auto.i1P0A, i1 %fid_in"   --->   Operation 157 'read' 'fid_in_read' <Predicate = true> <Delay = 0.00>
ST_3 : Operation 158 [1/1] (1.00ns)   --->   "%passthruStartX_read = read i16 @_ssdm_op_Read.s_axilite.i16P0A, i16 %passthruStartX"   --->   Operation 158 'read' 'passthruStartX_read' <Predicate = true> <Delay = 1.00> <CoreInst = "s_axilite">   --->   Core 120 's_axilite' <Latency = 0> <II = 1> <Delay = 1.00> <Adapter> <Opcode : 'read' 'write'>
ST_3 : Operation 159 [1/1] (1.00ns)   --->   "%passthruStartY_read = read i16 @_ssdm_op_Read.s_axilite.i16P0A, i16 %passthruStartY"   --->   Operation 159 'read' 'passthruStartY_read' <Predicate = true> <Delay = 1.00> <CoreInst = "s_axilite">   --->   Core 120 's_axilite' <Latency = 0> <II = 1> <Delay = 1.00> <Adapter> <Opcode : 'read' 'write'>
ST_3 : Operation 160 [1/1] (1.00ns)   --->   "%passthruEndX_read = read i16 @_ssdm_op_Read.s_axilite.i16P0A, i16 %passthruEndX"   --->   Operation 160 'read' 'passthruEndX_read' <Predicate = true> <Delay = 1.00> <CoreInst = "s_axilite">   --->   Core 120 's_axilite' <Latency = 0> <II = 1> <Delay = 1.00> <Adapter> <Opcode : 'read' 'write'>
ST_3 : Operation 161 [1/1] (1.00ns)   --->   "%passthruEndY_read = read i16 @_ssdm_op_Read.s_axilite.i16P0A, i16 %passthruEndY"   --->   Operation 161 'read' 'passthruEndY_read' <Predicate = true> <Delay = 1.00> <CoreInst = "s_axilite">   --->   Core 120 's_axilite' <Latency = 0> <II = 1> <Delay = 1.00> <Adapter> <Opcode : 'read' 'write'>
ST_3 : Operation 162 [1/1] (1.00ns)   --->   "%enableInput_read = read i8 @_ssdm_op_Read.s_axilite.i8P0A, i8 %enableInput"   --->   Operation 162 'read' 'enableInput_read' <Predicate = true> <Delay = 1.00> <CoreInst = "s_axilite">   --->   Core 120 's_axilite' <Latency = 0> <II = 1> <Delay = 1.00> <Adapter> <Opcode : 'read' 'write'>
ST_3 : Operation 163 [1/1] (1.00ns)   --->   "%bckgndId_read = read i8 @_ssdm_op_Read.s_axilite.i8P0A, i8 %bckgndId"   --->   Operation 163 'read' 'bckgndId_read' <Predicate = true> <Delay = 1.00> <CoreInst = "s_axilite">   --->   Core 120 's_axilite' <Latency = 0> <II = 1> <Delay = 1.00> <Adapter> <Opcode : 'read' 'write'>
ST_3 : Operation 164 [1/1] (1.00ns)   --->   "%ovrlayId_read = read i8 @_ssdm_op_Read.s_axilite.i8P0A, i8 %ovrlayId"   --->   Operation 164 'read' 'ovrlayId_read' <Predicate = true> <Delay = 1.00> <CoreInst = "s_axilite">   --->   Core 120 's_axilite' <Latency = 0> <II = 1> <Delay = 1.00> <Adapter> <Opcode : 'read' 'write'>
ST_3 : Operation 165 [1/1] (1.00ns)   --->   "%maskId_read = read i8 @_ssdm_op_Read.s_axilite.i8P0A, i8 %maskId"   --->   Operation 165 'read' 'maskId_read' <Predicate = true> <Delay = 1.00> <CoreInst = "s_axilite">   --->   Core 120 's_axilite' <Latency = 0> <II = 1> <Delay = 1.00> <Adapter> <Opcode : 'read' 'write'>
ST_3 : Operation 166 [1/1] (1.00ns)   --->   "%motionSpeed_read = read i8 @_ssdm_op_Read.s_axilite.i8P0A, i8 %motionSpeed"   --->   Operation 166 'read' 'motionSpeed_read' <Predicate = true> <Delay = 1.00> <CoreInst = "s_axilite">   --->   Core 120 's_axilite' <Latency = 0> <II = 1> <Delay = 1.00> <Adapter> <Opcode : 'read' 'write'>
ST_3 : Operation 167 [1/1] (1.00ns)   --->   "%colorFormat_read = read i8 @_ssdm_op_Read.s_axilite.i8P0A, i8 %colorFormat"   --->   Operation 167 'read' 'colorFormat_read' <Predicate = true> <Delay = 1.00> <CoreInst = "s_axilite">   --->   Core 120 's_axilite' <Latency = 0> <II = 1> <Delay = 1.00> <Adapter> <Opcode : 'read' 'write'>
ST_3 : Operation 168 [1/1] (1.00ns)   --->   "%crossHairX_read = read i16 @_ssdm_op_Read.s_axilite.i16P0A, i16 %crossHairX"   --->   Operation 168 'read' 'crossHairX_read' <Predicate = true> <Delay = 1.00> <CoreInst = "s_axilite">   --->   Core 120 's_axilite' <Latency = 0> <II = 1> <Delay = 1.00> <Adapter> <Opcode : 'read' 'write'>
ST_3 : Operation 169 [1/1] (1.00ns)   --->   "%crossHairY_read = read i16 @_ssdm_op_Read.s_axilite.i16P0A, i16 %crossHairY"   --->   Operation 169 'read' 'crossHairY_read' <Predicate = true> <Delay = 1.00> <CoreInst = "s_axilite">   --->   Core 120 's_axilite' <Latency = 0> <II = 1> <Delay = 1.00> <Adapter> <Opcode : 'read' 'write'>
ST_3 : Operation 170 [1/1] (1.00ns)   --->   "%ZplateHorContStart_read = read i16 @_ssdm_op_Read.s_axilite.i16P0A, i16 %ZplateHorContStart"   --->   Operation 170 'read' 'ZplateHorContStart_read' <Predicate = true> <Delay = 1.00> <CoreInst = "s_axilite">   --->   Core 120 's_axilite' <Latency = 0> <II = 1> <Delay = 1.00> <Adapter> <Opcode : 'read' 'write'>
ST_3 : Operation 171 [1/1] (1.00ns)   --->   "%ZplateHorContDelta_read = read i16 @_ssdm_op_Read.s_axilite.i16P0A, i16 %ZplateHorContDelta"   --->   Operation 171 'read' 'ZplateHorContDelta_read' <Predicate = true> <Delay = 1.00> <CoreInst = "s_axilite">   --->   Core 120 's_axilite' <Latency = 0> <II = 1> <Delay = 1.00> <Adapter> <Opcode : 'read' 'write'>
ST_3 : Operation 172 [1/1] (1.00ns)   --->   "%ZplateVerContStart_read = read i16 @_ssdm_op_Read.s_axilite.i16P0A, i16 %ZplateVerContStart"   --->   Operation 172 'read' 'ZplateVerContStart_read' <Predicate = true> <Delay = 1.00> <CoreInst = "s_axilite">   --->   Core 120 's_axilite' <Latency = 0> <II = 1> <Delay = 1.00> <Adapter> <Opcode : 'read' 'write'>
ST_3 : Operation 173 [1/1] (1.00ns)   --->   "%ZplateVerContDelta_read = read i16 @_ssdm_op_Read.s_axilite.i16P0A, i16 %ZplateVerContDelta"   --->   Operation 173 'read' 'ZplateVerContDelta_read' <Predicate = true> <Delay = 1.00> <CoreInst = "s_axilite">   --->   Core 120 's_axilite' <Latency = 0> <II = 1> <Delay = 1.00> <Adapter> <Opcode : 'read' 'write'>
ST_3 : Operation 174 [1/1] (1.00ns)   --->   "%boxSize_read = read i16 @_ssdm_op_Read.s_axilite.i16P0A, i16 %boxSize"   --->   Operation 174 'read' 'boxSize_read' <Predicate = true> <Delay = 1.00> <CoreInst = "s_axilite">   --->   Core 120 's_axilite' <Latency = 0> <II = 1> <Delay = 1.00> <Adapter> <Opcode : 'read' 'write'>
ST_3 : Operation 175 [1/1] (1.00ns)   --->   "%boxColorR_read = read i16 @_ssdm_op_Read.s_axilite.i16P0A, i16 %boxColorR"   --->   Operation 175 'read' 'boxColorR_read' <Predicate = true> <Delay = 1.00> <CoreInst = "s_axilite">   --->   Core 120 's_axilite' <Latency = 0> <II = 1> <Delay = 1.00> <Adapter> <Opcode : 'read' 'write'>
ST_3 : Operation 176 [1/1] (0.00ns)   --->   "%empty = trunc i16 %boxColorR_read"   --->   Operation 176 'trunc' 'empty' <Predicate = true> <Delay = 0.00>
ST_3 : Operation 177 [1/1] (1.00ns)   --->   "%boxColorG_read = read i16 @_ssdm_op_Read.s_axilite.i16P0A, i16 %boxColorG"   --->   Operation 177 'read' 'boxColorG_read' <Predicate = true> <Delay = 1.00> <CoreInst = "s_axilite">   --->   Core 120 's_axilite' <Latency = 0> <II = 1> <Delay = 1.00> <Adapter> <Opcode : 'read' 'write'>
ST_3 : Operation 178 [1/1] (0.00ns)   --->   "%empty_73 = trunc i16 %boxColorG_read"   --->   Operation 178 'trunc' 'empty_73' <Predicate = true> <Delay = 0.00>
ST_3 : Operation 179 [1/1] (1.00ns)   --->   "%boxColorB_read = read i16 @_ssdm_op_Read.s_axilite.i16P0A, i16 %boxColorB"   --->   Operation 179 'read' 'boxColorB_read' <Predicate = true> <Delay = 1.00> <CoreInst = "s_axilite">   --->   Core 120 's_axilite' <Latency = 0> <II = 1> <Delay = 1.00> <Adapter> <Opcode : 'read' 'write'>
ST_3 : Operation 180 [1/1] (0.00ns)   --->   "%empty_74 = trunc i16 %boxColorB_read"   --->   Operation 180 'trunc' 'empty_74' <Predicate = true> <Delay = 0.00>
ST_3 : Operation 181 [1/1] (1.00ns)   --->   "%dpDynamicRange_read = read i8 @_ssdm_op_Read.s_axilite.i8P0A, i8 %dpDynamicRange"   --->   Operation 181 'read' 'dpDynamicRange_read' <Predicate = true> <Delay = 1.00> <CoreInst = "s_axilite">   --->   Core 120 's_axilite' <Latency = 0> <II = 1> <Delay = 1.00> <Adapter> <Opcode : 'read' 'write'>
ST_3 : Operation 182 [1/1] (1.00ns)   --->   "%dpYUVCoef_read = read i8 @_ssdm_op_Read.s_axilite.i8P0A, i8 %dpYUVCoef"   --->   Operation 182 'read' 'dpYUVCoef_read' <Predicate = true> <Delay = 1.00> <CoreInst = "s_axilite">   --->   Core 120 's_axilite' <Latency = 0> <II = 1> <Delay = 1.00> <Adapter> <Opcode : 'read' 'write'>
ST_3 : Operation 183 [2/2] (2.62ns)   --->   "%call_ln517 = call void @v_tpgHlsDataFlow, i48 %s_axis_video_V_data_V, i6 %s_axis_video_V_keep_V, i6 %s_axis_video_V_strb_V, i1 %s_axis_video_V_user_V, i1 %s_axis_video_V_last_V, i1 %s_axis_video_V_id_V, i1 %s_axis_video_V_dest_V, i16 %height_read, i16 %width_read, i16 %field_id_read, i1 %fid_in_read, i16 %passthruStartX_read, i16 %passthruStartY_read, i16 %passthruEndX_read, i16 %passthruEndY_read, i8 %enableInput_read, i8 %bckgndId_read, i8 %ovrlayId_read, i8 %maskId_read, i8 %motionSpeed_read, i8 %colorFormat_read, i16 %crossHairX_read, i16 %crossHairY_read, i16 %ZplateHorContStart_read, i16 %ZplateHorContDelta_read, i16 %ZplateVerContStart_read, i16 %ZplateVerContDelta_read, i16 %boxSize_read, i8 %empty, i8 %empty_73, i8 %empty_74, i8 %dpDynamicRange_read, i8 %dpYUVCoef_read, i48 %m_axis_video_V_data_V, i6 %m_axis_video_V_keep_V, i6 %m_axis_video_V_strb_V, i1 %m_axis_video_V_user_V, i1 %m_axis_video_V_last_V, i1 %m_axis_video_V_id_V, i1 %m_axis_video_V_dest_V, i1 %fid, i8 %rampStart, i32 %s, i8 %redYuv, i8 %grnYuv, i8 %bluYuv, i8 %blkYuv, i8 %whiYuv, i8 %whiYuv_1, i8 %blkYuv_1, i16 %rampVal_1, i8 %rampVal, i8 %tpgPatternColorBars_unsigned_short_unsigned_short_unsigned_char_int_hBarSel, i8 %tpgPatternColorBars_unsigned_short_unsigned_short_unsigned_char_int_hBarSel_8, i16 %zonePlateVAddr, i3 %vBarSel, i3 %tpgPatternTartanColorBars_unsigned_short_unsigned_short_unsigned_short_unsign_3, i3 %tpgPatternTartanColorBars_unsigned_short_unsigned_short_unsigned_short_unsign_2, i16 %hdata, i8 %vBarSel_2, i3 %tpgPatternCheckerBoard_unsigned_short_unsigned_short_unsigned_short_unsigned_3, i3 %tpgPatternCheckerBoard_unsigned_short_unsigned_short_unsigned_short_unsigned_2, i16 %rampVal_2, i1 %vBarSel_1, i3 %tpgPatternDPColorSquare_unsigned_short_unsigned_short_unsigned_char_unsigned_3, i3 %tpgPatternDPColorSquare_unsigned_short_unsigned_short_unsigned_char_unsigned_2, i8 %tpgBarSelYuv_y, i8 %tpgBarSelYuv_u, i8 %tpgBarSelYuv_v, i11 %tpgPatternColorBars_unsigned_short_unsigned_short_unsigned_char_int_xBar_9, i2 %tpgBarSelRgb_r, i2 %tpgBarSelRgb_g, i2 %tpgBarSelRgb_b, i11 %tpgPatternColorBars_unsigned_short_unsigned_short_unsigned_char_int_xBar, i20 %tpgSinTableArray, i16 %zonePlateVDelta, i3 %tpgTartanBarArray, i10 %tpgPatternTartanColorBars_unsigned_short_unsigned_short_unsigned_short_unsign, i10 %tpgPatternTartanColorBars_unsigned_short_unsigned_short_unsigned_short_unsign_1, i10 %yCount, i10 %tpgPatternCrossHatch_unsigned_short_unsigned_short_unsigned_short_unsigned_sh, i10 %tpgPatternCrossHatch_unsigned_short_unsigned_short_unsigned_short_unsigned_sh_1, i1 %vHatch, i10 %yCount_2, i8 %tpgSinTableArray_9bit_0, i8 %tpgSinTableArray_9bit_1, i9 %tpgSinTableArray_9bit_2, i2 %tpgCheckerBoardArray, i10 %tpgPatternCheckerBoard_unsigned_short_unsigned_short_unsigned_short_unsigned_s, i10 %tpgPatternCheckerBoard_unsigned_short_unsigned_short_unsigned_short_unsigned_1, i10 %yCount_3, i28 %rSerie, i28 %gSerie, i28 %bSerie, i8 %DPtpgBarSelYuv_709_y, i8 %DPtpgBarSelYuv_709_u, i8 %DPtpgBarSelYuv_709_v, i3 %DPtpgBarArray, i10 %tpgPatternDPColorSquare_unsigned_short_unsigned_short_unsigned_char_unsigned_s, i2 %DPtpgBarSelRgb_VESA_r, i2 %DPtpgBarSelRgb_VESA_g, i2 %DPtpgBarSelRgb_VESA_b, i6 %DPtpgBarSelRgb_CEA_r, i6 %DPtpgBarSelRgb_CEA_g, i6 %DPtpgBarSelRgb_CEA_b, i8 %DPtpgBarSelYuv_601_y, i8 %DPtpgBarSelYuv_601_u, i8 %DPtpgBarSelYuv_601_v, i10 %tpgPatternDPColorSquare_unsigned_short_unsigned_short_unsigned_char_unsigned_1, i6 %yCount_1, i8 %whiYuv_2, i16 %boxHCoord, i16 %boxVCoord, i1 %vDir, i1 %hDir, i1 %fidStored, i16 %counter" [prj/sol/.autopilot/db/v_tpg.cpp:517]   --->   Operation 183 'call' 'call_ln517' <Predicate = true> <Delay = 2.62> <CoreType = "Generic">   --->   Generic Core

State 4 <SV = 3> <Delay = 0.00>
ST_4 : Operation 184 [1/2] (0.00ns)   --->   "%call_ln517 = call void @v_tpgHlsDataFlow, i48 %s_axis_video_V_data_V, i6 %s_axis_video_V_keep_V, i6 %s_axis_video_V_strb_V, i1 %s_axis_video_V_user_V, i1 %s_axis_video_V_last_V, i1 %s_axis_video_V_id_V, i1 %s_axis_video_V_dest_V, i16 %height_read, i16 %width_read, i16 %field_id_read, i1 %fid_in_read, i16 %passthruStartX_read, i16 %passthruStartY_read, i16 %passthruEndX_read, i16 %passthruEndY_read, i8 %enableInput_read, i8 %bckgndId_read, i8 %ovrlayId_read, i8 %maskId_read, i8 %motionSpeed_read, i8 %colorFormat_read, i16 %crossHairX_read, i16 %crossHairY_read, i16 %ZplateHorContStart_read, i16 %ZplateHorContDelta_read, i16 %ZplateVerContStart_read, i16 %ZplateVerContDelta_read, i16 %boxSize_read, i8 %empty, i8 %empty_73, i8 %empty_74, i8 %dpDynamicRange_read, i8 %dpYUVCoef_read, i48 %m_axis_video_V_data_V, i6 %m_axis_video_V_keep_V, i6 %m_axis_video_V_strb_V, i1 %m_axis_video_V_user_V, i1 %m_axis_video_V_last_V, i1 %m_axis_video_V_id_V, i1 %m_axis_video_V_dest_V, i1 %fid, i8 %rampStart, i32 %s, i8 %redYuv, i8 %grnYuv, i8 %bluYuv, i8 %blkYuv, i8 %whiYuv, i8 %whiYuv_1, i8 %blkYuv_1, i16 %rampVal_1, i8 %rampVal, i8 %tpgPatternColorBars_unsigned_short_unsigned_short_unsigned_char_int_hBarSel, i8 %tpgPatternColorBars_unsigned_short_unsigned_short_unsigned_char_int_hBarSel_8, i16 %zonePlateVAddr, i3 %vBarSel, i3 %tpgPatternTartanColorBars_unsigned_short_unsigned_short_unsigned_short_unsign_3, i3 %tpgPatternTartanColorBars_unsigned_short_unsigned_short_unsigned_short_unsign_2, i16 %hdata, i8 %vBarSel_2, i3 %tpgPatternCheckerBoard_unsigned_short_unsigned_short_unsigned_short_unsigned_3, i3 %tpgPatternCheckerBoard_unsigned_short_unsigned_short_unsigned_short_unsigned_2, i16 %rampVal_2, i1 %vBarSel_1, i3 %tpgPatternDPColorSquare_unsigned_short_unsigned_short_unsigned_char_unsigned_3, i3 %tpgPatternDPColorSquare_unsigned_short_unsigned_short_unsigned_char_unsigned_2, i8 %tpgBarSelYuv_y, i8 %tpgBarSelYuv_u, i8 %tpgBarSelYuv_v, i11 %tpgPatternColorBars_unsigned_short_unsigned_short_unsigned_char_int_xBar_9, i2 %tpgBarSelRgb_r, i2 %tpgBarSelRgb_g, i2 %tpgBarSelRgb_b, i11 %tpgPatternColorBars_unsigned_short_unsigned_short_unsigned_char_int_xBar, i20 %tpgSinTableArray, i16 %zonePlateVDelta, i3 %tpgTartanBarArray, i10 %tpgPatternTartanColorBars_unsigned_short_unsigned_short_unsigned_short_unsign, i10 %tpgPatternTartanColorBars_unsigned_short_unsigned_short_unsigned_short_unsign_1, i10 %yCount, i10 %tpgPatternCrossHatch_unsigned_short_unsigned_short_unsigned_short_unsigned_sh, i10 %tpgPatternCrossHatch_unsigned_short_unsigned_short_unsigned_short_unsigned_sh_1, i1 %vHatch, i10 %yCount_2, i8 %tpgSinTableArray_9bit_0, i8 %tpgSinTableArray_9bit_1, i9 %tpgSinTableArray_9bit_2, i2 %tpgCheckerBoardArray, i10 %tpgPatternCheckerBoard_unsigned_short_unsigned_short_unsigned_short_unsigned_s, i10 %tpgPatternCheckerBoard_unsigned_short_unsigned_short_unsigned_short_unsigned_1, i10 %yCount_3, i28 %rSerie, i28 %gSerie, i28 %bSerie, i8 %DPtpgBarSelYuv_709_y, i8 %DPtpgBarSelYuv_709_u, i8 %DPtpgBarSelYuv_709_v, i3 %DPtpgBarArray, i10 %tpgPatternDPColorSquare_unsigned_short_unsigned_short_unsigned_char_unsigned_s, i2 %DPtpgBarSelRgb_VESA_r, i2 %DPtpgBarSelRgb_VESA_g, i2 %DPtpgBarSelRgb_VESA_b, i6 %DPtpgBarSelRgb_CEA_r, i6 %DPtpgBarSelRgb_CEA_g, i6 %DPtpgBarSelRgb_CEA_b, i8 %DPtpgBarSelYuv_601_y, i8 %DPtpgBarSelYuv_601_u, i8 %DPtpgBarSelYuv_601_v, i10 %tpgPatternDPColorSquare_unsigned_short_unsigned_short_unsigned_char_unsigned_1, i6 %yCount_1, i8 %whiYuv_2, i16 %boxHCoord, i16 %boxVCoord, i1 %vDir, i1 %hDir, i1 %fidStored, i16 %counter" [prj/sol/.autopilot/db/v_tpg.cpp:517]   --->   Operation 184 'call' 'call_ln517' <Predicate = true> <Delay = 0.00> <CoreType = "Generic">   --->   Generic Core

State 5 <SV = 4> <Delay = 0.00>
ST_5 : Operation 185 [1/1] (0.00ns)   --->   "%ret_ln528 = ret" [prj/sol/.autopilot/db/v_tpg.cpp:528]   --->   Operation 185 'ret' 'ret_ln528' <Predicate = true> <Delay = 0.00>


============================================================
+ Verbose Summary: Binding
============================================================
STG Binding: 
---------------- STG Properties BEGIN ----------------
- Is combinational: 0
- Is one-state seq: 0
- Is datapath-only: 0
- Is pipelined: 0
- Is top level: 1
Port [ Return ] is wired: 1; IO mode=ap_ctrl_hs:ce=0
Port [ s_axis_video_V_data_V]:  wired=1; compound=1; hidden=0; nouse=0; global=0; static=0; extern=0; dir=0; type=0; pingpong=0; private_global=0; IO mode=axis:ce=0
Port [ s_axis_video_V_keep_V]:  wired=1; compound=1; hidden=0; nouse=0; global=0; static=0; extern=0; dir=0; type=0; pingpong=0; private_global=0; IO mode=axis:ce=0
Port [ s_axis_video_V_strb_V]:  wired=1; compound=1; hidden=0; nouse=0; global=0; static=0; extern=0; dir=0; type=0; pingpong=0; private_global=0; IO mode=axis:ce=0
Port [ s_axis_video_V_user_V]:  wired=1; compound=1; hidden=0; nouse=0; global=0; static=0; extern=0; dir=0; type=0; pingpong=0; private_global=0; IO mode=axis:ce=0
Port [ s_axis_video_V_last_V]:  wired=1; compound=1; hidden=0; nouse=0; global=0; static=0; extern=0; dir=0; type=0; pingpong=0; private_global=0; IO mode=axis:ce=0
Port [ s_axis_video_V_id_V]:  wired=1; compound=1; hidden=0; nouse=0; global=0; static=0; extern=0; dir=0; type=0; pingpong=0; private_global=0; IO mode=axis:ce=0
Port [ s_axis_video_V_dest_V]:  wired=1; compound=1; hidden=0; nouse=0; global=0; static=0; extern=0; dir=0; type=0; pingpong=0; private_global=0; IO mode=axis:ce=0
Port [ height]:  wired=1; compound=0; hidden=0; nouse=0; global=0; static=0; extern=0; dir=0; type=0; pingpong=0; private_global=0; IO mode=ap_none:ce=0
Port [ width]:  wired=1; compound=0; hidden=0; nouse=0; global=0; static=0; extern=0; dir=0; type=0; pingpong=0; private_global=0; IO mode=ap_none:ce=0
Port [ field_id]:  wired=1; compound=0; hidden=0; nouse=0; global=0; static=0; extern=0; dir=0; type=0; pingpong=0; private_global=0; IO mode=ap_none:ce=0
Port [ fid_in]:  wired=1; compound=0; hidden=0; nouse=0; global=0; static=0; extern=0; dir=0; type=0; pingpong=0; private_global=0; IO mode=ap_none:ce=0
Port [ passthruStartX]:  wired=1; compound=0; hidden=0; nouse=0; global=0; static=0; extern=0; dir=0; type=0; pingpong=0; private_global=0; IO mode=ap_none:ce=0
Port [ passthruStartY]:  wired=1; compound=0; hidden=0; nouse=0; global=0; static=0; extern=0; dir=0; type=0; pingpong=0; private_global=0; IO mode=ap_none:ce=0
Port [ passthruEndX]:  wired=1; compound=0; hidden=0; nouse=0; global=0; static=0; extern=0; dir=0; type=0; pingpong=0; private_global=0; IO mode=ap_none:ce=0
Port [ passthruEndY]:  wired=1; compound=0; hidden=0; nouse=0; global=0; static=0; extern=0; dir=0; type=0; pingpong=0; private_global=0; IO mode=ap_none:ce=0
Port [ enableInput]:  wired=1; compound=0; hidden=0; nouse=0; global=0; static=0; extern=0; dir=0; type=0; pingpong=0; private_global=0; IO mode=ap_none:ce=0
Port [ bckgndId]:  wired=1; compound=0; hidden=0; nouse=0; global=0; static=0; extern=0; dir=0; type=0; pingpong=0; private_global=0; IO mode=ap_none:ce=0
Port [ ovrlayId]:  wired=1; compound=0; hidden=0; nouse=0; global=0; static=0; extern=0; dir=0; type=0; pingpong=0; private_global=0; IO mode=ap_none:ce=0
Port [ maskId]:  wired=1; compound=0; hidden=0; nouse=0; global=0; static=0; extern=0; dir=0; type=0; pingpong=0; private_global=0; IO mode=ap_none:ce=0
Port [ motionSpeed]:  wired=1; compound=0; hidden=0; nouse=0; global=0; static=0; extern=0; dir=0; type=0; pingpong=0; private_global=0; IO mode=ap_none:ce=0
Port [ colorFormat]:  wired=1; compound=0; hidden=0; nouse=0; global=0; static=0; extern=0; dir=0; type=0; pingpong=0; private_global=0; IO mode=ap_none:ce=0
Port [ crossHairX]:  wired=1; compound=0; hidden=0; nouse=0; global=0; static=0; extern=0; dir=0; type=0; pingpong=0; private_global=0; IO mode=ap_none:ce=0
Port [ crossHairY]:  wired=1; compound=0; hidden=0; nouse=0; global=0; static=0; extern=0; dir=0; type=0; pingpong=0; private_global=0; IO mode=ap_none:ce=0
Port [ ZplateHorContStart]:  wired=1; compound=0; hidden=0; nouse=0; global=0; static=0; extern=0; dir=0; type=0; pingpong=0; private_global=0; IO mode=ap_none:ce=0
Port [ ZplateHorContDelta]:  wired=1; compound=0; hidden=0; nouse=0; global=0; static=0; extern=0; dir=0; type=0; pingpong=0; private_global=0; IO mode=ap_none:ce=0
Port [ ZplateVerContStart]:  wired=1; compound=0; hidden=0; nouse=0; global=0; static=0; extern=0; dir=0; type=0; pingpong=0; private_global=0; IO mode=ap_none:ce=0
Port [ ZplateVerContDelta]:  wired=1; compound=0; hidden=0; nouse=0; global=0; static=0; extern=0; dir=0; type=0; pingpong=0; private_global=0; IO mode=ap_none:ce=0
Port [ boxSize]:  wired=1; compound=0; hidden=0; nouse=0; global=0; static=0; extern=0; dir=0; type=0; pingpong=0; private_global=0; IO mode=ap_none:ce=0
Port [ boxColorR]:  wired=1; compound=0; hidden=0; nouse=0; global=0; static=0; extern=0; dir=0; type=0; pingpong=0; private_global=0; IO mode=ap_none:ce=0
Port [ boxColorG]:  wired=1; compound=0; hidden=0; nouse=0; global=0; static=0; extern=0; dir=0; type=0; pingpong=0; private_global=0; IO mode=ap_none:ce=0
Port [ boxColorB]:  wired=1; compound=0; hidden=0; nouse=0; global=0; static=0; extern=0; dir=0; type=0; pingpong=0; private_global=0; IO mode=ap_none:ce=0
Port [ dpDynamicRange]:  wired=1; compound=0; hidden=0; nouse=0; global=0; static=0; extern=0; dir=0; type=0; pingpong=0; private_global=0; IO mode=ap_none:ce=0
Port [ dpYUVCoef]:  wired=1; compound=0; hidden=0; nouse=0; global=0; static=0; extern=0; dir=0; type=0; pingpong=0; private_global=0; IO mode=ap_none:ce=0
Port [ bck_motion_en]:  wired=1; compound=0; hidden=0; nouse=0; global=0; static=0; extern=0; dir=0; type=0; pingpong=0; private_global=0; IO mode=ap_none:ce=0
Port [ m_axis_video_V_data_V]:  wired=1; compound=1; hidden=0; nouse=0; global=0; static=0; extern=0; dir=1; type=0; pingpong=0; private_global=0; IO mode=axis:ce=0
Port [ m_axis_video_V_keep_V]:  wired=1; compound=1; hidden=0; nouse=0; global=0; static=0; extern=0; dir=1; type=0; pingpong=0; private_global=0; IO mode=axis:ce=0
Port [ m_axis_video_V_strb_V]:  wired=1; compound=1; hidden=0; nouse=0; global=0; static=0; extern=0; dir=1; type=0; pingpong=0; private_global=0; IO mode=axis:ce=0
Port [ m_axis_video_V_user_V]:  wired=1; compound=1; hidden=0; nouse=0; global=0; static=0; extern=0; dir=1; type=0; pingpong=0; private_global=0; IO mode=axis:ce=0
Port [ m_axis_video_V_last_V]:  wired=1; compound=1; hidden=0; nouse=0; global=0; static=0; extern=0; dir=1; type=0; pingpong=0; private_global=0; IO mode=axis:ce=0
Port [ m_axis_video_V_id_V]:  wired=1; compound=1; hidden=0; nouse=0; global=0; static=0; extern=0; dir=1; type=0; pingpong=0; private_global=0; IO mode=axis:ce=0
Port [ m_axis_video_V_dest_V]:  wired=1; compound=1; hidden=0; nouse=0; global=0; static=0; extern=0; dir=1; type=0; pingpong=0; private_global=0; IO mode=axis:ce=0
Port [ fid]:  wired=1; compound=0; hidden=0; nouse=0; global=0; static=0; extern=0; dir=1; type=0; pingpong=0; private_global=0; IO mode=ap_none:ce=0
Port [ count]:  wired=0; compound=0; hidden=1; nouse=0; global=1; static=1; extern=0; dir=2; type=0; pingpong=0; private_global=1; IO mode=ap_ovld:ce=0
Port [ s]:  wired=0; compound=0; hidden=1; nouse=0; global=1; static=1; extern=0; dir=2; type=0; pingpong=0; private_global=1; IO mode=ap_ovld:ce=0
Port [ rampStart]:  wired=0; compound=0; hidden=1; nouse=1; global=1; static=1; extern=0; dir=2; type=0; pingpong=0; private_global=0; IO mode=ap_ovld:ce=0
Port [ redYuv]:  wired=0; compound=1; hidden=1; nouse=1; global=1; static=1; extern=0; dir=0; type=1; pingpong=0; private_global=0; MemPort=[1]; IO mode=ap_memory:ce=0
Port [ grnYuv]:  wired=0; compound=1; hidden=1; nouse=1; global=1; static=1; extern=0; dir=0; type=1; pingpong=0; private_global=0; MemPort=[1]; IO mode=ap_memory:ce=0
Port [ bluYuv]:  wired=0; compound=1; hidden=1; nouse=1; global=1; static=1; extern=0; dir=0; type=1; pingpong=0; private_global=0; MemPort=[1]; IO mode=ap_memory:ce=0
Port [ blkYuv]:  wired=0; compound=1; hidden=1; nouse=1; global=1; static=1; extern=0; dir=0; type=1; pingpong=0; private_global=0; MemPort=[1]; IO mode=ap_memory:ce=0
Port [ whiYuv]:  wired=0; compound=1; hidden=1; nouse=1; global=1; static=1; extern=0; dir=0; type=1; pingpong=0; private_global=0; MemPort=[1]; IO mode=ap_memory:ce=0
Port [ whiYuv_1]:  wired=0; compound=1; hidden=1; nouse=1; global=1; static=1; extern=0; dir=0; type=1; pingpong=0; private_global=0; MemPort=[1]; IO mode=ap_memory:ce=0
Port [ blkYuv_1]:  wired=0; compound=1; hidden=1; nouse=1; global=1; static=1; extern=0; dir=0; type=1; pingpong=0; private_global=0; MemPort=[1]; IO mode=ap_memory:ce=0
Port [ rampVal_1]:  wired=0; compound=0; hidden=1; nouse=1; global=1; static=1; extern=0; dir=2; type=0; pingpong=0; private_global=0; IO mode=ap_ovld:ce=0
Port [ rampVal]:  wired=0; compound=0; hidden=1; nouse=1; global=1; static=1; extern=0; dir=2; type=0; pingpong=0; private_global=0; IO mode=ap_ovld:ce=0
Port [ tpgPatternColorBars_unsigned_short_unsigned_short_unsigned_char_int_hBarSel]:  wired=0; compound=0; hidden=1; nouse=1; global=1; static=1; extern=0; dir=2; type=0; pingpong=0; private_global=0; IO mode=ap_ovld:ce=0
Port [ tpgPatternColorBars_unsigned_short_unsigned_short_unsigned_char_int_hBarSel_8]:  wired=0; compound=0; hidden=1; nouse=1; global=1; static=1; extern=0; dir=2; type=0; pingpong=0; private_global=0; IO mode=ap_ovld:ce=0
Port [ zonePlateVAddr]:  wired=0; compound=0; hidden=1; nouse=1; global=1; static=1; extern=0; dir=2; type=0; pingpong=0; private_global=0; IO mode=ap_ovld:ce=0
Port [ vBarSel]:  wired=0; compound=0; hidden=1; nouse=1; global=1; static=1; extern=0; dir=2; type=0; pingpong=0; private_global=0; IO mode=ap_ovld:ce=0
Port [ tpgPatternTartanColorBars_unsigned_short_unsigned_short_unsigned_short_unsign_3]:  wired=0; compound=0; hidden=1; nouse=1; global=1; static=1; extern=0; dir=2; type=0; pingpong=0; private_global=0; IO mode=ap_ovld:ce=0
Port [ tpgPatternTartanColorBars_unsigned_short_unsigned_short_unsigned_short_unsign_2]:  wired=0; compound=0; hidden=1; nouse=1; global=1; static=1; extern=0; dir=2; type=0; pingpong=0; private_global=0; IO mode=ap_ovld:ce=0
Port [ hdata]:  wired=0; compound=0; hidden=1; nouse=1; global=1; static=1; extern=0; dir=2; type=0; pingpong=0; private_global=0; IO mode=ap_ovld:ce=0
Port [ vBarSel_2]:  wired=0; compound=0; hidden=1; nouse=1; global=1; static=1; extern=0; dir=2; type=0; pingpong=0; private_global=0; IO mode=ap_ovld:ce=0
Port [ tpgPatternCheckerBoard_unsigned_short_unsigned_short_unsigned_short_unsigned_3]:  wired=0; compound=0; hidden=1; nouse=1; global=1; static=1; extern=0; dir=2; type=0; pingpong=0; private_global=0; IO mode=ap_ovld:ce=0
Port [ tpgPatternCheckerBoard_unsigned_short_unsigned_short_unsigned_short_unsigned_2]:  wired=0; compound=0; hidden=1; nouse=1; global=1; static=1; extern=0; dir=2; type=0; pingpong=0; private_global=0; IO mode=ap_ovld:ce=0
Port [ rampVal_2]:  wired=0; compound=0; hidden=1; nouse=1; global=1; static=1; extern=0; dir=2; type=0; pingpong=0; private_global=0; IO mode=ap_ovld:ce=0
Port [ vBarSel_1]:  wired=0; compound=0; hidden=1; nouse=1; global=1; static=1; extern=0; dir=2; type=0; pingpong=0; private_global=0; IO mode=ap_ovld:ce=0
Port [ tpgPatternDPColorSquare_unsigned_short_unsigned_short_unsigned_char_unsigned_3]:  wired=0; compound=0; hidden=1; nouse=1; global=1; static=1; extern=0; dir=2; type=0; pingpong=0; private_global=0; IO mode=ap_ovld:ce=0
Port [ tpgPatternDPColorSquare_unsigned_short_unsigned_short_unsigned_char_unsigned_2]:  wired=0; compound=0; hidden=1; nouse=1; global=1; static=1; extern=0; dir=2; type=0; pingpong=0; private_global=0; IO mode=ap_ovld:ce=0
Port [ tpgBarSelYuv_y]:  wired=0; compound=1; hidden=1; nouse=1; global=1; static=1; extern=0; dir=0; type=1; pingpong=0; private_global=0; MemPort=[11]; IO mode=ap_memory:ce=0
Port [ tpgBarSelYuv_u]:  wired=0; compound=1; hidden=1; nouse=1; global=1; static=1; extern=0; dir=0; type=1; pingpong=0; private_global=0; MemPort=[11]; IO mode=ap_memory:ce=0
Port [ tpgBarSelYuv_v]:  wired=0; compound=1; hidden=1; nouse=1; global=1; static=1; extern=0; dir=0; type=1; pingpong=0; private_global=0; MemPort=[11]; IO mode=ap_memory:ce=0
Port [ tpgPatternColorBars_unsigned_short_unsigned_short_unsigned_char_int_xBar_9]:  wired=0; compound=0; hidden=1; nouse=1; global=1; static=1; extern=0; dir=2; type=0; pingpong=0; private_global=0; IO mode=ap_ovld:ce=0
Port [ tpgBarSelRgb_r]:  wired=0; compound=1; hidden=1; nouse=1; global=1; static=1; extern=0; dir=0; type=1; pingpong=0; private_global=0; MemPort=[11]; IO mode=ap_memory:ce=0
Port [ tpgBarSelRgb_g]:  wired=0; compound=1; hidden=1; nouse=1; global=1; static=1; extern=0; dir=0; type=1; pingpong=0; private_global=0; MemPort=[11]; IO mode=ap_memory:ce=0
Port [ tpgBarSelRgb_b]:  wired=0; compound=1; hidden=1; nouse=1; global=1; static=1; extern=0; dir=0; type=1; pingpong=0; private_global=0; MemPort=[11]; IO mode=ap_memory:ce=0
Port [ tpgPatternColorBars_unsigned_short_unsigned_short_unsigned_char_int_xBar]:  wired=0; compound=0; hidden=1; nouse=1; global=1; static=1; extern=0; dir=2; type=0; pingpong=0; private_global=0; IO mode=ap_ovld:ce=0
Port [ tpgSinTableArray]:  wired=0; compound=1; hidden=1; nouse=1; global=1; static=1; extern=0; dir=0; type=1; pingpong=0; private_global=0; MemPort=[11]; IO mode=ap_memory:ce=0
Port [ zonePlateVDelta]:  wired=0; compound=0; hidden=1; nouse=1; global=1; static=1; extern=0; dir=2; type=0; pingpong=0; private_global=0; IO mode=ap_ovld:ce=0
Port [ tpgTartanBarArray]:  wired=0; compound=1; hidden=1; nouse=1; global=1; static=1; extern=0; dir=0; type=1; pingpong=0; private_global=0; MemPort=[11]; IO mode=ap_memory:ce=0
Port [ tpgPatternTartanColorBars_unsigned_short_unsigned_short_unsigned_short_unsign]:  wired=0; compound=0; hidden=1; nouse=1; global=1; static=1; extern=0; dir=2; type=0; pingpong=0; private_global=0; IO mode=ap_ovld:ce=0
Port [ tpgPatternTartanColorBars_unsigned_short_unsigned_short_unsigned_short_unsign_1]:  wired=0; compound=0; hidden=1; nouse=1; global=1; static=1; extern=0; dir=2; type=0; pingpong=0; private_global=0; IO mode=ap_ovld:ce=0
Port [ yCount]:  wired=0; compound=0; hidden=1; nouse=1; global=1; static=1; extern=0; dir=2; type=0; pingpong=0; private_global=0; IO mode=ap_ovld:ce=0
Port [ tpgPatternCrossHatch_unsigned_short_unsigned_short_unsigned_short_unsigned_sh]:  wired=0; compound=0; hidden=1; nouse=1; global=1; static=1; extern=0; dir=2; type=0; pingpong=0; private_global=0; IO mode=ap_ovld:ce=0
Port [ tpgPatternCrossHatch_unsigned_short_unsigned_short_unsigned_short_unsigned_sh_1]:  wired=0; compound=0; hidden=1; nouse=1; global=1; static=1; extern=0; dir=2; type=0; pingpong=0; private_global=0; IO mode=ap_ovld:ce=0
Port [ vHatch]:  wired=0; compound=0; hidden=1; nouse=1; global=1; static=1; extern=0; dir=2; type=0; pingpong=0; private_global=0; IO mode=ap_ovld:ce=0
Port [ yCount_2]:  wired=0; compound=0; hidden=1; nouse=1; global=1; static=1; extern=0; dir=2; type=0; pingpong=0; private_global=0; IO mode=ap_ovld:ce=0
Port [ tpgSinTableArray_9bit_0]:  wired=0; compound=1; hidden=1; nouse=1; global=1; static=1; extern=0; dir=0; type=1; pingpong=0; private_global=0; MemPort=[111111]; IO mode=ap_memory:ce=0
Port [ tpgSinTableArray_9bit_1]:  wired=0; compound=1; hidden=1; nouse=1; global=1; static=1; extern=0; dir=0; type=1; pingpong=0; private_global=0; MemPort=[111111]; IO mode=ap_memory:ce=0
Port [ tpgSinTableArray_9bit_2]:  wired=0; compound=1; hidden=1; nouse=1; global=1; static=1; extern=0; dir=0; type=1; pingpong=0; private_global=0; MemPort=[111111]; IO mode=ap_memory:ce=0
Port [ tpgCheckerBoardArray]:  wired=0; compound=1; hidden=1; nouse=1; global=1; static=1; extern=0; dir=0; type=1; pingpong=0; private_global=0; MemPort=[11]; IO mode=ap_memory:ce=0
Port [ tpgPatternCheckerBoard_unsigned_short_unsigned_short_unsigned_short_unsigned_s]:  wired=0; compound=0; hidden=1; nouse=1; global=1; static=1; extern=0; dir=2; type=0; pingpong=0; private_global=0; IO mode=ap_ovld:ce=0
Port [ tpgPatternCheckerBoard_unsigned_short_unsigned_short_unsigned_short_unsigned_1]:  wired=0; compound=0; hidden=1; nouse=1; global=1; static=1; extern=0; dir=2; type=0; pingpong=0; private_global=0; IO mode=ap_ovld:ce=0
Port [ yCount_3]:  wired=0; compound=0; hidden=1; nouse=1; global=1; static=1; extern=0; dir=2; type=0; pingpong=0; private_global=0; IO mode=ap_ovld:ce=0
Port [ rSerie]:  wired=0; compound=0; hidden=1; nouse=1; global=1; static=1; extern=0; dir=2; type=0; pingpong=0; private_global=0; IO mode=ap_ovld:ce=0
Port [ gSerie]:  wired=0; compound=0; hidden=1; nouse=1; global=1; static=1; extern=0; dir=2; type=0; pingpong=0; private_global=0; IO mode=ap_ovld:ce=0
Port [ bSerie]:  wired=0; compound=0; hidden=1; nouse=1; global=1; static=1; extern=0; dir=2; type=0; pingpong=0; private_global=0; IO mode=ap_ovld:ce=0
Port [ DPtpgBarSelYuv_709_y]:  wired=0; compound=1; hidden=1; nouse=1; global=1; static=1; extern=0; dir=0; type=1; pingpong=0; private_global=0; MemPort=[11]; IO mode=ap_memory:ce=0
Port [ DPtpgBarSelYuv_709_u]:  wired=0; compound=1; hidden=1; nouse=1; global=1; static=1; extern=0; dir=0; type=1; pingpong=0; private_global=0; MemPort=[11]; IO mode=ap_memory:ce=0
Port [ DPtpgBarSelYuv_709_v]:  wired=0; compound=1; hidden=1; nouse=1; global=1; static=1; extern=0; dir=0; type=1; pingpong=0; private_global=0; MemPort=[11]; IO mode=ap_memory:ce=0
Port [ DPtpgBarArray]:  wired=0; compound=1; hidden=1; nouse=1; global=1; static=1; extern=0; dir=0; type=1; pingpong=0; private_global=0; MemPort=[11]; IO mode=ap_memory:ce=0
Port [ tpgPatternDPColorSquare_unsigned_short_unsigned_short_unsigned_char_unsigned_s]:  wired=0; compound=0; hidden=1; nouse=1; global=1; static=1; extern=0; dir=2; type=0; pingpong=0; private_global=0; IO mode=ap_ovld:ce=0
Port [ DPtpgBarSelRgb_VESA_r]:  wired=0; compound=1; hidden=1; nouse=1; global=1; static=1; extern=0; dir=0; type=1; pingpong=0; private_global=0; MemPort=[11]; IO mode=ap_memory:ce=0
Port [ DPtpgBarSelRgb_VESA_g]:  wired=0; compound=1; hidden=1; nouse=1; global=1; static=1; extern=0; dir=0; type=1; pingpong=0; private_global=0; MemPort=[11]; IO mode=ap_memory:ce=0
Port [ DPtpgBarSelRgb_VESA_b]:  wired=0; compound=1; hidden=1; nouse=1; global=1; static=1; extern=0; dir=0; type=1; pingpong=0; private_global=0; MemPort=[11]; IO mode=ap_memory:ce=0
Port [ DPtpgBarSelRgb_CEA_r]:  wired=0; compound=1; hidden=1; nouse=1; global=1; static=1; extern=0; dir=0; type=1; pingpong=0; private_global=0; MemPort=[11]; IO mode=ap_memory:ce=0
Port [ DPtpgBarSelRgb_CEA_g]:  wired=0; compound=1; hidden=1; nouse=1; global=1; static=1; extern=0; dir=0; type=1; pingpong=0; private_global=0; MemPort=[11]; IO mode=ap_memory:ce=0
Port [ DPtpgBarSelRgb_CEA_b]:  wired=0; compound=1; hidden=1; nouse=1; global=1; static=1; extern=0; dir=0; type=1; pingpong=0; private_global=0; MemPort=[11]; IO mode=ap_memory:ce=0
Port [ DPtpgBarSelYuv_601_y]:  wired=0; compound=1; hidden=1; nouse=1; global=1; static=1; extern=0; dir=0; type=1; pingpong=0; private_global=0; MemPort=[11]; IO mode=ap_memory:ce=0
Port [ DPtpgBarSelYuv_601_u]:  wired=0; compound=1; hidden=1; nouse=1; global=1; static=1; extern=0; dir=0; type=1; pingpong=0; private_global=0; MemPort=[11]; IO mode=ap_memory:ce=0
Port [ DPtpgBarSelYuv_601_v]:  wired=0; compound=1; hidden=1; nouse=1; global=1; static=1; extern=0; dir=0; type=1; pingpong=0; private_global=0; MemPort=[11]; IO mode=ap_memory:ce=0
Port [ tpgPatternDPColorSquare_unsigned_short_unsigned_short_unsigned_char_unsigned_1]:  wired=0; compound=0; hidden=1; nouse=1; global=1; static=1; extern=0; dir=2; type=0; pingpong=0; private_global=0; IO mode=ap_ovld:ce=0
Port [ yCount_1]:  wired=0; compound=0; hidden=1; nouse=1; global=1; static=1; extern=0; dir=2; type=0; pingpong=0; private_global=0; IO mode=ap_ovld:ce=0
Port [ whiYuv_2]:  wired=0; compound=1; hidden=1; nouse=1; global=1; static=1; extern=0; dir=0; type=1; pingpong=0; private_global=0; MemPort=[1]; IO mode=ap_memory:ce=0
Port [ boxHCoord]:  wired=0; compound=0; hidden=1; nouse=1; global=1; static=1; extern=0; dir=2; type=0; pingpong=0; private_global=0; IO mode=ap_ovld:ce=0
Port [ boxVCoord]:  wired=0; compound=0; hidden=1; nouse=1; global=1; static=1; extern=0; dir=2; type=0; pingpong=0; private_global=0; IO mode=ap_ovld:ce=0
Port [ vDir]:  wired=0; compound=0; hidden=1; nouse=1; global=1; static=1; extern=0; dir=2; type=0; pingpong=0; private_global=0; IO mode=ap_ovld:ce=0
Port [ hDir]:  wired=0; compound=0; hidden=1; nouse=1; global=1; static=1; extern=0; dir=2; type=0; pingpong=0; private_global=0; IO mode=ap_ovld:ce=0
Port [ fidStored]:  wired=0; compound=0; hidden=1; nouse=1; global=1; static=1; extern=0; dir=2; type=0; pingpong=0; private_global=0; IO mode=ap_ovld:ce=0
Port [ counter]:  wired=0; compound=0; hidden=1; nouse=1; global=1; static=1; extern=0; dir=2; type=0; pingpong=0; private_global=0; IO mode=ap_ovld:ce=0
---------------- STG Properties END ------------------

---------------- Datapath Model BEGIN ----------------

<LifeTime>
<method=bitvector/>
bck_motion_en_read        (read               ) [ 000000]
spectopmodule_ln409       (spectopmodule      ) [ 000000]
specinterface_ln0         (specinterface      ) [ 000000]
specbitsmap_ln0           (specbitsmap        ) [ 000000]
specbitsmap_ln0           (specbitsmap        ) [ 000000]
specbitsmap_ln0           (specbitsmap        ) [ 000000]
specbitsmap_ln0           (specbitsmap        ) [ 000000]
specbitsmap_ln0           (specbitsmap        ) [ 000000]
specbitsmap_ln0           (specbitsmap        ) [ 000000]
specbitsmap_ln0           (specbitsmap        ) [ 000000]
specbitsmap_ln0           (specbitsmap        ) [ 000000]
specinterface_ln0         (specinterface      ) [ 000000]
specinterface_ln0         (specinterface      ) [ 000000]
specbitsmap_ln0           (specbitsmap        ) [ 000000]
specinterface_ln0         (specinterface      ) [ 000000]
specinterface_ln0         (specinterface      ) [ 000000]
specbitsmap_ln0           (specbitsmap        ) [ 000000]
specinterface_ln0         (specinterface      ) [ 000000]
specinterface_ln0         (specinterface      ) [ 000000]
specbitsmap_ln0           (specbitsmap        ) [ 000000]
specinterface_ln0         (specinterface      ) [ 000000]
specbitsmap_ln0           (specbitsmap        ) [ 000000]
specinterface_ln0         (specinterface      ) [ 000000]
specinterface_ln0         (specinterface      ) [ 000000]
specbitsmap_ln0           (specbitsmap        ) [ 000000]
specinterface_ln0         (specinterface      ) [ 000000]
specinterface_ln0         (specinterface      ) [ 000000]
specbitsmap_ln0           (specbitsmap        ) [ 000000]
specinterface_ln0         (specinterface      ) [ 000000]
specinterface_ln0         (specinterface      ) [ 000000]
specbitsmap_ln0           (specbitsmap        ) [ 000000]
specinterface_ln0         (specinterface      ) [ 000000]
specinterface_ln0         (specinterface      ) [ 000000]
specbitsmap_ln0           (specbitsmap        ) [ 000000]
specinterface_ln0         (specinterface      ) [ 000000]
specinterface_ln0         (specinterface      ) [ 000000]
specbitsmap_ln0           (specbitsmap        ) [ 000000]
specinterface_ln0         (specinterface      ) [ 000000]
specinterface_ln0         (specinterface      ) [ 000000]
specbitsmap_ln0           (specbitsmap        ) [ 000000]
specinterface_ln0         (specinterface      ) [ 000000]
specinterface_ln0         (specinterface      ) [ 000000]
specbitsmap_ln0           (specbitsmap        ) [ 000000]
specinterface_ln0         (specinterface      ) [ 000000]
specinterface_ln0         (specinterface      ) [ 000000]
specbitsmap_ln0           (specbitsmap        ) [ 000000]
specinterface_ln0         (specinterface      ) [ 000000]
specinterface_ln0         (specinterface      ) [ 000000]
specbitsmap_ln0           (specbitsmap        ) [ 000000]
specinterface_ln0         (specinterface      ) [ 000000]
specinterface_ln0         (specinterface      ) [ 000000]
specbitsmap_ln0           (specbitsmap        ) [ 000000]
specinterface_ln0         (specinterface      ) [ 000000]
specinterface_ln0         (specinterface      ) [ 000000]
specbitsmap_ln0           (specbitsmap        ) [ 000000]
specinterface_ln0         (specinterface      ) [ 000000]
specinterface_ln0         (specinterface      ) [ 000000]
specbitsmap_ln0           (specbitsmap        ) [ 000000]
specinterface_ln0         (specinterface      ) [ 000000]
specinterface_ln0         (specinterface      ) [ 000000]
specbitsmap_ln0           (specbitsmap        ) [ 000000]
specinterface_ln0         (specinterface      ) [ 000000]
specinterface_ln0         (specinterface      ) [ 000000]
specbitsmap_ln0           (specbitsmap        ) [ 000000]
specinterface_ln0         (specinterface      ) [ 000000]
specinterface_ln0         (specinterface      ) [ 000000]
specbitsmap_ln0           (specbitsmap        ) [ 000000]
specinterface_ln0         (specinterface      ) [ 000000]
specinterface_ln0         (specinterface      ) [ 000000]
specbitsmap_ln0           (specbitsmap        ) [ 000000]
specinterface_ln0         (specinterface      ) [ 000000]
specinterface_ln0         (specinterface      ) [ 000000]
specbitsmap_ln0           (specbitsmap        ) [ 000000]
specinterface_ln0         (specinterface      ) [ 000000]
specinterface_ln0         (specinterface      ) [ 000000]
specbitsmap_ln0           (specbitsmap        ) [ 000000]
specinterface_ln0         (specinterface      ) [ 000000]
specinterface_ln0         (specinterface      ) [ 000000]
specbitsmap_ln0           (specbitsmap        ) [ 000000]
specinterface_ln0         (specinterface      ) [ 000000]
specinterface_ln0         (specinterface      ) [ 000000]
specbitsmap_ln0           (specbitsmap        ) [ 000000]
specinterface_ln0         (specinterface      ) [ 000000]
specinterface_ln0         (specinterface      ) [ 000000]
specbitsmap_ln0           (specbitsmap        ) [ 000000]
specinterface_ln0         (specinterface      ) [ 000000]
specinterface_ln0         (specinterface      ) [ 000000]
specbitsmap_ln0           (specbitsmap        ) [ 000000]
specinterface_ln0         (specinterface      ) [ 000000]
specinterface_ln0         (specinterface      ) [ 000000]
specinterface_ln0         (specinterface      ) [ 000000]
specbitsmap_ln0           (specbitsmap        ) [ 000000]
specbitsmap_ln0           (specbitsmap        ) [ 000000]
specbitsmap_ln0           (specbitsmap        ) [ 000000]
specbitsmap_ln0           (specbitsmap        ) [ 000000]
specbitsmap_ln0           (specbitsmap        ) [ 000000]
specbitsmap_ln0           (specbitsmap        ) [ 000000]
specbitsmap_ln0           (specbitsmap        ) [ 000000]
specbitsmap_ln0           (specbitsmap        ) [ 000000]
specinterface_ln0         (specinterface      ) [ 000000]
specinterface_ln0         (specinterface      ) [ 000000]
specstablecontent_ln465   (specstablecontent  ) [ 000000]
specstablecontent_ln466   (specstablecontent  ) [ 000000]
specstablecontent_ln467   (specstablecontent  ) [ 000000]
specstablecontent_ln468   (specstablecontent  ) [ 000000]
specstablecontent_ln470   (specstablecontent  ) [ 000000]
specstablecontent_ln473   (specstablecontent  ) [ 000000]
specstablecontent_ln474   (specstablecontent  ) [ 000000]
specstablecontent_ln475   (specstablecontent  ) [ 000000]
specstablecontent_ln476   (specstablecontent  ) [ 000000]
specstablecontent_ln477   (specstablecontent  ) [ 000000]
specstablecontent_ln480   (specstablecontent  ) [ 000000]
specstablecontent_ln481   (specstablecontent  ) [ 000000]
specstablecontent_ln482   (specstablecontent  ) [ 000000]
specstablecontent_ln483   (specstablecontent  ) [ 000000]
specstablecontent_ln484   (specstablecontent  ) [ 000000]
specstablecontent_ln485   (specstablecontent  ) [ 000000]
specstablecontent_ln486   (specstablecontent  ) [ 000000]
specstablecontent_ln487   (specstablecontent  ) [ 000000]
specstablecontent_ln488   (specstablecontent  ) [ 000000]
specstablecontent_ln489   (specstablecontent  ) [ 000000]
specstablecontent_ln490   (specstablecontent  ) [ 000000]
specstablecontent_ln491   (specstablecontent  ) [ 000000]
specstablecontent_ln492   (specstablecontent  ) [ 000000]
specstablecontent_ln493   (specstablecontent  ) [ 000000]
specstablecontent_ln494   (specstablecontent  ) [ 000000]
specstablecontent_ln495   (specstablecontent  ) [ 000000]
specstablecontent_ln496   (specstablecontent  ) [ 000000]
tmp                       (call               ) [ 000000]
icmp_ln500                (icmp               ) [ 001100]
specaxissidechannel_ln500 (specaxissidechannel) [ 000000]
specaxissidechannel_ln500 (specaxissidechannel) [ 000000]
br_ln500                  (br                 ) [ 000000]
count_load                (load               ) [ 000000]
add_ln502                 (add                ) [ 001100]
icmp_ln503                (icmp               ) [ 001000]
br_ln503                  (br                 ) [ 001100]
s_load                    (load               ) [ 000000]
tmp_1                     (partselect         ) [ 000000]
icmp_ln505                (icmp               ) [ 000000]
add_ln507                 (add                ) [ 000000]
select_ln505              (select             ) [ 000000]
store_ln505               (store              ) [ 000000]
br_ln514                  (br                 ) [ 001100]
count_new_0               (phi                ) [ 000100]
store_ln502               (store              ) [ 000000]
br_ln515                  (br                 ) [ 000000]
height_read               (read               ) [ 000010]
width_read                (read               ) [ 000010]
field_id_read             (read               ) [ 000010]
fid_in_read               (read               ) [ 000010]
passthruStartX_read       (read               ) [ 000010]
passthruStartY_read       (read               ) [ 000010]
passthruEndX_read         (read               ) [ 000010]
passthruEndY_read         (read               ) [ 000010]
enableInput_read          (read               ) [ 000010]
bckgndId_read             (read               ) [ 000010]
ovrlayId_read             (read               ) [ 000010]
maskId_read               (read               ) [ 000010]
motionSpeed_read          (read               ) [ 000010]
colorFormat_read          (read               ) [ 000010]
crossHairX_read           (read               ) [ 000010]
crossHairY_read           (read               ) [ 000010]
ZplateHorContStart_read   (read               ) [ 000010]
ZplateHorContDelta_read   (read               ) [ 000010]
ZplateVerContStart_read   (read               ) [ 000010]
ZplateVerContDelta_read   (read               ) [ 000010]
boxSize_read              (read               ) [ 000010]
boxColorR_read            (read               ) [ 000000]
empty                     (trunc              ) [ 000010]
boxColorG_read            (read               ) [ 000000]
empty_73                  (trunc              ) [ 000010]
boxColorB_read            (read               ) [ 000000]
empty_74                  (trunc              ) [ 000010]
dpDynamicRange_read       (read               ) [ 000010]
dpYUVCoef_read            (read               ) [ 000010]
call_ln517                (call               ) [ 000000]
ret_ln528                 (ret                ) [ 000000]
</LifeTime>

<model>

<comp_list>
<comp id="0" class="1000" name="s_axis_video_V_data_V">
<pin_list>
<pin id="1" dir="1" index="0" bw="1" slack="0"/>
</pin_list>
<bind>
<StgValue><ssdm name="s_axis_video_V_data_V"/></StgValue>
</bind>
</comp>

<comp id="2" class="1000" name="s_axis_video_V_keep_V">
<pin_list>
<pin id="3" dir="1" index="0" bw="1" slack="0"/>
</pin_list>
<bind>
<StgValue><ssdm name="s_axis_video_V_keep_V"/></StgValue>
</bind>
</comp>

<comp id="4" class="1000" name="s_axis_video_V_strb_V">
<pin_list>
<pin id="5" dir="1" index="0" bw="1" slack="0"/>
</pin_list>
<bind>
<StgValue><ssdm name="s_axis_video_V_strb_V"/></StgValue>
</bind>
</comp>

<comp id="6" class="1000" name="s_axis_video_V_user_V">
<pin_list>
<pin id="7" dir="1" index="0" bw="1" slack="0"/>
</pin_list>
<bind>
<StgValue><ssdm name="s_axis_video_V_user_V"/></StgValue>
</bind>
</comp>

<comp id="8" class="1000" name="s_axis_video_V_last_V">
<pin_list>
<pin id="9" dir="1" index="0" bw="1" slack="0"/>
</pin_list>
<bind>
<StgValue><ssdm name="s_axis_video_V_last_V"/></StgValue>
</bind>
</comp>

<comp id="10" class="1000" name="s_axis_video_V_id_V">
<pin_list>
<pin id="11" dir="1" index="0" bw="1" slack="0"/>
</pin_list>
<bind>
<StgValue><ssdm name="s_axis_video_V_id_V"/></StgValue>
</bind>
</comp>

<comp id="12" class="1000" name="s_axis_video_V_dest_V">
<pin_list>
<pin id="13" dir="1" index="0" bw="1" slack="0"/>
</pin_list>
<bind>
<StgValue><ssdm name="s_axis_video_V_dest_V"/></StgValue>
</bind>
</comp>

<comp id="14" class="1000" name="height">
<pin_list>
<pin id="15" dir="1" index="0" bw="1" slack="0"/>
</pin_list>
<bind>
<StgValue><ssdm name="height"/></StgValue>
</bind>
</comp>

<comp id="16" class="1000" name="width">
<pin_list>
<pin id="17" dir="1" index="0" bw="1" slack="0"/>
</pin_list>
<bind>
<StgValue><ssdm name="width"/></StgValue>
</bind>
</comp>

<comp id="18" class="1000" name="field_id">
<pin_list>
<pin id="19" dir="1" index="0" bw="1" slack="0"/>
</pin_list>
<bind>
<StgValue><ssdm name="field_id"/></StgValue>
</bind>
</comp>

<comp id="20" class="1000" name="fid_in">
<pin_list>
<pin id="21" dir="1" index="0" bw="1" slack="0"/>
</pin_list>
<bind>
<StgValue><ssdm name="fid_in"/></StgValue>
</bind>
</comp>

<comp id="22" class="1000" name="passthruStartX">
<pin_list>
<pin id="23" dir="1" index="0" bw="1" slack="0"/>
</pin_list>
<bind>
<StgValue><ssdm name="passthruStartX"/></StgValue>
</bind>
</comp>

<comp id="24" class="1000" name="passthruStartY">
<pin_list>
<pin id="25" dir="1" index="0" bw="1" slack="0"/>
</pin_list>
<bind>
<StgValue><ssdm name="passthruStartY"/></StgValue>
</bind>
</comp>

<comp id="26" class="1000" name="passthruEndX">
<pin_list>
<pin id="27" dir="1" index="0" bw="1" slack="0"/>
</pin_list>
<bind>
<StgValue><ssdm name="passthruEndX"/></StgValue>
</bind>
</comp>

<comp id="28" class="1000" name="passthruEndY">
<pin_list>
<pin id="29" dir="1" index="0" bw="1" slack="0"/>
</pin_list>
<bind>
<StgValue><ssdm name="passthruEndY"/></StgValue>
</bind>
</comp>

<comp id="30" class="1000" name="enableInput">
<pin_list>
<pin id="31" dir="1" index="0" bw="1" slack="0"/>
</pin_list>
<bind>
<StgValue><ssdm name="enableInput"/></StgValue>
</bind>
</comp>

<comp id="32" class="1000" name="bckgndId">
<pin_list>
<pin id="33" dir="1" index="0" bw="1" slack="0"/>
</pin_list>
<bind>
<StgValue><ssdm name="bckgndId"/></StgValue>
</bind>
</comp>

<comp id="34" class="1000" name="ovrlayId">
<pin_list>
<pin id="35" dir="1" index="0" bw="1" slack="0"/>
</pin_list>
<bind>
<StgValue><ssdm name="ovrlayId"/></StgValue>
</bind>
</comp>

<comp id="36" class="1000" name="maskId">
<pin_list>
<pin id="37" dir="1" index="0" bw="1" slack="0"/>
</pin_list>
<bind>
<StgValue><ssdm name="maskId"/></StgValue>
</bind>
</comp>

<comp id="38" class="1000" name="motionSpeed">
<pin_list>
<pin id="39" dir="1" index="0" bw="1" slack="0"/>
</pin_list>
<bind>
<StgValue><ssdm name="motionSpeed"/></StgValue>
</bind>
</comp>

<comp id="40" class="1000" name="colorFormat">
<pin_list>
<pin id="41" dir="1" index="0" bw="1" slack="0"/>
</pin_list>
<bind>
<StgValue><ssdm name="colorFormat"/></StgValue>
</bind>
</comp>

<comp id="42" class="1000" name="crossHairX">
<pin_list>
<pin id="43" dir="1" index="0" bw="1" slack="0"/>
</pin_list>
<bind>
<StgValue><ssdm name="crossHairX"/></StgValue>
</bind>
</comp>

<comp id="44" class="1000" name="crossHairY">
<pin_list>
<pin id="45" dir="1" index="0" bw="1" slack="0"/>
</pin_list>
<bind>
<StgValue><ssdm name="crossHairY"/></StgValue>
</bind>
</comp>

<comp id="46" class="1000" name="ZplateHorContStart">
<pin_list>
<pin id="47" dir="1" index="0" bw="1" slack="0"/>
</pin_list>
<bind>
<StgValue><ssdm name="ZplateHorContStart"/></StgValue>
</bind>
</comp>

<comp id="48" class="1000" name="ZplateHorContDelta">
<pin_list>
<pin id="49" dir="1" index="0" bw="1" slack="0"/>
</pin_list>
<bind>
<StgValue><ssdm name="ZplateHorContDelta"/></StgValue>
</bind>
</comp>

<comp id="50" class="1000" name="ZplateVerContStart">
<pin_list>
<pin id="51" dir="1" index="0" bw="1" slack="0"/>
</pin_list>
<bind>
<StgValue><ssdm name="ZplateVerContStart"/></StgValue>
</bind>
</comp>

<comp id="52" class="1000" name="ZplateVerContDelta">
<pin_list>
<pin id="53" dir="1" index="0" bw="1" slack="0"/>
</pin_list>
<bind>
<StgValue><ssdm name="ZplateVerContDelta"/></StgValue>
</bind>
</comp>

<comp id="54" class="1000" name="boxSize">
<pin_list>
<pin id="55" dir="1" index="0" bw="1" slack="0"/>
</pin_list>
<bind>
<StgValue><ssdm name="boxSize"/></StgValue>
</bind>
</comp>

<comp id="56" class="1000" name="boxColorR">
<pin_list>
<pin id="57" dir="1" index="0" bw="1" slack="0"/>
</pin_list>
<bind>
<StgValue><ssdm name="boxColorR"/></StgValue>
</bind>
</comp>

<comp id="58" class="1000" name="boxColorG">
<pin_list>
<pin id="59" dir="1" index="0" bw="1" slack="0"/>
</pin_list>
<bind>
<StgValue><ssdm name="boxColorG"/></StgValue>
</bind>
</comp>

<comp id="60" class="1000" name="boxColorB">
<pin_list>
<pin id="61" dir="1" index="0" bw="1" slack="0"/>
</pin_list>
<bind>
<StgValue><ssdm name="boxColorB"/></StgValue>
</bind>
</comp>

<comp id="62" class="1000" name="dpDynamicRange">
<pin_list>
<pin id="63" dir="1" index="0" bw="1" slack="0"/>
</pin_list>
<bind>
<StgValue><ssdm name="dpDynamicRange"/></StgValue>
</bind>
</comp>

<comp id="64" class="1000" name="dpYUVCoef">
<pin_list>
<pin id="65" dir="1" index="0" bw="1" slack="0"/>
</pin_list>
<bind>
<StgValue><ssdm name="dpYUVCoef"/></StgValue>
</bind>
</comp>

<comp id="66" class="1000" name="bck_motion_en">
<pin_list>
<pin id="67" dir="1" index="0" bw="1" slack="0"/>
</pin_list>
<bind>
<StgValue><ssdm name="bck_motion_en"/></StgValue>
</bind>
</comp>

<comp id="68" class="1000" name="m_axis_video_V_data_V">
<pin_list>
<pin id="69" dir="1" index="0" bw="1" slack="0"/>
</pin_list>
<bind>
<StgValue><ssdm name="m_axis_video_V_data_V"/></StgValue>
</bind>
</comp>

<comp id="70" class="1000" name="m_axis_video_V_keep_V">
<pin_list>
<pin id="71" dir="1" index="0" bw="1" slack="0"/>
</pin_list>
<bind>
<StgValue><ssdm name="m_axis_video_V_keep_V"/></StgValue>
</bind>
</comp>

<comp id="72" class="1000" name="m_axis_video_V_strb_V">
<pin_list>
<pin id="73" dir="1" index="0" bw="1" slack="0"/>
</pin_list>
<bind>
<StgValue><ssdm name="m_axis_video_V_strb_V"/></StgValue>
</bind>
</comp>

<comp id="74" class="1000" name="m_axis_video_V_user_V">
<pin_list>
<pin id="75" dir="1" index="0" bw="1" slack="0"/>
</pin_list>
<bind>
<StgValue><ssdm name="m_axis_video_V_user_V"/></StgValue>
</bind>
</comp>

<comp id="76" class="1000" name="m_axis_video_V_last_V">
<pin_list>
<pin id="77" dir="1" index="0" bw="1" slack="0"/>
</pin_list>
<bind>
<StgValue><ssdm name="m_axis_video_V_last_V"/></StgValue>
</bind>
</comp>

<comp id="78" class="1000" name="m_axis_video_V_id_V">
<pin_list>
<pin id="79" dir="1" index="0" bw="1" slack="0"/>
</pin_list>
<bind>
<StgValue><ssdm name="m_axis_video_V_id_V"/></StgValue>
</bind>
</comp>

<comp id="80" class="1000" name="m_axis_video_V_dest_V">
<pin_list>
<pin id="81" dir="1" index="0" bw="1" slack="0"/>
</pin_list>
<bind>
<StgValue><ssdm name="m_axis_video_V_dest_V"/></StgValue>
</bind>
</comp>

<comp id="82" class="1000" name="fid">
<pin_list>
<pin id="83" dir="1" index="0" bw="1" slack="0"/>
</pin_list>
<bind>
<StgValue><ssdm name="fid"/></StgValue>
</bind>
</comp>

<comp id="84" class="1000" name="count">
<pin_list>
<pin id="85" dir="1" index="0" bw="1" slack="0"/>
</pin_list>
<bind>
<StgValue><ssdm name="count"/></StgValue>
</bind>
</comp>

<comp id="86" class="1000" name="s">
<pin_list>
<pin id="87" dir="1" index="0" bw="1" slack="0"/>
</pin_list>
<bind>
<StgValue><ssdm name="s"/></StgValue>
</bind>
</comp>

<comp id="88" class="1000" name="rampStart">
<pin_list>
<pin id="89" dir="1" index="0" bw="1" slack="0"/>
</pin_list>
<bind>
<StgValue><ssdm name="rampStart"/></StgValue>
</bind>
</comp>

<comp id="90" class="1000" name="redYuv">
<pin_list>
<pin id="91" dir="1" index="0" bw="1" slack="0"/>
</pin_list>
<bind>
<StgValue><ssdm name="redYuv"/><MemPortTyVec>1 </MemPortTyVec>
</StgValue>
</bind>
</comp>

<comp id="92" class="1000" name="grnYuv">
<pin_list>
<pin id="93" dir="1" index="0" bw="1" slack="0"/>
</pin_list>
<bind>
<StgValue><ssdm name="grnYuv"/><MemPortTyVec>1 </MemPortTyVec>
</StgValue>
</bind>
</comp>

<comp id="94" class="1000" name="bluYuv">
<pin_list>
<pin id="95" dir="1" index="0" bw="1" slack="0"/>
</pin_list>
<bind>
<StgValue><ssdm name="bluYuv"/><MemPortTyVec>1 </MemPortTyVec>
</StgValue>
</bind>
</comp>

<comp id="96" class="1000" name="blkYuv">
<pin_list>
<pin id="97" dir="1" index="0" bw="1" slack="0"/>
</pin_list>
<bind>
<StgValue><ssdm name="blkYuv"/><MemPortTyVec>1 </MemPortTyVec>
</StgValue>
</bind>
</comp>

<comp id="98" class="1000" name="whiYuv">
<pin_list>
<pin id="99" dir="1" index="0" bw="1" slack="0"/>
</pin_list>
<bind>
<StgValue><ssdm name="whiYuv"/><MemPortTyVec>1 </MemPortTyVec>
</StgValue>
</bind>
</comp>

<comp id="100" class="1000" name="whiYuv_1">
<pin_list>
<pin id="101" dir="1" index="0" bw="1" slack="0"/>
</pin_list>
<bind>
<StgValue><ssdm name="whiYuv_1"/><MemPortTyVec>1 </MemPortTyVec>
</StgValue>
</bind>
</comp>

<comp id="102" class="1000" name="blkYuv_1">
<pin_list>
<pin id="103" dir="1" index="0" bw="1" slack="0"/>
</pin_list>
<bind>
<StgValue><ssdm name="blkYuv_1"/><MemPortTyVec>1 </MemPortTyVec>
</StgValue>
</bind>
</comp>

<comp id="104" class="1000" name="rampVal_1">
<pin_list>
<pin id="105" dir="1" index="0" bw="1" slack="0"/>
</pin_list>
<bind>
<StgValue><ssdm name="rampVal_1"/></StgValue>
</bind>
</comp>

<comp id="106" class="1000" name="rampVal">
<pin_list>
<pin id="107" dir="1" index="0" bw="1" slack="0"/>
</pin_list>
<bind>
<StgValue><ssdm name="rampVal"/></StgValue>
</bind>
</comp>

<comp id="108" class="1000" name="tpgPatternColorBars_unsigned_short_unsigned_short_unsigned_char_int_hBarSel">
<pin_list>
<pin id="109" dir="1" index="0" bw="1" slack="0"/>
</pin_list>
<bind>
<StgValue><ssdm name="tpgPatternColorBars_unsigned_short_unsigned_short_unsigned_char_int_hBarSel"/></StgValue>
</bind>
</comp>

<comp id="110" class="1000" name="tpgPatternColorBars_unsigned_short_unsigned_short_unsigned_char_int_hBarSel_8">
<pin_list>
<pin id="111" dir="1" index="0" bw="1" slack="0"/>
</pin_list>
<bind>
<StgValue><ssdm name="tpgPatternColorBars_unsigned_short_unsigned_short_unsigned_char_int_hBarSel_8"/></StgValue>
</bind>
</comp>

<comp id="112" class="1000" name="zonePlateVAddr">
<pin_list>
<pin id="113" dir="1" index="0" bw="1" slack="0"/>
</pin_list>
<bind>
<StgValue><ssdm name="zonePlateVAddr"/></StgValue>
</bind>
</comp>

<comp id="114" class="1000" name="vBarSel">
<pin_list>
<pin id="115" dir="1" index="0" bw="1" slack="0"/>
</pin_list>
<bind>
<StgValue><ssdm name="vBarSel"/></StgValue>
</bind>
</comp>

<comp id="116" class="1000" name="tpgPatternTartanColorBars_unsigned_short_unsigned_short_unsigned_short_unsign_3">
<pin_list>
<pin id="117" dir="1" index="0" bw="1" slack="0"/>
</pin_list>
<bind>
<StgValue><ssdm name="tpgPatternTartanColorBars_unsigned_short_unsigned_short_unsigned_short_unsign_3"/></StgValue>
</bind>
</comp>

<comp id="118" class="1000" name="tpgPatternTartanColorBars_unsigned_short_unsigned_short_unsigned_short_unsign_2">
<pin_list>
<pin id="119" dir="1" index="0" bw="1" slack="0"/>
</pin_list>
<bind>
<StgValue><ssdm name="tpgPatternTartanColorBars_unsigned_short_unsigned_short_unsigned_short_unsign_2"/></StgValue>
</bind>
</comp>

<comp id="120" class="1000" name="hdata">
<pin_list>
<pin id="121" dir="1" index="0" bw="1" slack="0"/>
</pin_list>
<bind>
<StgValue><ssdm name="hdata"/></StgValue>
</bind>
</comp>

<comp id="122" class="1000" name="vBarSel_2">
<pin_list>
<pin id="123" dir="1" index="0" bw="1" slack="0"/>
</pin_list>
<bind>
<StgValue><ssdm name="vBarSel_2"/></StgValue>
</bind>
</comp>

<comp id="124" class="1000" name="tpgPatternCheckerBoard_unsigned_short_unsigned_short_unsigned_short_unsigned_3">
<pin_list>
<pin id="125" dir="1" index="0" bw="1" slack="0"/>
</pin_list>
<bind>
<StgValue><ssdm name="tpgPatternCheckerBoard_unsigned_short_unsigned_short_unsigned_short_unsigned_3"/></StgValue>
</bind>
</comp>

<comp id="126" class="1000" name="tpgPatternCheckerBoard_unsigned_short_unsigned_short_unsigned_short_unsigned_2">
<pin_list>
<pin id="127" dir="1" index="0" bw="1" slack="0"/>
</pin_list>
<bind>
<StgValue><ssdm name="tpgPatternCheckerBoard_unsigned_short_unsigned_short_unsigned_short_unsigned_2"/></StgValue>
</bind>
</comp>

<comp id="128" class="1000" name="rampVal_2">
<pin_list>
<pin id="129" dir="1" index="0" bw="1" slack="0"/>
</pin_list>
<bind>
<StgValue><ssdm name="rampVal_2"/></StgValue>
</bind>
</comp>

<comp id="130" class="1000" name="vBarSel_1">
<pin_list>
<pin id="131" dir="1" index="0" bw="1" slack="0"/>
</pin_list>
<bind>
<StgValue><ssdm name="vBarSel_1"/></StgValue>
</bind>
</comp>

<comp id="132" class="1000" name="tpgPatternDPColorSquare_unsigned_short_unsigned_short_unsigned_char_unsigned_3">
<pin_list>
<pin id="133" dir="1" index="0" bw="1" slack="0"/>
</pin_list>
<bind>
<StgValue><ssdm name="tpgPatternDPColorSquare_unsigned_short_unsigned_short_unsigned_char_unsigned_3"/></StgValue>
</bind>
</comp>

<comp id="134" class="1000" name="tpgPatternDPColorSquare_unsigned_short_unsigned_short_unsigned_char_unsigned_2">
<pin_list>
<pin id="135" dir="1" index="0" bw="1" slack="0"/>
</pin_list>
<bind>
<StgValue><ssdm name="tpgPatternDPColorSquare_unsigned_short_unsigned_short_unsigned_char_unsigned_2"/></StgValue>
</bind>
</comp>

<comp id="136" class="1000" name="tpgBarSelYuv_y">
<pin_list>
<pin id="137" dir="1" index="0" bw="1" slack="0"/>
</pin_list>
<bind>
<StgValue><ssdm name="tpgBarSelYuv_y"/><MemPortTyVec>1 1 </MemPortTyVec>
</StgValue>
</bind>
</comp>

<comp id="138" class="1000" name="tpgBarSelYuv_u">
<pin_list>
<pin id="139" dir="1" index="0" bw="1" slack="0"/>
</pin_list>
<bind>
<StgValue><ssdm name="tpgBarSelYuv_u"/><MemPortTyVec>1 1 </MemPortTyVec>
</StgValue>
</bind>
</comp>

<comp id="140" class="1000" name="tpgBarSelYuv_v">
<pin_list>
<pin id="141" dir="1" index="0" bw="1" slack="0"/>
</pin_list>
<bind>
<StgValue><ssdm name="tpgBarSelYuv_v"/><MemPortTyVec>1 1 </MemPortTyVec>
</StgValue>
</bind>
</comp>

<comp id="142" class="1000" name="tpgPatternColorBars_unsigned_short_unsigned_short_unsigned_char_int_xBar_9">
<pin_list>
<pin id="143" dir="1" index="0" bw="1" slack="0"/>
</pin_list>
<bind>
<StgValue><ssdm name="tpgPatternColorBars_unsigned_short_unsigned_short_unsigned_char_int_xBar_9"/></StgValue>
</bind>
</comp>

<comp id="144" class="1000" name="tpgBarSelRgb_r">
<pin_list>
<pin id="145" dir="1" index="0" bw="1" slack="0"/>
</pin_list>
<bind>
<StgValue><ssdm name="tpgBarSelRgb_r"/><MemPortTyVec>1 1 </MemPortTyVec>
</StgValue>
</bind>
</comp>

<comp id="146" class="1000" name="tpgBarSelRgb_g">
<pin_list>
<pin id="147" dir="1" index="0" bw="1" slack="0"/>
</pin_list>
<bind>
<StgValue><ssdm name="tpgBarSelRgb_g"/><MemPortTyVec>1 1 </MemPortTyVec>
</StgValue>
</bind>
</comp>

<comp id="148" class="1000" name="tpgBarSelRgb_b">
<pin_list>
<pin id="149" dir="1" index="0" bw="1" slack="0"/>
</pin_list>
<bind>
<StgValue><ssdm name="tpgBarSelRgb_b"/><MemPortTyVec>1 1 </MemPortTyVec>
</StgValue>
</bind>
</comp>

<comp id="150" class="1000" name="tpgPatternColorBars_unsigned_short_unsigned_short_unsigned_char_int_xBar">
<pin_list>
<pin id="151" dir="1" index="0" bw="1" slack="0"/>
</pin_list>
<bind>
<StgValue><ssdm name="tpgPatternColorBars_unsigned_short_unsigned_short_unsigned_char_int_xBar"/></StgValue>
</bind>
</comp>

<comp id="152" class="1000" name="tpgSinTableArray">
<pin_list>
<pin id="153" dir="1" index="0" bw="1" slack="0"/>
</pin_list>
<bind>
<StgValue><ssdm name="tpgSinTableArray"/><MemPortTyVec>1 1 </MemPortTyVec>
</StgValue>
</bind>
</comp>

<comp id="154" class="1000" name="zonePlateVDelta">
<pin_list>
<pin id="155" dir="1" index="0" bw="1" slack="0"/>
</pin_list>
<bind>
<StgValue><ssdm name="zonePlateVDelta"/></StgValue>
</bind>
</comp>

<comp id="156" class="1000" name="tpgTartanBarArray">
<pin_list>
<pin id="157" dir="1" index="0" bw="1" slack="0"/>
</pin_list>
<bind>
<StgValue><ssdm name="tpgTartanBarArray"/><MemPortTyVec>1 1 </MemPortTyVec>
</StgValue>
</bind>
</comp>

<comp id="158" class="1000" name="tpgPatternTartanColorBars_unsigned_short_unsigned_short_unsigned_short_unsign">
<pin_list>
<pin id="159" dir="1" index="0" bw="1" slack="0"/>
</pin_list>
<bind>
<StgValue><ssdm name="tpgPatternTartanColorBars_unsigned_short_unsigned_short_unsigned_short_unsign"/></StgValue>
</bind>
</comp>

<comp id="160" class="1000" name="tpgPatternTartanColorBars_unsigned_short_unsigned_short_unsigned_short_unsign_1">
<pin_list>
<pin id="161" dir="1" index="0" bw="1" slack="0"/>
</pin_list>
<bind>
<StgValue><ssdm name="tpgPatternTartanColorBars_unsigned_short_unsigned_short_unsigned_short_unsign_1"/></StgValue>
</bind>
</comp>

<comp id="162" class="1000" name="yCount">
<pin_list>
<pin id="163" dir="1" index="0" bw="1" slack="0"/>
</pin_list>
<bind>
<StgValue><ssdm name="yCount"/></StgValue>
</bind>
</comp>

<comp id="164" class="1000" name="tpgPatternCrossHatch_unsigned_short_unsigned_short_unsigned_short_unsigned_sh">
<pin_list>
<pin id="165" dir="1" index="0" bw="1" slack="0"/>
</pin_list>
<bind>
<StgValue><ssdm name="tpgPatternCrossHatch_unsigned_short_unsigned_short_unsigned_short_unsigned_sh"/></StgValue>
</bind>
</comp>

<comp id="166" class="1000" name="tpgPatternCrossHatch_unsigned_short_unsigned_short_unsigned_short_unsigned_sh_1">
<pin_list>
<pin id="167" dir="1" index="0" bw="1" slack="0"/>
</pin_list>
<bind>
<StgValue><ssdm name="tpgPatternCrossHatch_unsigned_short_unsigned_short_unsigned_short_unsigned_sh_1"/></StgValue>
</bind>
</comp>

<comp id="168" class="1000" name="vHatch">
<pin_list>
<pin id="169" dir="1" index="0" bw="1" slack="0"/>
</pin_list>
<bind>
<StgValue><ssdm name="vHatch"/></StgValue>
</bind>
</comp>

<comp id="170" class="1000" name="yCount_2">
<pin_list>
<pin id="171" dir="1" index="0" bw="1" slack="0"/>
</pin_list>
<bind>
<StgValue><ssdm name="yCount_2"/></StgValue>
</bind>
</comp>

<comp id="172" class="1000" name="tpgSinTableArray_9bit_0">
<pin_list>
<pin id="173" dir="1" index="0" bw="1" slack="0"/>
</pin_list>
<bind>
<StgValue><ssdm name="tpgSinTableArray_9bit_0"/><MemPortTyVec>1 1 1 1 1 1 </MemPortTyVec>
</StgValue>
</bind>
</comp>

<comp id="174" class="1000" name="tpgSinTableArray_9bit_1">
<pin_list>
<pin id="175" dir="1" index="0" bw="1" slack="0"/>
</pin_list>
<bind>
<StgValue><ssdm name="tpgSinTableArray_9bit_1"/><MemPortTyVec>1 1 1 1 1 1 </MemPortTyVec>
</StgValue>
</bind>
</comp>

<comp id="176" class="1000" name="tpgSinTableArray_9bit_2">
<pin_list>
<pin id="177" dir="1" index="0" bw="1" slack="0"/>
</pin_list>
<bind>
<StgValue><ssdm name="tpgSinTableArray_9bit_2"/><MemPortTyVec>1 1 1 1 1 1 </MemPortTyVec>
</StgValue>
</bind>
</comp>

<comp id="178" class="1000" name="tpgCheckerBoardArray">
<pin_list>
<pin id="179" dir="1" index="0" bw="1" slack="0"/>
</pin_list>
<bind>
<StgValue><ssdm name="tpgCheckerBoardArray"/><MemPortTyVec>1 1 </MemPortTyVec>
</StgValue>
</bind>
</comp>

<comp id="180" class="1000" name="tpgPatternCheckerBoard_unsigned_short_unsigned_short_unsigned_short_unsigned_s">
<pin_list>
<pin id="181" dir="1" index="0" bw="1" slack="0"/>
</pin_list>
<bind>
<StgValue><ssdm name="tpgPatternCheckerBoard_unsigned_short_unsigned_short_unsigned_short_unsigned_s"/></StgValue>
</bind>
</comp>

<comp id="182" class="1000" name="tpgPatternCheckerBoard_unsigned_short_unsigned_short_unsigned_short_unsigned_1">
<pin_list>
<pin id="183" dir="1" index="0" bw="1" slack="0"/>
</pin_list>
<bind>
<StgValue><ssdm name="tpgPatternCheckerBoard_unsigned_short_unsigned_short_unsigned_short_unsigned_1"/></StgValue>
</bind>
</comp>

<comp id="184" class="1000" name="yCount_3">
<pin_list>
<pin id="185" dir="1" index="0" bw="1" slack="0"/>
</pin_list>
<bind>
<StgValue><ssdm name="yCount_3"/></StgValue>
</bind>
</comp>

<comp id="186" class="1000" name="rSerie">
<pin_list>
<pin id="187" dir="1" index="0" bw="1" slack="0"/>
</pin_list>
<bind>
<StgValue><ssdm name="rSerie"/></StgValue>
</bind>
</comp>

<comp id="188" class="1000" name="gSerie">
<pin_list>
<pin id="189" dir="1" index="0" bw="1" slack="0"/>
</pin_list>
<bind>
<StgValue><ssdm name="gSerie"/></StgValue>
</bind>
</comp>

<comp id="190" class="1000" name="bSerie">
<pin_list>
<pin id="191" dir="1" index="0" bw="1" slack="0"/>
</pin_list>
<bind>
<StgValue><ssdm name="bSerie"/></StgValue>
</bind>
</comp>

<comp id="192" class="1000" name="DPtpgBarSelYuv_709_y">
<pin_list>
<pin id="193" dir="1" index="0" bw="1" slack="0"/>
</pin_list>
<bind>
<StgValue><ssdm name="DPtpgBarSelYuv_709_y"/><MemPortTyVec>1 1 </MemPortTyVec>
</StgValue>
</bind>
</comp>

<comp id="194" class="1000" name="DPtpgBarSelYuv_709_u">
<pin_list>
<pin id="195" dir="1" index="0" bw="1" slack="0"/>
</pin_list>
<bind>
<StgValue><ssdm name="DPtpgBarSelYuv_709_u"/><MemPortTyVec>1 1 </MemPortTyVec>
</StgValue>
</bind>
</comp>

<comp id="196" class="1000" name="DPtpgBarSelYuv_709_v">
<pin_list>
<pin id="197" dir="1" index="0" bw="1" slack="0"/>
</pin_list>
<bind>
<StgValue><ssdm name="DPtpgBarSelYuv_709_v"/><MemPortTyVec>1 1 </MemPortTyVec>
</StgValue>
</bind>
</comp>

<comp id="198" class="1000" name="DPtpgBarArray">
<pin_list>
<pin id="199" dir="1" index="0" bw="1" slack="0"/>
</pin_list>
<bind>
<StgValue><ssdm name="DPtpgBarArray"/><MemPortTyVec>1 1 </MemPortTyVec>
</StgValue>
</bind>
</comp>

<comp id="200" class="1000" name="tpgPatternDPColorSquare_unsigned_short_unsigned_short_unsigned_char_unsigned_s">
<pin_list>
<pin id="201" dir="1" index="0" bw="1" slack="0"/>
</pin_list>
<bind>
<StgValue><ssdm name="tpgPatternDPColorSquare_unsigned_short_unsigned_short_unsigned_char_unsigned_s"/></StgValue>
</bind>
</comp>

<comp id="202" class="1000" name="DPtpgBarSelRgb_VESA_r">
<pin_list>
<pin id="203" dir="1" index="0" bw="1" slack="0"/>
</pin_list>
<bind>
<StgValue><ssdm name="DPtpgBarSelRgb_VESA_r"/><MemPortTyVec>1 1 </MemPortTyVec>
</StgValue>
</bind>
</comp>

<comp id="204" class="1000" name="DPtpgBarSelRgb_VESA_g">
<pin_list>
<pin id="205" dir="1" index="0" bw="1" slack="0"/>
</pin_list>
<bind>
<StgValue><ssdm name="DPtpgBarSelRgb_VESA_g"/><MemPortTyVec>1 1 </MemPortTyVec>
</StgValue>
</bind>
</comp>

<comp id="206" class="1000" name="DPtpgBarSelRgb_VESA_b">
<pin_list>
<pin id="207" dir="1" index="0" bw="1" slack="0"/>
</pin_list>
<bind>
<StgValue><ssdm name="DPtpgBarSelRgb_VESA_b"/><MemPortTyVec>1 1 </MemPortTyVec>
</StgValue>
</bind>
</comp>

<comp id="208" class="1000" name="DPtpgBarSelRgb_CEA_r">
<pin_list>
<pin id="209" dir="1" index="0" bw="1" slack="0"/>
</pin_list>
<bind>
<StgValue><ssdm name="DPtpgBarSelRgb_CEA_r"/><MemPortTyVec>1 1 </MemPortTyVec>
</StgValue>
</bind>
</comp>

<comp id="210" class="1000" name="DPtpgBarSelRgb_CEA_g">
<pin_list>
<pin id="211" dir="1" index="0" bw="1" slack="0"/>
</pin_list>
<bind>
<StgValue><ssdm name="DPtpgBarSelRgb_CEA_g"/><MemPortTyVec>1 1 </MemPortTyVec>
</StgValue>
</bind>
</comp>

<comp id="212" class="1000" name="DPtpgBarSelRgb_CEA_b">
<pin_list>
<pin id="213" dir="1" index="0" bw="1" slack="0"/>
</pin_list>
<bind>
<StgValue><ssdm name="DPtpgBarSelRgb_CEA_b"/><MemPortTyVec>1 1 </MemPortTyVec>
</StgValue>
</bind>
</comp>

<comp id="214" class="1000" name="DPtpgBarSelYuv_601_y">
<pin_list>
<pin id="215" dir="1" index="0" bw="1" slack="0"/>
</pin_list>
<bind>
<StgValue><ssdm name="DPtpgBarSelYuv_601_y"/><MemPortTyVec>1 1 </MemPortTyVec>
</StgValue>
</bind>
</comp>

<comp id="216" class="1000" name="DPtpgBarSelYuv_601_u">
<pin_list>
<pin id="217" dir="1" index="0" bw="1" slack="0"/>
</pin_list>
<bind>
<StgValue><ssdm name="DPtpgBarSelYuv_601_u"/><MemPortTyVec>1 1 </MemPortTyVec>
</StgValue>
</bind>
</comp>

<comp id="218" class="1000" name="DPtpgBarSelYuv_601_v">
<pin_list>
<pin id="219" dir="1" index="0" bw="1" slack="0"/>
</pin_list>
<bind>
<StgValue><ssdm name="DPtpgBarSelYuv_601_v"/><MemPortTyVec>1 1 </MemPortTyVec>
</StgValue>
</bind>
</comp>

<comp id="220" class="1000" name="tpgPatternDPColorSquare_unsigned_short_unsigned_short_unsigned_char_unsigned_1">
<pin_list>
<pin id="221" dir="1" index="0" bw="1" slack="0"/>
</pin_list>
<bind>
<StgValue><ssdm name="tpgPatternDPColorSquare_unsigned_short_unsigned_short_unsigned_char_unsigned_1"/></StgValue>
</bind>
</comp>

<comp id="222" class="1000" name="yCount_1">
<pin_list>
<pin id="223" dir="1" index="0" bw="1" slack="0"/>
</pin_list>
<bind>
<StgValue><ssdm name="yCount_1"/></StgValue>
</bind>
</comp>

<comp id="224" class="1000" name="whiYuv_2">
<pin_list>
<pin id="225" dir="1" index="0" bw="1" slack="0"/>
</pin_list>
<bind>
<StgValue><ssdm name="whiYuv_2"/><MemPortTyVec>1 </MemPortTyVec>
</StgValue>
</bind>
</comp>

<comp id="226" class="1000" name="boxHCoord">
<pin_list>
<pin id="227" dir="1" index="0" bw="1" slack="0"/>
</pin_list>
<bind>
<StgValue><ssdm name="boxHCoord"/></StgValue>
</bind>
</comp>

<comp id="228" class="1000" name="boxVCoord">
<pin_list>
<pin id="229" dir="1" index="0" bw="1" slack="0"/>
</pin_list>
<bind>
<StgValue><ssdm name="boxVCoord"/></StgValue>
</bind>
</comp>

<comp id="230" class="1000" name="vDir">
<pin_list>
<pin id="231" dir="1" index="0" bw="1" slack="0"/>
</pin_list>
<bind>
<StgValue><ssdm name="vDir"/></StgValue>
</bind>
</comp>

<comp id="232" class="1000" name="hDir">
<pin_list>
<pin id="233" dir="1" index="0" bw="1" slack="0"/>
</pin_list>
<bind>
<StgValue><ssdm name="hDir"/></StgValue>
</bind>
</comp>

<comp id="234" class="1000" name="fidStored">
<pin_list>
<pin id="235" dir="1" index="0" bw="1" slack="0"/>
</pin_list>
<bind>
<StgValue><ssdm name="fidStored"/></StgValue>
</bind>
</comp>

<comp id="236" class="1000" name="counter">
<pin_list>
<pin id="237" dir="1" index="0" bw="1" slack="0"/>
</pin_list>
<bind>
<StgValue><ssdm name="counter"/></StgValue>
</bind>
</comp>

<comp id="238" class="1001" name="const_238">
<pin_list>
<pin id="239" dir="1" index="0" bw="1" slack="0"/>
</pin_list>
<bind>
<StgValue><ssdm name="_ssdm_op_Read.s_axilite.i16P0A"/></StgValue>
</bind>
</comp>

<comp id="240" class="1001" name="const_240">
<pin_list>
<pin id="241" dir="1" index="0" bw="1" slack="0"/>
</pin_list>
<bind>
<StgValue><ssdm name="reg<unsigned short>"/></StgValue>
</bind>
</comp>

<comp id="242" class="1001" name="const_242">
<pin_list>
<pin id="243" dir="1" index="0" bw="1" slack="2147483647"/>
</pin_list>
<bind>
<StgValue><ssdm name="_ssdm_op_SpecTopModule"/></StgValue>
</bind>
</comp>

<comp id="244" class="1001" name="const_244">
<pin_list>
<pin id="245" dir="1" index="0" bw="1" slack="2147483647"/>
</pin_list>
<bind>
<StgValue><ssdm name="empty_19"/></StgValue>
</bind>
</comp>

<comp id="246" class="1001" name="const_246">
<pin_list>
<pin id="247" dir="1" index="0" bw="1" slack="2147483647"/>
</pin_list>
<bind>
<StgValue><ssdm name="_ssdm_op_SpecInterface"/></StgValue>
</bind>
</comp>

<comp id="248" class="1001" name="const_248">
<pin_list>
<pin id="249" dir="1" index="0" bw="1" slack="2147483647"/>
</pin_list>
<bind>
<StgValue><ssdm name="empty_13"/></StgValue>
</bind>
</comp>

<comp id="250" class="1001" name="const_250">
<pin_list>
<pin id="251" dir="1" index="0" bw="1" slack="0"/>
</pin_list>
<bind>
<StgValue><ssdm name=""/></StgValue>
</bind>
</comp>

<comp id="252" class="1001" name="const_252">
<pin_list>
<pin id="253" dir="1" index="0" bw="1" slack="2147483647"/>
</pin_list>
<bind>
<StgValue><ssdm name="empty_4"/></StgValue>
</bind>
</comp>

<comp id="254" class="1001" name="const_254">
<pin_list>
<pin id="255" dir="1" index="0" bw="1" slack="0"/>
</pin_list>
<bind>
<StgValue><ssdm name=""/></StgValue>
</bind>
</comp>

<comp id="256" class="1001" name="const_256">
<pin_list>
<pin id="257" dir="1" index="0" bw="1" slack="2147483647"/>
</pin_list>
<bind>
<StgValue><ssdm name="empty_15"/></StgValue>
</bind>
</comp>

<comp id="258" class="1001" name="const_258">
<pin_list>
<pin id="259" dir="1" index="0" bw="1" slack="2147483647"/>
</pin_list>
<bind>
<StgValue><ssdm name=""/></StgValue>
</bind>
</comp>

<comp id="260" class="1001" name="const_260">
<pin_list>
<pin id="261" dir="1" index="0" bw="1" slack="2147483647"/>
</pin_list>
<bind>
<StgValue><ssdm name="_ssdm_op_SpecBitsMap"/></StgValue>
</bind>
</comp>

<comp id="262" class="1001" name="const_262">
<pin_list>
<pin id="263" dir="1" index="0" bw="1" slack="2147483647"/>
</pin_list>
<bind>
<StgValue><ssdm name="empty_5"/></StgValue>
</bind>
</comp>

<comp id="264" class="1001" name="const_264">
<pin_list>
<pin id="265" dir="1" index="0" bw="1" slack="2147483647"/>
</pin_list>
<bind>
<StgValue><ssdm name="empty_39"/></StgValue>
</bind>
</comp>

<comp id="266" class="1001" name="const_266">
<pin_list>
<pin id="267" dir="1" index="0" bw="1" slack="2147483647"/>
</pin_list>
<bind>
<StgValue><ssdm name="empty_41"/></StgValue>
</bind>
</comp>

<comp id="268" class="1001" name="const_268">
<pin_list>
<pin id="269" dir="1" index="0" bw="1" slack="2147483647"/>
</pin_list>
<bind>
<StgValue><ssdm name="empty_7"/></StgValue>
</bind>
</comp>

<comp id="270" class="1001" name="const_270">
<pin_list>
<pin id="271" dir="1" index="0" bw="1" slack="2147483647"/>
</pin_list>
<bind>
<StgValue><ssdm name="empty_30"/></StgValue>
</bind>
</comp>

<comp id="272" class="1001" name="const_272">
<pin_list>
<pin id="273" dir="1" index="0" bw="1" slack="2147483647"/>
</pin_list>
<bind>
<StgValue><ssdm name="empty_8"/></StgValue>
</bind>
</comp>

<comp id="274" class="1001" name="const_274">
<pin_list>
<pin id="275" dir="1" index="0" bw="1" slack="2147483647"/>
</pin_list>
<bind>
<StgValue><ssdm name="empty_44"/></StgValue>
</bind>
</comp>

<comp id="276" class="1001" name="const_276">
<pin_list>
<pin id="277" dir="1" index="0" bw="1" slack="2147483647"/>
</pin_list>
<bind>
<StgValue><ssdm name="empty_20"/></StgValue>
</bind>
</comp>

<comp id="278" class="1001" name="const_278">
<pin_list>
<pin id="279" dir="1" index="0" bw="1" slack="2147483647"/>
</pin_list>
<bind>
<StgValue><ssdm name="empty_23"/></StgValue>
</bind>
</comp>

<comp id="280" class="1001" name="const_280">
<pin_list>
<pin id="281" dir="1" index="0" bw="1" slack="2147483647"/>
</pin_list>
<bind>
<StgValue><ssdm name="empty_22"/></StgValue>
</bind>
</comp>

<comp id="282" class="1001" name="const_282">
<pin_list>
<pin id="283" dir="1" index="0" bw="1" slack="2147483647"/>
</pin_list>
<bind>
<StgValue><ssdm name="empty_33"/></StgValue>
</bind>
</comp>

<comp id="284" class="1001" name="const_284">
<pin_list>
<pin id="285" dir="1" index="0" bw="1" slack="2147483647"/>
</pin_list>
<bind>
<StgValue><ssdm name="empty_10"/></StgValue>
</bind>
</comp>

<comp id="286" class="1001" name="const_286">
<pin_list>
<pin id="287" dir="1" index="0" bw="1" slack="2147483647"/>
</pin_list>
<bind>
<StgValue><ssdm name="empty_29"/></StgValue>
</bind>
</comp>

<comp id="288" class="1001" name="const_288">
<pin_list>
<pin id="289" dir="1" index="0" bw="1" slack="2147483647"/>
</pin_list>
<bind>
<StgValue><ssdm name="empty_43"/></StgValue>
</bind>
</comp>

<comp id="290" class="1001" name="const_290">
<pin_list>
<pin id="291" dir="1" index="0" bw="1" slack="2147483647"/>
</pin_list>
<bind>
<StgValue><ssdm name="empty_42"/></StgValue>
</bind>
</comp>

<comp id="292" class="1001" name="const_292">
<pin_list>
<pin id="293" dir="1" index="0" bw="1" slack="2147483647"/>
</pin_list>
<bind>
<StgValue><ssdm name="empty_24"/></StgValue>
</bind>
</comp>

<comp id="294" class="1001" name="const_294">
<pin_list>
<pin id="295" dir="1" index="0" bw="1" slack="2147483647"/>
</pin_list>
<bind>
<StgValue><ssdm name="empty_25"/></StgValue>
</bind>
</comp>

<comp id="296" class="1001" name="const_296">
<pin_list>
<pin id="297" dir="1" index="0" bw="1" slack="2147483647"/>
</pin_list>
<bind>
<StgValue><ssdm name="empty_26"/></StgValue>
</bind>
</comp>

<comp id="298" class="1001" name="const_298">
<pin_list>
<pin id="299" dir="1" index="0" bw="1" slack="2147483647"/>
</pin_list>
<bind>
<StgValue><ssdm name="empty_27"/></StgValue>
</bind>
</comp>

<comp id="300" class="1001" name="const_300">
<pin_list>
<pin id="301" dir="1" index="0" bw="1" slack="2147483647"/>
</pin_list>
<bind>
<StgValue><ssdm name="empty_28"/></StgValue>
</bind>
</comp>

<comp id="302" class="1001" name="const_302">
<pin_list>
<pin id="303" dir="1" index="0" bw="1" slack="2147483647"/>
</pin_list>
<bind>
<StgValue><ssdm name="empty_6"/></StgValue>
</bind>
</comp>

<comp id="304" class="1001" name="const_304">
<pin_list>
<pin id="305" dir="1" index="0" bw="1" slack="2147483647"/>
</pin_list>
<bind>
<StgValue><ssdm name="empty_14"/></StgValue>
</bind>
</comp>

<comp id="306" class="1001" name="const_306">
<pin_list>
<pin id="307" dir="1" index="0" bw="1" slack="2147483647"/>
</pin_list>
<bind>
<StgValue><ssdm name="empty_16"/></StgValue>
</bind>
</comp>

<comp id="308" class="1001" name="const_308">
<pin_list>
<pin id="309" dir="1" index="0" bw="1" slack="2147483647"/>
</pin_list>
<bind>
<StgValue><ssdm name="empty_11"/></StgValue>
</bind>
</comp>

<comp id="310" class="1001" name="const_310">
<pin_list>
<pin id="311" dir="1" index="0" bw="1" slack="2147483647"/>
</pin_list>
<bind>
<StgValue><ssdm name="empty_31"/></StgValue>
</bind>
</comp>

<comp id="312" class="1001" name="const_312">
<pin_list>
<pin id="313" dir="1" index="0" bw="1" slack="2147483647"/>
</pin_list>
<bind>
<StgValue><ssdm name="empty_32"/></StgValue>
</bind>
</comp>

<comp id="314" class="1001" name="const_314">
<pin_list>
<pin id="315" dir="1" index="0" bw="1" slack="2147483647"/>
</pin_list>
<bind>
<StgValue><ssdm name="empty_40"/></StgValue>
</bind>
</comp>

<comp id="316" class="1001" name="const_316">
<pin_list>
<pin id="317" dir="1" index="0" bw="1" slack="2147483647"/>
</pin_list>
<bind>
<StgValue><ssdm name="empty_21"/></StgValue>
</bind>
</comp>

<comp id="318" class="1001" name="const_318">
<pin_list>
<pin id="319" dir="1" index="0" bw="1" slack="2147483647"/>
</pin_list>
<bind>
<StgValue><ssdm name="empty_0"/></StgValue>
</bind>
</comp>

<comp id="320" class="1001" name="const_320">
<pin_list>
<pin id="321" dir="1" index="0" bw="1" slack="2147483647"/>
</pin_list>
<bind>
<StgValue><ssdm name="empty"/></StgValue>
</bind>
</comp>

<comp id="322" class="1001" name="const_322">
<pin_list>
<pin id="323" dir="1" index="0" bw="1" slack="2147483647"/>
</pin_list>
<bind>
<StgValue><ssdm name="_ssdm_op_SpecStableContent"/></StgValue>
</bind>
</comp>

<comp id="324" class="1001" name="const_324">
<pin_list>
<pin id="325" dir="1" index="0" bw="1" slack="2147483647"/>
</pin_list>
<bind>
<StgValue><ssdm name=""/></StgValue>
</bind>
</comp>

<comp id="326" class="1001" name="const_326">
<pin_list>
<pin id="327" dir="1" index="0" bw="1" slack="2147483647"/>
</pin_list>
<bind>
<StgValue><ssdm name=""/></StgValue>
</bind>
</comp>

<comp id="328" class="1001" name="const_328">
<pin_list>
<pin id="329" dir="1" index="0" bw="1" slack="0"/>
</pin_list>
<bind>
<StgValue><ssdm name=""/></StgValue>
</bind>
</comp>

<comp id="330" class="1001" name="const_330">
<pin_list>
<pin id="331" dir="1" index="0" bw="1" slack="2147483647"/>
</pin_list>
<bind>
<StgValue><ssdm name="_ssdm_op_SpecAXISSideChannel"/></StgValue>
</bind>
</comp>

<comp id="332" class="1001" name="const_332">
<pin_list>
<pin id="333" dir="1" index="0" bw="1" slack="2147483647"/>
</pin_list>
<bind>
<StgValue><ssdm name="empty_45"/></StgValue>
</bind>
</comp>

<comp id="334" class="1001" name="const_334">
<pin_list>
<pin id="335" dir="1" index="0" bw="1" slack="2147483647"/>
</pin_list>
<bind>
<StgValue><ssdm name="empty_34"/></StgValue>
</bind>
</comp>

<comp id="336" class="1001" name="const_336">
<pin_list>
<pin id="337" dir="1" index="0" bw="1" slack="0"/>
</pin_list>
<bind>
<StgValue><ssdm name=""/></StgValue>
</bind>
</comp>

<comp id="338" class="1001" name="const_338">
<pin_list>
<pin id="339" dir="1" index="0" bw="1" slack="0"/>
</pin_list>
<bind>
<StgValue><ssdm name="_ssdm_op_PartSelect.i29.i32.i32.i32"/></StgValue>
</bind>
</comp>

<comp id="340" class="1001" name="const_340">
<pin_list>
<pin id="341" dir="1" index="0" bw="1" slack="0"/>
</pin_list>
<bind>
<StgValue><ssdm name=""/></StgValue>
</bind>
</comp>

<comp id="342" class="1001" name="const_342">
<pin_list>
<pin id="343" dir="1" index="0" bw="1" slack="0"/>
</pin_list>
<bind>
<StgValue><ssdm name=""/></StgValue>
</bind>
</comp>

<comp id="344" class="1001" name="const_344">
<pin_list>
<pin id="345" dir="1" index="0" bw="1" slack="0"/>
</pin_list>
<bind>
<StgValue><ssdm name=""/></StgValue>
</bind>
</comp>

<comp id="346" class="1001" name="const_346">
<pin_list>
<pin id="347" dir="1" index="0" bw="1" slack="0"/>
</pin_list>
<bind>
<StgValue><ssdm name="_ssdm_op_Read.ap_auto.i1P0A"/></StgValue>
</bind>
</comp>

<comp id="348" class="1001" name="const_348">
<pin_list>
<pin id="349" dir="1" index="0" bw="1" slack="0"/>
</pin_list>
<bind>
<StgValue><ssdm name="_ssdm_op_Read.s_axilite.i8P0A"/></StgValue>
</bind>
</comp>

<comp id="350" class="1001" name="const_350">
<pin_list>
<pin id="351" dir="1" index="0" bw="1" slack="0"/>
</pin_list>
<bind>
<StgValue><ssdm name="v_tpgHlsDataFlow"/></StgValue>
</bind>
</comp>

<comp id="352" class="1004" name="bck_motion_en_read_read_fu_352">
<pin_list>
<pin id="353" dir="0" index="0" bw="16" slack="0"/>
<pin id="354" dir="0" index="1" bw="16" slack="0"/>
<pin id="355" dir="1" index="2" bw="16" slack="0"/>
</pin_list>
<bind>
<opcode="read(1150) " fcode="read"/>
<opset="bck_motion_en_read/1 "/>
</bind>
</comp>

<comp id="358" class="1004" name="height_read_read_fu_358">
<pin_list>
<pin id="359" dir="0" index="0" bw="16" slack="0"/>
<pin id="360" dir="0" index="1" bw="16" slack="0"/>
<pin id="361" dir="1" index="2" bw="16" slack="0"/>
</pin_list>
<bind>
<opcode="read(1150) " fcode="read"/>
<opset="height_read/3 "/>
</bind>
</comp>

<comp id="364" class="1004" name="width_read_read_fu_364">
<pin_list>
<pin id="365" dir="0" index="0" bw="16" slack="0"/>
<pin id="366" dir="0" index="1" bw="16" slack="0"/>
<pin id="367" dir="1" index="2" bw="16" slack="0"/>
</pin_list>
<bind>
<opcode="read(1150) " fcode="read"/>
<opset="width_read/3 "/>
</bind>
</comp>

<comp id="370" class="1004" name="field_id_read_read_fu_370">
<pin_list>
<pin id="371" dir="0" index="0" bw="16" slack="0"/>
<pin id="372" dir="0" index="1" bw="16" slack="0"/>
<pin id="373" dir="1" index="2" bw="16" slack="0"/>
</pin_list>
<bind>
<opcode="read(1150) " fcode="read"/>
<opset="field_id_read/3 "/>
</bind>
</comp>

<comp id="376" class="1004" name="fid_in_read_read_fu_376">
<pin_list>
<pin id="377" dir="0" index="0" bw="1" slack="0"/>
<pin id="378" dir="0" index="1" bw="1" slack="0"/>
<pin id="379" dir="1" index="2" bw="1" slack="0"/>
</pin_list>
<bind>
<opcode="read(1150) " fcode="read"/>
<opset="fid_in_read/3 "/>
</bind>
</comp>

<comp id="382" class="1004" name="passthruStartX_read_read_fu_382">
<pin_list>
<pin id="383" dir="0" index="0" bw="16" slack="0"/>
<pin id="384" dir="0" index="1" bw="16" slack="0"/>
<pin id="385" dir="1" index="2" bw="16" slack="0"/>
</pin_list>
<bind>
<opcode="read(1150) " fcode="read"/>
<opset="passthruStartX_read/3 "/>
</bind>
</comp>

<comp id="388" class="1004" name="passthruStartY_read_read_fu_388">
<pin_list>
<pin id="389" dir="0" index="0" bw="16" slack="0"/>
<pin id="390" dir="0" index="1" bw="16" slack="0"/>
<pin id="391" dir="1" index="2" bw="16" slack="0"/>
</pin_list>
<bind>
<opcode="read(1150) " fcode="read"/>
<opset="passthruStartY_read/3 "/>
</bind>
</comp>

<comp id="394" class="1004" name="passthruEndX_read_read_fu_394">
<pin_list>
<pin id="395" dir="0" index="0" bw="16" slack="0"/>
<pin id="396" dir="0" index="1" bw="16" slack="0"/>
<pin id="397" dir="1" index="2" bw="16" slack="0"/>
</pin_list>
<bind>
<opcode="read(1150) " fcode="read"/>
<opset="passthruEndX_read/3 "/>
</bind>
</comp>

<comp id="400" class="1004" name="passthruEndY_read_read_fu_400">
<pin_list>
<pin id="401" dir="0" index="0" bw="16" slack="0"/>
<pin id="402" dir="0" index="1" bw="16" slack="0"/>
<pin id="403" dir="1" index="2" bw="16" slack="0"/>
</pin_list>
<bind>
<opcode="read(1150) " fcode="read"/>
<opset="passthruEndY_read/3 "/>
</bind>
</comp>

<comp id="406" class="1004" name="enableInput_read_read_fu_406">
<pin_list>
<pin id="407" dir="0" index="0" bw="8" slack="0"/>
<pin id="408" dir="0" index="1" bw="8" slack="0"/>
<pin id="409" dir="1" index="2" bw="8" slack="0"/>
</pin_list>
<bind>
<opcode="read(1150) " fcode="read"/>
<opset="enableInput_read/3 "/>
</bind>
</comp>

<comp id="412" class="1004" name="bckgndId_read_read_fu_412">
<pin_list>
<pin id="413" dir="0" index="0" bw="8" slack="0"/>
<pin id="414" dir="0" index="1" bw="8" slack="0"/>
<pin id="415" dir="1" index="2" bw="8" slack="0"/>
</pin_list>
<bind>
<opcode="read(1150) " fcode="read"/>
<opset="bckgndId_read/3 "/>
</bind>
</comp>

<comp id="418" class="1004" name="ovrlayId_read_read_fu_418">
<pin_list>
<pin id="419" dir="0" index="0" bw="8" slack="0"/>
<pin id="420" dir="0" index="1" bw="8" slack="0"/>
<pin id="421" dir="1" index="2" bw="8" slack="0"/>
</pin_list>
<bind>
<opcode="read(1150) " fcode="read"/>
<opset="ovrlayId_read/3 "/>
</bind>
</comp>

<comp id="424" class="1004" name="maskId_read_read_fu_424">
<pin_list>
<pin id="425" dir="0" index="0" bw="8" slack="0"/>
<pin id="426" dir="0" index="1" bw="8" slack="0"/>
<pin id="427" dir="1" index="2" bw="8" slack="0"/>
</pin_list>
<bind>
<opcode="read(1150) " fcode="read"/>
<opset="maskId_read/3 "/>
</bind>
</comp>

<comp id="430" class="1004" name="motionSpeed_read_read_fu_430">
<pin_list>
<pin id="431" dir="0" index="0" bw="8" slack="0"/>
<pin id="432" dir="0" index="1" bw="8" slack="0"/>
<pin id="433" dir="1" index="2" bw="8" slack="0"/>
</pin_list>
<bind>
<opcode="read(1150) " fcode="read"/>
<opset="motionSpeed_read/3 "/>
</bind>
</comp>

<comp id="436" class="1004" name="colorFormat_read_read_fu_436">
<pin_list>
<pin id="437" dir="0" index="0" bw="8" slack="0"/>
<pin id="438" dir="0" index="1" bw="8" slack="0"/>
<pin id="439" dir="1" index="2" bw="8" slack="0"/>
</pin_list>
<bind>
<opcode="read(1150) " fcode="read"/>
<opset="colorFormat_read/3 "/>
</bind>
</comp>

<comp id="442" class="1004" name="crossHairX_read_read_fu_442">
<pin_list>
<pin id="443" dir="0" index="0" bw="16" slack="0"/>
<pin id="444" dir="0" index="1" bw="16" slack="0"/>
<pin id="445" dir="1" index="2" bw="16" slack="0"/>
</pin_list>
<bind>
<opcode="read(1150) " fcode="read"/>
<opset="crossHairX_read/3 "/>
</bind>
</comp>

<comp id="448" class="1004" name="crossHairY_read_read_fu_448">
<pin_list>
<pin id="449" dir="0" index="0" bw="16" slack="0"/>
<pin id="450" dir="0" index="1" bw="16" slack="0"/>
<pin id="451" dir="1" index="2" bw="16" slack="0"/>
</pin_list>
<bind>
<opcode="read(1150) " fcode="read"/>
<opset="crossHairY_read/3 "/>
</bind>
</comp>

<comp id="454" class="1004" name="ZplateHorContStart_read_read_fu_454">
<pin_list>
<pin id="455" dir="0" index="0" bw="16" slack="0"/>
<pin id="456" dir="0" index="1" bw="16" slack="0"/>
<pin id="457" dir="1" index="2" bw="16" slack="0"/>
</pin_list>
<bind>
<opcode="read(1150) " fcode="read"/>
<opset="ZplateHorContStart_read/3 "/>
</bind>
</comp>

<comp id="460" class="1004" name="ZplateHorContDelta_read_read_fu_460">
<pin_list>
<pin id="461" dir="0" index="0" bw="16" slack="0"/>
<pin id="462" dir="0" index="1" bw="16" slack="0"/>
<pin id="463" dir="1" index="2" bw="16" slack="0"/>
</pin_list>
<bind>
<opcode="read(1150) " fcode="read"/>
<opset="ZplateHorContDelta_read/3 "/>
</bind>
</comp>

<comp id="466" class="1004" name="ZplateVerContStart_read_read_fu_466">
<pin_list>
<pin id="467" dir="0" index="0" bw="16" slack="0"/>
<pin id="468" dir="0" index="1" bw="16" slack="0"/>
<pin id="469" dir="1" index="2" bw="16" slack="0"/>
</pin_list>
<bind>
<opcode="read(1150) " fcode="read"/>
<opset="ZplateVerContStart_read/3 "/>
</bind>
</comp>

<comp id="472" class="1004" name="ZplateVerContDelta_read_read_fu_472">
<pin_list>
<pin id="473" dir="0" index="0" bw="16" slack="0"/>
<pin id="474" dir="0" index="1" bw="16" slack="0"/>
<pin id="475" dir="1" index="2" bw="16" slack="0"/>
</pin_list>
<bind>
<opcode="read(1150) " fcode="read"/>
<opset="ZplateVerContDelta_read/3 "/>
</bind>
</comp>

<comp id="478" class="1004" name="boxSize_read_read_fu_478">
<pin_list>
<pin id="479" dir="0" index="0" bw="16" slack="0"/>
<pin id="480" dir="0" index="1" bw="16" slack="0"/>
<pin id="481" dir="1" index="2" bw="16" slack="0"/>
</pin_list>
<bind>
<opcode="read(1150) " fcode="read"/>
<opset="boxSize_read/3 "/>
</bind>
</comp>

<comp id="484" class="1004" name="boxColorR_read_read_fu_484">
<pin_list>
<pin id="485" dir="0" index="0" bw="16" slack="0"/>
<pin id="486" dir="0" index="1" bw="16" slack="0"/>
<pin id="487" dir="1" index="2" bw="16" slack="0"/>
</pin_list>
<bind>
<opcode="read(1150) " fcode="read"/>
<opset="boxColorR_read/3 "/>
</bind>
</comp>

<comp id="490" class="1004" name="boxColorG_read_read_fu_490">
<pin_list>
<pin id="491" dir="0" index="0" bw="16" slack="0"/>
<pin id="492" dir="0" index="1" bw="16" slack="0"/>
<pin id="493" dir="1" index="2" bw="16" slack="0"/>
</pin_list>
<bind>
<opcode="read(1150) " fcode="read"/>
<opset="boxColorG_read/3 "/>
</bind>
</comp>

<comp id="496" class="1004" name="boxColorB_read_read_fu_496">
<pin_list>
<pin id="497" dir="0" index="0" bw="16" slack="0"/>
<pin id="498" dir="0" index="1" bw="16" slack="0"/>
<pin id="499" dir="1" index="2" bw="16" slack="0"/>
</pin_list>
<bind>
<opcode="read(1150) " fcode="read"/>
<opset="boxColorB_read/3 "/>
</bind>
</comp>

<comp id="502" class="1004" name="dpDynamicRange_read_read_fu_502">
<pin_list>
<pin id="503" dir="0" index="0" bw="8" slack="0"/>
<pin id="504" dir="0" index="1" bw="8" slack="0"/>
<pin id="505" dir="1" index="2" bw="8" slack="0"/>
</pin_list>
<bind>
<opcode="read(1150) " fcode="read"/>
<opset="dpDynamicRange_read/3 "/>
</bind>
</comp>

<comp id="508" class="1004" name="dpYUVCoef_read_read_fu_508">
<pin_list>
<pin id="509" dir="0" index="0" bw="8" slack="0"/>
<pin id="510" dir="0" index="1" bw="8" slack="0"/>
<pin id="511" dir="1" index="2" bw="8" slack="0"/>
</pin_list>
<bind>
<opcode="read(1150) " fcode="read"/>
<opset="dpYUVCoef_read/3 "/>
</bind>
</comp>

<comp id="514" class="1005" name="count_new_0_reg_514">
<pin_list>
<pin id="515" dir="0" index="0" bw="32" slack="1"/>
<pin id="516" dir="1" index="1" bw="32" slack="1"/>
</pin_list>
<bind>
<opset="count_new_0 (phireg) "/>
</bind>
</comp>

<comp id="518" class="1004" name="count_new_0_phi_fu_518">
<pin_list>
<pin id="519" dir="0" index="0" bw="1" slack="1"/>
<pin id="520" dir="0" index="1" bw="0" slack="2147483647"/>
<pin id="521" dir="0" index="2" bw="32" slack="1"/>
<pin id="522" dir="0" index="3" bw="0" slack="2147483647"/>
<pin id="523" dir="1" index="4" bw="32" slack="0"/>
</pin_list>
<bind>
<opcode="phi(47) " fcode="phi"/>
<opset="count_new_0/3 "/>
</bind>
</comp>

<comp id="525" class="1004" name="grp_v_tpgHlsDataFlow_fu_525">
<pin_list>
<pin id="526" dir="0" index="0" bw="0" slack="0"/>
<pin id="527" dir="0" index="1" bw="48" slack="0"/>
<pin id="528" dir="0" index="2" bw="6" slack="0"/>
<pin id="529" dir="0" index="3" bw="6" slack="0"/>
<pin id="530" dir="0" index="4" bw="1" slack="0"/>
<pin id="531" dir="0" index="5" bw="1" slack="0"/>
<pin id="532" dir="0" index="6" bw="1" slack="0"/>
<pin id="533" dir="0" index="7" bw="1" slack="0"/>
<pin id="534" dir="0" index="8" bw="16" slack="0"/>
<pin id="535" dir="0" index="9" bw="16" slack="0"/>
<pin id="536" dir="0" index="10" bw="16" slack="0"/>
<pin id="537" dir="0" index="11" bw="1" slack="0"/>
<pin id="538" dir="0" index="12" bw="16" slack="0"/>
<pin id="539" dir="0" index="13" bw="16" slack="0"/>
<pin id="540" dir="0" index="14" bw="16" slack="0"/>
<pin id="541" dir="0" index="15" bw="16" slack="0"/>
<pin id="542" dir="0" index="16" bw="8" slack="0"/>
<pin id="543" dir="0" index="17" bw="8" slack="0"/>
<pin id="544" dir="0" index="18" bw="8" slack="0"/>
<pin id="545" dir="0" index="19" bw="8" slack="0"/>
<pin id="546" dir="0" index="20" bw="8" slack="0"/>
<pin id="547" dir="0" index="21" bw="8" slack="0"/>
<pin id="548" dir="0" index="22" bw="16" slack="0"/>
<pin id="549" dir="0" index="23" bw="16" slack="0"/>
<pin id="550" dir="0" index="24" bw="16" slack="0"/>
<pin id="551" dir="0" index="25" bw="16" slack="0"/>
<pin id="552" dir="0" index="26" bw="16" slack="0"/>
<pin id="553" dir="0" index="27" bw="16" slack="0"/>
<pin id="554" dir="0" index="28" bw="16" slack="0"/>
<pin id="555" dir="0" index="29" bw="8" slack="0"/>
<pin id="556" dir="0" index="30" bw="8" slack="0"/>
<pin id="557" dir="0" index="31" bw="8" slack="0"/>
<pin id="558" dir="0" index="32" bw="8" slack="0"/>
<pin id="559" dir="0" index="33" bw="8" slack="0"/>
<pin id="560" dir="0" index="34" bw="48" slack="0"/>
<pin id="561" dir="0" index="35" bw="6" slack="0"/>
<pin id="562" dir="0" index="36" bw="6" slack="0"/>
<pin id="563" dir="0" index="37" bw="1" slack="0"/>
<pin id="564" dir="0" index="38" bw="1" slack="0"/>
<pin id="565" dir="0" index="39" bw="1" slack="0"/>
<pin id="566" dir="0" index="40" bw="1" slack="0"/>
<pin id="567" dir="0" index="41" bw="1" slack="0"/>
<pin id="568" dir="0" index="42" bw="8" slack="0"/>
<pin id="569" dir="0" index="43" bw="32" slack="0"/>
<pin id="570" dir="0" index="44" bw="8" slack="0"/>
<pin id="571" dir="0" index="45" bw="8" slack="0"/>
<pin id="572" dir="0" index="46" bw="8" slack="0"/>
<pin id="573" dir="0" index="47" bw="8" slack="0"/>
<pin id="574" dir="0" index="48" bw="8" slack="0"/>
<pin id="575" dir="0" index="49" bw="8" slack="0"/>
<pin id="576" dir="0" index="50" bw="8" slack="0"/>
<pin id="577" dir="0" index="51" bw="16" slack="0"/>
<pin id="578" dir="0" index="52" bw="8" slack="0"/>
<pin id="579" dir="0" index="53" bw="8" slack="0"/>
<pin id="580" dir="0" index="54" bw="8" slack="0"/>
<pin id="581" dir="0" index="55" bw="16" slack="0"/>
<pin id="582" dir="0" index="56" bw="3" slack="0"/>
<pin id="583" dir="0" index="57" bw="3" slack="0"/>
<pin id="584" dir="0" index="58" bw="3" slack="0"/>
<pin id="585" dir="0" index="59" bw="16" slack="0"/>
<pin id="586" dir="0" index="60" bw="8" slack="0"/>
<pin id="587" dir="0" index="61" bw="3" slack="0"/>
<pin id="588" dir="0" index="62" bw="3" slack="0"/>
<pin id="589" dir="0" index="63" bw="16" slack="0"/>
<pin id="590" dir="0" index="64" bw="1" slack="0"/>
<pin id="591" dir="0" index="65" bw="3" slack="0"/>
<pin id="592" dir="0" index="66" bw="3" slack="0"/>
<pin id="593" dir="0" index="67" bw="8" slack="0"/>
<pin id="594" dir="0" index="68" bw="8" slack="0"/>
<pin id="595" dir="0" index="69" bw="8" slack="0"/>
<pin id="596" dir="0" index="70" bw="11" slack="0"/>
<pin id="597" dir="0" index="71" bw="2" slack="0"/>
<pin id="598" dir="0" index="72" bw="2" slack="0"/>
<pin id="599" dir="0" index="73" bw="2" slack="0"/>
<pin id="600" dir="0" index="74" bw="11" slack="0"/>
<pin id="601" dir="0" index="75" bw="20" slack="0"/>
<pin id="602" dir="0" index="76" bw="16" slack="0"/>
<pin id="603" dir="0" index="77" bw="3" slack="0"/>
<pin id="604" dir="0" index="78" bw="10" slack="0"/>
<pin id="605" dir="0" index="79" bw="10" slack="0"/>
<pin id="606" dir="0" index="80" bw="10" slack="0"/>
<pin id="607" dir="0" index="81" bw="10" slack="0"/>
<pin id="608" dir="0" index="82" bw="10" slack="0"/>
<pin id="609" dir="0" index="83" bw="1" slack="0"/>
<pin id="610" dir="0" index="84" bw="10" slack="0"/>
<pin id="611" dir="0" index="85" bw="8" slack="0"/>
<pin id="612" dir="0" index="86" bw="8" slack="0"/>
<pin id="613" dir="0" index="87" bw="9" slack="0"/>
<pin id="614" dir="0" index="88" bw="2" slack="0"/>
<pin id="615" dir="0" index="89" bw="10" slack="0"/>
<pin id="616" dir="0" index="90" bw="10" slack="0"/>
<pin id="617" dir="0" index="91" bw="10" slack="0"/>
<pin id="618" dir="0" index="92" bw="28" slack="0"/>
<pin id="619" dir="0" index="93" bw="28" slack="0"/>
<pin id="620" dir="0" index="94" bw="28" slack="0"/>
<pin id="621" dir="0" index="95" bw="8" slack="0"/>
<pin id="622" dir="0" index="96" bw="8" slack="0"/>
<pin id="623" dir="0" index="97" bw="8" slack="0"/>
<pin id="624" dir="0" index="98" bw="3" slack="0"/>
<pin id="625" dir="0" index="99" bw="10" slack="0"/>
<pin id="626" dir="0" index="100" bw="2" slack="0"/>
<pin id="627" dir="0" index="101" bw="2" slack="0"/>
<pin id="628" dir="0" index="102" bw="2" slack="0"/>
<pin id="629" dir="0" index="103" bw="6" slack="0"/>
<pin id="630" dir="0" index="104" bw="6" slack="0"/>
<pin id="631" dir="0" index="105" bw="6" slack="0"/>
<pin id="632" dir="0" index="106" bw="8" slack="0"/>
<pin id="633" dir="0" index="107" bw="8" slack="0"/>
<pin id="634" dir="0" index="108" bw="8" slack="0"/>
<pin id="635" dir="0" index="109" bw="10" slack="0"/>
<pin id="636" dir="0" index="110" bw="6" slack="0"/>
<pin id="637" dir="0" index="111" bw="8" slack="0"/>
<pin id="638" dir="0" index="112" bw="16" slack="0"/>
<pin id="639" dir="0" index="113" bw="16" slack="0"/>
<pin id="640" dir="0" index="114" bw="1" slack="0"/>
<pin id="641" dir="0" index="115" bw="1" slack="0"/>
<pin id="642" dir="0" index="116" bw="1" slack="0"/>
<pin id="643" dir="0" index="117" bw="16" slack="0"/>
<pin id="644" dir="1" index="118" bw="0" slack="2147483647"/>
</pin_list>
<bind>
<opcode="call(48) " fcode="call"/>
<opset="call_ln517/3 "/>
</bind>
</comp>

<comp id="760" class="1004" name="grp_reg_unsigned_short_s_fu_760">
<pin_list>
<pin id="761" dir="0" index="0" bw="16" slack="0"/>
<pin id="762" dir="0" index="1" bw="16" slack="0"/>
<pin id="763" dir="1" index="2" bw="16" slack="0"/>
</pin_list>
<bind>
<opcode="call(48) " fcode="call"/>
<opset="tmp/1 "/>
</bind>
</comp>

<comp id="766" class="1004" name="icmp_ln500_fu_766">
<pin_list>
<pin id="767" dir="0" index="0" bw="16" slack="0"/>
<pin id="768" dir="0" index="1" bw="16" slack="0"/>
<pin id="769" dir="1" index="2" bw="1" slack="1"/>
</pin_list>
<bind>
<opcode="icmp(45) " fcode="icmp"/>
<opset="icmp_ln500/2 "/>
</bind>
</comp>

<comp id="772" class="1004" name="count_load_load_fu_772">
<pin_list>
<pin id="773" dir="0" index="0" bw="32" slack="0"/>
<pin id="774" dir="1" index="1" bw="32" slack="0"/>
</pin_list>
<bind>
<opcode="load(27) " fcode="load"/>
<opset="count_load/2 "/>
</bind>
</comp>

<comp id="776" class="1004" name="add_ln502_fu_776">
<pin_list>
<pin id="777" dir="0" index="0" bw="32" slack="0"/>
<pin id="778" dir="0" index="1" bw="1" slack="0"/>
<pin id="779" dir="1" index="2" bw="32" slack="0"/>
</pin_list>
<bind>
<opcode="add(8) " fcode="add"/>
<opset="add_ln502/2 "/>
</bind>
</comp>

<comp id="782" class="1004" name="icmp_ln503_fu_782">
<pin_list>
<pin id="783" dir="0" index="0" bw="32" slack="0"/>
<pin id="784" dir="0" index="1" bw="32" slack="0"/>
<pin id="785" dir="1" index="2" bw="1" slack="2147483647"/>
</pin_list>
<bind>
<opcode="icmp(45) " fcode="icmp"/>
<opset="icmp_ln503/2 "/>
</bind>
</comp>

<comp id="788" class="1004" name="s_load_load_fu_788">
<pin_list>
<pin id="789" dir="0" index="0" bw="32" slack="0"/>
<pin id="790" dir="1" index="1" bw="32" slack="0"/>
</pin_list>
<bind>
<opcode="load(27) " fcode="load"/>
<opset="s_load/2 "/>
</bind>
</comp>

<comp id="792" class="1004" name="tmp_1_fu_792">
<pin_list>
<pin id="793" dir="0" index="0" bw="29" slack="0"/>
<pin id="794" dir="0" index="1" bw="32" slack="0"/>
<pin id="795" dir="0" index="2" bw="3" slack="0"/>
<pin id="796" dir="0" index="3" bw="6" slack="0"/>
<pin id="797" dir="1" index="4" bw="29" slack="0"/>
</pin_list>
<bind>
<opcode="partselect(1002) " fcode="partselect"/>
<opset="tmp_1/2 "/>
</bind>
</comp>

<comp id="802" class="1004" name="icmp_ln505_fu_802">
<pin_list>
<pin id="803" dir="0" index="0" bw="29" slack="0"/>
<pin id="804" dir="0" index="1" bw="29" slack="0"/>
<pin id="805" dir="1" index="2" bw="1" slack="0"/>
</pin_list>
<bind>
<opcode="icmp(45) " fcode="icmp"/>
<opset="icmp_ln505/2 "/>
</bind>
</comp>

<comp id="808" class="1004" name="add_ln507_fu_808">
<pin_list>
<pin id="809" dir="0" index="0" bw="32" slack="0"/>
<pin id="810" dir="0" index="1" bw="1" slack="0"/>
<pin id="811" dir="1" index="2" bw="32" slack="0"/>
</pin_list>
<bind>
<opcode="add(8) " fcode="add"/>
<opset="add_ln507/2 "/>
</bind>
</comp>

<comp id="814" class="1004" name="select_ln505_fu_814">
<pin_list>
<pin id="815" dir="0" index="0" bw="1" slack="0"/>
<pin id="816" dir="0" index="1" bw="32" slack="0"/>
<pin id="817" dir="0" index="2" bw="32" slack="0"/>
<pin id="818" dir="1" index="3" bw="32" slack="0"/>
</pin_list>
<bind>
<opcode="select(49) " fcode="select"/>
<opset="select_ln505/2 "/>
</bind>
</comp>

<comp id="822" class="1004" name="store_ln505_store_fu_822">
<pin_list>
<pin id="823" dir="0" index="0" bw="32" slack="0"/>
<pin id="824" dir="0" index="1" bw="32" slack="0"/>
<pin id="825" dir="1" index="2" bw="0" slack="2147483647"/>
</pin_list>
<bind>
<opcode="store(28) " fcode="store"/>
<opset="store_ln505/2 "/>
</bind>
</comp>

<comp id="828" class="1004" name="store_ln502_store_fu_828">
<pin_list>
<pin id="829" dir="0" index="0" bw="32" slack="0"/>
<pin id="830" dir="0" index="1" bw="32" slack="0"/>
<pin id="831" dir="1" index="2" bw="0" slack="2147483647"/>
</pin_list>
<bind>
<opcode="store(28) " fcode="store"/>
<opset="store_ln502/3 "/>
</bind>
</comp>

<comp id="834" class="1004" name="empty_fu_834">
<pin_list>
<pin id="835" dir="0" index="0" bw="16" slack="0"/>
<pin id="836" dir="1" index="1" bw="8" slack="0"/>
</pin_list>
<bind>
<opcode="trunc(33) " fcode="trunc"/>
<opset="empty/3 "/>
</bind>
</comp>

<comp id="839" class="1004" name="empty_73_fu_839">
<pin_list>
<pin id="840" dir="0" index="0" bw="16" slack="0"/>
<pin id="841" dir="1" index="1" bw="8" slack="0"/>
</pin_list>
<bind>
<opcode="trunc(33) " fcode="trunc"/>
<opset="empty_73/3 "/>
</bind>
</comp>

<comp id="844" class="1004" name="empty_74_fu_844">
<pin_list>
<pin id="845" dir="0" index="0" bw="16" slack="0"/>
<pin id="846" dir="1" index="1" bw="8" slack="0"/>
</pin_list>
<bind>
<opcode="trunc(33) " fcode="trunc"/>
<opset="empty_74/3 "/>
</bind>
</comp>

<comp id="849" class="1005" name="icmp_ln500_reg_849">
<pin_list>
<pin id="850" dir="0" index="0" bw="1" slack="1"/>
<pin id="851" dir="1" index="1" bw="1" slack="2147483647"/>
</pin_list>
<bind>
<opset="icmp_ln500 "/>
</bind>
</comp>

<comp id="853" class="1005" name="add_ln502_reg_853">
<pin_list>
<pin id="854" dir="0" index="0" bw="32" slack="1"/>
<pin id="855" dir="1" index="1" bw="32" slack="1"/>
</pin_list>
<bind>
<opset="add_ln502 "/>
</bind>
</comp>

<comp id="861" class="1005" name="height_read_reg_861">
<pin_list>
<pin id="862" dir="0" index="0" bw="16" slack="1"/>
<pin id="863" dir="1" index="1" bw="16" slack="1"/>
</pin_list>
<bind>
<opset="height_read "/>
</bind>
</comp>

<comp id="866" class="1005" name="width_read_reg_866">
<pin_list>
<pin id="867" dir="0" index="0" bw="16" slack="1"/>
<pin id="868" dir="1" index="1" bw="16" slack="1"/>
</pin_list>
<bind>
<opset="width_read "/>
</bind>
</comp>

<comp id="871" class="1005" name="field_id_read_reg_871">
<pin_list>
<pin id="872" dir="0" index="0" bw="16" slack="1"/>
<pin id="873" dir="1" index="1" bw="16" slack="1"/>
</pin_list>
<bind>
<opset="field_id_read "/>
</bind>
</comp>

<comp id="876" class="1005" name="fid_in_read_reg_876">
<pin_list>
<pin id="877" dir="0" index="0" bw="1" slack="1"/>
<pin id="878" dir="1" index="1" bw="1" slack="1"/>
</pin_list>
<bind>
<opset="fid_in_read "/>
</bind>
</comp>

<comp id="881" class="1005" name="passthruStartX_read_reg_881">
<pin_list>
<pin id="882" dir="0" index="0" bw="16" slack="1"/>
<pin id="883" dir="1" index="1" bw="16" slack="1"/>
</pin_list>
<bind>
<opset="passthruStartX_read "/>
</bind>
</comp>

<comp id="886" class="1005" name="passthruStartY_read_reg_886">
<pin_list>
<pin id="887" dir="0" index="0" bw="16" slack="1"/>
<pin id="888" dir="1" index="1" bw="16" slack="1"/>
</pin_list>
<bind>
<opset="passthruStartY_read "/>
</bind>
</comp>

<comp id="891" class="1005" name="passthruEndX_read_reg_891">
<pin_list>
<pin id="892" dir="0" index="0" bw="16" slack="1"/>
<pin id="893" dir="1" index="1" bw="16" slack="1"/>
</pin_list>
<bind>
<opset="passthruEndX_read "/>
</bind>
</comp>

<comp id="896" class="1005" name="passthruEndY_read_reg_896">
<pin_list>
<pin id="897" dir="0" index="0" bw="16" slack="1"/>
<pin id="898" dir="1" index="1" bw="16" slack="1"/>
</pin_list>
<bind>
<opset="passthruEndY_read "/>
</bind>
</comp>

<comp id="901" class="1005" name="enableInput_read_reg_901">
<pin_list>
<pin id="902" dir="0" index="0" bw="8" slack="1"/>
<pin id="903" dir="1" index="1" bw="8" slack="1"/>
</pin_list>
<bind>
<opset="enableInput_read "/>
</bind>
</comp>

<comp id="906" class="1005" name="bckgndId_read_reg_906">
<pin_list>
<pin id="907" dir="0" index="0" bw="8" slack="1"/>
<pin id="908" dir="1" index="1" bw="8" slack="1"/>
</pin_list>
<bind>
<opset="bckgndId_read "/>
</bind>
</comp>

<comp id="911" class="1005" name="ovrlayId_read_reg_911">
<pin_list>
<pin id="912" dir="0" index="0" bw="8" slack="1"/>
<pin id="913" dir="1" index="1" bw="8" slack="1"/>
</pin_list>
<bind>
<opset="ovrlayId_read "/>
</bind>
</comp>

<comp id="916" class="1005" name="maskId_read_reg_916">
<pin_list>
<pin id="917" dir="0" index="0" bw="8" slack="1"/>
<pin id="918" dir="1" index="1" bw="8" slack="1"/>
</pin_list>
<bind>
<opset="maskId_read "/>
</bind>
</comp>

<comp id="921" class="1005" name="motionSpeed_read_reg_921">
<pin_list>
<pin id="922" dir="0" index="0" bw="8" slack="1"/>
<pin id="923" dir="1" index="1" bw="8" slack="1"/>
</pin_list>
<bind>
<opset="motionSpeed_read "/>
</bind>
</comp>

<comp id="926" class="1005" name="colorFormat_read_reg_926">
<pin_list>
<pin id="927" dir="0" index="0" bw="8" slack="1"/>
<pin id="928" dir="1" index="1" bw="8" slack="1"/>
</pin_list>
<bind>
<opset="colorFormat_read "/>
</bind>
</comp>

<comp id="931" class="1005" name="crossHairX_read_reg_931">
<pin_list>
<pin id="932" dir="0" index="0" bw="16" slack="1"/>
<pin id="933" dir="1" index="1" bw="16" slack="1"/>
</pin_list>
<bind>
<opset="crossHairX_read "/>
</bind>
</comp>

<comp id="936" class="1005" name="crossHairY_read_reg_936">
<pin_list>
<pin id="937" dir="0" index="0" bw="16" slack="1"/>
<pin id="938" dir="1" index="1" bw="16" slack="1"/>
</pin_list>
<bind>
<opset="crossHairY_read "/>
</bind>
</comp>

<comp id="941" class="1005" name="ZplateHorContStart_read_reg_941">
<pin_list>
<pin id="942" dir="0" index="0" bw="16" slack="1"/>
<pin id="943" dir="1" index="1" bw="16" slack="1"/>
</pin_list>
<bind>
<opset="ZplateHorContStart_read "/>
</bind>
</comp>

<comp id="946" class="1005" name="ZplateHorContDelta_read_reg_946">
<pin_list>
<pin id="947" dir="0" index="0" bw="16" slack="1"/>
<pin id="948" dir="1" index="1" bw="16" slack="1"/>
</pin_list>
<bind>
<opset="ZplateHorContDelta_read "/>
</bind>
</comp>

<comp id="951" class="1005" name="ZplateVerContStart_read_reg_951">
<pin_list>
<pin id="952" dir="0" index="0" bw="16" slack="1"/>
<pin id="953" dir="1" index="1" bw="16" slack="1"/>
</pin_list>
<bind>
<opset="ZplateVerContStart_read "/>
</bind>
</comp>

<comp id="956" class="1005" name="ZplateVerContDelta_read_reg_956">
<pin_list>
<pin id="957" dir="0" index="0" bw="16" slack="1"/>
<pin id="958" dir="1" index="1" bw="16" slack="1"/>
</pin_list>
<bind>
<opset="ZplateVerContDelta_read "/>
</bind>
</comp>

<comp id="961" class="1005" name="boxSize_read_reg_961">
<pin_list>
<pin id="962" dir="0" index="0" bw="16" slack="1"/>
<pin id="963" dir="1" index="1" bw="16" slack="1"/>
</pin_list>
<bind>
<opset="boxSize_read "/>
</bind>
</comp>

<comp id="966" class="1005" name="empty_reg_966">
<pin_list>
<pin id="967" dir="0" index="0" bw="8" slack="1"/>
<pin id="968" dir="1" index="1" bw="8" slack="1"/>
</pin_list>
<bind>
<opset="empty "/>
</bind>
</comp>

<comp id="971" class="1005" name="empty_73_reg_971">
<pin_list>
<pin id="972" dir="0" index="0" bw="8" slack="1"/>
<pin id="973" dir="1" index="1" bw="8" slack="1"/>
</pin_list>
<bind>
<opset="empty_73 "/>
</bind>
</comp>

<comp id="976" class="1005" name="empty_74_reg_976">
<pin_list>
<pin id="977" dir="0" index="0" bw="8" slack="1"/>
<pin id="978" dir="1" index="1" bw="8" slack="1"/>
</pin_list>
<bind>
<opset="empty_74 "/>
</bind>
</comp>

<comp id="981" class="1005" name="dpDynamicRange_read_reg_981">
<pin_list>
<pin id="982" dir="0" index="0" bw="8" slack="1"/>
<pin id="983" dir="1" index="1" bw="8" slack="1"/>
</pin_list>
<bind>
<opset="dpDynamicRange_read "/>
</bind>
</comp>

<comp id="986" class="1005" name="dpYUVCoef_read_reg_986">
<pin_list>
<pin id="987" dir="0" index="0" bw="8" slack="1"/>
<pin id="988" dir="1" index="1" bw="8" slack="1"/>
</pin_list>
<bind>
<opset="dpYUVCoef_read "/>
</bind>
</comp>

</comp_list>

<net_list>
<net id="356"><net_src comp="238" pin="0"/><net_sink comp="352" pin=0"/></net>

<net id="357"><net_src comp="66" pin="0"/><net_sink comp="352" pin=1"/></net>

<net id="362"><net_src comp="238" pin="0"/><net_sink comp="358" pin=0"/></net>

<net id="363"><net_src comp="14" pin="0"/><net_sink comp="358" pin=1"/></net>

<net id="368"><net_src comp="238" pin="0"/><net_sink comp="364" pin=0"/></net>

<net id="369"><net_src comp="16" pin="0"/><net_sink comp="364" pin=1"/></net>

<net id="374"><net_src comp="238" pin="0"/><net_sink comp="370" pin=0"/></net>

<net id="375"><net_src comp="18" pin="0"/><net_sink comp="370" pin=1"/></net>

<net id="380"><net_src comp="346" pin="0"/><net_sink comp="376" pin=0"/></net>

<net id="381"><net_src comp="20" pin="0"/><net_sink comp="376" pin=1"/></net>

<net id="386"><net_src comp="238" pin="0"/><net_sink comp="382" pin=0"/></net>

<net id="387"><net_src comp="22" pin="0"/><net_sink comp="382" pin=1"/></net>

<net id="392"><net_src comp="238" pin="0"/><net_sink comp="388" pin=0"/></net>

<net id="393"><net_src comp="24" pin="0"/><net_sink comp="388" pin=1"/></net>

<net id="398"><net_src comp="238" pin="0"/><net_sink comp="394" pin=0"/></net>

<net id="399"><net_src comp="26" pin="0"/><net_sink comp="394" pin=1"/></net>

<net id="404"><net_src comp="238" pin="0"/><net_sink comp="400" pin=0"/></net>

<net id="405"><net_src comp="28" pin="0"/><net_sink comp="400" pin=1"/></net>

<net id="410"><net_src comp="348" pin="0"/><net_sink comp="406" pin=0"/></net>

<net id="411"><net_src comp="30" pin="0"/><net_sink comp="406" pin=1"/></net>

<net id="416"><net_src comp="348" pin="0"/><net_sink comp="412" pin=0"/></net>

<net id="417"><net_src comp="32" pin="0"/><net_sink comp="412" pin=1"/></net>

<net id="422"><net_src comp="348" pin="0"/><net_sink comp="418" pin=0"/></net>

<net id="423"><net_src comp="34" pin="0"/><net_sink comp="418" pin=1"/></net>

<net id="428"><net_src comp="348" pin="0"/><net_sink comp="424" pin=0"/></net>

<net id="429"><net_src comp="36" pin="0"/><net_sink comp="424" pin=1"/></net>

<net id="434"><net_src comp="348" pin="0"/><net_sink comp="430" pin=0"/></net>

<net id="435"><net_src comp="38" pin="0"/><net_sink comp="430" pin=1"/></net>

<net id="440"><net_src comp="348" pin="0"/><net_sink comp="436" pin=0"/></net>

<net id="441"><net_src comp="40" pin="0"/><net_sink comp="436" pin=1"/></net>

<net id="446"><net_src comp="238" pin="0"/><net_sink comp="442" pin=0"/></net>

<net id="447"><net_src comp="42" pin="0"/><net_sink comp="442" pin=1"/></net>

<net id="452"><net_src comp="238" pin="0"/><net_sink comp="448" pin=0"/></net>

<net id="453"><net_src comp="44" pin="0"/><net_sink comp="448" pin=1"/></net>

<net id="458"><net_src comp="238" pin="0"/><net_sink comp="454" pin=0"/></net>

<net id="459"><net_src comp="46" pin="0"/><net_sink comp="454" pin=1"/></net>

<net id="464"><net_src comp="238" pin="0"/><net_sink comp="460" pin=0"/></net>

<net id="465"><net_src comp="48" pin="0"/><net_sink comp="460" pin=1"/></net>

<net id="470"><net_src comp="238" pin="0"/><net_sink comp="466" pin=0"/></net>

<net id="471"><net_src comp="50" pin="0"/><net_sink comp="466" pin=1"/></net>

<net id="476"><net_src comp="238" pin="0"/><net_sink comp="472" pin=0"/></net>

<net id="477"><net_src comp="52" pin="0"/><net_sink comp="472" pin=1"/></net>

<net id="482"><net_src comp="238" pin="0"/><net_sink comp="478" pin=0"/></net>

<net id="483"><net_src comp="54" pin="0"/><net_sink comp="478" pin=1"/></net>

<net id="488"><net_src comp="238" pin="0"/><net_sink comp="484" pin=0"/></net>

<net id="489"><net_src comp="56" pin="0"/><net_sink comp="484" pin=1"/></net>

<net id="494"><net_src comp="238" pin="0"/><net_sink comp="490" pin=0"/></net>

<net id="495"><net_src comp="58" pin="0"/><net_sink comp="490" pin=1"/></net>

<net id="500"><net_src comp="238" pin="0"/><net_sink comp="496" pin=0"/></net>

<net id="501"><net_src comp="60" pin="0"/><net_sink comp="496" pin=1"/></net>

<net id="506"><net_src comp="348" pin="0"/><net_sink comp="502" pin=0"/></net>

<net id="507"><net_src comp="62" pin="0"/><net_sink comp="502" pin=1"/></net>

<net id="512"><net_src comp="348" pin="0"/><net_sink comp="508" pin=0"/></net>

<net id="513"><net_src comp="64" pin="0"/><net_sink comp="508" pin=1"/></net>

<net id="517"><net_src comp="254" pin="0"/><net_sink comp="514" pin=0"/></net>

<net id="524"><net_src comp="514" pin="1"/><net_sink comp="518" pin=0"/></net>

<net id="645"><net_src comp="350" pin="0"/><net_sink comp="525" pin=0"/></net>

<net id="646"><net_src comp="0" pin="0"/><net_sink comp="525" pin=1"/></net>

<net id="647"><net_src comp="2" pin="0"/><net_sink comp="525" pin=2"/></net>

<net id="648"><net_src comp="4" pin="0"/><net_sink comp="525" pin=3"/></net>

<net id="649"><net_src comp="6" pin="0"/><net_sink comp="525" pin=4"/></net>

<net id="650"><net_src comp="8" pin="0"/><net_sink comp="525" pin=5"/></net>

<net id="651"><net_src comp="10" pin="0"/><net_sink comp="525" pin=6"/></net>

<net id="652"><net_src comp="12" pin="0"/><net_sink comp="525" pin=7"/></net>

<net id="653"><net_src comp="358" pin="2"/><net_sink comp="525" pin=8"/></net>

<net id="654"><net_src comp="364" pin="2"/><net_sink comp="525" pin=9"/></net>

<net id="655"><net_src comp="370" pin="2"/><net_sink comp="525" pin=10"/></net>

<net id="656"><net_src comp="376" pin="2"/><net_sink comp="525" pin=11"/></net>

<net id="657"><net_src comp="382" pin="2"/><net_sink comp="525" pin=12"/></net>

<net id="658"><net_src comp="388" pin="2"/><net_sink comp="525" pin=13"/></net>

<net id="659"><net_src comp="394" pin="2"/><net_sink comp="525" pin=14"/></net>

<net id="660"><net_src comp="400" pin="2"/><net_sink comp="525" pin=15"/></net>

<net id="661"><net_src comp="406" pin="2"/><net_sink comp="525" pin=16"/></net>

<net id="662"><net_src comp="412" pin="2"/><net_sink comp="525" pin=17"/></net>

<net id="663"><net_src comp="418" pin="2"/><net_sink comp="525" pin=18"/></net>

<net id="664"><net_src comp="424" pin="2"/><net_sink comp="525" pin=19"/></net>

<net id="665"><net_src comp="430" pin="2"/><net_sink comp="525" pin=20"/></net>

<net id="666"><net_src comp="436" pin="2"/><net_sink comp="525" pin=21"/></net>

<net id="667"><net_src comp="442" pin="2"/><net_sink comp="525" pin=22"/></net>

<net id="668"><net_src comp="448" pin="2"/><net_sink comp="525" pin=23"/></net>

<net id="669"><net_src comp="454" pin="2"/><net_sink comp="525" pin=24"/></net>

<net id="670"><net_src comp="460" pin="2"/><net_sink comp="525" pin=25"/></net>

<net id="671"><net_src comp="466" pin="2"/><net_sink comp="525" pin=26"/></net>

<net id="672"><net_src comp="472" pin="2"/><net_sink comp="525" pin=27"/></net>

<net id="673"><net_src comp="478" pin="2"/><net_sink comp="525" pin=28"/></net>

<net id="674"><net_src comp="502" pin="2"/><net_sink comp="525" pin=32"/></net>

<net id="675"><net_src comp="508" pin="2"/><net_sink comp="525" pin=33"/></net>

<net id="676"><net_src comp="68" pin="0"/><net_sink comp="525" pin=34"/></net>

<net id="677"><net_src comp="70" pin="0"/><net_sink comp="525" pin=35"/></net>

<net id="678"><net_src comp="72" pin="0"/><net_sink comp="525" pin=36"/></net>

<net id="679"><net_src comp="74" pin="0"/><net_sink comp="525" pin=37"/></net>

<net id="680"><net_src comp="76" pin="0"/><net_sink comp="525" pin=38"/></net>

<net id="681"><net_src comp="78" pin="0"/><net_sink comp="525" pin=39"/></net>

<net id="682"><net_src comp="80" pin="0"/><net_sink comp="525" pin=40"/></net>

<net id="683"><net_src comp="82" pin="0"/><net_sink comp="525" pin=41"/></net>

<net id="684"><net_src comp="88" pin="0"/><net_sink comp="525" pin=42"/></net>

<net id="685"><net_src comp="86" pin="0"/><net_sink comp="525" pin=43"/></net>

<net id="686"><net_src comp="90" pin="0"/><net_sink comp="525" pin=44"/></net>

<net id="687"><net_src comp="92" pin="0"/><net_sink comp="525" pin=45"/></net>

<net id="688"><net_src comp="94" pin="0"/><net_sink comp="525" pin=46"/></net>

<net id="689"><net_src comp="96" pin="0"/><net_sink comp="525" pin=47"/></net>

<net id="690"><net_src comp="98" pin="0"/><net_sink comp="525" pin=48"/></net>

<net id="691"><net_src comp="100" pin="0"/><net_sink comp="525" pin=49"/></net>

<net id="692"><net_src comp="102" pin="0"/><net_sink comp="525" pin=50"/></net>

<net id="693"><net_src comp="104" pin="0"/><net_sink comp="525" pin=51"/></net>

<net id="694"><net_src comp="106" pin="0"/><net_sink comp="525" pin=52"/></net>

<net id="695"><net_src comp="108" pin="0"/><net_sink comp="525" pin=53"/></net>

<net id="696"><net_src comp="110" pin="0"/><net_sink comp="525" pin=54"/></net>

<net id="697"><net_src comp="112" pin="0"/><net_sink comp="525" pin=55"/></net>

<net id="698"><net_src comp="114" pin="0"/><net_sink comp="525" pin=56"/></net>

<net id="699"><net_src comp="116" pin="0"/><net_sink comp="525" pin=57"/></net>

<net id="700"><net_src comp="118" pin="0"/><net_sink comp="525" pin=58"/></net>

<net id="701"><net_src comp="120" pin="0"/><net_sink comp="525" pin=59"/></net>

<net id="702"><net_src comp="122" pin="0"/><net_sink comp="525" pin=60"/></net>

<net id="703"><net_src comp="124" pin="0"/><net_sink comp="525" pin=61"/></net>

<net id="704"><net_src comp="126" pin="0"/><net_sink comp="525" pin=62"/></net>

<net id="705"><net_src comp="128" pin="0"/><net_sink comp="525" pin=63"/></net>

<net id="706"><net_src comp="130" pin="0"/><net_sink comp="525" pin=64"/></net>

<net id="707"><net_src comp="132" pin="0"/><net_sink comp="525" pin=65"/></net>

<net id="708"><net_src comp="134" pin="0"/><net_sink comp="525" pin=66"/></net>

<net id="709"><net_src comp="136" pin="0"/><net_sink comp="525" pin=67"/></net>

<net id="710"><net_src comp="138" pin="0"/><net_sink comp="525" pin=68"/></net>

<net id="711"><net_src comp="140" pin="0"/><net_sink comp="525" pin=69"/></net>

<net id="712"><net_src comp="142" pin="0"/><net_sink comp="525" pin=70"/></net>

<net id="713"><net_src comp="144" pin="0"/><net_sink comp="525" pin=71"/></net>

<net id="714"><net_src comp="146" pin="0"/><net_sink comp="525" pin=72"/></net>

<net id="715"><net_src comp="148" pin="0"/><net_sink comp="525" pin=73"/></net>

<net id="716"><net_src comp="150" pin="0"/><net_sink comp="525" pin=74"/></net>

<net id="717"><net_src comp="152" pin="0"/><net_sink comp="525" pin=75"/></net>

<net id="718"><net_src comp="154" pin="0"/><net_sink comp="525" pin=76"/></net>

<net id="719"><net_src comp="156" pin="0"/><net_sink comp="525" pin=77"/></net>

<net id="720"><net_src comp="158" pin="0"/><net_sink comp="525" pin=78"/></net>

<net id="721"><net_src comp="160" pin="0"/><net_sink comp="525" pin=79"/></net>

<net id="722"><net_src comp="162" pin="0"/><net_sink comp="525" pin=80"/></net>

<net id="723"><net_src comp="164" pin="0"/><net_sink comp="525" pin=81"/></net>

<net id="724"><net_src comp="166" pin="0"/><net_sink comp="525" pin=82"/></net>

<net id="725"><net_src comp="168" pin="0"/><net_sink comp="525" pin=83"/></net>

<net id="726"><net_src comp="170" pin="0"/><net_sink comp="525" pin=84"/></net>

<net id="727"><net_src comp="172" pin="0"/><net_sink comp="525" pin=85"/></net>

<net id="728"><net_src comp="174" pin="0"/><net_sink comp="525" pin=86"/></net>

<net id="729"><net_src comp="176" pin="0"/><net_sink comp="525" pin=87"/></net>

<net id="730"><net_src comp="178" pin="0"/><net_sink comp="525" pin=88"/></net>

<net id="731"><net_src comp="180" pin="0"/><net_sink comp="525" pin=89"/></net>

<net id="732"><net_src comp="182" pin="0"/><net_sink comp="525" pin=90"/></net>

<net id="733"><net_src comp="184" pin="0"/><net_sink comp="525" pin=91"/></net>

<net id="734"><net_src comp="186" pin="0"/><net_sink comp="525" pin=92"/></net>

<net id="735"><net_src comp="188" pin="0"/><net_sink comp="525" pin=93"/></net>

<net id="736"><net_src comp="190" pin="0"/><net_sink comp="525" pin=94"/></net>

<net id="737"><net_src comp="192" pin="0"/><net_sink comp="525" pin=95"/></net>

<net id="738"><net_src comp="194" pin="0"/><net_sink comp="525" pin=96"/></net>

<net id="739"><net_src comp="196" pin="0"/><net_sink comp="525" pin=97"/></net>

<net id="740"><net_src comp="198" pin="0"/><net_sink comp="525" pin=98"/></net>

<net id="741"><net_src comp="200" pin="0"/><net_sink comp="525" pin=99"/></net>

<net id="742"><net_src comp="202" pin="0"/><net_sink comp="525" pin=100"/></net>

<net id="743"><net_src comp="204" pin="0"/><net_sink comp="525" pin=101"/></net>

<net id="744"><net_src comp="206" pin="0"/><net_sink comp="525" pin=102"/></net>

<net id="745"><net_src comp="208" pin="0"/><net_sink comp="525" pin=103"/></net>

<net id="746"><net_src comp="210" pin="0"/><net_sink comp="525" pin=104"/></net>

<net id="747"><net_src comp="212" pin="0"/><net_sink comp="525" pin=105"/></net>

<net id="748"><net_src comp="214" pin="0"/><net_sink comp="525" pin=106"/></net>

<net id="749"><net_src comp="216" pin="0"/><net_sink comp="525" pin=107"/></net>

<net id="750"><net_src comp="218" pin="0"/><net_sink comp="525" pin=108"/></net>

<net id="751"><net_src comp="220" pin="0"/><net_sink comp="525" pin=109"/></net>

<net id="752"><net_src comp="222" pin="0"/><net_sink comp="525" pin=110"/></net>

<net id="753"><net_src comp="224" pin="0"/><net_sink comp="525" pin=111"/></net>

<net id="754"><net_src comp="226" pin="0"/><net_sink comp="525" pin=112"/></net>

<net id="755"><net_src comp="228" pin="0"/><net_sink comp="525" pin=113"/></net>

<net id="756"><net_src comp="230" pin="0"/><net_sink comp="525" pin=114"/></net>

<net id="757"><net_src comp="232" pin="0"/><net_sink comp="525" pin=115"/></net>

<net id="758"><net_src comp="234" pin="0"/><net_sink comp="525" pin=116"/></net>

<net id="759"><net_src comp="236" pin="0"/><net_sink comp="525" pin=117"/></net>

<net id="764"><net_src comp="240" pin="0"/><net_sink comp="760" pin=0"/></net>

<net id="765"><net_src comp="352" pin="2"/><net_sink comp="760" pin=1"/></net>

<net id="770"><net_src comp="760" pin="2"/><net_sink comp="766" pin=0"/></net>

<net id="771"><net_src comp="328" pin="0"/><net_sink comp="766" pin=1"/></net>

<net id="775"><net_src comp="84" pin="0"/><net_sink comp="772" pin=0"/></net>

<net id="780"><net_src comp="772" pin="1"/><net_sink comp="776" pin=0"/></net>

<net id="781"><net_src comp="250" pin="0"/><net_sink comp="776" pin=1"/></net>

<net id="786"><net_src comp="776" pin="2"/><net_sink comp="782" pin=0"/></net>

<net id="787"><net_src comp="336" pin="0"/><net_sink comp="782" pin=1"/></net>

<net id="791"><net_src comp="86" pin="0"/><net_sink comp="788" pin=0"/></net>

<net id="798"><net_src comp="338" pin="0"/><net_sink comp="792" pin=0"/></net>

<net id="799"><net_src comp="788" pin="1"/><net_sink comp="792" pin=1"/></net>

<net id="800"><net_src comp="340" pin="0"/><net_sink comp="792" pin=2"/></net>

<net id="801"><net_src comp="342" pin="0"/><net_sink comp="792" pin=3"/></net>

<net id="806"><net_src comp="792" pin="4"/><net_sink comp="802" pin=0"/></net>

<net id="807"><net_src comp="344" pin="0"/><net_sink comp="802" pin=1"/></net>

<net id="812"><net_src comp="788" pin="1"/><net_sink comp="808" pin=0"/></net>

<net id="813"><net_src comp="250" pin="0"/><net_sink comp="808" pin=1"/></net>

<net id="819"><net_src comp="802" pin="2"/><net_sink comp="814" pin=0"/></net>

<net id="820"><net_src comp="808" pin="2"/><net_sink comp="814" pin=1"/></net>

<net id="821"><net_src comp="254" pin="0"/><net_sink comp="814" pin=2"/></net>

<net id="826"><net_src comp="814" pin="3"/><net_sink comp="822" pin=0"/></net>

<net id="827"><net_src comp="86" pin="0"/><net_sink comp="822" pin=1"/></net>

<net id="832"><net_src comp="518" pin="4"/><net_sink comp="828" pin=0"/></net>

<net id="833"><net_src comp="84" pin="0"/><net_sink comp="828" pin=1"/></net>

<net id="837"><net_src comp="484" pin="2"/><net_sink comp="834" pin=0"/></net>

<net id="838"><net_src comp="834" pin="1"/><net_sink comp="525" pin=29"/></net>

<net id="842"><net_src comp="490" pin="2"/><net_sink comp="839" pin=0"/></net>

<net id="843"><net_src comp="839" pin="1"/><net_sink comp="525" pin=30"/></net>

<net id="847"><net_src comp="496" pin="2"/><net_sink comp="844" pin=0"/></net>

<net id="848"><net_src comp="844" pin="1"/><net_sink comp="525" pin=31"/></net>

<net id="852"><net_src comp="766" pin="2"/><net_sink comp="849" pin=0"/></net>

<net id="856"><net_src comp="776" pin="2"/><net_sink comp="853" pin=0"/></net>

<net id="857"><net_src comp="853" pin="1"/><net_sink comp="518" pin=2"/></net>

<net id="864"><net_src comp="358" pin="2"/><net_sink comp="861" pin=0"/></net>

<net id="865"><net_src comp="861" pin="1"/><net_sink comp="525" pin=8"/></net>

<net id="869"><net_src comp="364" pin="2"/><net_sink comp="866" pin=0"/></net>

<net id="870"><net_src comp="866" pin="1"/><net_sink comp="525" pin=9"/></net>

<net id="874"><net_src comp="370" pin="2"/><net_sink comp="871" pin=0"/></net>

<net id="875"><net_src comp="871" pin="1"/><net_sink comp="525" pin=10"/></net>

<net id="879"><net_src comp="376" pin="2"/><net_sink comp="876" pin=0"/></net>

<net id="880"><net_src comp="876" pin="1"/><net_sink comp="525" pin=11"/></net>

<net id="884"><net_src comp="382" pin="2"/><net_sink comp="881" pin=0"/></net>

<net id="885"><net_src comp="881" pin="1"/><net_sink comp="525" pin=12"/></net>

<net id="889"><net_src comp="388" pin="2"/><net_sink comp="886" pin=0"/></net>

<net id="890"><net_src comp="886" pin="1"/><net_sink comp="525" pin=13"/></net>

<net id="894"><net_src comp="394" pin="2"/><net_sink comp="891" pin=0"/></net>

<net id="895"><net_src comp="891" pin="1"/><net_sink comp="525" pin=14"/></net>

<net id="899"><net_src comp="400" pin="2"/><net_sink comp="896" pin=0"/></net>

<net id="900"><net_src comp="896" pin="1"/><net_sink comp="525" pin=15"/></net>

<net id="904"><net_src comp="406" pin="2"/><net_sink comp="901" pin=0"/></net>

<net id="905"><net_src comp="901" pin="1"/><net_sink comp="525" pin=16"/></net>

<net id="909"><net_src comp="412" pin="2"/><net_sink comp="906" pin=0"/></net>

<net id="910"><net_src comp="906" pin="1"/><net_sink comp="525" pin=17"/></net>

<net id="914"><net_src comp="418" pin="2"/><net_sink comp="911" pin=0"/></net>

<net id="915"><net_src comp="911" pin="1"/><net_sink comp="525" pin=18"/></net>

<net id="919"><net_src comp="424" pin="2"/><net_sink comp="916" pin=0"/></net>

<net id="920"><net_src comp="916" pin="1"/><net_sink comp="525" pin=19"/></net>

<net id="924"><net_src comp="430" pin="2"/><net_sink comp="921" pin=0"/></net>

<net id="925"><net_src comp="921" pin="1"/><net_sink comp="525" pin=20"/></net>

<net id="929"><net_src comp="436" pin="2"/><net_sink comp="926" pin=0"/></net>

<net id="930"><net_src comp="926" pin="1"/><net_sink comp="525" pin=21"/></net>

<net id="934"><net_src comp="442" pin="2"/><net_sink comp="931" pin=0"/></net>

<net id="935"><net_src comp="931" pin="1"/><net_sink comp="525" pin=22"/></net>

<net id="939"><net_src comp="448" pin="2"/><net_sink comp="936" pin=0"/></net>

<net id="940"><net_src comp="936" pin="1"/><net_sink comp="525" pin=23"/></net>

<net id="944"><net_src comp="454" pin="2"/><net_sink comp="941" pin=0"/></net>

<net id="945"><net_src comp="941" pin="1"/><net_sink comp="525" pin=24"/></net>

<net id="949"><net_src comp="460" pin="2"/><net_sink comp="946" pin=0"/></net>

<net id="950"><net_src comp="946" pin="1"/><net_sink comp="525" pin=25"/></net>

<net id="954"><net_src comp="466" pin="2"/><net_sink comp="951" pin=0"/></net>

<net id="955"><net_src comp="951" pin="1"/><net_sink comp="525" pin=26"/></net>

<net id="959"><net_src comp="472" pin="2"/><net_sink comp="956" pin=0"/></net>

<net id="960"><net_src comp="956" pin="1"/><net_sink comp="525" pin=27"/></net>

<net id="964"><net_src comp="478" pin="2"/><net_sink comp="961" pin=0"/></net>

<net id="965"><net_src comp="961" pin="1"/><net_sink comp="525" pin=28"/></net>

<net id="969"><net_src comp="834" pin="1"/><net_sink comp="966" pin=0"/></net>

<net id="970"><net_src comp="966" pin="1"/><net_sink comp="525" pin=29"/></net>

<net id="974"><net_src comp="839" pin="1"/><net_sink comp="971" pin=0"/></net>

<net id="975"><net_src comp="971" pin="1"/><net_sink comp="525" pin=30"/></net>

<net id="979"><net_src comp="844" pin="1"/><net_sink comp="976" pin=0"/></net>

<net id="980"><net_src comp="976" pin="1"/><net_sink comp="525" pin=31"/></net>

<net id="984"><net_src comp="502" pin="2"/><net_sink comp="981" pin=0"/></net>

<net id="985"><net_src comp="981" pin="1"/><net_sink comp="525" pin=32"/></net>

<net id="989"><net_src comp="508" pin="2"/><net_sink comp="986" pin=0"/></net>

<net id="990"><net_src comp="986" pin="1"/><net_sink comp="525" pin=33"/></net>

</net_list>

</model> 
---------------- Datapath Model END ------------------

* FSMD analyzer results:
  - Output states:
	Port: m_axis_video_V_data_V | {3 4 }
	Port: m_axis_video_V_keep_V | {3 4 }
	Port: m_axis_video_V_strb_V | {3 4 }
	Port: m_axis_video_V_user_V | {3 4 }
	Port: m_axis_video_V_last_V | {3 4 }
	Port: m_axis_video_V_id_V | {3 4 }
	Port: m_axis_video_V_dest_V | {3 4 }
	Port: fid | {3 4 }
	Port: count | {3 }
	Port: s | {2 }
	Port: rampStart | {3 4 }
	Port: rampVal_1 | {3 4 }
	Port: rampVal | {3 4 }
	Port: tpgPatternColorBars_unsigned_short_unsigned_short_unsigned_char_int_hBarSel | {3 4 }
	Port: tpgPatternColorBars_unsigned_short_unsigned_short_unsigned_char_int_hBarSel_8 | {3 4 }
	Port: zonePlateVAddr | {3 4 }
	Port: vBarSel | {3 4 }
	Port: tpgPatternTartanColorBars_unsigned_short_unsigned_short_unsigned_short_unsign_3 | {3 4 }
	Port: tpgPatternTartanColorBars_unsigned_short_unsigned_short_unsigned_short_unsign_2 | {3 4 }
	Port: hdata | {3 4 }
	Port: vBarSel_2 | {3 4 }
	Port: tpgPatternCheckerBoard_unsigned_short_unsigned_short_unsigned_short_unsigned_3 | {3 4 }
	Port: tpgPatternCheckerBoard_unsigned_short_unsigned_short_unsigned_short_unsigned_2 | {3 4 }
	Port: rampVal_2 | {3 4 }
	Port: vBarSel_1 | {3 4 }
	Port: tpgPatternDPColorSquare_unsigned_short_unsigned_short_unsigned_char_unsigned_3 | {3 4 }
	Port: tpgPatternDPColorSquare_unsigned_short_unsigned_short_unsigned_char_unsigned_2 | {3 4 }
	Port: tpgPatternColorBars_unsigned_short_unsigned_short_unsigned_char_int_xBar_9 | {3 4 }
	Port: tpgPatternColorBars_unsigned_short_unsigned_short_unsigned_char_int_xBar | {3 4 }
	Port: zonePlateVDelta | {3 4 }
	Port: tpgPatternTartanColorBars_unsigned_short_unsigned_short_unsigned_short_unsign | {3 4 }
	Port: tpgPatternTartanColorBars_unsigned_short_unsigned_short_unsigned_short_unsign_1 | {3 4 }
	Port: yCount | {3 4 }
	Port: tpgPatternCrossHatch_unsigned_short_unsigned_short_unsigned_short_unsigned_sh | {3 4 }
	Port: tpgPatternCrossHatch_unsigned_short_unsigned_short_unsigned_short_unsigned_sh_1 | {3 4 }
	Port: vHatch | {3 4 }
	Port: yCount_2 | {3 4 }
	Port: tpgPatternCheckerBoard_unsigned_short_unsigned_short_unsigned_short_unsigned_s | {3 4 }
	Port: tpgPatternCheckerBoard_unsigned_short_unsigned_short_unsigned_short_unsigned_1 | {3 4 }
	Port: yCount_3 | {3 4 }
	Port: rSerie | {3 4 }
	Port: gSerie | {3 4 }
	Port: bSerie | {3 4 }
	Port: tpgPatternDPColorSquare_unsigned_short_unsigned_short_unsigned_char_unsigned_s | {3 4 }
	Port: tpgPatternDPColorSquare_unsigned_short_unsigned_short_unsigned_char_unsigned_1 | {3 4 }
	Port: yCount_1 | {3 4 }
	Port: boxHCoord | {3 4 }
	Port: boxVCoord | {3 4 }
	Port: vDir | {3 4 }
	Port: hDir | {3 4 }
	Port: fidStored | {3 4 }
	Port: counter | {3 4 }
 - Input state : 
	Port: v_tpg : s_axis_video_V_data_V | {3 4 }
	Port: v_tpg : s_axis_video_V_keep_V | {3 4 }
	Port: v_tpg : s_axis_video_V_strb_V | {3 4 }
	Port: v_tpg : s_axis_video_V_user_V | {3 4 }
	Port: v_tpg : s_axis_video_V_last_V | {3 4 }
	Port: v_tpg : s_axis_video_V_id_V | {3 4 }
	Port: v_tpg : s_axis_video_V_dest_V | {3 4 }
	Port: v_tpg : height | {3 }
	Port: v_tpg : width | {3 }
	Port: v_tpg : field_id | {3 }
	Port: v_tpg : fid_in | {3 }
	Port: v_tpg : passthruStartX | {3 }
	Port: v_tpg : passthruStartY | {3 }
	Port: v_tpg : passthruEndX | {3 }
	Port: v_tpg : passthruEndY | {3 }
	Port: v_tpg : enableInput | {3 }
	Port: v_tpg : bckgndId | {3 }
	Port: v_tpg : ovrlayId | {3 }
	Port: v_tpg : maskId | {3 }
	Port: v_tpg : motionSpeed | {3 }
	Port: v_tpg : colorFormat | {3 }
	Port: v_tpg : crossHairX | {3 }
	Port: v_tpg : crossHairY | {3 }
	Port: v_tpg : ZplateHorContStart | {3 }
	Port: v_tpg : ZplateHorContDelta | {3 }
	Port: v_tpg : ZplateVerContStart | {3 }
	Port: v_tpg : ZplateVerContDelta | {3 }
	Port: v_tpg : boxSize | {3 }
	Port: v_tpg : boxColorR | {3 }
	Port: v_tpg : boxColorG | {3 }
	Port: v_tpg : boxColorB | {3 }
	Port: v_tpg : dpDynamicRange | {3 }
	Port: v_tpg : dpYUVCoef | {3 }
	Port: v_tpg : bck_motion_en | {1 }
	Port: v_tpg : count | {2 }
	Port: v_tpg : s | {2 3 4 }
	Port: v_tpg : rampStart | {3 4 }
	Port: v_tpg : redYuv | {3 4 }
	Port: v_tpg : grnYuv | {3 4 }
	Port: v_tpg : bluYuv | {3 4 }
	Port: v_tpg : blkYuv | {3 4 }
	Port: v_tpg : whiYuv | {3 4 }
	Port: v_tpg : whiYuv_1 | {3 4 }
	Port: v_tpg : blkYuv_1 | {3 4 }
	Port: v_tpg : rampVal_1 | {3 4 }
	Port: v_tpg : rampVal | {3 4 }
	Port: v_tpg : tpgPatternColorBars_unsigned_short_unsigned_short_unsigned_char_int_hBarSel | {3 4 }
	Port: v_tpg : tpgPatternColorBars_unsigned_short_unsigned_short_unsigned_char_int_hBarSel_8 | {3 4 }
	Port: v_tpg : zonePlateVAddr | {3 4 }
	Port: v_tpg : vBarSel | {3 4 }
	Port: v_tpg : tpgPatternTartanColorBars_unsigned_short_unsigned_short_unsigned_short_unsign_3 | {3 4 }
	Port: v_tpg : tpgPatternTartanColorBars_unsigned_short_unsigned_short_unsigned_short_unsign_2 | {3 4 }
	Port: v_tpg : hdata | {3 4 }
	Port: v_tpg : vBarSel_2 | {3 4 }
	Port: v_tpg : tpgPatternCheckerBoard_unsigned_short_unsigned_short_unsigned_short_unsigned_3 | {3 4 }
	Port: v_tpg : tpgPatternCheckerBoard_unsigned_short_unsigned_short_unsigned_short_unsigned_2 | {3 4 }
	Port: v_tpg : rampVal_2 | {3 4 }
	Port: v_tpg : vBarSel_1 | {3 4 }
	Port: v_tpg : tpgPatternDPColorSquare_unsigned_short_unsigned_short_unsigned_char_unsigned_3 | {3 4 }
	Port: v_tpg : tpgPatternDPColorSquare_unsigned_short_unsigned_short_unsigned_char_unsigned_2 | {3 4 }
	Port: v_tpg : tpgBarSelYuv_y | {3 4 }
	Port: v_tpg : tpgBarSelYuv_u | {3 4 }
	Port: v_tpg : tpgBarSelYuv_v | {3 4 }
	Port: v_tpg : tpgPatternColorBars_unsigned_short_unsigned_short_unsigned_char_int_xBar_9 | {3 4 }
	Port: v_tpg : tpgBarSelRgb_r | {3 4 }
	Port: v_tpg : tpgBarSelRgb_g | {3 4 }
	Port: v_tpg : tpgBarSelRgb_b | {3 4 }
	Port: v_tpg : tpgPatternColorBars_unsigned_short_unsigned_short_unsigned_char_int_xBar | {3 4 }
	Port: v_tpg : tpgSinTableArray | {3 4 }
	Port: v_tpg : zonePlateVDelta | {3 4 }
	Port: v_tpg : tpgTartanBarArray | {3 4 }
	Port: v_tpg : tpgPatternTartanColorBars_unsigned_short_unsigned_short_unsigned_short_unsign | {3 4 }
	Port: v_tpg : tpgPatternTartanColorBars_unsigned_short_unsigned_short_unsigned_short_unsign_1 | {3 4 }
	Port: v_tpg : yCount | {3 4 }
	Port: v_tpg : tpgPatternCrossHatch_unsigned_short_unsigned_short_unsigned_short_unsigned_sh | {3 4 }
	Port: v_tpg : tpgPatternCrossHatch_unsigned_short_unsigned_short_unsigned_short_unsigned_sh_1 | {3 4 }
	Port: v_tpg : vHatch | {3 4 }
	Port: v_tpg : yCount_2 | {3 4 }
	Port: v_tpg : tpgSinTableArray_9bit_0 | {3 4 }
	Port: v_tpg : tpgSinTableArray_9bit_1 | {3 4 }
	Port: v_tpg : tpgSinTableArray_9bit_2 | {3 4 }
	Port: v_tpg : tpgCheckerBoardArray | {3 4 }
	Port: v_tpg : tpgPatternCheckerBoard_unsigned_short_unsigned_short_unsigned_short_unsigned_s | {3 4 }
	Port: v_tpg : tpgPatternCheckerBoard_unsigned_short_unsigned_short_unsigned_short_unsigned_1 | {3 4 }
	Port: v_tpg : yCount_3 | {3 4 }
	Port: v_tpg : rSerie | {3 4 }
	Port: v_tpg : gSerie | {3 4 }
	Port: v_tpg : bSerie | {3 4 }
	Port: v_tpg : DPtpgBarSelYuv_709_y | {3 4 }
	Port: v_tpg : DPtpgBarSelYuv_709_u | {3 4 }
	Port: v_tpg : DPtpgBarSelYuv_709_v | {3 4 }
	Port: v_tpg : DPtpgBarArray | {3 4 }
	Port: v_tpg : tpgPatternDPColorSquare_unsigned_short_unsigned_short_unsigned_char_unsigned_s | {3 4 }
	Port: v_tpg : DPtpgBarSelRgb_VESA_r | {3 4 }
	Port: v_tpg : DPtpgBarSelRgb_VESA_g | {3 4 }
	Port: v_tpg : DPtpgBarSelRgb_VESA_b | {3 4 }
	Port: v_tpg : DPtpgBarSelRgb_CEA_r | {3 4 }
	Port: v_tpg : DPtpgBarSelRgb_CEA_g | {3 4 }
	Port: v_tpg : DPtpgBarSelRgb_CEA_b | {3 4 }
	Port: v_tpg : DPtpgBarSelYuv_601_y | {3 4 }
	Port: v_tpg : DPtpgBarSelYuv_601_u | {3 4 }
	Port: v_tpg : DPtpgBarSelYuv_601_v | {3 4 }
	Port: v_tpg : tpgPatternDPColorSquare_unsigned_short_unsigned_short_unsigned_char_unsigned_1 | {3 4 }
	Port: v_tpg : yCount_1 | {3 4 }
	Port: v_tpg : whiYuv_2 | {3 4 }
	Port: v_tpg : boxHCoord | {3 4 }
	Port: v_tpg : boxVCoord | {3 4 }
	Port: v_tpg : vDir | {3 4 }
	Port: v_tpg : hDir | {3 4 }
	Port: v_tpg : fidStored | {3 4 }
	Port: v_tpg : counter | {3 4 }
  - Chain level:
	State 1
	State 2
		icmp_ln500 : 1
		br_ln500 : 2
		add_ln502 : 1
		icmp_ln503 : 2
		br_ln503 : 3
		tmp_1 : 1
		icmp_ln505 : 2
		add_ln507 : 1
		select_ln505 : 3
		store_ln505 : 4
	State 3
		store_ln502 : 1
		call_ln517 : 1
	State 4
	State 5


============================================================
+ Verbose Summary: Datapath Resource usage 
============================================================

* Functional unit list:
|----------|-------------------------------------|---------|---------|---------|---------|
| Operation|           Functional Unit           |   DSP   |  Delay  |    FF   |   LUT   |
|----------|-------------------------------------|---------|---------|---------|---------|
|   call   |     grp_v_tpgHlsDataFlow_fu_525     |    26   |  62.853 |   5418  |   7810  |
|          |   grp_reg_unsigned_short_s_fu_760   |    0    |    0    |    16   |    0    |
|----------|-------------------------------------|---------|---------|---------|---------|
|          |          icmp_ln500_fu_766          |    0    |    0    |    0    |    23   |
|   icmp   |          icmp_ln503_fu_782          |    0    |    0    |    0    |    39   |
|          |          icmp_ln505_fu_802          |    0    |    0    |    0    |    36   |
|----------|-------------------------------------|---------|---------|---------|---------|
|    add   |           add_ln502_fu_776          |    0    |    0    |    0    |    39   |
|          |           add_ln507_fu_808          |    0    |    0    |    0    |    39   |
|----------|-------------------------------------|---------|---------|---------|---------|
|  select  |         select_ln505_fu_814         |    0    |    0    |    0    |    32   |
|----------|-------------------------------------|---------|---------|---------|---------|
|          |    bck_motion_en_read_read_fu_352   |    0    |    0    |    0    |    0    |
|          |       height_read_read_fu_358       |    0    |    0    |    0    |    0    |
|          |        width_read_read_fu_364       |    0    |    0    |    0    |    0    |
|          |      field_id_read_read_fu_370      |    0    |    0    |    0    |    0    |
|          |       fid_in_read_read_fu_376       |    0    |    0    |    0    |    0    |
|          |   passthruStartX_read_read_fu_382   |    0    |    0    |    0    |    0    |
|          |   passthruStartY_read_read_fu_388   |    0    |    0    |    0    |    0    |
|          |    passthruEndX_read_read_fu_394    |    0    |    0    |    0    |    0    |
|          |    passthruEndY_read_read_fu_400    |    0    |    0    |    0    |    0    |
|          |     enableInput_read_read_fu_406    |    0    |    0    |    0    |    0    |
|          |      bckgndId_read_read_fu_412      |    0    |    0    |    0    |    0    |
|          |      ovrlayId_read_read_fu_418      |    0    |    0    |    0    |    0    |
|          |       maskId_read_read_fu_424       |    0    |    0    |    0    |    0    |
|   read   |     motionSpeed_read_read_fu_430    |    0    |    0    |    0    |    0    |
|          |     colorFormat_read_read_fu_436    |    0    |    0    |    0    |    0    |
|          |     crossHairX_read_read_fu_442     |    0    |    0    |    0    |    0    |
|          |     crossHairY_read_read_fu_448     |    0    |    0    |    0    |    0    |
|          | ZplateHorContStart_read_read_fu_454 |    0    |    0    |    0    |    0    |
|          | ZplateHorContDelta_read_read_fu_460 |    0    |    0    |    0    |    0    |
|          | ZplateVerContStart_read_read_fu_466 |    0    |    0    |    0    |    0    |
|          | ZplateVerContDelta_read_read_fu_472 |    0    |    0    |    0    |    0    |
|          |       boxSize_read_read_fu_478      |    0    |    0    |    0    |    0    |
|          |      boxColorR_read_read_fu_484     |    0    |    0    |    0    |    0    |
|          |      boxColorG_read_read_fu_490     |    0    |    0    |    0    |    0    |
|          |      boxColorB_read_read_fu_496     |    0    |    0    |    0    |    0    |
|          |   dpDynamicRange_read_read_fu_502   |    0    |    0    |    0    |    0    |
|          |      dpYUVCoef_read_read_fu_508     |    0    |    0    |    0    |    0    |
|----------|-------------------------------------|---------|---------|---------|---------|
|partselect|             tmp_1_fu_792            |    0    |    0    |    0    |    0    |
|----------|-------------------------------------|---------|---------|---------|---------|
|          |             empty_fu_834            |    0    |    0    |    0    |    0    |
|   trunc  |           empty_73_fu_839           |    0    |    0    |    0    |    0    |
|          |           empty_74_fu_844           |    0    |    0    |    0    |    0    |
|----------|-------------------------------------|---------|---------|---------|---------|
|   Total  |                                     |    26   |  62.853 |   5434  |   8018  |
|----------|-------------------------------------|---------|---------|---------|---------|

Memories:
+-----------------------+--------+--------+--------+
|                       |  BRAM  |   FF   |   LUT  |
+-----------------------+--------+--------+--------+
|     DPtpgBarArray     |    0   |    6   |    1   |
|  DPtpgBarSelRgb_CEA_b |    0   |   12   |    1   |
|  DPtpgBarSelRgb_CEA_g |    0   |   12   |    1   |
|  DPtpgBarSelRgb_CEA_r |    0   |   12   |    1   |
| DPtpgBarSelRgb_VESA_b |    0   |    4   |    1   |
| DPtpgBarSelRgb_VESA_g |    0   |    4   |    1   |
| DPtpgBarSelRgb_VESA_r |    0   |    4   |    1   |
|  DPtpgBarSelYuv_601_u |    0   |   16   |    1   |
|  DPtpgBarSelYuv_601_v |    0   |   16   |    1   |
|  DPtpgBarSelYuv_601_y |    0   |   16   |    1   |
|  DPtpgBarSelYuv_709_u |    0   |   16   |    1   |
|  DPtpgBarSelYuv_709_v |    0   |   16   |    1   |
|  DPtpgBarSelYuv_709_y |    0   |   16   |    1   |
|         blkYuv        |    0   |    8   |    1   |
|        blkYuv_1       |    0   |    8   |    1   |
|         bluYuv        |    0   |    8   |    1   |
|         grnYuv        |    0   |    8   |    1   |
|         redYuv        |    0   |    8   |    1   |
|     tpgBarSelRgb_b    |    0   |    4   |    1   |
|     tpgBarSelRgb_g    |    0   |    4   |    1   |
|     tpgBarSelRgb_r    |    0   |    4   |    1   |
|     tpgBarSelYuv_u    |    0   |   16   |    1   |
|     tpgBarSelYuv_v    |    0   |   16   |    1   |
|     tpgBarSelYuv_y    |    0   |   16   |    1   |
|  tpgCheckerBoardArray |    0   |    4   |    1   |
|    tpgSinTableArray   |    3   |    0   |    0   |
|tpgSinTableArray_9bit_0|    3   |    0   |    0   |
|tpgSinTableArray_9bit_1|    3   |    0   |    0   |
|tpgSinTableArray_9bit_2|    3   |    0   |    0   |
|   tpgTartanBarArray   |    0   |    6   |    3   |
|         whiYuv        |    0   |    8   |    1   |
|        whiYuv_1       |    0   |    8   |    1   |
|        whiYuv_2       |    0   |    8   |    1   |
+-----------------------+--------+--------+--------+
|         Total         |   12   |   284  |   31   |
+-----------------------+--------+--------+--------+

* Register list:
+-------------------------------+--------+
|                               |   FF   |
+-------------------------------+--------+
|ZplateHorContDelta_read_reg_946|   16   |
|ZplateHorContStart_read_reg_941|   16   |
|ZplateVerContDelta_read_reg_956|   16   |
|ZplateVerContStart_read_reg_951|   16   |
|       add_ln502_reg_853       |   32   |
|     bckgndId_read_reg_906     |    8   |
|      boxSize_read_reg_961     |   16   |
|    colorFormat_read_reg_926   |    8   |
|      count_new_0_reg_514      |   32   |
|    crossHairX_read_reg_931    |   16   |
|    crossHairY_read_reg_936    |   16   |
|  dpDynamicRange_read_reg_981  |    8   |
|     dpYUVCoef_read_reg_986    |    8   |
|        empty_73_reg_971       |    8   |
|        empty_74_reg_976       |    8   |
|         empty_reg_966         |    8   |
|    enableInput_read_reg_901   |    8   |
|      fid_in_read_reg_876      |    1   |
|     field_id_read_reg_871     |   16   |
|      height_read_reg_861      |   16   |
|       icmp_ln500_reg_849      |    1   |
|      maskId_read_reg_916      |    8   |
|    motionSpeed_read_reg_921   |    8   |
|     ovrlayId_read_reg_911     |    8   |
|   passthruEndX_read_reg_891   |   16   |
|   passthruEndY_read_reg_896   |   16   |
|  passthruStartX_read_reg_881  |   16   |
|  passthruStartY_read_reg_886  |   16   |
|       width_read_reg_866      |   16   |
+-------------------------------+--------+
|             Total             |   378  |
+-------------------------------+--------+

* Multiplexer (MUX) list: 
|-----------------------------|------|------|------|--------||---------||---------||---------|
|             Comp            |  Pin | Size |  BW  | S x BW ||  Delay  ||    FF   ||   LUT   |
|-----------------------------|------|------|------|--------||---------||---------||---------|
| grp_v_tpgHlsDataFlow_fu_525 |  p8  |   2  |  16  |   32   ||    0    ||    9    |
| grp_v_tpgHlsDataFlow_fu_525 |  p9  |   2  |  16  |   32   ||    0    ||    9    |
| grp_v_tpgHlsDataFlow_fu_525 |  p10 |   2  |  16  |   32   ||    0    ||    9    |
| grp_v_tpgHlsDataFlow_fu_525 |  p11 |   2  |   1  |    2   ||    0    ||    9    |
| grp_v_tpgHlsDataFlow_fu_525 |  p12 |   2  |  16  |   32   ||    0    ||    9    |
| grp_v_tpgHlsDataFlow_fu_525 |  p13 |   2  |  16  |   32   ||    0    ||    9    |
| grp_v_tpgHlsDataFlow_fu_525 |  p14 |   2  |  16  |   32   ||    0    ||    9    |
| grp_v_tpgHlsDataFlow_fu_525 |  p15 |   2  |  16  |   32   ||    0    ||    9    |
| grp_v_tpgHlsDataFlow_fu_525 |  p16 |   2  |   8  |   16   ||    0    ||    9    |
| grp_v_tpgHlsDataFlow_fu_525 |  p17 |   2  |   8  |   16   ||    0    ||    9    |
| grp_v_tpgHlsDataFlow_fu_525 |  p18 |   2  |   8  |   16   ||    0    ||    9    |
| grp_v_tpgHlsDataFlow_fu_525 |  p19 |   2  |   8  |   16   ||    0    ||    9    |
| grp_v_tpgHlsDataFlow_fu_525 |  p20 |   2  |   8  |   16   ||    0    ||    9    |
| grp_v_tpgHlsDataFlow_fu_525 |  p21 |   2  |   8  |   16   ||    0    ||    9    |
| grp_v_tpgHlsDataFlow_fu_525 |  p22 |   2  |  16  |   32   ||    0    ||    9    |
| grp_v_tpgHlsDataFlow_fu_525 |  p23 |   2  |  16  |   32   ||    0    ||    9    |
| grp_v_tpgHlsDataFlow_fu_525 |  p24 |   2  |  16  |   32   ||    0    ||    9    |
| grp_v_tpgHlsDataFlow_fu_525 |  p25 |   2  |  16  |   32   ||    0    ||    9    |
| grp_v_tpgHlsDataFlow_fu_525 |  p26 |   2  |  16  |   32   ||    0    ||    9    |
| grp_v_tpgHlsDataFlow_fu_525 |  p27 |   2  |  16  |   32   ||    0    ||    9    |
| grp_v_tpgHlsDataFlow_fu_525 |  p28 |   2  |  16  |   32   ||    0    ||    9    |
| grp_v_tpgHlsDataFlow_fu_525 |  p29 |   2  |   8  |   16   ||    0    ||    9    |
| grp_v_tpgHlsDataFlow_fu_525 |  p30 |   2  |   8  |   16   ||    0    ||    9    |
| grp_v_tpgHlsDataFlow_fu_525 |  p31 |   2  |   8  |   16   ||    0    ||    9    |
| grp_v_tpgHlsDataFlow_fu_525 |  p32 |   2  |   8  |   16   ||    0    ||    9    |
| grp_v_tpgHlsDataFlow_fu_525 |  p33 |   2  |   8  |   16   ||    0    ||    9    |
|-----------------------------|------|------|------|--------||---------||---------||---------|
|            Total            |      |      |      |   626  ||  11.102 ||    0    ||   234   |
|-----------------------------|------|------|------|--------||---------||---------||---------|



* Summary:
+-----------+--------+--------+--------+--------+--------+
|           |  BRAM  |   DSP  |  Delay |   FF   |   LUT  |
+-----------+--------+--------+--------+--------+--------+
|  Function |    -   |   26   |   62   |  5434  |  8018  |
|   Memory  |   12   |    -   |    -   |   284  |   31   |
|Multiplexer|    -   |    -   |   11   |    0   |   234  |
|  Register |    -   |    -   |    -   |   378  |    -   |
+-----------+--------+--------+--------+--------+--------+
|   Total   |   12   |   26   |   73   |  6096  |  8283  |
+-----------+--------+--------+--------+--------+--------+
